ply
format ascii 1.0
element vertex 18120
property float x
property float y
property float z
property uchar red
property uchar green
property uchar blue
end_header
-2.4708 -2.4977 0.0493 253 150 251
-2.4799 -2.4994 0.0897 252 138 249
-2.4803 -2.4994 0.1504 252 136 249
-2.4802 -2.4994 0.2109 251 133 248
-2.4802 -2.4994 0.2703 250 128 246
-2.4802 -2.4994 0.3296 247 123 243
-2.4803 -2.4994 0.3889 244 116 239
-2.4806 -2.4994 0.4494 237 106 232
-2.4803 -2.4994 0.5104 226 95 220
-2.4802 -2.4994 0.5707 206 81 202
-2.4805 -2.4994 0.6304 167 62 171
-2.4807 -2.4994 0.6901 101 41 128
-2.4790 -2.4994 0.7503 84 37 118
-2.4790 -2.4994 0.8102 84 37 118
-2.4790 -2.4994 0.8699 84 37 118
-2.4792 -2.4994 0.9298 84 37 118
-2.4792 -2.4994 0.9899 84 37 119
-2.4792 -2.4994 1.0500 84 38 119
-2.4757 -2.4992 1.0856 84 38 119
-2.4838 -2.4947 1.1699 85 37 119
-2.4841 -2.4945 1.2302 86 38 119
-2.4827 -2.4960 1.2873 143 67 164
-2.4829 -2.4953 1.3337 227 122 231
-2.4973 -2.4306 0.0355 241 110 234
-2.4974 -2.4303 0.0898 241 110 235
-2.4974 -2.4298 0.1497 241 109 234
-2.4974 -2.4288 0.2100 240 108 233
-2.4974 -2.4278 0.2698 239 107 232
-2.4974 -2.4301 0.3321 237 104 229
-2.4974 -2.4311 0.3909 234 101 226
-2.4974 -2.4306 0.4502 230 98 223
-2.4974 -2.4300 0.5100 226 94 218
-2.4974 -2.4287 0.5697 220 89 212
-2.4974 -2.4281 0.6298 212 84 204
-2.4974 -2.4271 0.6899 203 78 195
-2.4974 -2.4294 0.7484 191 72 185
-2.4974 -2.4304 0.8096 176 65 172
-2.4974 -2.4301 0.8700 157 57 157
-2.4974 -2.4289 0.9310 131 48 137
-2.4974 -2.4284 0.9903 96 38 114
-2.4974 -2.4275 1.0502 74 33 102
-2.4974 -2.4309 1.1111 74 32 101
-2.4974 -2.4308 1.1699 73 32 101
-2.4974 -2.4319 1.2284 73 32 101
-2.4973 -2.4478 1.2717 84 36 109
-2.4969 -2.4268 1.3353 54 66 103
-2.4974 -2.3710 0.0435 242 112 236
-2.4975 -2.3694 0.0896 242 111 236
-2.4975 -2.3702 0.1489 242 111 236
-2.4975 -2.3729 0.2102 241 109 234
-2.4975 -2.3714 0.2705 240 107 233
-2.4975 -2.3711 0.3303 237 104 230
-2.4975 -2.3697 0.3898 235 101 227
-2.4975 -2.3694 0.4499 231 97 223
-2.4975 -2.3681 0.5100 225 93 217
-2.4975 -2.3678 0.5701 218 87 210
-2.4975 -2.3666 0.6298 209 81 202
-2.4975 -2.3656 0.6898 197 75 191
-2.4975 -2.3681 0.7511 182 67 177
-2.4975 -2.3707 0.8089 163 59 162
-2.4975 -2.3732 0.8704 138 50 142
-2.4975 -2.3718 0.9308 99 39 116
-2.4975 -2.3715 0.9903 74 32 101
-2.4975 -2.3701 1.0498 73 32 101
-2.4975 -2.3697 1.1097 73 32 101
-2.4975 -2.3685 1.1699 73 31 101
-2.4975 -2.3800 1.2140 76 32 103
-2.4970 -2.3731 1.2895 148 62 154
-2.4970 -2.3715 1.3340 53 66 103
-2.4974 -2.3128 0.0485 243 114 236
-2.4976 -2.3093 0.0896 243 113 237
-2.4976 -2.3103 0.1504 243 112 237
-2.4976 -2.3124 0.2096 242 110 235
-2.4976 -2.3114 0.2703 240 108 234
-2.4976 -2.3096 0.3303 238 105 231
-2.4976 -2.3099 0.3900 235 101 227
-2.4976 -2.3090 0.4503 230 97 222
-2.4976 -2.3079 0.5102 224 91 216
-2.4976 -2.3069 0.5701 216 85 208
-2.4976 -2.3068 0.6300 204 78 197
-2.4976 -2.3097 0.6901 190 71 184
-2.4976 -2.3089 0.7501 169 62 166
-2.4976 -2.3101 0.8112 140 51 144
-2.4976 -2.3115 0.8696 100 39 117
-2.4976 -2.3112 0.9294 74 32 101
-2.4976 -2.3103 0.9899 73 32 101
-2.4976 -2.3087 1.0499 73 31 101
-2.4976 -2.3084 1.1100 73 31 100
-2.4976 -2.3148 1.1594 74 31 101
-2.4971 -2.3106 1.2302 175 64 171
-2.4971 -2.3098 1.2896 145 61 152
-2.4971 -2.3124 1.3340 53 65 102
-2.4969 -2.2675 0.0465 243 118 234
-2.4977 -2.2513 0.0897 244 114 238
-2.4977 -2.2504 0.1497 243 113 237
-2.4977 -2.2494 0.2102 242 111 236
-2.4977 -2.2483 0.2695 241 108 234
-2.4977 -2.2481 0.3296 238 105 231
-2.4977 -2.2488 0.3891 234 101 227
-2.4977 -2.2501 0.4499 229 95 221
-2.4977 -2.2494 0.5099 221 89 213
-2.4977 -2.2483 0.5697 211 82 203
-2.4977 -2.2479 0.6302 195 73 189
-2.4977 -2.2508 0.6902 175 64 171
-2.4977 -2.2498 0.7500 144 52 147
-2.4977 -2.2493 0.8103 97 38 115
-2.4977 -2.2482 0.8708 73 32 101
-2.4977 -2.2487 0.9292 73 31 101
-2.4977 -2.2511 0.9895 73 31 101
-2.4977 -2.2496 1.0500 73 31 100
-2.4977 -2.2522 1.1056 73 31 101
-2.4975 -2.2660 1.1531 110 44 127
-2.4972 -2.2517 1.2302 174 64 171
-2.4972 -2.2518 1.2887 140 60 149
-2.4972 -2.2515 1.3346 52 65 101
-2.4936 -2.1957 -0.0063 241 144 218
-2.4979 -2.1905 0.0949 245 114 239
-2.4979 -2.1904 0.1495 244 113 238
-2.4979 -2.1896 0.2098 242 111 236
-2.4979 -2.1885 0.2701 240 108 234
-2.4979 -2.1878 0.3298 237 104 230
-2.4979 -2.1895 0.3903 232 99 225
-2.4979 -2.1898 0.4497 226 93 218
-2.4979 -2.1891 0.5100 215 85 207
-2.4979 -2.1883 0.5701 201 76 194
-2.4978 -2.1903 0.6294 180 66 175
-2.4978 -2.1902 0.6900 146 53 148
-2.4978 -2.1893 0.7502 93 37 113
-2.4978 -2.1886 0.8100 73 32 101
-2.4978 -2.1881 0.8696 73 31 101
-2.4978 -2.1884 0.9310 73 31 100
-2.4978 -2.1897 0.9908 73 31 100
-2.4978 -2.1903 1.0492 73 31 100
-2.4978 -2.2072 1.0915 78 33 104
-2.4973 -2.1963 1.1689 186 69 181
-2.4973 -2.1965 1.2294 171 63 168
-2.4973 -2.1972 1.2906 139 58 147
-2.4973 -2.1969 1.3342 51 64 100
-2.4974 -2.1351 0.0065 249 135 241
-2.4980 -2.1312 0.1037 244 113 238
-2.4980 -2.1303 0.1503 243 112 237
-2.4980 -2.1294 0.2101 242 110 235
-2.4980 -2.1290 0.2703 239 106 232
-2.4980 -2.1278 0.3304 235 101 227
-2.4980 -2.1302 0.3903 229 95 221
-2.4980 -2.1294 0.4498 219 88 211
-2.4980 -2.1287 0.5095 205 78 197
-2.4980 -2.1279 0.5698 181 67 176
-2.4980 -2.1298 0.6305 142 52 146
-2.4980 -2.1295 0.6899 89 36 110
-2.4980 -2.1288 0.7498 73 31 100
-2.4980 -2.1291 0.8092 73 31 100
-2.4980 -2.1301 0.8703 73 31 100
-2.4980 -2.1298 0.9301 73 31 100
-2.4980 -2.1286 0.9899 73 31 100
-2.4979 -2.1373 1.0347 74 31 101
-2.4974 -2.1353 1.1111 198 75 191
-2.4974 -2.1359 1.1702 184 68 179
-2.4974 -2.1360 1.2303 167 61 165
-2.4974 -2.1361 1.2903 131 56 141
-2.4974 -2.1386 1.3322 51 64 100
-2.4975 -2.0695 0.0147 252 138 250
-2.4980 -2.0858 0.1082 243 112 237
-2.4981 -2.0850 0.1504 242 111 236
-2.4981 -2.0843 0.2099 240 108 234
-2.4981 -2.0834 0.2693 237 104 230
-2.4981 -2.0828 0.3288 232 98 224
-2.4980 -2.0847 0.3894 224 91 216
-2.4980 -2.0841 0.4502 211 82 203
-2.4980 -2.0834 0.5103 189 70 183
-2.4981 -2.0823 0.5702 151 55 152
-2.4981 -2.0819 0.6300 89 36 110
-2.4981 -2.0810 0.6901 73 32 101
-2.4981 -2.0802 0.7504 73 31 101
-2.4980 -2.0808 0.8115 73 31 101
-2.4980 -2.0817 0.8700 73 31 101
-2.4981 -2.0805 0.9295 73 31 101
-2.4980 -2.0824 0.9839 73 30 101
-2.4975 -2.0698 1.0502 210 82 203
-2.4975 -2.0694 1.1109 194 73 188
-2.4975 -2.0700 1.1701 177 65 174
-2.4975 -2.0701 1.2304 158 57 157
-2.4975 -2.0754 1.2843 133 51 140
-2.4975 -2.0822 1.3282 53 63 101
-2.4976 -2.0086 0.0215 252 143 250
-2.4976 -2.0083 0.0893 252 144 250
-2.4976 -2.0079 0.1492 252 144 250
-2.4976 -2.0090 0.2100 252 145 250
-2.4976 -2.0081 0.2707 252 145 250
-2.4976 -2.0087 0.3297 251 144 249
-2.4976 -2.0084 0.3895 251 144 249
-2.4976 -2.0094 0.4502 251 142 249
-2.4976 -2.0086 0.5100 250 141 248
-2.4976 -2.0092 0.5698 250 139 248
-2.4976 -2.0088 0.6296 249 136 247
-2.4976 -2.0099 0.6893 247 130 244
-2.4976 -2.0090 0.7498 244 122 240
-2.4976 -2.0096 0.8096 240 114 235
-2.4976 -2.0092 0.8693 235 106 229
-2.4976 -2.0103 0.9298 227 97 221
-2.4976 -2.0094 0.9894 218 89 211
-2.4976 -2.0095 1.0499 206 80 199
-2.4976 -2.0105 1.1103 190 71 185
-2.4976 -2.0095 1.1707 171 62 168
-2.4977 -2.0106 1.2296 148 53 150
-2.4979 -2.0201 1.2685 124 46 133
-2.4981 -2.0158 1.3315 63 52 103
-2.4977 -1.9530 0.0283 253 150 251
-2.4977 -1.9524 0.0900 253 151 252
-2.4977 -1.9526 0.1504 253 152 252
-2.4977 -1.9523 0.2107 253 152 252
-2.4977 -1.9529 0.2710 253 152 252
-2.4977 -1.9523 0.3306 253 152 251
-2.4977 -1.9533 0.3896 252 151 251
-2.4977 -1.9532 0.4499 252 149 251
-2.4977 -1.9528 0.5101 252 148 250
-2.4977 -1.9534 0.5703 252 146 250
-2.4977 -1.9533 0.6304 251 142 249
-2.4977 -1.9531 0.6899 249 135 247
-2.4977 -1.9537 0.7501 247 126 243
-2.4977 -1.9538 0.8108 243 117 238
-2.4977 -1.9533 0.8703 237 108 231
-2.4977 -1.9540 0.9297 230 99 223
-2.4977 -1.9541 0.9904 219 89 212
-2.4977 -1.9537 1.0504 205 79 198
-2.4977 -1.9543 1.1104 187 69 182
-2.4977 -1.9546 1.1704 164 59 163
-2.4978 -1.9597 1.2167 143 51 146
-2.4992 -1.9537 1.2706 72 31 100
-2.4980 -1.9636 1.3291 91 48 118
-2.4978 -1.8946 0.0347 254 158 252
-2.4978 -1.8935 0.0896 254 159 253
-2.4978 -1.8937 0.1498 254 160 253
-2.4978 -1.8936 0.2093 254 160 253
-2.4978 -1.8945 0.2701 254 160 253
-2.4978 -1.8938 0.3308 254 160 252
-2.4978 -1.8870 0.3903 254 160 253
-2.4978 -1.8877 0.4498 253 158 252
-2.4978 -1.8874 0.5096 253 156 252
-2.4978 -1.8875 0.5700 253 154 252
-2.4978 -1.8878 0.6303 252 149 251
-2.4978 -1.8884 0.6901 251 140 249
-2.4978 -1.8876 0.7499 249 130 246
-2.4978 -1.8878 0.8102 245 120 241
-2.4978 -1.8888 0.8699 239 110 234
-2.4978 -1.8880 0.9297 231 99 224
-2.4978 -1.8888 0.9899 219 88 212
-2.4978 -1.8884 1.0505 202 77 195
-2.4978 -1.8888 1.1106 179 66 175
-2.4978 -1.8939 1.1638 155 56 155
-2.4985 -1.9034 1.2150 107 41 123
-2.4990 -1.9072 1.2651 73 31 101
-2.4979 -1.8878 1.3348 110 66 135
-2.4979 -1.8356 0.0420 254 166 253
-2.4979 -1.8327 0.0902 254 168 254
-2.4979 -1.8336 0.1501 254 169 254
-2.4979 -1.8337 0.2099 254 169 254
-2.4979 -1.8333 0.2693 254 169 253
-2.4979 -1.8340 0.3287 254 168 253
-2.4979 -1.8274 0.3892 254 168 253
-2.4979 -1.8278 0.4502 254 166 253
-2.4979 -1.8281 0.5107 253 164 252
-2.4979 -1.8278 0.5701 253 161 252
-2.4979 -1.8280 0.6299 253 155 252
-2.4979 -1.8285 0.6904 251 144 250
-2.4979 -1.8286 0.7502 249 134 247
-2.4979 -1.8287 0.8100 246 122 242
-2.4979 -1.8289 0.8698 240 111 234
-2.4979 -1.8287 0.9301 230 99 224
-2.4979 -1.8288 0.9899 216 86 209
-2.4979 -1.8291 1.0496 196 74 190
-2.4979 -1.8297 1.1094 168 61 166
-2.4981 -1.8419 1.1509 140 51 145
-2.4993 -1.8283 1.2225 72 31 100
-2.4998 -1.8045 1.2913 76 30 102
-2.4996 -1.8069 1.3347 79 36 106
-2.4980 -1.7746 0.0490 254 174 253
-2.4980 -1.7726 0.0899 254 177 254
-2.4980 -1.7726 0.1500 254 178 254
-2.4980 -1.7727 0.2100 254 178 254
-2.4980 -1.7725 0.2696 254 178 254
-2.4980 -1.7732 0.3305 254 177 254
-2.4980 -1.7728 0.3910 254 176 254
-2.4980 -1.7733 0.4505 254 174 254
-2.4980 -1.7737 0.5104 254 172 254
-2.4980 -1.7734 0.5704 254 169 253
-2.4980 -1.7717 0.6310 254 160 253
-2.4980 -1.7684 0.6898 253 150 251
-2.4980 -1.7680 0.7500 251 138 249
-2.4980 -1.7684 0.8102 248 125 244
-2.4980 -1.7686 0.8704 241 111 235
-2.4980 -1.7687 0.9302 230 98 223
-2.4980 -1.7689 0.9904 213 84 205
-2.4980 -1.7688 1.0505 186 69 181
-2.4980 -1.7784 1.0968 160 57 159
-2.4993 -1.7678 1.1685 71 30 99
-2.4993 -1.7697 1.2131 71 30 99
-2.5000 -1.7690 1.2898 72 29 99
-2.5000 -1.7683 1.3342 71 33 101
-2.4982 -1.7217 0.0539 253 177 253
-2.4981 -1.7117 0.0901 254 186 254
-2.4981 -1.7119 0.1502 254 187 254
-2.4981 -1.7120 0.2099 254 188 254
-2.4981 -1.7118 0.2703 254 188 254
-2.4981 -1.7125 0.3300 254 187 254
-2.4981 -1.7121 0.3897 254 185 254
-2.4981 -1.7125 0.4501 253 183 253
-2.4981 -1.7127 0.5097 253 180 253
-2.4981 -1.7132 0.5697 254 177 254
-2.4981 -1.7117 0.6290 254 167 253
-2.4981 -1.7084 0.6903 253 154 252
-2.4981 -1.7083 0.7502 252 140 249
-2.4981 -1.7083 0.8097 248 126 244
-2.4981 -1.7090 0.8696 241 111 235
-2.4981 -1.7089 0.9299 227 95 220
-2.4981 -1.7089 0.9901 205 79 197
-2.4981 -1.7120 1.0444 173 63 170
-2.4993 -1.7084 1.1100 72 30 99
-2.4993 -1.7080 1.1702 71 30 99
-2.4994 -1.7174 1.2076 71 29 99
-2.5000 -1.7100 1.2903 72 29 99
-2.5000 -1.7089 1.3342 71 32 100
-2.4993 -1.6500 0.0453 247 119 242
-2.4982 -1.6492 0.0941 254 196 254
-2.4982 -1.6482 0.1499 254 198 254
-2.4982 -1.6483 0.2101 254 198 254
-2.4982 -1.6487 0.2703 254 198 254
-2.4982 -1.6480 0.3304 254 197 254
-2.4982 -1.6486 0.3902 254 195 254
-2.4982 -1.6490 0.4498 254 193 254
-2.4982 -1.6490 0.5099 253 190 253
-2.4982 -1.6493 0.5700 253 184 253
-2.4982 -1.6491 0.6297 253 172 253
-2.4982 -1.6493 0.6900 253 158 252
-2.4982 -1.6499 0.7500 251 142 250
-2.4982 -1.6497 0.8098 248 126 244
-2.4982 -1.6502 0.8700 240 109 234
-2.4982 -1.6500 0.9301 222 90 215
-2.4982 -1.6509 0.9891 190 71 185
-2.4982 -1.6677 1.0306 163 58 162
-2.4993 -1.6485 1.1100 71 29 99
-2.4993 -1.6504 1.1661 71 29 99
-2.5000 -1.6479 1.2301 72 29 100
-2.5000 -1.6485 1.2902 72 29 99
-2.5000 -1.6471 1.3341 71 32 100
-2.4994 -1.5897 0.0481 250 129 246
-2.4983 -1.5881 0.1012 254 206 254
-2.4983 -1.5869 0.1498 254 208 254
-2.4983 -1.5866 0.2100 254 209 254
-2.4983 -1.5870 0.2697 254 208 254
-2.4983 -1.5872 0.3293 254 207 254
-2.4983 -1.5874 0.3898 254 205 254
-2.4983 -1.5874 0.4502 254 203 254
-2.4983 -1.5878 0.5103 253 200 254
-2.4983 -1.5879 0.5704 253 191 253
-2.4983 -1.5881 0.6302 253 177 253
-2.4983 -1.5879 0.6899 253 161 252
-2.4983 -1.5886 0.7497 251 143 250
-2.4983 -1.5884 0.8097 247 125 244
-2.4983 -1.5889 0.8700 236 104 230
-2.4983 -1.5888 0.9298 210 82 203
-2.4983 -1.5954 0.9761 176 64 172
-2.4994 -1.5871 1.0502 71 29 99
-2.4994 -1.5875 1.1101 71 29 99
-2.4994 -1.5902 1.1574 71 29 99
-2.5000 -1.5898 1.2303 72 29 100
-2.5000 -1.5877 1.2900 72 29 99
-2.5000 -1.5862 1.3340 71 32 100
-2.4994 -1.5319 0.0507 252 138 250
-2.4984 -1.5308 0.1081 254 215 254
-2.4984 -1.5282 0.1501 254 218 254
-2.4984 -1.5284 0.2101 254 218 254
-2.4984 -1.5286 0.2702 254 218 254
-2.4984 -1.5291 0.3304 254 217 254
-2.4984 -1.5286 0.3901 254 215 254
-2.4984 -1.5293 0.4500 254 212 254
-2.4984 -1.5294 0.5100 254 208 254
-2.4984 -1.5294 0.5699 253 197 254
-2.4984 -1.5297 0.6299 253 181 253
-2.4984 -1.5297 0.6902 253 163 253
-2.4984 -1.5301 0.7497 252 143 250
-2.4984 -1.5301 0.8097 246 121 242
-2.4984 -1.5307 0.8701 228 96 221
-2.4984 -1.5339 0.9250 190 71 185
-2.4987 -1.5474 0.9719 134 49 142
-2.4994 -1.5286 1.0500 71 30 99
-2.4994 -1.5288 1.1102 71 29 99
-2.4994 -1.5342 1.1499 71 29 99
-2.5000 -1.5322 1.2303 72 29 99
-2.5000 -1.5275 1.2902 72 28 99
-2.5000 -1.5263 1.3339 72 31 101
-2.4741 -1.4532 -0.0175 240 185 200
-2.4985 -1.4765 0.1145 254 222 254
-2.4985 -1.4696 0.1499 254 227 254
-2.4985 -1.4698 0.2100 254 227 254
-2.4985 -1.4703 0.2699 254 227 254
-2.4985 -1.4698 0.3298 254 226 254
-2.4985 -1.4705 0.3901 254 224 254
-2.4985 -1.4708 0.4499 254 221 254
-2.4985 -1.4707 0.5097 254 216 254
-2.4985 -1.4711 0.5699 254 202 254
-2.4985 -1.4689 0.6308 253 184 254
-2.4985 -1.4680 0.6902 253 163 253
-2.4985 -1.4684 0.7496 251 140 249
-2.4985 -1.4685 0.8096 242 113 236
-2.4985 -1.4696 0.8692 207 81 200
-2.4985 -1.4854 0.9107 171 61 168
-2.4994 -1.4683 0.9901 71 29 99
-2.4994 -1.4686 1.0500 71 29 99
-2.4994 -1.4699 1.1087 71 29 99
-2.4995 -1.4840 1.1436 71 28 99
-2.5000 -1.4694 1.2294 71 28 99
-2.5000 -1.4681 1.2900 72 28 99
-2.5000 -1.4663 1.3339 72 32 101
-2.4808 -1.4006 -0.0527 254 254 249
-2.4987 -1.4281 0.1175 254 188 253
-2.4986 -1.4107 0.1524 254 235 254
-2.4986 -1.4094 0.2100 254 236 254
-2.4986 -1.4098 0.2700 254 235 254
-2.4986 -1.4100 0.3301 254 234 254
-2.4986 -1.4103 0.3900 254 233 254
-2.4986 -1.4104 0.4501 254 230 254
-2.4986 -1.4105 0.5104 254 222 254
-2.4986 -1.4109 0.5702 254 206 254
-2.4986 -1.4090 0.6293 254 186 254
-2.4986 -1.4084 0.6899 253 161 253
-2.4986 -1.4086 0.7495 250 132 247
-2.4986 -1.4088 0.8094 228 97 221
-2.4986 -1.4148 0.8562 176 64 173
-2.4994 -1.4078 0.9297 131 46 137
-2.4994 -1.4080 0.9897 72 29 99
-2.4994 -1.4082 1.0498 71 29 99
-2.4994 -1.4104 1.1011 71 29 99
-2.4998 -1.4150 1.1448 71 28 99
-2.5000 -1.4078 1.2299 71 28 99
-2.5000 -1.4093 1.2901 72 28 99
-2.5000 -1.4077 1.3342 72 32 101
-2.4875 -1.3468 -0.0468 254 250 252
-2.4994 -1.3497 0.0904 254 174 254
-2.4987 -1.3509 0.1592 254 242 254
-2.4987 -1.3496 0.2100 254 243 254
-2.4987 -1.3500 0.2699 254 242 254
-2.4987 -1.3497 0.3300 254 242 254
-2.4987 -1.3493 0.3906 254 240 254
-2.4987 -1.3480 0.4499 254 237 254
-2.4987 -1.3481 0.5098 254 226 254
-2.4987 -1.3485 0.5699 254 208 254
-2.4987 -1.3486 0.6300 254 185 254
-2.4987 -1.3489 0.6902 253 154 252
-2.4987 -1.3491 0.7496 243 116 238
-2.4987 -1.3528 0.8047 180 68 178
-2.4987 -1.3747 0.8442 123 44 131
-2.4994 -1.3496 0.9301 146 51 148
-2.4994 -1.3500 0.9900 76 30 101
-2.4994 -1.3502 1.0502 71 29 99
-2.4994 -1.3536 1.0932 71 29 99
-2.4999 -1.3673 1.1504 74 29 100
-2.5000 -1.3494 1.2299 71 28 99
-2.5000 -1.3505 1.2897 71 28 99
-2.5000 -1.3500 1.3338 71 32 101
-2.4918 -1.2876 -0.0356 254 249 253
-2.4994 -1.2883 0.0934 254 186 254
-2.4988 -1.2918 0.1661 255 247 255
-2.4988 -1.2893 0.2099 255 248 254
-2.4988 -1.2894 0.2701 255 248 254
-2.4988 -1.2898 0.3301 254 247 254
-2.4988 -1.2892 0.3895 254 246 254
-2.4988 -1.2882 0.4501 254 241 254
-2.4988 -1.2883 0.5102 254 228 254
-2.4988 -1.2886 0.5702 254 208 254
-2.4988 -1.2888 0.6301 254 178 254
-2.4988 -1.2890 0.6900 250 138 248
-2.4988 -1.2895 0.7497 188 76 187
-2.4988 -1.3044 0.7902 99 37 118
-2.4994 -1.2907 0.8698 206 78 198
-2.4994 -1.2912 0.9299 160 57 159
-2.4994 -1.2911 0.9901 81 31 105
-2.4994 -1.2916 1.0501 71 29 99
-2.4994 -1.3029 1.0866 71 28 99
-2.5000 -1.2892 1.1700 108 38 121
-2.5000 -1.2886 1.2299 71 28 99
-2.5000 -1.2899 1.2896 71 28 99
-2.5001 -1.2889 1.3334 70 30 99
-2.4984 -1.2548 -0.0213 254 248 253
-2.4995 -1.2297 0.0963 254 198 254
-2.4988 -1.2543 0.1697 255 247 255
-2.4988 -1.2554 0.2099 255 249 255
-2.4988 -1.2556 0.2695 255 249 255
-2.4988 -1.2559 0.3291 255 248 254
-2.4988 -1.2561 0.3892 254 247 254
-2.4988 -1.2570 0.4449 254 241 254
-2.4988 -1.2577 0.5100 254 225 254
-2.4988 -1.2579 0.5702 254 202 253
-2.4988 -1.2582 0.6305 250 168 250
-2.4988 -1.2584 0.6907 239 120 236
-2.4988 -1.2584 0.7462 128 48 140
-2.4989 -1.2361 0.7910 73 30 101
-2.4995 -1.2291 0.8699 216 85 208
-2.4995 -1.2291 0.9298 173 62 169
-2.4995 -1.2293 0.9898 88 33 109
-2.4995 -1.2315 1.0450 71 28 99
-2.4998 -1.2322 1.1042 71 28 99
-2.5001 -1.2294 1.1698 137 47 140
-2.5001 -1.2285 1.2300 83 31 105
-2.5001 -1.2301 1.2899 71 28 99
-2.5001 -1.2291 1.3337 70 30 99
-2.4912 -1.1699 -0.0396 254 230 242
-2.4995 -1.1709 0.0992 254 209 254
-2.4989 -1.1711 0.1630 255 216 254
-2.4989 -1.1696 0.2100 255 214 254
-2.4989 -1.1694 0.2698 254 209 254
-2.4989 -1.1685 0.3298 254 201 254
-2.4989 -1.1686 0.3900 254 187 254
-2.4989 -1.1680 0.4501 254 169 254
-2.4989 -1.1686 0.5095 253 145 251
-2.4989 -1.1693 0.5698 241 111 235
-2.4989 -1.1706 0.6301 150 57 155
-2.4989 -1.1708 0.6899 71 30 99
-2.4989 -1.1710 0.7489 71 30 99
-2.4990 -1.1896 0.7853 83 35 108
-2.4995 -1.1679 0.8707 224 91 216
-2.4995 -1.1673 0.9302 182 66 178
-2.4995 -1.1676 0.9902 92 34 112
-2.4995 -1.1706 1.0365 71 28 99
-2.4998 -1.1721 1.1010 72 28 99
-2.5001 -1.1701 1.1700 158 55 157
-2.5001 -1.1691 1.2301 107 38 120
-2.5001 -1.1706 1.2900 71 28 98
-2.5001 -1.1697 1.3339 70 31 99
-2.4980 -1.1189 -0.0269 254 229 252
-2.4995 -1.1093 0.1023 255 216 254
-2.4989 -1.1200 0.1661 255 230 254
-2.4989 -1.1210 0.2096 255 228 255
-2.4989 -1.1207 0.2698 255 223 254
-2.4989 -1.1221 0.3294 255 215 254
-2.4989 -1.1221 0.3902 255 202 254
-2.4989 -1.1232 0.4492 254 183 254
-2.4989 -1.1245 0.5110 254 157 253
-2.4989 -1.1263 0.5688 246 122 242
-2.4989 -1.1269 0.6300 162 63 165
-2.4989 -1.1274 0.6890 72 30 99
-2.4989 -1.1285 0.7432 72 29 100
-2.4995 -1.1106 0.8100 246 118 241
-2.4995 -1.1092 0.8692 231 97 223
-2.4995 -1.1085 0.9297 191 70 185
-2.4995 -1.1086 0.9899 95 35 114
-2.4995 -1.1140 1.0285 71 28 99
-2.4998 -1.1104 1.0978 72 28 99
-2.5001 -1.1081 1.1698 176 62 171
-2.5001 -1.1077 1.2301 134 46 138
-2.5001 -1.1087 1.2901 77 29 102
-2.5001 -1.1097 1.3335 72 31 100
-2.4998 -1.0498 0.0546 254 185 254
-2.4995 -1.0485 0.1050 255 223 255
-2.4995 -1.0480 0.1499 255 224 255
-2.4995 -1.0480 0.2099 255 224 255
-2.4995 -1.0478 0.2695 255 224 255
-2.4995 -1.0483 0.3298 255 223 254
-2.4995 -1.0482 0.3903 255 219 254
-2.4995 -1.0484 0.4503 254 212 254
-2.4995 -1.0489 0.5102 254 203 254
-2.4995 -1.0487 0.5701 254 192 254
-2.4995 -1.0491 0.6301 254 179 254
-2.4995 -1.0490 0.6901 254 164 254
-2.4995 -1.0494 0.7500 253 146 251
-2.4995 -1.0493 0.8099 249 125 245
-2.4995 -1.0497 0.8701 235 102 228
-2.4995 -1.0495 0.9301 196 73 190
-2.4995 -1.0511 0.9884 97 35 115
-2.4996 -1.0671 1.0292 71 28 99
-2.4998 -1.0495 1.0951 72 28 100
-2.5000 -1.0497 1.1696 189 69 183
-2.5001 -1.0474 1.2305 154 53 153
-2.5001 -1.0476 1.2900 94 34 112
-2.5001 -1.0495 1.3304 73 29 100
-2.4998 -0.9944 0.0553 255 196 255
-2.4995 -0.9908 0.1079 255 229 255
-2.4995 -0.9898 0.1501 255 230 255
-2.4995 -0.9895 0.2103 255 230 255
-2.4995 -0.9901 0.2702 255 230 255
-2.4995 -0.9902 0.3296 255 229 255
-2.4995 -0.9900 0.3895 255 228 255
-2.4995 -0.9896 0.4504 255 222 254
-2.4995 -0.9883 0.5099 255 214 254
-2.4995 -0.9882 0.5700 254 203 254
-2.4995 -0.9884 0.6301 254 189 254
-2.4995 -0.9885 0.6899 254 173 254
-2.4995 -0.9886 0.7500 254 154 253
-2.4995 -0.9887 0.8101 251 132 248
-2.4995 -0.9887 0.8701 239 107 232
-2.4995 -0.9891 0.9300 199 75 193
-2.4995 -0.9913 0.9803 102 37 118
-2.4998 -0.9901 1.0504 71 28 99
-2.4998 -0.9899 1.0919 73 28 99
-2.5001 -0.9902 1.1704 200 74 193
-2.5001 -0.9874 1.2295 170 60 167
-2.5001 -0.9874 1.2898 116 40 126
-2.5001 -0.9904 1.3275 75 29 101
-2.4998 -0.9309 0.0554 254 207 254
-2.4996 -0.9318 0.1107 255 234 255
-2.4996 -0.9299 0.1501 255 235 255
-2.4996 -0.9299 0.2098 255 235 255
-2.4996 -0.9300 0.2700 255 235 255
-2.4996 -0.9299 0.3301 255 235 255
-2.4996 -0.9309 0.3897 255 233 255
-2.4996 -0.9294 0.4494 255 231 255
-2.4996 -0.9284 0.5101 255 223 255
-2.4996 -0.9282 0.5702 255 212 254
-2.4996 -0.9286 0.6299 254 198 254
-2.4996 -0.9286 0.6899 254 181 254
-2.4996 -0.9286 0.7501 254 161 253
-2.4995 -0.9288 0.8100 252 138 249
-2.4995 -0.9289 0.8699 241 110 235
-2.4995 -0.9290 0.9299 199 75 192
-2.4995 -0.9329 0.9720 109 38 122
-2.4998 -0.9310 1.0493 71 28 98
-2.4998 -0.9309 1.0889 74 29 100
-2.5001 -0.9280 1.1693 210 81 203
-2.5001 -0.9275 1.2298 182 65 177
-2.5001 -0.9278 1.2900 136 47 140
-2.5002 -0.9329 1.3247 96 35 114
-2.4998 -0.8809 0.0559 254 214 254
-2.4996 -0.8710 0.1135 255 239 255
-2.4996 -0.8690 0.1501 255 240 255
-2.4996 -0.8690 0.2102 255 240 255
-2.4996 -0.8688 0.2707 255 240 255
-2.4996 -0.8692 0.3310 255 239 255
-2.4996 -0.8691 0.3906 255 238 255
-2.4996 -0.8692 0.4500 255 236 255
-2.4996 -0.8693 0.5098 255 230 255
-2.4996 -0.8694 0.5699 255 220 255
-2.4996 -0.8695 0.6301 255 206 254
-2.4996 -0.8695 0.6902 254 188 254
-2.4996 -0.8697 0.7500 254 167 254
-2.4996 -0.8698 0.8100 253 142 251
-2.4996 -0.8697 0.8699 243 112 237
-2.4996 -0.8700 0.9298 193 73 188
-2.4996 -0.8833 0.9657 118 41 127
-2.4998 -0.8712 1.0502 78 30 102
-2.4998 -0.8739 1.0865 75 30 101
-2.5001 -0.8687 1.1700 218 86 210
-2.5001 -0.8689 1.2297 192 70 186
-2.5001 -0.8691 1.2898 151 53 152
-2.5006 -0.8833 1.3238 133 48 140
-2.4999 -0.8112 0.0287 254 203 254
-2.4996 -0.8140 0.1158 255 242 255
-2.4996 -0.8090 0.1500 255 244 255
-2.4996 -0.8088 0.2100 255 244 255
-2.4996 -0.8096 0.2701 255 244 255
-2.4996 -0.8088 0.3300 255 243 255
-2.4996 -0.8089 0.3899 255 242 255
-2.4996 -0.8095 0.4500 255 241 255
-2.4996 -0.8093 0.5101 255 236 255
-2.4996 -0.8093 0.5700 255 226 255
-2.4996 -0.8094 0.6300 255 212 255
-2.4996 -0.8095 0.6900 255 195 254
-2.4996 -0.8095 0.7501 254 172 254
-2.4996 -0.8096 0.8101 253 145 251
-2.4996 -0.8097 0.8700 242 112 236
-2.4996 -0.8114 0.9242 194 73 188
-2.4998 -0.8095 0.9899 193 72 187
-2.4998 -0.8095 1.0498 99 36 116
-2.4998 -0.8163 1.0841 80 31 105
-2.5001 -0.8109 1.1700 224 90 216
-2.5001 -0.8110 1.2300 201 75 193
-2.5001 -0.8116 1.2881 165 58 162
-2.5028 -0.8085 1.3342 221 89 213
-2.4676 -0.7332 -0.0486 227 133 81
-2.4996 -0.7663 0.1145 255 242 255
-2.4996 -0.7486 0.1504 255 247 255
-2.4996 -0.7486 0.2099 255 247 255
-2.4996 -0.7484 0.2693 255 247 255
-2.4996 -0.7487 0.3289 255 247 255
-2.4996 -0.7484 0.3893 255 246 255
-2.4996 -0.7487 0.4499 255 244 255
-2.4996 -0.7487 0.5100 255 241 255
-2.4996 -0.7487 0.5700 255 231 255
-2.4996 -0.7486 0.6299 255 218 255
-2.4996 -0.7488 0.6899 255 199 255
-2.4996 -0.7487 0.7501 254 176 254
-2.4996 -0.7488 0.8102 253 146 251
-2.4996 -0.7489 0.8701 240 109 234
-2.4996 -0.7516 0.9156 195 72 189
-2.4998 -0.7488 0.9898 210 81 203
-2.4998 -0.7491 1.0493 126 45 135
-2.5001 -0.7506 1.1100 241 109 235
-2.5001 -0.7509 1.1699 229 95 221
-2.5001 -0.7509 1.2299 208 79 200
-2.5001 -0.7514 1.2846 176 63 172
-2.5029 -0.7487 1.3340 224 92 216
-2.4750 -0.6853 -0.0525 228 132 73
-2.4998 -0.6911 0.0920 255 231 255
-2.4996 -0.6899 0.1526 255 249 255
-2.4996 -0.6897 0.2100 255 249 255
-2.4996 -0.6892 0.2698 255 249 255
-2.4996 -0.6896 0.3303 255 249 255
-2.4996 -0.6894 0.3905 255 248 255
-2.4996 -0.6895 0.4499 254 247 254
-2.4996 -0.6894 0.5099 254 244 254
-2.4996 -0.6896 0.5701 254 235 254
-2.4996 -0.6895 0.6301 254 222 254
-2.4996 -0.6896 0.6900 254 202 254
-2.4996 -0.6895 0.7501 254 177 254
-2.4996 -0.6895 0.8101 253 145 251
-2.4996 -0.6897 0.8699 234 103 227
-2.4996 -0.6952 0.9077 189 69 183
-2.4998 -0.6888 0.9898 222 89 214
-2.4998 -0.6895 1.0464 158 56 158
-2.5001 -0.6884 1.1098 243 113 237
-2.5001 -0.6887 1.1698 233 98 225
-2.5001 -0.6887 1.2298 213 83 205
-2.5001 -0.6894 1.2815 186 67 180
-2.5030 -0.6894 1.3341 226 94 219
-2.4838 -0.6277 -0.0521 234 150 94
-2.4998 -0.6318 0.0928 255 234 255
-2.4996 -0.6309 0.1554 255 251 255
-2.4996 -0.6303 0.2100 255 251 255
-2.4996 -0.6302 0.2702 255 251 255
-2.4996 -0.6304 0.3301 255 251 255
-2.4996 -0.6302 0.3900 255 250 255
-2.4996 -0.6301 0.4500 255 249 255
-2.4996 -0.6302 0.5100 254 246 254
-2.4996 -0.6302 0.5699 254 238 254
-2.4996 -0.6302 0.6300 254 224 254
-2.4996 -0.6302 0.6901 254 203 254
-2.4996 -0.6302 0.7500 254 176 254
-2.4996 -0.6301 0.8100 252 140 249
-2.4996 -0.6315 0.8678 222 92 215
-2.4997 -0.6495 0.9087 194 77 189
-2.4998 -0.6298 0.9899 229 96 221
-2.4998 -0.6306 1.0432 182 66 178
-2.5001 -0.6300 1.1098 244 116 239
-2.5001 -0.6303 1.1699 235 101 228
-2.5001 -0.6301 1.2300 217 85 209
-2.5001 -0.6305 1.2787 193 71 187
-2.5018 -0.6121 1.3257 157 59 158
-2.4882 -0.5681 -0.0493 243 181 139
-2.4998 -0.5699 0.0946 255 237 255
-2.4997 -0.5704 0.1585 255 252 255
-2.4997 -0.5694 0.2102 255 253 255
-2.4997 -0.5698 0.2706 255 253 255
-2.4997 -0.5695 0.3302 255 252 255
-2.4997 -0.5698 0.3897 255 252 255
-2.4997 -0.5694 0.4500 255 251 255
-2.4997 -0.5695 0.5100 255 247 255
-2.4997 -0.5695 0.5700 255 239 255
-2.4997 -0.5694 0.6299 254 224 255
-2.4997 -0.5694 0.6899 254 202 254
-2.4997 -0.5693 0.7499 254 171 254
-2.4997 -0.5693 0.8099 249 129 245
-2.4997 -0.5716 0.8594 206 81 200
-2.4998 -0.5699 0.9300 250 127 246
-2.4998 -0.5700 0.9900 234 101 227
-2.4998 -0.5709 1.0403 197 73 191
-2.5001 -0.5720 1.1098 246 119 241
-2.5001 -0.5725 1.1699 237 104 230
-2.5001 -0.5719 1.2302 220 87 212
-2.5001 -0.5733 1.2760 198 73 191
-2.5016 -0.5666 1.3319 142 51 145
-2.4905 -0.5087 -0.0453 247 203 172
-2.4998 -0.5086 0.0947 255 240 255
-2.4997 -0.5105 0.1612 255 253 255
-2.4997 -0.5095 0.2098 255 253 255
-2.4997 -0.5101 0.2696 255 253 255
-2.4997 -0.5095 0.3300 255 253 255
-2.4997 -0.5095 0.3904 255 253 255
-2.4997 -0.5095 0.4500 255 252 255
-2.4997 -0.5094 0.5101 255 248 255
-2.4997 -0.5095 0.5701 255 238 255
-2.4997 -0.5092 0.6300 255 222 255
-2.4997 -0.5093 0.6901 254 197 254
-2.4997 -0.5091 0.7499 254 162 253
-2.4997 -0.5091 0.8099 237 110 231
-2.4997 -0.5132 0.8510 154 56 156
-2.4998 -0.5087 0.9297 251 132 247
-2.4998 -0.5088 0.9900 237 105 230
-2.4998 -0.5097 1.0373 207 79 200
-2.5001 -0.5121 1.1098 247 121 242
-2.5001 -0.5128 1.1698 238 105 231
-2.5001 -0.5117 1.2301 222 89 214
-2.5001 -0.5138 1.2728 202 76 195
-2.5016 -0.5118 1.3345 145 52 147
-2.4923 -0.4486 -0.0405 254 252 253
-2.4998 -0.4506 0.0965 255 243 255
-2.4997 -0.4504 0.1642 255 254 255
-2.4997 -0.4490 0.2100 255 254 255
-2.4997 -0.4492 0.2697 255 254 255
-2.4997 -0.4492 0.3295 255 254 255
-2.4997 -0.4489 0.3898 255 253 255
-2.4997 -0.4491 0.4499 255 252 255
-2.4997 -0.4502 0.5100 255 247 255
-2.4997 -0.4501 0.5700 255 236 255
-2.4997 -0.4500 0.6301 255 217 255
-2.4997 -0.4500 0.6901 255 187 254
-2.4997 -0.4498 0.7499 252 145 250
-2.4997 -0.4500 0.8096 180 73 182
-2.4997 -0.4653 0.8448 79 31 104
-2.4998 -0.4486 0.9302 251 134 248
-2.4998 -0.4486 0.9902 239 107 232
-2.4998 -0.4500 1.0343 213 82 205
-2.5001 -0.4504 1.1098 247 123 243
-2.5001 -0.4507 1.1699 239 107 232
-2.5001 -0.4502 1.2300 223 90 215
-2.5001 -0.4528 1.2696 205 77 197
-2.5017 -0.4491 1.3341 150 54 152
-2.4933 -0.3884 -0.0358 254 252 253
-2.4998 -0.3921 0.0971 255 245 255
-2.4997 -0.3899 0.1672 255 254 255
-2.4997 -0.3885 0.2100 255 254 255
-2.4997 -0.3886 0.2701 255 254 255
-2.4997 -0.3884 0.3304 255 254 255
-2.4997 -0.3883 0.3903 255 254 255
-2.4997 -0.3892 0.4499 255 251 255
-2.4997 -0.3908 0.5100 255 244 255
-2.4997 -0.3906 0.5700 255 230 255
-2.4997 -0.3905 0.6300 255 207 255
-2.4997 -0.3904 0.6899 254 170 254
-2.4997 -0.3903 0.7499 234 113 230
-2.4997 -0.3920 0.8033 100 38 119
-2.4998 -0.3902 0.8695 254 160 253
-2.4998 -0.3896 0.9300 252 136 249
-2.4998 -0.3909 0.9885 240 108 233
-2.4998 -0.4010 1.0322 215 84 207
-2.5001 -0.3895 1.1099 248 123 243
-2.5001 -0.3896 1.1700 239 107 232
-2.5001 -0.3894 1.2299 222 89 214
-2.5001 -0.3920 1.2669 205 78 198
-2.5017 -0.3890 1.3333 153 55 154
-2.4952 -0.3288 -0.0298 254 253 254
-2.4998 -0.3314 0.0983 255 247 255
-2.4997 -0.3308 0.1700 255 254 255
-2.4998 -0.3295 0.2101 255 254 255
-2.4997 -0.3297 0.2704 255 254 255
-2.4997 -0.3293 0.3301 255 254 255
-2.4997 -0.3290 0.3897 255 253 255
-2.4997 -0.3298 0.4502 255 249 255
-2.4997 -0.3301 0.5100 255 238 255
-2.4997 -0.3300 0.5700 254 219 254
-2.4997 -0.3299 0.6300 254 188 254
-2.4997 -0.3297 0.6900 249 139 246
-2.4997 -0.3296 0.7500 138 55 149
-2.4997 -0.3326 0.7947 71 28 98
-2.4998 -0.3393 0.8697 254 161 253
-2.4998 -0.3398 0.9295 252 136 249
-2.4998 -0.3493 0.9742 245 116 239
-2.5001 -0.3486 1.0480 249 138 247
-2.5001 -0.3521 1.1093 246 122 242
-2.5001 -0.3373 1.1781 236 104 229
-2.5001 -0.3296 1.2298 221 88 213
-2.5002 -0.3330 1.2645 204 77 197
-2.5018 -0.3302 1.3343 155 56 155
-2.4990 -0.2696 -0.0199 254 251 253
-2.4998 -0.2711 0.0994 254 249 254
-2.4998 -0.2717 0.1728 255 254 255
-2.4998 -0.2699 0.2099 255 254 255
-2.4998 -0.2697 0.2696 255 254 255
-2.4998 -0.2695 0.3298 255 253 255
-2.4998 -0.2695 0.3902 255 250 255
-2.4998 -0.2694 0.4500 255 242 254
-2.4998 -0.2691 0.5099 254 226 254
-2.4998 -0.2692 0.5698 254 198 254
-2.4998 -0.2699 0.6300 252 154 251
-2.4998 -0.2698 0.6900 174 74 178
-2.4998 -0.2696 0.7501 71 28 99
-2.4998 -0.2771 0.7869 71 28 98
-2.5015 -0.2670 0.8623 72 31 100
-2.5017 -0.2487 0.9083 93 38 115
-2.5021 -0.2711 0.9903 90 37 112
-2.5020 -0.2481 1.0721 197 168 159
-2.5010 -0.2459 1.1227 161 129 151
-2.5001 -0.2641 1.1768 228 128 203
-2.5001 -0.2706 1.2296 218 86 210
-2.5016 -0.2569 1.2762 121 48 134
-2.5018 -0.2708 1.3340 154 56 155
-2.4998 -0.2361 -0.0124 254 249 254
-2.4998 -0.2104 0.1002 254 249 254
-2.4998 -0.2335 0.1733 255 253 255
-2.4998 -0.2344 0.2096 255 253 255
-2.4998 -0.2342 0.2697 255 253 255
-2.4998 -0.2340 0.3299 255 251 255
-2.4998 -0.2330 0.3908 255 246 255
-2.4998 -0.2326 0.4504 254 233 254
-2.4998 -0.2324 0.5103 254 212 254
-2.4998 -0.2322 0.5719 254 176 254
-2.4998 -0.2322 0.6301 239 118 234
-2.4998 -0.2320 0.6900 85 32 108
-2.4998 -0.2319 0.7498 71 28 98
-2.5004 -0.2297 0.7905 71 29 98
-2.5016 -0.2128 0.8699 72 31 100
-2.5016 -0.2031 0.9164 73 31 100
-2.5022 -0.2133 0.9899 156 57 156
-2.5020 -0.2036 1.0607 141 107 136
-2.5001 -0.2046 1.1187 239 165 217
-2.5001 -0.2111 1.1697 235 106 227
-2.5001 -0.2120 1.2264 216 85 208
-2.5015 -0.2067 1.2712 77 36 105
-2.5019 -0.2078 1.3343 155 57 156
-2.5001 -0.1480 0.0404 254 233 254
-2.4998 -0.1519 0.1018 254 249 254
-2.4998 -0.1511 0.1499 254 250 254
-2.4998 -0.1514 0.2098 254 252 254
-2.4998 -0.1514 0.2694 254 252 254
-2.4998 -0.1514 0.3290 254 251 254
-2.4998 -0.1525 0.3790 254 250 254
-2.5017 -0.1502 0.4499 249 126 245
-2.5017 -0.1505 0.5098 243 112 237
-2.5017 -0.1508 0.5699 228 96 221
-2.5017 -0.1512 0.6300 194 74 188
-2.5017 -0.1515 0.6899 116 45 129
-2.5017 -0.1519 0.7499 73 32 101
-2.5017 -0.1522 0.8100 72 32 100
-2.5017 -0.1525 0.8701 72 32 100
-2.5017 -0.1524 0.9296 72 32 100
-2.5020 -0.1375 1.0087 84 61 78
-2.5001 -0.1424 1.0604 238 168 211
-2.5001 -0.1514 1.1098 244 121 238
-2.5001 -0.1508 1.1698 232 99 225
-2.5001 -0.1514 1.2232 211 81 203
-2.5015 -0.1468 1.2830 74 35 103
-2.5019 -0.1485 1.3339 154 57 155
-2.5001 -0.0897 0.0416 255 232 254
-2.4998 -0.0898 0.1022 255 247 254
-2.4998 -0.0898 0.1499 255 249 254
-2.4998 -0.0898 0.2108 255 250 254
-2.4998 -0.0898 0.2699 255 250 254
-2.4998 -0.0898 0.3289 255 250 254
-2.4998 -0.0913 0.3748 254 249 254
-2.5019 -0.0914 0.4502 251 132 248
-2.5019 -0.0919 0.5103 248 122 243
-2.5019 -0.0914 0.5707 241 109 234
-2.5019 -0.0899 0.6300 227 95 220
-2.5019 -0.0903 0.6899 198 76 192
-2.5019 -0.0904 0.7500 135 51 142
-2.5019 -0.0907 0.8099 78 33 104
-2.5019 -0.0909 0.8698 72 32 101
-2.5021 -0.0686 0.9516 83 59 64
-2.4999 -0.0697 1.0060 92 69 77
-2.5001 -0.0920 1.0499 244 129 237
-2.5001 -0.0919 1.1100 243 113 237
-2.5001 -0.0916 1.1700 228 95 220
-2.5001 -0.0917 1.2202 204 77 197
-2.5018 -0.0821 1.2713 100 42 118
-2.5016 -0.0754 1.3276 80 37 106
-2.5001 0.0003 0.0425 254 229 254
-2.4998 -0.0004 0.1041 255 244 255
-2.4998 0.0014 0.1499 255 245 255
-2.4998 0.0017 0.2095 255 246 255
-2.4998 0.0019 0.2690 255 247 255
-2.4998 0.0014 0.3288 255 246 255
-2.4998 -0.0010 0.3696 254 245 252
-2.5015 0.0260 0.4486 186 70 182
-2.5021 0.0312 0.5319 210 147 185
-2.5001 0.0376 0.5752 213 183 190
-2.4998 0.0426 0.6330 172 142 160
-2.4977 0.0428 0.6749 138 113 135
-2.4998 0.0254 0.7552 243 166 204
-2.4998 0.0237 0.8106 238 144 209
-2.4998 0.0199 0.8703 230 119 205
-2.4998 0.0157 0.9307 192 84 173
-2.4998 0.0018 0.9821 108 45 115
-2.5001 -0.0048 1.0527 247 122 243
-2.5001 -0.0015 1.1100 237 105 230
-2.5001 -0.0014 1.1702 216 85 208
-2.5001 -0.0052 1.2160 188 68 182
-2.5022 0.0329 1.2718 71 28 98
-2.5027 0.0434 1.3336 78 36 104
-2.5001 0.0765 0.0447 254 225 254
-2.4998 0.0899 0.1060 254 241 254
-2.4998 0.0905 0.1506 254 241 254
-2.4998 0.0903 0.2101 254 242 254
-2.4998 0.0904 0.2694 254 242 254
-2.4998 0.0904 0.3287 254 240 254
-2.4998 0.0904 0.3695 254 236 252
-2.5019 0.0672 0.4333 244 121 239
-2.5022 0.0743 0.5332 254 176 253
-2.5001 0.0891 0.5775 254 213 254
-2.4998 0.0898 0.6366 254 193 254
-2.4998 0.0921 0.6803 228 164 228
-2.4998 0.0892 0.7631 254 151 252
-2.4998 0.0906 0.8099 250 130 246
-2.4998 0.0909 0.8699 231 99 224
-2.4998 0.0908 0.9299 143 52 149
-2.4998 0.0899 0.9766 72 28 99
-2.5001 0.0886 1.0588 241 109 235
-2.5001 0.0892 1.1101 227 93 219
-2.5001 0.0894 1.1700 194 72 188
-2.5001 0.0879 1.2113 155 54 155
-2.5022 0.0904 1.2853 71 28 98
-2.5028 0.0918 1.3336 111 44 124
-2.5023 0.1667 0.0311 85 84 86
-2.4998 0.1394 0.1059 252 236 252
-2.4998 0.1392 0.1501 254 238 254
-2.4998 0.1393 0.2106 254 238 254
-2.4998 0.1479 0.2720 254 235 254
-2.4998 0.1499 0.3302 254 231 254
-2.4998 0.1494 0.3723 254 227 247
-2.5025 0.1389 0.4348 251 137 248
-2.5023 0.1592 0.5272 130 108 125
-2.5001 0.1475 0.5800 253 205 253
-2.4998 0.1483 0.6415 254 178 254
-2.4998 0.1507 0.6853 238 155 238
-2.4998 0.1478 0.7686 251 132 248
-2.4998 0.1499 0.8101 241 112 235
-2.4998 0.1500 0.8701 192 74 188
-2.4998 0.1499 0.9300 82 31 106
-2.4998 0.1490 0.9736 72 28 100
-2.5001 0.1502 1.0610 234 100 226
-2.5001 0.1502 1.1100 215 84 207
-2.5001 0.1503 1.1697 169 60 166
-2.5001 0.1489 1.2080 116 40 126
-2.5023 0.1491 1.2899 75 29 100
-2.5023 0.1560 1.3306 72 28 99
-2.5002 0.2282 0.0468 95 94 93
-2.5001 0.2287 0.0906 93 93 92
-2.5001 0.2290 0.1505 95 95 95
-2.5001 0.2292 0.2106 96 96 98
-2.5001 0.2204 0.2745 156 146 159
-2.5001 0.2186 0.3308 172 159 178
-2.5001 0.2171 0.3723 190 172 197
-2.5009 0.2089 0.4316 250 140 247
-2.5022 0.2108 0.5286 250 186 239
-2.5001 0.1989 0.5847 254 198 254
-2.4998 0.2071 0.6464 254 160 253
-2.4998 0.2102 0.6883 244 141 243
-2.4998 0.2073 0.7722 241 110 235
-2.4998 0.2098 0.8099 215 87 208
-2.4998 0.2097 0.8699 111 41 126
-2.4998 0.2097 0.9300 71 28 99
-2.4998 0.2085 0.9708 72 28 100
-2.5001 0.2103 1.0623 222 89 214
-2.5001 0.2102 1.1099 195 72 189
-2.5001 0.2106 1.1701 124 44 133
-2.5002 0.2078 1.2059 75 29 102
-2.5023 0.2099 1.2907 127 45 134
-2.5023 0.2109 1.3339 84 31 105
-2.5001 0.2688 0.0465 241 205 240
-2.5001 0.2700 0.0896 246 211 246
-2.5001 0.2694 0.1501 254 217 254
-2.5001 0.2708 0.2098 254 217 254
-2.4998 0.2908 0.2746 122 124 125
-2.4998 0.2909 0.3303 116 120 126
-2.4998 0.2907 0.3752 111 116 128
-2.4982 0.2717 0.4500 254 180 254
-2.5023 0.2717 0.5278 251 192 238
-2.5002 0.2927 0.5681 97 95 88
-2.4998 0.2666 0.6513 251 138 248
-2.4998 0.2702 0.6902 242 120 237
-2.4998 0.2683 0.7684 186 75 180
-2.4998 0.2701 0.8100 135 50 143
-2.4998 0.2701 0.8700 71 29 99
-2.4998 0.2702 0.9301 71 28 99
-2.4999 0.2678 0.9677 73 29 100
-2.5001 0.2699 1.0618 204 77 197
-2.5001 0.2694 1.1099 162 57 161
-2.5001 0.2702 1.1701 81 31 105
-2.5004 0.2580 1.2055 87 34 111
-2.5024 0.2704 1.2894 176 63 172
-2.5024 0.2717 1.3342 146 51 148
-2.5001 0.3297 0.0479 254 209 254
-2.4998 0.3357 0.1101 163 137 161
-2.4998 0.3369 0.1497 168 140 168
-2.4998 0.3370 0.2092 168 139 169
-2.4998 0.3313 0.2705 211 166 214
-2.4998 0.3304 0.3303 220 167 223
-2.4998 0.3312 0.3754 220 163 220
-2.4983 0.3300 0.4499 254 187 254
-2.5023 0.3197 0.5253 253 198 237
-2.5001 0.3301 0.5757 196 145 193
-2.4998 0.3226 0.6553 240 113 234
-2.4998 0.3309 0.6900 223 93 215
-2.4998 0.3289 0.7531 112 45 121
-2.4998 0.3292 0.8102 73 29 100
-2.4998 0.3293 0.8700 71 29 99
-2.4998 0.3292 0.9298 71 29 99
-2.4999 0.3264 0.9649 75 30 102
-2.5001 0.3310 1.0612 173 62 169
-2.5001 0.3304 1.1100 105 38 120
-2.5001 0.3301 1.1684 71 28 99
-2.5024 0.3294 1.2295 220 88 212
-2.5024 0.3306 1.2899 200 75 194
-2.5024 0.3308 1.3336 180 65 175
-2.5001 0.3898 0.0490 254 198 254
-2.4998 0.3899 0.1106 255 183 255
-2.4998 0.3899 0.1498 255 182 255
-2.4998 0.3900 0.2099 255 179 254
-2.4998 0.3901 0.2701 255 174 254
-2.4998 0.3901 0.3302 254 168 254
-2.4998 0.3903 0.3763 253 161 250
-2.4983 0.3924 0.4501 254 194 254
-2.5024 0.3978 0.5100 186 157 163
-2.5001 0.3789 0.5782 253 167 252
-2.5001 0.3880 0.6320 254 157 253
-2.4998 0.3898 0.6917 137 51 144
-2.4998 0.3886 0.7491 70 30 91
-2.4998 0.3890 0.8101 71 29 99
-2.4998 0.3890 0.8701 70 29 98
-2.4998 0.3892 0.9301 70 28 98
-2.4998 0.3788 0.9642 67 27 93
-2.5001 0.3917 1.0523 96 36 106
-2.5001 0.3905 1.1099 73 28 100
-2.5001 0.3899 1.1652 72 28 99
-2.5025 0.3897 1.2300 230 96 222
-2.5025 0.3891 1.2902 215 84 207
-2.5025 0.3894 1.3342 199 75 193
-2.5001 0.4520 0.0492 254 187 254
-2.4998 0.4483 0.1119 254 163 254
-2.4998 0.4503 0.1505 254 160 253
-2.4998 0.4503 0.2108 254 157 253
-2.4998 0.4502 0.2705 254 151 252
-2.4998 0.4502 0.3301 253 144 251
-2.4998 0.4503 0.3774 250 136 243
-2.5023 0.4590 0.4718 231 183 174
-2.5025 0.4476 0.5099 254 195 250
-2.5001 0.4642 0.5737 126 88 123
-2.5002 0.4697 0.6240 62 56 58
-2.4998 0.4417 0.6973 71 30 99
-2.4998 0.4426 0.7596 69 30 93
-2.4998 0.4492 0.8098 71 29 99
-2.4998 0.4493 0.8699 71 29 99
-2.4998 0.4487 0.9282 71 29 99
-2.5001 0.4486 0.9899 100 40 105
-2.5001 0.4487 1.0499 78 31 103
-2.5001 0.4495 1.1098 71 28 99
-2.5001 0.4488 1.1620 72 28 100
-2.5025 0.4481 1.2301 236 102 229
-2.5025 0.4483 1.2904 225 92 217
-2.5025 0.4512 1.3343 213 83 205
-2.5001 0.5118 0.0511 254 175 254
-2.4998 0.4888 0.1112 254 149 252
-2.4998 0.4878 0.1490 253 146 252
-2.4998 0.4878 0.2099 253 142 251
-2.4998 0.4879 0.2708 252 136 249
-2.4998 0.4880 0.3300 250 127 246
-2.4998 0.4883 0.3785 241 119 229
-2.5025 0.5123 0.4518 246 193 202
-2.5009 0.5273 0.5281 252 213 208
-2.5001 0.5118 0.5726 250 144 244
-2.5001 0.5113 0.6308 222 118 218
-2.5001 0.5151 0.6895 164 87 160
-2.4999 0.4904 0.7745 88 37 112
-2.4998 0.4868 0.8105 72 29 100
-2.4998 0.4869 0.8705 72 29 100
-2.4998 0.4870 0.9264 72 29 99
-2.5001 0.5090 0.9899 84 33 107
-2.5001 0.5092 1.0501 71 29 99
-2.5001 0.5096 1.1101 72 29 99
-2.5001 0.5092 1.1589 72 28 100
-2.5026 0.5068 1.2304 239 107 233
-2.5026 0.5088 1.2904 231 97 224
-2.5026 0.5134 1.3340 223 90 215
-2.5001 0.5701 0.0506 254 162 253
-2.5001 0.5710 0.0887 254 161 253
-2.5001 0.5707 0.1491 254 161 253
-2.5001 0.5699 0.2084 254 159 253
-2.5001 0.5700 0.2681 254 156 253
-2.5001 0.5704 0.3281 254 152 252
-2.5001 0.5705 0.3864 249 148 235
-2.5002 0.5898 0.4446 222 167 105
-2.5001 0.5805 0.5148 246 196 153
-2.5001 0.5699 0.5687 248 126 243
-2.5001 0.5702 0.6289 244 115 239
-2.5001 0.5706 0.6892 237 104 229
-2.5001 0.5710 0.7496 223 91 215
-2.5001 0.5714 0.8100 198 75 191
-2.5001 0.5702 0.8703 151 54 153
-2.5001 0.5702 0.9299 85 33 107
-2.5001 0.5702 0.9896 71 29 99
-2.5001 0.5687 1.0500 71 29 99
-2.5001 0.5690 1.1102 71 29 99
-2.5001 0.5685 1.1561 72 29 100
-2.5026 0.5678 1.2302 241 111 236
-2.5026 0.5698 1.2894 236 102 228
-2.5026 0.5710 1.3339 228 95 221
-2.5001 0.6309 0.0524 253 148 252
-2.5001 0.6305 0.0896 253 148 252
-2.5001 0.6295 0.1495 253 147 252
-2.5001 0.6299 0.2089 253 144 251
-2.5001 0.6303 0.2685 253 141 250
-2.5001 0.6310 0.3284 252 137 249
-2.5001 0.6298 0.3902 251 132 247
-2.5001 0.6293 0.4513 234 125 210
-2.5001 0.6299 0.5113 243 121 227
-2.5001 0.6303 0.5711 240 109 234
-2.5001 0.6307 0.6309 231 98 223
-2.5001 0.6300 0.6903 216 86 209
-2.5001 0.6296 0.7506 191 71 185
-2.5001 0.6299 0.8103 142 51 146
-2.5001 0.6302 0.8701 81 32 105
-2.5001 0.6307 0.9301 71 29 99
-2.5001 0.6307 0.9903 71 29 99
-2.5001 0.6294 1.0500 71 29 99
-2.5001 0.6298 1.1099 71 29 99
-2.5001 0.6287 1.1528 73 30 100
-2.5026 0.6284 1.2301 243 114 238
-2.5026 0.6280 1.2904 238 105 231
-2.5027 0.6278 1.3346 231 98 224
-2.5001 0.6874 0.0530 251 135 248
-2.5001 0.6903 0.0910 251 132 248
-2.5001 0.6888 0.1507 251 131 247
-2.5001 0.6893 0.2097 250 129 246
-2.5001 0.6897 0.2688 249 126 245
-2.5001 0.6901 0.3302 247 121 242
-2.5001 0.6906 0.3917 244 115 239
-2.5001 0.6910 0.4509 240 108 233
-2.5001 0.6911 0.5099 233 100 226
-2.5001 0.6898 0.5696 223 91 215
-2.5001 0.6905 0.6293 206 79 198
-2.5001 0.6898 0.6900 176 65 173
-2.5001 0.6891 0.7498 124 45 133
-2.5001 0.6895 0.8099 77 32 102
-2.5001 0.6899 0.8700 71 30 99
-2.5001 0.6903 0.9299 71 29 99
-2.5001 0.6907 0.9899 71 29 99
-2.5001 0.6912 1.0498 71 29 99
-2.5001 0.6896 1.1097 71 29 99
-2.5002 0.6887 1.1497 73 30 101
-2.5027 0.6881 1.2299 246 117 240
-2.5027 0.6882 1.2902 239 108 233
-2.5027 0.6872 1.3344 233 101 226
-2.5002 0.7320 0.0503 248 126 244
-2.5002 0.7308 0.0896 248 122 243
-2.5002 0.7317 0.1504 247 121 242
-2.5002 0.7319 0.2103 246 118 241
-2.5002 0.7324 0.2691 244 114 238
-2.5001 0.7328 0.3302 241 109 234
-2.5002 0.7333 0.3913 236 103 229
-2.5001 0.7337 0.4502 229 96 221
-2.5001 0.7338 0.5098 218 87 210
-2.5001 0.7328 0.5693 202 77 195
-2.5001 0.7328 0.6305 173 63 170
-2.5001 0.7335 0.6910 120 44 129
-2.5001 0.7339 0.7501 74 31 101
-2.5001 0.7344 0.8093 72 31 100
-2.5001 0.7350 0.8693 72 31 100
-2.5001 0.7353 0.9299 72 30 100
-2.5001 0.7356 0.9905 72 30 100
-2.5001 0.7360 1.0509 72 30 100
-2.5001 0.7344 1.1105 72 29 100
-2.5002 0.7353 1.1484 78 32 104
-2.5027 0.7505 1.2297 245 118 240
-2.5028 0.7506 1.2897 242 111 236
-2.5027 0.7504 1.3339 234 103 228
-2.5007 0.8098 -0.0009 251 176 248
-2.5028 0.8094 0.0904 254 177 254
-2.5028 0.8093 0.1499 254 177 254
-2.5028 0.8106 0.2097 254 177 254
-2.5028 0.8086 0.2706 254 177 254
-2.5028 0.8095 0.3299 254 177 254
-2.5028 0.8085 0.3896 254 176 254
-2.5027 0.8102 0.4508 255 177 255
-2.5027 0.8092 0.5099 255 176 255
-2.5028 0.8080 0.5695 254 174 254
-2.5028 0.8092 0.6299 254 172 254
-2.5028 0.8132 0.6901 254 170 254
-2.5028 0.8122 0.7511 251 167 251
-2.5028 0.8128 0.8103 254 166 253
-2.5028 0.8124 0.8700 252 162 251
-2.5028 0.8126 0.9300 253 156 252
-2.5028 0.8127 0.9902 252 149 251
-2.5028 0.8119 1.0504 251 141 249
-2.5028 0.8121 1.1107 249 134 247
-2.5028 0.8122 1.1700 247 127 244
-2.5028 0.8118 1.2298 245 119 240
-2.5028 0.8123 1.2899 242 112 236
-2.5029 0.8121 1.3340 239 106 232
-2.5003 0.8731 -0.0017 251 172 247
-2.5028 0.8737 0.0893 254 173 254
-2.5028 0.8733 0.1500 254 173 254
-2.5028 0.8725 0.2113 254 173 254
-2.5028 0.8732 0.2712 254 173 254
-2.5028 0.8731 0.3300 254 173 254
-2.5028 0.8730 0.3888 254 173 254
-2.5028 0.8722 0.4489 255 174 255
-2.5028 0.8727 0.5101 252 171 252
-2.5029 0.8731 0.5703 252 169 252
-2.5028 0.8727 0.6301 255 170 254
-2.5028 0.8729 0.6897 255 169 254
-2.5029 0.8721 0.7500 253 165 252
-2.5029 0.8722 0.8102 254 164 253
-2.5028 0.8724 0.8702 252 160 251
-2.5028 0.8722 0.9299 253 155 252
-2.5028 0.8722 0.9897 252 148 251
-2.5028 0.8722 1.0492 251 142 249
-2.5028 0.8716 1.1097 250 134 247
-2.5028 0.8720 1.1702 247 127 244
-2.5028 0.8720 1.2298 245 120 241
-2.5028 0.8717 1.2897 242 113 236
-2.5029 0.8726 1.3347 240 108 234
-2.5008 0.9308 -0.0006 251 169 247
-2.5029 0.9311 0.0903 254 169 254
-2.5029 0.9310 0.1502 254 169 254
-2.5029 0.9310 0.2101 254 169 254
-2.5029 0.9309 0.2701 254 169 254
-2.5029 0.9309 0.3301 254 169 254
-2.5029 0.9309 0.3901 254 169 254
-2.5029 0.9308 0.4503 254 168 253
-2.5029 0.9308 0.5104 253 167 253
-2.5029 0.9307 0.5706 253 166 252
-2.5029 0.9307 0.6309 253 164 252
-2.5029 0.9302 0.6906 252 163 251
-2.5029 0.9303 0.7497 252 161 251
-2.5029 0.9305 0.8095 251 159 250
-2.5029 0.9305 0.8700 251 157 250
-2.5029 0.9303 0.9299 250 153 250
-2.5029 0.9304 0.9898 250 147 249
-2.5029 0.9303 1.0504 249 140 248
-2.5029 0.9299 1.1099 248 133 246
-2.5029 0.9303 1.1693 247 127 244
-2.5029 0.9302 1.2301 244 120 241
-2.5029 0.9299 1.2903 241 113 236
-2.5029 0.9309 1.3347 235 106 230
-2.5011 0.9907 -0.0003 251 165 246
-2.5029 0.9909 0.0903 254 166 253
-2.5029 0.9906 0.1498 254 166 253
-2.5029 0.9899 0.2087 254 166 253
-2.5029 0.9907 0.2689 254 166 253
-2.5029 0.9907 0.3301 254 166 253
-2.5029 0.9907 0.3915 254 166 253
-2.5029 0.9896 0.4513 254 165 253
-2.5029 0.9908 0.5099 254 164 253
-2.5029 0.9915 0.5692 254 163 252
-2.5029 0.9906 0.6296 253 162 252
-2.5029 0.9897 0.6901 253 160 252
-2.5029 0.9904 0.7501 253 159 252
-2.5029 0.9905 0.8106 252 157 251
-2.5029 0.9901 0.8707 252 155 251
-2.5029 0.9905 0.9303 250 152 250
-2.5029 0.9908 0.9899 250 146 249
-2.5029 0.9899 1.0496 250 140 248
-2.5029 0.9902 1.1093 249 133 246
-2.5029 0.9902 1.1697 247 127 244
-2.5029 0.9902 1.2300 245 120 241
-2.5029 0.9900 1.2899 242 114 237
-2.5029 0.9917 1.3343 236 107 231
-2.5009 1.0529 -0.0010 244 156 242
-2.5030 1.0524 0.0893 254 162 253
-2.5030 1.0532 0.1505 254 163 253
-2.5030 1.0541 0.2104 254 163 253
-2.5030 1.0524 0.2689 254 163 253
-2.5030 1.0532 0.3302 254 163 253
-2.5030 1.0523 0.3904 254 162 253
-2.5030 1.0541 0.4490 254 161 253
-2.5030 1.0532 0.5105 254 161 253
-2.5030 1.0524 0.5707 254 159 253
-2.5030 1.0541 0.6295 254 158 252
-2.5030 1.0524 0.6898 253 157 252
-2.5030 1.0532 0.7501 253 156 252
-2.5030 1.0536 0.8099 252 154 251
-2.5030 1.0528 0.8696 252 152 251
-2.5030 1.0528 0.9301 251 150 250
-2.5030 1.0538 0.9899 250 144 249
-2.5030 1.0533 1.0499 249 138 247
-2.5030 1.0527 1.1098 248 132 245
-2.5030 1.0537 1.1699 246 126 243
-2.5030 1.0525 1.2299 244 120 240
-2.5030 1.0535 1.2900 241 113 236
-2.5030 1.0534 1.3343 235 107 230
-2.5010 1.1125 -0.0010 245 154 243
-2.5030 1.1142 0.0900 254 159 253
-2.5030 1.1124 0.1496 254 159 253
-2.5030 1.1133 0.2107 254 159 253
-2.5030 1.1134 0.2704 254 159 253
-2.5030 1.1134 0.3303 254 159 253
-2.5030 1.1134 0.3903 254 159 253
-2.5030 1.1135 0.4502 254 158 253
-2.5030 1.1135 0.5102 254 157 253
-2.5030 1.1130 0.5696 254 157 253
-2.5030 1.1135 0.6303 254 155 253
-2.5030 1.1132 0.6898 253 154 252
-2.5030 1.1139 0.7500 253 153 252
-2.5030 1.1133 0.8102 252 151 251
-2.5030 1.1134 0.8699 252 149 251
-2.5030 1.1138 0.9295 252 147 251
-2.5030 1.1136 0.9899 251 143 249
-2.5030 1.1139 1.0503 249 137 247
-2.5030 1.1133 1.1102 248 131 245
-2.5030 1.1138 1.1694 246 125 243
-2.5030 1.1138 1.2300 244 119 240
-2.5030 1.1139 1.2906 241 113 236
-2.5030 1.1138 1.3351 235 107 230
-2.5007 1.1704 -0.0008 243 150 241
-2.5031 1.1700 0.0900 254 156 253
-2.5031 1.1714 0.1494 254 156 253
-2.5031 1.1698 0.2100 254 156 253
-2.5031 1.1707 0.2694 254 156 253
-2.5031 1.1707 0.3303 254 156 253
-2.5031 1.1708 0.3913 254 155 253
-2.5031 1.1703 0.4493 254 155 253
-2.5031 1.1714 0.5103 254 154 253
-2.5031 1.1709 0.5707 253 153 252
-2.5031 1.1701 0.6295 253 152 252
-2.5031 1.1713 0.6899 253 151 252
-2.5031 1.1717 0.7496 253 149 251
-2.5031 1.1703 0.8094 252 148 251
-2.5031 1.1715 0.8700 252 146 251
-2.5031 1.1713 0.9306 252 145 250
-2.5031 1.1710 0.9905 251 141 249
-2.5031 1.1714 1.0497 250 135 247
-2.5031 1.1711 1.1097 248 130 245
-2.5031 1.1717 1.1705 245 124 242
-2.5031 1.1715 1.2306 243 118 239
-2.5031 1.1710 1.2899 240 112 235
-2.5031 1.1727 1.3344 233 106 229
-2.5011 1.2301 -0.0011 244 148 242
-2.5031 1.2304 0.0899 253 153 252
-2.5031 1.2291 0.1510 254 153 252
-2.5031 1.2302 0.2104 253 153 252
-2.5031 1.2302 0.2684 253 153 252
-2.5031 1.2303 0.3305 253 153 252
-2.5031 1.2304 0.3926 253 152 252
-2.5031 1.2304 0.4507 253 152 252
-2.5031 1.2305 0.5089 253 151 252
-2.5031 1.2295 0.5692 253 150 252
-2.5031 1.2308 0.6301 253 149 252
-2.5031 1.2311 0.6898 253 148 252
-2.5031 1.2309 0.7502 253 147 251
-2.5031 1.2305 0.8107 253 145 251
-2.5031 1.2309 0.8705 253 144 250
-2.5031 1.2311 0.9297 252 142 250
-2.5031 1.2307 0.9897 251 140 249
-2.5031 1.2312 1.0496 250 134 247
-2.5031 1.2313 1.1096 249 129 245
-2.5031 1.2314 1.1697 247 123 243
-2.5031 1.2313 1.2291 244 117 239
-2.5031 1.2315 1.2900 241 112 235
-2.5031 1.2310 1.3347 234 105 229
-2.5014 1.2917 -0.0002 244 145 242
-2.5032 1.2917 0.0901 253 149 252
-2.5032 1.2918 0.1491 253 149 252
-2.5032 1.2919 0.2082 253 150 252
-2.5032 1.2920 0.2673 253 150 252
-2.5032 1.2915 0.3274 253 149 252
-2.5032 1.2928 0.3905 253 149 252
-2.5032 1.2923 0.4531 253 148 252
-2.5032 1.2924 0.5124 253 148 252
-2.5032 1.2925 0.5717 253 147 251
-2.5032 1.2926 0.6311 253 146 251
-2.5032 1.2927 0.6905 253 145 251
-2.5032 1.2928 0.7501 253 144 251
-2.5032 1.2923 0.8104 253 142 250
-2.5032 1.2930 0.8708 252 141 250
-2.5032 1.2931 0.9304 251 139 249
-2.5032 1.2932 0.9901 251 137 249
-2.5032 1.2930 1.0506 250 132 247
-2.5032 1.2934 1.1113 248 127 245
-2.5032 1.2935 1.1711 246 121 242
-2.5032 1.2936 1.2310 244 116 239
-2.5032 1.2931 1.2900 240 111 235
-2.5032 1.2938 1.3346 233 105 228
-2.5017 1.3502 -0.0002 246 143 243
-2.5032 1.3499 0.0893 253 146 251
-2.5032 1.3501 0.1494 253 146 251
-2.5032 1.3498 0.2086 253 146 252
-2.5032 1.3496 0.2671 253 146 252
-2.5032 1.3504 0.3265 253 146 251
-2.5032 1.3506 0.3867 253 146 251
-2.5032 1.3507 0.4469 253 145 251
-2.5032 1.3508 0.5073 253 145 251
-2.5032 1.3509 0.5677 253 144 251
-2.5032 1.3511 0.6281 253 143 251
-2.5032 1.3512 0.6886 253 142 250
-2.5032 1.3513 0.7491 252 141 250
-2.5032 1.3514 0.8097 252 139 250
-2.5032 1.3509 0.8694 252 138 249
-2.5032 1.3517 0.9293 252 137 249
-2.5032 1.3515 0.9891 251 135 248
-2.5032 1.3519 1.0491 250 130 246
-2.5032 1.3521 1.1099 248 125 244
-2.5032 1.3522 1.1699 246 120 241
-2.5032 1.3523 1.2300 243 115 238
-2.5032 1.3517 1.2901 240 110 234
-2.5033 1.3538 1.3346 234 104 228
-2.5015 1.4094 -0.0001 245 139 242
-2.5033 1.4102 0.0902 253 143 251
-2.5033 1.4104 0.1513 253 143 251
-2.5033 1.4106 0.2125 253 143 251
-2.5033 1.4118 0.2713 253 143 251
-2.5033 1.4098 0.3281 253 143 251
-2.5033 1.4110 0.3878 253 143 251
-2.5033 1.4111 0.4491 253 142 251
-2.5033 1.4113 0.5105 253 142 251
-2.5033 1.4107 0.5712 252 141 250
-2.5033 1.4112 0.6309 252 140 250
-2.5033 1.4121 0.6898 252 139 250
-2.5033 1.4119 0.7498 252 138 249
-2.5033 1.4127 0.8106 252 137 249
-2.5033 1.4111 0.8697 251 135 248
-2.5033 1.4123 0.9298 251 134 248
-2.5033 1.4125 0.9907 250 132 247
-2.5033 1.4122 1.0500 249 128 246
-2.5033 1.4128 1.1102 248 123 243
-2.5033 1.4133 1.1704 246 118 241
-2.5033 1.4131 1.2298 243 114 238
-2.5033 1.4125 1.2901 240 109 234
-2.5033 1.4146 1.3346 234 103 228
-2.5013 1.4720 0.0001 242 135 239
-2.5033 1.4725 0.0894 252 140 250
-2.5033 1.4723 0.1489 252 140 250
-2.5033 1.4732 0.2104 252 140 250
-2.5033 1.4734 0.2727 252 140 250
-2.5033 1.4735 0.3308 252 139 250
-2.5033 1.4738 0.3889 252 139 250
-2.5033 1.4739 0.4513 252 139 250
-2.5033 1.4733 0.5105 252 138 250
-2.5033 1.4687 0.5683 252 138 249
-2.5033 1.4682 0.6298 252 137 249
-2.5033 1.4674 0.6903 252 136 249
-2.5033 1.4688 0.7495 251 135 249
-2.5033 1.4694 0.8100 251 134 248
-2.5033 1.4682 0.8706 251 132 248
-2.5033 1.4690 0.9301 250 131 247
-2.5033 1.4699 0.9896 250 129 246
-2.5033 1.4687 1.0503 249 126 245
-2.5033 1.4693 1.1110 247 121 242
-2.5033 1.4693 1.1707 245 117 239
-2.5033 1.4704 1.2293 242 112 236
-2.5033 1.4701 1.2902 239 107 233
-2.5034 1.4702 1.3353 233 102 227
-2.5006 1.5305 -0.0022 244 136 238
-2.5034 1.5313 0.0907 252 136 249
-2.5034 1.5315 0.1496 252 137 249
-2.5034 1.5317 0.2085 252 137 249
-2.5034 1.5319 0.2719 252 137 249
-2.5034 1.5321 0.3308 252 136 249
-2.5034 1.5323 0.3899 252 136 249
-2.5034 1.5317 0.4502 252 136 249
-2.5034 1.5333 0.5092 252 135 249
-2.5034 1.5258 0.5705 252 135 249
-2.5034 1.5267 0.6304 251 134 248
-2.5034 1.5276 0.6905 251 133 248
-2.5034 1.5259 0.7506 251 132 248
-2.5034 1.5285 0.8099 251 131 247
-2.5034 1.5263 0.8701 250 130 247
-2.5034 1.5281 0.9304 250 129 246
-2.5034 1.5275 0.9898 249 127 246
-2.5034 1.5281 1.0501 248 124 244
-2.5034 1.5282 1.1096 246 120 242
-2.5034 1.5284 1.1692 244 115 239
-2.5034 1.5283 1.2306 242 111 236
-2.5034 1.5292 1.2903 239 106 232
-2.5034 1.5275 1.3352 234 102 227
-2.5022 1.5922 0.0005 247 133 242
-2.5034 1.5905 0.0894 251 134 249
-2.5034 1.5920 0.1511 251 134 249
-2.5034 1.5922 0.2110 251 134 249
-2.5034 1.5899 0.2693 251 134 249
-2.5034 1.5860 0.3309 251 134 248
-2.5034 1.5862 0.3908 251 134 248
-2.5034 1.5864 0.4508 251 133 248
-2.5034 1.5867 0.5109 251 133 248
-2.5034 1.5869 0.5710 251 132 248
-2.5034 1.5864 0.6300 251 131 247
-2.5034 1.5881 0.6901 250 130 247
-2.5034 1.5865 0.7493 250 129 247
-2.5034 1.5887 0.8095 250 128 246
-2.5034 1.5869 0.8699 250 127 246
-2.5034 1.5892 0.9302 249 126 245
-2.5034 1.5874 0.9906 249 125 244
-2.5034 1.5889 1.0500 247 121 243
-2.5034 1.5889 1.1094 246 117 240
-2.5034 1.5890 1.1700 243 113 237
-2.5034 1.5893 1.2306 241 109 234
-2.5034 1.5892 1.2901 237 104 230
-2.5035 1.5901 1.3345 233 100 226
-2.5019 1.6534 -0.0003 248 130 243
-2.5035 1.6553 0.0895 251 130 247
-2.5035 1.6535 0.1501 251 131 247
-2.5035 1.6548 0.2089 251 130 247
-2.5035 1.6518 0.2717 251 131 247
-2.5035 1.6485 0.3310 251 131 248
-2.5035 1.6475 0.3894 251 131 247
-2.5035 1.6502 0.4501 251 130 247
-2.5035 1.6492 0.5095 251 130 247
-2.5035 1.6486 0.5697 250 129 247
-2.5035 1.6506 0.6308 250 128 246
-2.5035 1.6487 0.6903 250 128 246
-2.5035 1.6506 0.7506 250 127 246
-2.5035 1.6513 0.8101 249 126 245
-2.5035 1.6494 0.8695 249 125 245
-2.5035 1.6509 0.9292 248 124 244
-2.5035 1.6516 0.9897 248 122 243
-2.5035 1.6500 1.0494 247 119 242
-2.5035 1.6451 1.1088 245 115 239
-2.5035 1.6451 1.1692 242 111 236
-2.5035 1.6450 1.2295 240 107 233
-2.5035 1.6450 1.2900 236 103 229
-2.5035 1.6460 1.3349 232 99 225
-2.5010 1.7111 0.0006 241 128 235
-2.5035 1.7111 0.0914 250 128 246
-2.5035 1.7123 0.1500 250 128 246
-2.5035 1.7134 0.2085 250 128 246
-2.5035 1.7120 0.2701 250 128 246
-2.5035 1.7131 0.3310 250 127 246
-2.5035 1.7133 0.3885 250 127 246
-2.5035 1.7128 0.4495 250 127 246
-2.5035 1.7148 0.5114 250 127 246
-2.5035 1.7142 0.5702 249 126 245
-2.5035 1.7135 0.6291 249 125 245
-2.5035 1.7147 0.6901 249 125 245
-2.5035 1.7158 0.7512 248 124 244
-2.5035 1.7152 0.8102 248 123 243
-2.5035 1.7146 0.8691 248 122 243
-2.5035 1.7155 0.9292 247 121 242
-2.5036 1.7163 0.9894 247 119 242
-2.5035 1.7158 1.0507 245 116 240
-2.5035 1.7090 1.1101 244 113 238
-2.5035 1.7097 1.1699 241 109 235
-2.5035 1.7091 1.2297 238 106 232
-2.5035 1.7108 1.2895 235 102 228
-2.5036 1.7097 1.3349 231 98 224
-2.5017 1.7716 -0.0010 241 124 235
-2.5036 1.7714 0.0890 249 125 245
-2.5036 1.7716 0.1471 249 125 245
-2.5036 1.7720 0.2100 249 125 245
-2.5036 1.7723 0.2729 249 125 245
-2.5036 1.7725 0.3311 249 125 245
-2.5036 1.7728 0.3895 249 125 245
-2.5036 1.7731 0.4478 249 124 245
-2.5036 1.7723 0.5087 249 124 244
-2.5036 1.7741 0.5705 248 123 244
-2.5036 1.7749 0.6313 248 123 244
-2.5036 1.7743 0.6912 248 122 243
-2.5036 1.7746 0.7497 247 121 243
-2.5036 1.7740 0.8096 247 120 242
-2.5036 1.7749 0.8706 247 119 242
-2.5036 1.7755 0.9305 246 118 241
-2.5036 1.7757 0.9893 246 117 240
-2.5036 1.7763 1.0493 244 114 238
-2.5036 1.7763 1.1093 242 111 236
-2.5036 1.7758 1.1694 240 107 233
-2.5036 1.7737 1.2281 237 103 230
-2.5036 1.7699 1.2899 233 99 226
-2.5037 1.7703 1.3341 229 96 221
-2.5019 1.8319 0.0018 245 122 239
-2.5036 1.8322 0.0911 248 122 243
-2.5036 1.8320 0.1525 248 122 243
-2.5036 1.8331 0.2129 248 122 244
-2.5036 1.8335 0.2720 248 122 244
-2.5036 1.8338 0.3312 248 122 243
-2.5036 1.8341 0.3905 248 122 243
-2.5036 1.8344 0.4498 248 121 243
-2.5036 1.8348 0.5091 248 121 243
-2.5036 1.8350 0.5685 247 121 243
-2.5036 1.8356 0.6279 247 120 242
-2.5036 1.8350 0.6887 247 119 242
-2.5036 1.8352 0.7483 246 118 241
-2.5037 1.8291 0.8088 246 118 241
-2.5037 1.8294 0.8698 246 117 240
-2.5037 1.8297 0.9309 245 116 239
-2.5037 1.8300 0.9905 244 115 239
-2.5037 1.8304 1.0502 243 112 237
-2.5037 1.8306 1.1099 240 108 234
-2.5037 1.8309 1.1696 238 105 231
-2.5037 1.8258 1.2322 235 102 228
-2.5036 1.8241 1.2906 232 98 224
-2.5037 1.8247 1.3354 228 95 220
-2.5001 1.8921 -0.0050 235 120 227
-2.5037 1.8880 0.0914 247 119 242
-2.5037 1.8883 0.1513 247 119 242
-2.5037 1.8887 0.2112 247 120 242
-2.5037 1.8890 0.2711 247 119 242
-2.5037 1.8893 0.3313 247 119 242
-2.5037 1.8897 0.3915 247 119 242
-2.5037 1.8900 0.4515 247 119 242
-2.5037 1.8903 0.5116 247 119 241
-2.5037 1.8907 0.5719 246 118 241
-2.5037 1.8914 0.6322 246 117 241
-2.5037 1.8917 0.6925 245 117 240
-2.5037 1.8894 0.7525 245 116 240
-2.5037 1.8846 0.8099 245 116 239
-2.5037 1.8850 0.8702 245 115 239
-2.5037 1.8853 0.9306 244 114 238
-2.5037 1.8854 0.9899 243 113 237
-2.5037 1.8860 1.0491 242 110 235
-2.5037 1.8863 1.1097 239 107 233
-2.5037 1.8866 1.1703 237 103 230
-2.5037 1.8870 1.2309 234 100 226
-2.5037 1.8874 1.2916 230 96 223
-2.5037 1.8885 1.3359 226 93 219
-2.5029 1.9504 0.0025 243 116 237
-2.5037 1.9453 0.0880 246 117 240
-2.5037 1.9456 0.1487 246 117 240
-2.5037 1.9460 0.2095 246 117 240
-2.5037 1.9464 0.2703 246 117 240
-2.5037 1.9467 0.3314 246 117 240
-2.5037 1.9471 0.3925 246 117 240
-2.5037 1.9475 0.4534 246 117 240
-2.5037 1.9464 0.5121 245 116 240
-2.5037 1.9485 0.5693 245 116 240
-2.5037 1.9495 0.6279 245 115 239
-2.5037 1.9489 0.6879 244 115 239
-2.5037 1.9492 0.7492 244 114 238
-2.5037 1.9496 0.8105 244 113 238
-2.5037 1.9489 0.8706 243 112 237
-2.5038 1.9500 0.9295 243 111 236
-2.5038 1.9507 0.9897 242 110 235
-2.5038 1.9514 1.0499 240 107 233
-2.5038 1.9514 1.1103 237 104 230
-2.5038 1.9507 1.1707 235 101 227
-2.5038 1.9532 1.2297 232 98 224
-2.5038 1.9522 1.2889 228 95 221
-2.5038 1.9526 1.3339 225 92 217
-2.5010 2.0107 0.0019 235 114 228
-2.5038 2.0137 0.0917 244 114 238
-2.5038 2.0110 0.1483 244 114 239
-2.5038 2.0129 0.2078 244 114 238
-2.5038 2.0134 0.2695 244 114 238
-2.5038 2.0114 0.3295 244 114 239
-2.5038 2.0059 0.3930 244 114 239
-2.5038 2.0062 0.4500 244 114 239
-2.5038 2.0066 0.5071 244 114 238
-2.5038 2.0070 0.5691 244 113 238
-2.5038 2.0074 0.6311 243 113 237
-2.5038 2.0068 0.6917 243 112 237
-2.5038 2.0081 0.7504 242 111 236
-2.5038 2.0095 0.8092 242 111 236
-2.5038 2.0089 0.8699 241 110 235
-2.5038 2.0083 0.9305 241 109 235
-2.5038 2.0097 0.9894 240 108 233
-2.5038 2.0101 1.0501 238 105 231
-2.5038 2.0114 1.1109 235 102 228
-2.5038 2.0098 1.1700 233 99 225
-2.5038 2.0112 1.2293 230 96 222
-2.5038 2.0116 1.2902 226 93 219
-2.5039 2.0115 1.3370 222 90 215
-2.5024 2.0728 -0.0011 235 110 229
-2.5039 2.0728 0.0905 243 111 237
-2.5039 2.0742 0.1517 243 111 237
-2.5039 2.0726 0.2092 243 112 237
-2.5039 2.0741 0.2689 243 111 237
-2.5039 2.0712 0.3335 243 112 237
-2.5039 2.0666 0.3891 243 112 237
-2.5038 2.0670 0.4469 243 112 237
-2.5038 2.0674 0.5098 243 111 236
-2.5038 2.0667 0.5716 242 111 236
-2.5038 2.0682 0.6306 242 110 236
-2.5038 2.0697 0.6898 241 110 235
-2.5038 2.0680 0.7504 241 109 235
-2.5039 2.0694 0.8096 241 109 234
-2.5039 2.0710 0.8690 240 108 233
-2.5039 2.0692 0.9296 240 107 233
-2.5039 2.0703 0.9904 238 105 231
-2.5039 2.0715 1.0512 236 103 229
-2.5039 2.0715 1.1107 234 100 226
-2.5039 2.0715 1.1702 231 97 223
-2.5039 2.0727 1.2312 228 94 220
-2.5039 2.0727 1.2908 224 91 216
-2.5039 2.0662 1.3335 221 89 213
-2.5008 2.1254 -0.0002 228 106 223
-2.5039 2.1261 0.0892 241 109 235
-2.5039 2.1274 0.1510 241 109 235
-2.5039 2.1279 0.2094 242 109 235
-2.5039 2.1283 0.2681 242 109 235
-2.5039 2.1288 0.3316 241 109 235
-2.5039 2.1292 0.3901 241 109 235
-2.5039 2.1295 0.4489 241 109 235
-2.5039 2.1291 0.5109 241 109 234
-2.5039 2.1315 0.5694 241 108 234
-2.5039 2.1309 0.6301 240 108 234
-2.5039 2.1303 0.6907 240 107 233
-2.5039 2.1328 0.7493 239 107 233
-2.5039 2.1311 0.8101 239 106 232
-2.5039 2.1337 0.8690 238 105 231
-2.5039 2.1330 0.9297 238 105 231
-2.5039 2.1325 0.9905 236 103 229
-2.5039 2.1349 1.0496 234 100 226
-2.5039 2.1332 1.1104 231 98 224
-2.5039 2.1347 1.1713 229 95 221
-2.5039 2.1352 1.2306 225 92 218
-2.5039 2.1355 1.2898 222 89 214
-2.5040 2.1297 1.3370 219 87 211
-2.5023 2.1907 0.0007 230 105 224
-2.5040 2.1924 0.0905 239 107 233
-2.5040 2.1863 0.1476 240 107 233
-2.5040 2.1842 0.2099 240 107 233
-2.5040 2.1826 0.2688 240 107 233
-2.5040 2.1841 0.3317 240 107 233
-2.5040 2.1846 0.3910 240 107 233
-2.5040 2.1850 0.4504 240 107 233
-2.5040 2.1854 0.5097 239 107 233
-2.5040 2.1858 0.5693 239 106 232
-2.5040 2.1853 0.6307 239 106 232
-2.5040 2.1878 0.6901 238 105 231
-2.5040 2.1862 0.7499 238 105 231
-2.5040 2.1887 0.8094 237 104 230
-2.5040 2.1871 0.8710 237 104 229
-2.5040 2.1897 0.9306 236 103 229
-2.5040 2.1880 0.9905 234 101 227
-2.5040 2.1906 1.0503 232 98 224
-2.5040 2.1889 1.1102 229 96 222
-2.5040 2.1915 1.1701 226 93 219
-2.5040 2.1898 1.2301 224 91 216
-2.5040 2.1923 1.2903 220 88 212
-2.5041 2.1895 1.3338 217 86 209
-2.5017 2.2549 0.0001 228 102 223
-2.5040 2.2574 0.0907 238 104 230
-2.5040 2.2517 0.1528 238 105 231
-2.5040 2.2493 0.2114 238 105 231
-2.5040 2.2497 0.2715 238 105 231
-2.5040 2.2502 0.3318 238 105 231
-2.5040 2.2492 0.3909 238 105 231
-2.5040 2.2410 0.4505 238 105 231
-2.5040 2.2435 0.5103 238 104 231
-2.5040 2.2418 0.5692 237 104 230
-2.5040 2.2444 0.6293 237 104 230
-2.5040 2.2427 0.6898 237 103 229
-2.5040 2.2454 0.7500 236 103 229
-2.5040 2.2437 0.8107 236 102 228
-2.5040 2.2464 0.8709 235 102 228
-2.5040 2.2446 0.9316 234 101 227
-2.5040 2.2463 0.9904 232 99 225
-2.5040 2.2478 1.0494 230 96 222
-2.5040 2.2461 1.1100 227 94 220
-2.5040 2.2488 1.1707 224 91 216
-2.5040 2.2470 1.2297 221 89 213
-2.5040 2.2485 1.2889 218 87 210
-2.5041 2.2488 1.3350 215 84 207
-2.5011 2.3166 -0.0018 220 100 214
-2.5041 2.3151 0.0909 236 102 229
-2.5041 2.3168 0.1486 236 102 228
-2.5041 2.3174 0.2094 236 102 228
-2.5041 2.3178 0.2706 236 102 228
-2.5041 2.3183 0.3319 236 102 228
-2.5041 2.3165 0.3941 236 102 228
-2.5041 2.3100 0.4487 236 102 228
-2.5041 2.3010 0.5095 236 102 228
-2.5041 2.3016 0.5704 236 102 228
-2.5041 2.3009 0.6299 235 102 228
-2.5041 2.3038 0.6909 235 101 227
-2.5041 2.3019 0.7505 234 101 227
-2.5041 2.3036 0.8098 234 100 226
-2.5041 2.3053 0.8693 233 100 225
-2.5041 2.3035 0.9290 232 99 224
-2.5041 2.3061 0.9903 230 96 222
-2.5041 2.3056 1.0501 227 94 220
-2.5041 2.3049 1.1099 225 92 217
-2.5041 2.3077 1.1715 222 90 214
-2.5041 2.3059 1.2311 219 87 211
-2.5041 2.3075 1.2911 216 85 208
-2.5042 2.3082 1.3360 212 83 204
-2.5027 2.3751 0.0034 229 99 222
-2.5041 2.3765 0.0896 234 100 226
-2.5041 2.3783 0.1497 234 100 226
-2.5041 2.3764 0.2114 234 100 227
-2.5041 2.3780 0.2702 234 100 226
-2.5041 2.3785 0.3267 234 100 226
-2.5042 2.3694 0.3884 234 100 226
-2.5042 2.3699 0.4500 234 100 226
-2.5041 2.3597 0.5084 234 100 226
-2.5041 2.3626 0.5701 234 100 226
-2.5041 2.3620 0.6305 233 100 225
-2.5041 2.3613 0.6888 233 99 225
-2.5041 2.3641 0.7506 232 99 225
-2.5041 2.3636 0.8110 232 98 224
-2.5041 2.3629 0.8696 231 98 224
-2.5041 2.3647 0.9299 230 96 222
-2.5041 2.3663 0.9904 227 94 220
-2.5041 2.3644 1.0510 225 92 217
-2.5041 2.3661 1.1114 222 90 214
-2.5041 2.3667 1.1701 220 88 212
-2.5041 2.3683 1.2290 217 86 209
-2.5041 2.3666 1.2897 213 83 205
-2.5042 2.3703 1.3353 210 81 202
-2.5022 2.4380 -0.0021 220 97 213
-2.5042 2.4285 0.0872 232 98 224
-2.5042 2.4290 0.1498 232 98 224
-2.5042 2.4296 0.2124 232 98 224
-2.5042 2.4301 0.2696 232 98 224
-2.5042 2.4306 0.3268 232 98 224
-2.5042 2.4215 0.3891 232 98 224
-2.5042 2.4221 0.4517 232 98 224
-2.5042 2.4226 0.5089 232 98 224
-2.5042 2.4218 0.5681 231 98 224
-2.5042 2.4247 0.6307 231 98 223
-2.5042 2.4241 0.6918 230 97 223
-2.5042 2.4247 0.7493 230 97 222
-2.5042 2.4240 0.8088 230 96 222
-2.5042 2.4258 0.8697 229 96 221
-2.5042 2.4276 0.9308 227 94 219
-2.5042 2.4270 0.9903 225 92 217
-2.5042 2.4262 1.0500 223 90 215
-2.5042 2.4280 1.1096 220 88 212
-2.5042 2.4286 1.1690 217 86 209
-2.5042 2.4304 1.2304 214 84 206
-2.5042 2.4284 1.2918 211 82 203
-2.5043 2.4297 1.3361 208 80 200
-2.4857 2.4918 0.0018 230 104 224
-2.4898 2.4874 0.0896 235 103 228
-2.4881 2.4881 0.1525 236 104 229
-2.4887 2.4881 0.2112 235 104 228
-2.4884 2.4882 0.2688 235 104 228
-2.4882 2.4884 0.3265 235 104 228
-2.4879 2.4886 0.3898 235 104 228
-2.4877 2.4888 0.4531 235 104 228
-2.4875 2.4890 0.5109 235 103 228
-2.4882 2.4890 0.5679 237 106 230
-2.4923 2.4881 0.6269 235 104 229
-2.4915 2.4881 0.6883 236 105 229
-2.4925 2.4888 0.7515 235 103 227
-2.4917 2.4888 0.8119 234 103 227
-2.4915 2.4891 0.8699 233 102 226
-2.4905 2.4895 0.9292 232 100 225
-2.4908 2.4897 0.9895 230 98 223
-2.4914 2.4890 1.0498 228 95 220
-2.4908 2.4902 1.1101 225 93 217
-2.4910 2.4903 1.1705 223 91 215
-2.4903 2.4904 1.2298 220 89 212
-2.4893 2.4909 1.2892 218 87 210
-2.4907 2.4902 1.3346 214 85 207
-2.4279 -2.4994 0.0560 254 154 253
-2.4317 -2.4994 0.0898 254 152 252
-2.4317 -2.4994 0.1495 253 151 252
-2.4316 -2.4994 0.2095 253 148 252
-2.4317 -2.4994 0.2696 253 144 251
-2.4316 -2.4994 0.3298 252 139 250
-2.4300 -2.4994 0.3899 251 133 248
-2.4301 -2.4994 0.4500 248 125 244
-2.4301 -2.4994 0.5102 243 115 238
-2.4305 -2.4994 0.5700 234 103 228
-2.4304 -2.4994 0.6298 217 89 212
-2.4305 -2.4994 0.6899 183 70 183
-2.4286 -2.4994 0.7498 124 49 143
-2.4288 -2.4994 0.8101 86 37 119
-2.4287 -2.4994 0.8702 84 37 118
-2.4289 -2.4994 0.9301 84 37 118
-2.4289 -2.4994 0.9901 84 37 119
-2.4289 -2.4994 1.0500 84 37 119
-2.4257 -2.4994 1.0903 84 38 119
-2.4294 -2.4996 1.1702 127 56 150
-2.4297 -2.4996 1.2302 189 88 200
-2.4305 -2.4996 1.2900 214 101 219
-2.4221 -2.4997 1.3255 215 103 220
-2.4309 -2.4300 -0.0516 211 173 150
-2.4299 -2.3698 -0.0517 213 175 151
-2.4288 -2.3108 -0.0519 217 179 155
-2.4295 -2.2506 -0.0520 224 187 160
-2.4363 -2.2051 -0.0520 225 189 161
-2.4283 -2.1313 -0.0515 196 161 144
-2.4302 -2.0710 -0.0516 197 159 141
-2.4289 -2.0104 -0.0517 192 153 136
-2.4139 -1.9233 -0.0534 144 75 62
-2.4095 -1.9056 -0.0534 142 75 61
-2.4394 -1.8249 -0.0537 167 86 59
-2.4290 -1.7709 -0.0537 189 100 62
-2.4291 -1.7108 -0.0536 206 112 67
-2.4287 -1.6507 -0.0535 218 122 71
-2.4251 -1.5936 -0.0535 220 123 72
-2.4106 -1.5435 -0.0534 219 124 73
-2.4169 -1.4488 -0.0535 253 252 249
-2.4294 -1.4084 -0.0535 254 254 251
-2.4293 -1.3488 -0.0536 254 254 252
-2.4346 -1.3028 -0.0537 254 254 253
-2.4439 -1.2354 -0.0537 252 236 209
-2.4540 -1.1908 -0.0537 254 245 223
-2.4286 -1.1108 -0.0535 254 254 250
-2.4177 -1.0564 -0.0534 254 253 247
-2.4086 -1.0100 -0.0532 241 234 228
-2.4453 -0.9131 -0.0537 245 166 91
-2.4093 -0.8616 -0.0534 212 116 66
-2.4194 -0.8064 -0.0534 222 126 69
-2.4283 -0.7492 -0.0535 229 134 71
-2.4289 -0.6898 -0.0535 236 144 75
-2.4287 -0.6295 -0.0536 238 146 76
-2.4288 -0.5696 -0.0536 240 149 78
-2.4285 -0.5095 -0.0537 243 161 95
-2.4348 -0.4524 -0.0537 254 254 253
-2.4471 -0.3948 -0.0537 254 254 252
-2.4546 -0.3498 -0.0537 253 251 247
-2.4303 -0.2764 -0.0535 239 207 178
-2.4311 -0.2106 -0.0518 211 174 155
-2.4285 -0.1509 -0.0518 209 174 155
-2.4153 -0.0801 -0.0536 228 191 162
-2.4012 -0.0608 0.5351 23 23 24
-2.4052 -0.0642 0.5801 44 23 61
-2.4101 -0.0693 0.6328 56 27 77
-2.4135 -0.0760 0.6913 72 31 100
-2.4156 -0.0834 0.7502 72 31 100
-2.4184 -0.0843 0.7966 72 33 97
-2.4201 -0.0969 0.8669 81 42 94
-2.4043 -0.0823 0.9042 97 55 87
-2.4297 -0.0193 -0.0535 204 163 141
-2.4205 -0.0300 0.4085 190 91 185
-2.4312 -0.0290 0.4496 123 58 119
-2.4184 -0.0027 0.5306 236 197 123
-2.4194 -0.0024 0.5883 251 216 133
-2.4204 -0.0043 0.6319 234 192 117
-2.4218 0.0179 0.6779 114 95 85
-2.4027 -0.0345 0.7544 223 168 100
-2.4069 -0.0422 0.8172 191 135 85
-2.4065 -0.0479 0.8640 173 121 76
-2.4136 -0.0576 0.9023 114 83 60
-2.4308 0.0886 -0.0515 96 76 94
-2.4174 0.0825 0.6759 51 51 47
-2.4420 0.1645 -0.0520 121 78 87
-2.4039 0.1221 0.6744 45 46 43
-2.4381 0.2076 -0.0520 120 78 88
-2.4522 0.2734 -0.0518 115 76 89
-2.4208 0.3382 -0.0517 55 44 49
-2.4438 0.3813 -0.0516 99 68 80
-2.4444 0.4339 -0.0514 103 72 87
-2.4259 0.5117 -0.0513 136 102 103
-2.4468 0.5824 -0.0517 220 184 162
-2.4317 0.6304 -0.0517 222 185 163
-2.4304 0.6901 -0.0517 219 183 162
-2.4290 0.7509 -0.0516 219 182 160
-2.4307 0.8081 -0.0515 215 178 156
-2.4286 0.8658 -0.0514 218 183 162
-2.4299 0.9259 -0.0513 211 174 155
-2.4298 0.9895 -0.0513 190 153 139
-2.4267 1.0507 -0.0513 108 77 91
-2.4303 1.1138 -0.0512 108 77 92
-2.4283 1.1729 -0.0511 107 77 93
-2.4298 1.2286 -0.0510 106 77 93
-2.4314 1.2870 -0.0509 105 78 94
-2.4322 1.3480 -0.0509 104 77 94
-2.4302 1.4074 -0.0508 102 77 95
-2.4309 1.4686 -0.0507 101 78 95
-2.4256 1.5281 -0.0506 169 135 130
-2.4311 1.5893 -0.0505 180 148 140
-2.4373 1.6508 -0.0504 176 145 139
-2.4290 1.7091 -0.0504 172 141 137
-2.4222 1.7713 -0.0503 170 140 136
-2.4379 1.8387 -0.0502 171 140 136
-2.4239 1.8852 -0.0501 168 140 136
-2.4271 1.9516 -0.0500 164 135 134
-2.4430 2.0224 -0.0499 105 87 103
-2.4211 2.0643 -0.0499 89 80 102
-2.4400 2.1418 -0.0497 88 79 101
-2.4184 2.1823 -0.0497 88 79 102
-2.4363 2.2542 -0.0496 87 79 101
-2.4136 2.2982 -0.0495 87 80 102
-2.4369 2.3787 -0.0494 86 79 101
-2.4134 2.4164 -0.0493 85 79 101
-2.4280 2.4956 0.0025 235 117 231
-2.4270 2.4961 0.0885 247 120 242
-2.4266 2.4961 0.1507 247 120 242
-2.4263 2.4961 0.2129 247 120 242
-2.4260 2.4961 0.2697 247 120 242
-2.4256 2.4961 0.3265 247 120 242
-2.4252 2.4960 0.3888 247 120 242
-2.4249 2.4961 0.4511 247 120 242
-2.4246 2.4961 0.5080 247 120 241
-2.4262 2.4960 0.5685 246 120 241
-2.4367 2.4960 0.6313 246 119 241
-2.4351 2.4960 0.6908 246 118 241
-2.4338 2.4960 0.7491 246 118 240
-2.4339 2.4960 0.8095 245 116 239
-2.4345 2.4960 0.8699 244 114 238
-2.4346 2.4960 0.9293 243 112 236
-2.4320 2.4960 0.9898 241 110 235
-2.4330 2.4960 1.0504 240 107 233
-2.4331 2.4960 1.1098 238 105 230
-2.4323 2.4960 1.1704 236 102 228
-2.4315 2.4960 1.2309 233 100 226
-2.4316 2.4960 1.2905 231 97 223
-2.4311 2.4961 1.3362 193 100 204
-2.3684 -2.4994 0.0545 254 170 254
-2.3713 -2.4994 0.0902 255 169 254
-2.3706 -2.4994 0.1504 255 168 254
-2.3709 -2.4994 0.2099 254 166 254
-2.3715 -2.4994 0.2692 254 162 253
-2.3710 -2.4994 0.3297 254 158 253
-2.3697 -2.4994 0.3907 254 152 252
-2.3695 -2.4994 0.4502 253 145 251
-2.3691 -2.4994 0.5096 251 136 248
-2.3698 -2.4994 0.5699 248 125 244
-2.3697 -2.4994 0.6300 241 112 236
-2.3695 -2.4994 0.6901 229 98 223
-2.3699 -2.4994 0.7501 203 80 199
-2.3696 -2.4994 0.8099 148 56 158
-2.3698 -2.4994 0.8700 91 39 122
-2.3700 -2.4994 0.9298 84 37 118
-2.3699 -2.4994 0.9900 84 37 118
-2.3701 -2.4994 1.0501 108 48 137
-2.3679 -2.4994 1.0967 169 80 184
-2.3696 -2.4996 1.1700 222 103 225
-2.3699 -2.4996 1.2300 214 99 218
-2.3705 -2.4996 1.2901 213 100 218
-2.3674 -2.4996 1.3316 207 100 214
-2.3698 -2.4307 -0.0517 211 174 151
-2.3705 -2.3709 -0.0518 213 175 152
-2.3698 -2.3102 -0.0519 219 181 156
-2.3724 -2.2506 -0.0521 226 190 163
-2.3550 -2.1962 -0.0535 245 219 194
-2.3556 -2.1415 -0.0526 223 193 172
-2.3682 -2.0695 -0.0517 198 160 141
-2.3703 -2.0094 -0.0518 195 155 136
-2.3843 -1.9244 -0.0533 162 86 63
-2.3703 -1.8876 -0.0534 149 77 60
-2.3559 -1.8346 -0.0535 151 78 58
-2.3478 -1.7896 -0.0536 157 81 57
-2.3722 -1.7078 -0.0537 210 116 67
-2.3690 -1.6509 -0.0536 223 129 73
-2.3691 -1.5909 -0.0536 227 133 75
-2.3684 -1.5310 -0.0535 227 133 76
-2.3661 -1.4613 -0.0535 254 253 247
-2.3694 -1.4089 -0.0536 254 254 252
-2.3710 -1.3506 -0.0537 254 254 252
-2.3905 -1.3142 -0.0537 254 252 250
-2.3801 -1.2247 -0.0537 254 254 253
-2.3691 -1.1705 -0.0537 254 254 253
-2.3691 -1.1107 -0.0536 254 254 252
-2.3467 -1.0322 -0.0534 254 249 232
-2.3534 -0.9855 -0.0534 231 182 149
-2.3643 -0.9275 -0.0535 212 117 67
-2.3690 -0.8695 -0.0535 219 124 68
-2.3688 -0.8098 -0.0535 223 128 70
-2.3689 -0.7496 -0.0536 231 137 73
-2.3686 -0.6893 -0.0536 237 146 76
-2.3698 -0.6304 -0.0537 242 156 81
-2.3801 -0.5730 -0.0537 243 156 81
-2.3913 -0.5196 -0.0537 244 158 83
-2.3513 -0.4249 -0.0534 241 213 183
-2.3700 -0.3912 -0.0537 245 219 189
-2.3703 -0.3313 -0.0536 247 223 194
-2.3706 -0.2791 -0.0534 248 226 197
-2.3792 -0.2044 -0.0519 208 170 152
-2.3645 -0.1296 -0.0537 240 213 186
-2.3412 -0.1206 0.6511 243 202 118
-2.3449 -0.1232 0.6986 64 49 47
-2.3508 -0.1273 0.7524 62 48 49
-2.3588 -0.1256 0.7879 77 58 53
-2.3631 -0.1352 0.8682 72 52 53
-2.3543 -0.1367 0.9042 87 39 111
-2.3705 -0.0916 -0.0536 240 210 180
-2.3581 -0.0718 0.3991 208 152 86
-2.3623 -0.0758 0.4510 164 115 69
-2.3675 -0.0801 0.5110 96 67 49
-2.3692 -0.0869 0.5706 51 39 39
-2.3691 -0.0971 0.6302 58 44 48
-2.3443 -0.0635 0.7026 229 173 103
-2.3491 -0.0680 0.7535 203 146 90
-2.3570 -0.0728 0.8126 163 113 77
-2.3634 -0.0762 0.8667 116 83 66
-2.3776 -0.0804 0.9034 76 60 61
-2.3789 -0.0362 -0.0535 239 211 183
-2.3474 -0.0162 0.3708 249 219 162
-2.3930 -0.0549 0.4477 34 34 32
-2.3610 -0.0254 0.5289 253 231 149
-2.3606 -0.0337 0.5795 250 216 133
-2.3618 -0.0396 0.6306 245 202 122
-2.3768 -0.0049 0.6859 170 132 99
-2.3747 -0.0488 0.7480 208 151 92
-2.3857 -0.0526 0.8112 180 126 81
-2.3909 -0.0549 0.8581 167 115 74
-2.3416 0.0146 0.9026 191 138 80
-2.3557 0.0900 0.0459 194 120 200
-2.3608 0.0831 0.4000 186 152 93
-2.3656 0.0874 0.4338 51 52 49
-2.3664 0.0922 0.6782 71 57 67
-2.3510 0.1343 -0.0148 8 8 11
-2.3419 0.1246 0.4105 123 101 71
-2.3416 0.1242 0.4348 53 54 51
-2.3642 0.1475 0.6676 40 40 38
-2.3633 0.2304 -0.0515 43 40 44
-2.3441 0.2092 0.6584 38 34 39
-2.3520 0.1885 0.6616 34 34 34
-2.3649 0.2777 -0.0518 60 48 54
-2.3700 0.3334 -0.0517 65 49 57
-2.3738 0.3723 -0.0514 64 50 62
-2.3573 0.4349 -0.0504 89 74 93
-2.3779 0.5002 -0.0503 90 72 71
-2.3739 0.5700 -0.0515 195 158 141
-2.3869 0.6482 -0.0517 218 182 158
-2.3718 0.6956 -0.0517 222 185 162
-2.3685 0.7487 -0.0517 222 186 163
-2.3716 0.8095 -0.0516 219 183 160
-2.3691 0.8703 -0.0515 221 188 167
-2.3698 0.9314 -0.0515 216 179 158
-2.3701 0.9883 -0.0514 206 168 150
-2.3684 1.0477 -0.0514 107 77 92
-2.3695 1.1055 -0.0513 108 77 92
-2.3702 1.1658 -0.0512 104 77 94
-2.3702 1.2256 -0.0511 104 77 94
-2.3700 1.2885 -0.0510 105 78 95
-2.3702 1.3492 -0.0509 103 78 95
-2.3698 1.4076 -0.0509 102 78 96
-2.3701 1.4679 -0.0508 101 78 96
-2.3663 1.5302 -0.0507 169 135 130
-2.3656 1.5918 -0.0506 183 149 140
-2.3796 1.6520 -0.0505 177 144 138
-2.3683 1.7094 -0.0505 175 143 138
-2.3603 1.7651 -0.0504 173 142 137
-2.3735 1.8308 -0.0503 171 141 137
-2.3746 1.8941 -0.0502 169 140 137
-2.3595 1.9447 -0.0501 165 136 134
-2.3785 2.0116 -0.0500 122 101 111
-2.3674 2.0704 -0.0499 88 80 103
-2.3677 2.1325 -0.0499 88 80 103
-2.3830 2.1958 -0.0497 86 80 104
-2.3618 2.2419 -0.0497 86 80 103
-2.3816 2.3234 -0.0496 86 80 103
-2.3588 2.3665 -0.0495 86 81 104
-2.3791 2.4383 -0.0494 85 80 103
-2.3681 2.4949 0.0035 236 119 232
-2.3674 2.4961 0.0912 247 122 242
-2.3679 2.4961 0.1482 247 122 243
-2.3675 2.4961 0.2094 247 122 243
-2.3672 2.4961 0.2706 247 122 243
-2.3668 2.4961 0.3318 247 122 243
-2.3664 2.4961 0.3931 247 122 242
-2.3661 2.4961 0.4490 247 122 242
-2.3657 2.4961 0.5103 247 121 242
-2.3678 2.4961 0.5730 247 121 242
-2.3692 2.4961 0.6300 247 120 242
-2.3707 2.4961 0.6904 246 120 241
-2.3708 2.4961 0.7501 246 118 240
-2.3680 2.4961 0.8099 245 116 239
-2.3698 2.4961 0.8705 244 114 238
-2.3752 2.4961 0.9302 242 112 236
-2.3728 2.4961 0.9897 241 109 234
-2.3741 2.4961 1.0503 239 107 232
-2.3733 2.4961 1.1109 237 104 230
-2.3725 2.4961 1.1705 235 101 227
-2.3726 2.4961 1.2290 233 99 225
-2.3718 2.4961 1.2887 230 96 222
-2.3727 2.4962 1.3337 219 96 216
-2.3086 -2.4994 0.0523 254 184 254
-2.3101 -2.4994 0.0902 255 184 255
-2.3104 -2.4994 0.1497 255 183 255
-2.3101 -2.4994 0.2101 255 182 255
-2.3102 -2.4994 0.2700 255 179 254
-2.3102 -2.4994 0.3300 255 174 254
-2.3103 -2.4994 0.3900 254 169 254
-2.3105 -2.4994 0.4498 254 162 253
-2.3106 -2.4994 0.5102 254 153 252
-2.3105 -2.4994 0.5698 253 143 250
-2.3105 -2.4994 0.6300 250 131 247
-2.3105 -2.4994 0.6899 245 118 240
-2.3107 -2.4994 0.7499 234 103 228
-2.3107 -2.4994 0.8101 212 85 207
-2.3106 -2.4994 0.8700 162 61 168
-2.3108 -2.4994 0.9301 108 46 135
-2.3107 -2.4994 0.9900 165 75 180
-2.3110 -2.4994 1.0499 212 99 217
-2.3094 -2.4994 1.1031 214 102 219
-2.3106 -2.4996 1.1701 231 108 231
-2.3110 -2.4996 1.2300 221 102 224
-2.3112 -2.4996 1.2899 213 99 218
-2.3114 -2.4996 1.3342 192 95 203
-2.3079 -2.4289 -0.0518 212 176 153
-2.3106 -2.3695 -0.0519 214 176 152
-2.3099 -2.3099 -0.0520 219 180 155
-2.3165 -2.2640 -0.0521 223 186 160
-2.3068 -2.1681 -0.0534 246 225 204
-2.2929 -2.1359 -0.0535 247 224 201
-2.2845 -2.0934 -0.0536 246 221 195
-2.3095 -2.0101 -0.0519 193 153 134
-2.3125 -1.9530 -0.0519 112 69 77
-2.3127 -1.8776 -0.0534 164 86 61
-2.3099 -1.8288 -0.0535 164 85 59
-2.3073 -1.7707 -0.0536 164 84 57
-2.2980 -1.7274 -0.0537 161 81 55
-2.3202 -1.6446 -0.0537 231 138 77
-2.3088 -1.5905 -0.0537 233 141 79
-2.2986 -1.5097 -0.0535 227 131 69
-2.3093 -1.4688 -0.0535 252 242 228
-2.3093 -1.4088 -0.0536 255 254 252
-2.3152 -1.3638 -0.0537 254 254 253
-2.3026 -1.2836 -0.0535 254 252 239
-2.3092 -1.2291 -0.0535 254 254 247
-2.2887 -1.1584 -0.0534 250 234 209
-2.2983 -1.1063 -0.0534 253 240 216
-2.3075 -1.0484 -0.0535 254 243 221
-2.3089 -0.9891 -0.0535 236 193 162
-2.3088 -0.9295 -0.0536 219 124 68
-2.3087 -0.8697 -0.0536 228 134 71
-2.3088 -0.8094 -0.0537 233 140 74
-2.3129 -0.7519 -0.0537 238 148 77
-2.3254 -0.6942 -0.0537 241 153 79
-2.3344 -0.6478 -0.0537 246 165 86
-2.3097 -0.5713 -0.0535 203 112 72
-2.2848 -0.4970 -0.0534 231 148 92
-2.2865 -0.4457 -0.0534 254 253 244
-2.2896 -0.3880 -0.0534 254 254 248
-2.2937 -0.3283 -0.0535 254 254 245
-2.2978 -0.2693 -0.0535 254 254 246
-2.3017 -0.2101 -0.0535 254 253 247
-2.2833 -0.1826 0.8306 151 103 60
-2.2875 -0.1846 0.8696 75 54 51
-2.2855 -0.1831 0.9031 101 52 125
-2.2981 -0.1244 -0.0535 142 137 123
-2.2844 -0.1228 0.4071 242 194 111
-2.2870 -0.1251 0.4532 226 169 94
-2.2932 -0.1287 0.5126 173 118 69
-2.2996 -0.1327 0.5723 67 49 42
-2.3124 -0.1339 0.6296 60 45 43
-2.3238 -0.1352 0.6872 61 46 45
-2.3315 -0.1386 0.7430 62 48 48
-2.2818 -0.1224 0.8217 99 74 64
-2.2856 -0.1238 0.8560 90 70 61
-2.2984 -0.1318 0.9049 192 146 101
-2.3070 -0.0897 -0.0535 207 206 197
-2.2921 -0.0745 0.3724 252 235 213
-2.3164 -0.1056 0.4494 215 156 87
-2.2899 -0.0718 0.5351 253 234 152
-2.2987 -0.0731 0.5722 253 226 142
-2.3053 -0.0770 0.6318 248 209 126
-2.3073 -0.0847 0.6907 234 181 107
-2.3065 -0.0941 0.7503 202 144 89
-2.3084 -0.1035 0.8120 140 97 71
-2.3147 -0.1046 0.8562 81 62 58
-2.3208 -0.1159 0.9037 156 116 78
-2.2999 -0.0351 -0.0535 253 252 245
-2.2811 0.0595 0.0630 64 77 111
-2.3067 -0.0076 0.3699 252 227 155
-2.3257 -0.0417 0.4761 215 179 120
-2.3225 -0.0510 0.5239 253 234 152
-2.3319 -0.0532 0.5716 252 221 137
-2.3360 -0.0565 0.6186 249 210 128
-2.3391 -0.0591 0.6649 95 77 59
-2.3151 0.0313 0.7708 77 55 43
-2.3054 0.0142 0.8120 92 63 44
-2.3055 0.0038 0.8695 66 47 39
-2.3050 -0.0174 0.9064 77 37 89
-2.3120 0.0732 0.0513 94 91 116
-2.3027 0.0831 0.0641 133 103 151
-2.2892 0.0820 0.3712 232 134 219
-2.2972 0.0658 0.4497 140 118 77
-2.3016 0.0627 0.5120 239 187 107
-2.3023 0.0625 0.5697 228 171 97
-2.3020 0.0628 0.6293 210 150 85
-2.3391 0.1173 0.6780 44 42 42
-2.3053 0.1370 0.0029 87 81 89
-2.2944 0.1210 0.0606 129 134 150
-2.3113 0.1489 0.3947 203 169 103
-2.3242 0.1511 0.4323 58 59 54
-2.3079 0.1769 0.6593 26 26 25
-2.3206 0.1519 0.6704 52 39 51
-2.3073 0.2053 -0.0516 78 68 84
-2.2903 0.1977 0.4054 158 138 94
-2.2931 0.1991 0.4312 89 86 74
-2.3050 0.2101 0.6541 17 18 20
-2.2957 0.1923 0.6658 36 22 41
-2.3006 0.2677 -0.0514 74 67 83
-2.2966 0.2642 0.6426 16 17 22
-2.3114 0.2530 0.6653 36 37 38
-2.2938 0.3163 -0.0512 83 75 98
-2.2845 0.3061 0.6306 65 38 79
-2.3004 0.3750 -0.0505 87 73 93
-2.3199 0.4381 -0.0505 90 73 92
-2.3090 0.5101 -0.0516 138 102 102
-2.3123 0.5709 -0.0516 197 160 142
-2.3057 0.6299 -0.0516 200 162 143
-2.3243 0.7016 -0.0515 202 164 146
-2.3173 0.7555 -0.0519 229 196 173
-2.3079 0.8104 -0.0517 220 187 164
-2.3090 0.8712 -0.0516 219 188 165
-2.3102 0.9306 -0.0516 219 181 159
-2.3081 0.9935 -0.0515 198 159 142
-2.3101 1.0539 -0.0514 115 78 90
-2.3090 1.1107 -0.0514 112 78 91
-2.3111 1.1676 -0.0513 109 78 93
-2.3086 1.2280 -0.0512 108 78 93
-2.3109 1.2876 -0.0511 105 77 94
-2.3105 1.3483 -0.0510 105 78 95
-2.3103 1.4109 -0.0510 102 78 96
-2.3086 1.4721 -0.0509 104 79 96
-2.3056 1.5289 -0.0508 173 138 131
-2.3075 1.5881 -0.0507 186 152 143
-2.3138 1.6472 -0.0506 181 147 139
-2.3108 1.7080 -0.0505 177 144 138
-2.3085 1.7665 -0.0505 175 144 138
-2.3041 1.8304 -0.0504 174 144 139
-2.3189 1.8966 -0.0503 169 139 136
-2.3093 1.9519 -0.0502 165 136 134
-2.3047 2.0120 -0.0501 124 101 111
-2.3209 2.0769 -0.0500 90 80 101
-2.2950 2.1172 -0.0500 89 80 102
-2.3167 2.1873 -0.0499 88 80 103
-2.3097 2.2511 -0.0498 87 80 103
-2.3050 2.3139 -0.0497 86 80 103
-2.3232 2.3909 -0.0494 85 80 103
-2.3018 2.4277 -0.0495 86 81 104
-2.3119 2.4962 0.0032 245 122 241
-2.3114 2.4962 0.0908 248 123 243
-2.3110 2.4962 0.1510 248 123 243
-2.3106 2.4962 0.2112 248 124 243
-2.3102 2.4962 0.2715 248 124 243
-2.3098 2.4962 0.3317 248 123 243
-2.3095 2.4962 0.3920 248 123 243
-2.3080 2.4962 0.4503 248 123 243
-2.3099 2.4962 0.5103 248 123 243
-2.3072 2.4962 0.5699 248 122 243
-2.3092 2.4962 0.6300 247 121 242
-2.3068 2.4962 0.6895 246 119 241
-2.3080 2.4962 0.7498 246 117 240
-2.3061 2.4962 0.8103 244 115 239
-2.3065 2.4962 0.8697 243 113 237
-2.3121 2.4962 0.9303 242 111 235
-2.3105 2.4962 0.9900 240 109 234
-2.3107 2.4962 1.0499 238 106 231
-2.3106 2.4962 1.1104 236 103 229
-2.3094 2.4962 1.1703 234 101 227
-2.3105 2.4962 1.2301 232 98 224
-2.3094 2.4962 1.2899 229 95 221
-2.3087 2.4962 1.3350 204 97 208
-2.2501 -2.4994 0.0501 254 197 254
-2.2447 -2.4995 0.1158 255 170 254
-2.2471 -2.4995 0.1500 254 168 254
-2.2470 -2.4995 0.2098 254 164 254
-2.2469 -2.4995 0.2699 254 158 253
-2.2469 -2.4995 0.3301 253 149 252
-2.2469 -2.4995 0.3904 251 136 248
-2.2471 -2.4995 0.4502 245 120 240
-2.2470 -2.4995 0.5100 226 98 221
-2.2470 -2.4995 0.5698 164 65 172
-2.2470 -2.4995 0.6299 94 40 124
-2.2471 -2.4995 0.6900 84 37 118
-2.2471 -2.4995 0.7500 84 37 118
-2.2470 -2.4995 0.8100 93 41 125
-2.2470 -2.4995 0.8700 161 74 178
-2.2450 -2.4995 0.9132 212 100 217
-2.2499 -2.4994 0.9899 215 98 219
-2.2497 -2.4994 1.0501 213 99 218
-2.2491 -2.4994 1.1091 214 101 218
-2.2311 -2.4994 1.1477 218 104 222
-2.2506 -2.4996 1.2302 230 107 230
-2.2506 -2.4996 1.2901 219 101 222
-2.2507 -2.4996 1.3338 197 95 206
-2.2294 -2.4280 -0.0534 243 217 194
-2.2500 -2.3720 -0.0520 214 175 151
-2.2513 -2.3146 -0.0521 219 181 155
-2.2472 -2.2487 -0.0516 177 142 131
-2.2696 -2.1672 -0.0534 250 234 214
-2.2510 -2.1271 -0.0535 250 231 208
-2.2461 -2.0714 -0.0536 249 229 206
-2.2321 -2.0179 -0.0537 231 195 168
-2.2677 -1.9684 -0.0518 112 72 78
-2.2557 -1.8694 -0.0534 182 94 62
-2.2498 -1.8290 -0.0535 187 97 61
-2.2499 -1.7685 -0.0536 188 98 60
-2.2484 -1.7197 -0.0537 187 97 58
-2.2479 -1.6509 -0.0519 115 69 75
-2.2679 -1.5770 -0.0537 241 151 81
-2.2461 -1.5224 -0.0535 223 127 67
-2.2494 -1.4688 -0.0536 252 242 229
-2.2513 -1.4112 -0.0537 255 254 252
-2.2696 -1.3730 -0.0537 252 251 247
-2.2315 -1.2835 -0.0534 222 184 155
-2.2427 -1.2272 -0.0534 238 208 178
-2.2491 -1.1694 -0.0535 247 225 196
-2.2488 -1.1095 -0.0535 251 235 209
-2.2487 -1.0494 -0.0536 253 242 220
-2.2487 -0.9895 -0.0536 236 191 157
-2.2488 -0.9294 -0.0537 219 122 65
-2.2558 -0.8725 -0.0537 233 139 72
-2.2681 -0.8183 -0.0537 238 145 74
-2.2645 -0.7680 -0.0536 231 142 74
-2.2386 -0.6888 -0.0535 213 117 66
-2.2431 -0.6287 -0.0535 221 125 69
-2.2459 -0.5690 -0.0535 223 127 70
-2.2489 -0.5100 -0.0535 229 140 83
-2.2486 -0.4498 -0.0535 254 254 248
-2.2486 -0.3898 -0.0535 254 254 250
-2.2488 -0.3299 -0.0535 254 254 249
-2.2488 -0.2695 -0.0536 254 254 250
-2.2475 -0.2080 -0.0517 254 254 251
-2.2212 -0.1806 0.5355 232 188 110
-2.2240 -0.1832 0.5793 253 229 142
-2.2312 -0.1873 0.6334 250 215 127
-2.2378 -0.1919 0.6922 242 193 109
-2.2444 -0.1963 0.7510 219 160 89
-2.2480 -0.2008 0.8123 174 118 66
-2.2496 -0.2090 0.8682 80 57 54
-2.2281 -0.1867 0.9083 201 173 168
-2.2369 -0.1519 -0.0358 139 139 137
-2.2275 -0.1220 0.0618 81 92 120
-2.2528 -0.1378 0.3938 249 211 124
-2.2616 -0.1411 0.4485 236 184 104
-2.2687 -0.1438 0.5066 196 138 78
-2.2238 -0.1229 0.5812 254 235 153
-2.2293 -0.1261 0.6329 250 216 132
-2.2362 -0.1307 0.6928 233 179 106
-2.2423 -0.1359 0.7525 179 125 80
-2.2520 -0.1397 0.8077 101 79 72
-2.2693 -0.1330 0.8489 96 77 69
-2.2519 -0.1610 0.9038 234 202 173
-2.2483 -0.0899 -0.0536 246 246 242
-2.2341 -0.1006 0.0645 67 68 68
-2.2432 -0.0874 0.3697 254 242 193
-2.2350 -0.0997 0.4759 193 175 123
-2.2436 -0.1008 0.5280 254 242 164
-2.2519 -0.1030 0.5696 254 233 151
-2.2584 -0.1065 0.6286 250 216 132
-2.2658 -0.1107 0.6878 236 184 109
-2.2721 -0.1153 0.7449 202 144 88
-2.2784 -0.1183 0.7870 176 128 83
-2.2437 -0.0906 0.8682 91 62 45
-2.2552 -0.0959 0.9066 82 38 97
-2.2603 -0.0451 -0.0536 254 254 248
-2.2413 0.0507 0.0665 91 99 124
-2.2467 0.0067 0.3700 253 232 153
-2.2636 0.0328 0.4704 197 173 112
-2.2249 -0.0366 0.5182 160 108 63
-2.2274 -0.0467 0.5716 83 57 41
-2.2325 -0.0501 0.6285 60 43 37
-2.2397 -0.0529 0.6879 61 44 37
-2.2468 -0.0557 0.7460 62 44 36
-2.2538 -0.0568 0.7907 70 49 38
-2.2719 -0.0455 0.8630 143 95 55
-2.2787 -0.0575 0.9015 144 102 64
-2.2715 0.0682 0.0307 82 85 108
-2.2555 0.0973 0.0659 101 101 106
-2.2570 0.0713 0.3703 250 217 135
-2.2498 0.0962 0.4327 42 42 41
-2.2592 0.1033 0.6762 81 61 41
-2.2514 0.1500 -0.0512 90 75 95
-2.2738 0.1204 0.0610 133 138 152
-2.2229 0.1615 0.3708 235 182 109
-2.2475 0.1475 0.6785 16 17 21
-2.2490 0.2104 -0.0516 87 73 94
-2.2466 0.2013 0.3798 239 192 114
-2.2683 0.2300 0.4328 229 202 142
-2.2692 0.2267 0.6520 10 10 14
-2.2728 0.2197 0.6631 30 19 42
-2.2401 0.2864 -0.0533 87 93 122
-2.2381 0.2679 0.4030 252 226 142
-2.2358 0.2793 0.4734 213 197 162
-2.2286 0.2867 0.5199 150 106 147
-2.2252 0.2924 0.5645 219 132 217
-2.2526 0.2658 0.6402 14 14 20
-2.2659 0.2480 0.6608 43 44 43
-2.2493 0.3317 -0.0515 83 74 95
-2.2217 0.3015 0.5162 58 57 52
-2.2211 0.3005 0.5733 164 126 162
-2.2721 0.3046 0.6287 21 21 27
-2.2501 0.3912 -0.0514 76 70 87
-2.2495 0.3606 0.6171 35 35 35
-2.2485 0.4328 -0.0515 84 72 93
-2.2478 0.5108 -0.0517 135 100 101
-2.2530 0.5722 -0.0517 198 161 143
-2.2459 0.6287 -0.0518 202 162 142
-2.2251 0.7061 -0.0526 170 172 174
-2.2437 0.7526 -0.0519 156 140 128
-2.2623 0.8191 -0.0518 224 193 170
-2.2491 0.8693 -0.0517 228 197 173
-2.2487 0.9311 -0.0517 223 187 163
-2.2498 0.9887 -0.0516 211 173 153
-2.2498 1.0503 -0.0515 119 78 89
-2.2501 1.1107 -0.0514 118 78 90
-2.2510 1.1715 -0.0514 114 78 91
-2.2506 1.2341 -0.0513 113 78 92
-2.2511 1.2928 -0.0512 109 77 93
-2.2497 1.3520 -0.0511 108 78 94
-2.2478 1.4119 -0.0510 106 78 94
-2.2478 1.4731 -0.0510 105 79 96
-2.2480 1.5333 -0.0509 176 141 133
-2.2483 1.5902 -0.0508 187 154 143
-2.2519 1.6483 -0.0507 182 148 140
-2.2513 1.7083 -0.0506 178 145 138
-2.2501 1.7693 -0.0506 179 147 140
-2.2410 1.8253 -0.0505 177 148 141
-2.2543 1.8885 -0.0504 172 143 139
-2.2532 1.9510 -0.0503 167 138 135
-2.2440 2.0054 -0.0502 134 108 115
-2.2512 2.0713 -0.0501 91 79 100
-2.2556 2.1353 -0.0500 90 80 101
-2.2411 2.1849 -0.0500 90 79 100
-2.2586 2.2600 -0.0498 88 80 102
-2.2367 2.2966 -0.0497 87 79 101
-2.2575 2.3666 -0.0497 87 80 102
-2.2357 2.4151 -0.0495 86 80 103
-2.2515 2.4950 0.0028 235 121 232
-2.2509 2.4963 0.0895 248 125 244
-2.2505 2.4963 0.1488 248 125 244
-2.2516 2.4963 0.2108 248 125 244
-2.2483 2.4963 0.2695 248 125 244
-2.2494 2.4963 0.3316 248 125 244
-2.2490 2.4963 0.3908 248 125 244
-2.2486 2.4963 0.4500 248 125 244
-2.2474 2.4963 0.5103 248 124 243
-2.2486 2.4963 0.5694 248 123 243
-2.2460 2.4963 0.6306 247 121 242
-2.2485 2.4962 0.6898 246 119 241
-2.2507 2.4963 0.7505 245 117 240
-2.2526 2.4963 0.8099 244 115 238
-2.2500 2.4963 0.8697 243 113 237
-2.2511 2.4963 0.9302 241 110 235
-2.2499 2.4963 0.9898 240 108 233
-2.2503 2.4963 1.0493 238 105 231
-2.2496 2.4963 1.1099 236 103 228
-2.2488 2.4963 1.1706 233 100 225
-2.2492 2.4963 1.2302 230 97 223
-2.2480 2.4963 1.2898 227 94 219
-2.2488 2.4963 1.3355 199 97 205
-2.1919 -2.4994 0.0479 254 208 254
-2.1882 -2.4995 0.1139 255 192 255
-2.1906 -2.4995 0.1501 255 190 255
-2.1898 -2.4995 0.2102 255 188 255
-2.1906 -2.4995 0.2699 255 183 254
-2.1903 -2.4995 0.3303 255 175 254
-2.1904 -2.4995 0.3902 254 165 254
-2.1903 -2.4995 0.4497 253 152 252
-2.1905 -2.4995 0.5101 250 135 247
-2.1904 -2.4995 0.5700 240 112 235
-2.1902 -2.4995 0.6300 199 81 198
-2.1905 -2.4995 0.6900 114 46 137
-2.1905 -2.4995 0.7500 139 61 160
-2.1903 -2.4995 0.8101 204 92 211
-2.1905 -2.4995 0.8700 213 99 218
-2.1886 -2.4995 0.9192 214 101 219
-2.1885 -2.4994 0.9898 229 106 229
-2.1886 -2.4994 1.0497 215 98 219
-2.1887 -2.4994 1.1098 213 99 218
-2.1834 -2.4994 1.1473 214 100 219
-2.1910 -2.4995 1.2301 236 112 235
-2.1908 -2.4995 1.2899 227 105 228
-2.1917 -2.4996 1.3337 201 96 209
-2.1930 -2.4157 -0.0534 246 221 195
-2.1837 -2.3727 -0.0535 246 218 191
-2.1702 -2.3210 -0.0536 248 223 195
-2.1884 -2.2500 -0.0517 173 139 128
-2.1921 -2.1781 -0.0534 253 245 227
-2.1926 -2.1194 -0.0535 252 239 218
-2.1903 -2.0690 -0.0536 253 240 219
-2.1902 -2.0092 -0.0537 223 175 144
-2.1738 -1.9747 -0.0537 188 98 59
-2.2100 -1.8653 -0.0534 195 103 63
-2.1912 -1.8276 -0.0535 199 104 62
-2.1903 -1.7686 -0.0536 206 109 62
-2.1892 -1.7104 -0.0537 208 113 63
-2.1726 -1.6751 -0.0534 196 105 61
-2.1798 -1.5703 -0.0535 222 125 66
-2.1896 -1.5289 -0.0535 227 131 68
-2.1893 -1.4689 -0.0536 253 242 229
-2.1957 -1.4250 -0.0537 255 255 252
-2.2122 -1.3323 -0.0534 207 168 145
-2.2040 -1.2855 -0.0535 213 172 144
-2.1919 -1.2273 -0.0535 227 193 165
-2.1889 -1.1696 -0.0536 239 210 180
-2.1887 -1.1095 -0.0536 247 225 196
-2.1903 -1.0507 -0.0537 252 237 212
-2.2013 -0.9932 -0.0537 236 198 166
-2.2121 -0.9419 -0.0537 206 111 60
-2.1887 -0.8699 -0.0535 164 83 56
-2.1886 -0.8099 -0.0535 183 94 58
-2.1889 -0.7493 -0.0535 202 108 61
-2.1889 -0.6895 -0.0536 216 120 66
-2.1887 -0.6303 -0.0536 225 131 71
-2.1884 -0.5702 -0.0536 229 136 74
-2.1888 -0.5098 -0.0536 236 151 86
-2.1885 -0.4496 -0.0536 254 254 252
-2.1887 -0.3899 -0.0537 254 254 252
-2.1887 -0.3297 -0.0537 254 254 251
-2.1887 -0.2703 -0.0537 254 254 252
-2.1635 -0.2423 0.7055 247 204 118
-2.1677 -0.2461 0.7519 231 176 98
-2.1728 -0.2500 0.8154 181 124 69
-2.1791 -0.2542 0.8685 86 69 64
-2.1705 -0.2563 0.9046 88 103 148
-2.1925 -0.2110 -0.0537 254 254 253
-2.1765 -0.1897 0.4002 254 250 183
-2.1805 -0.1932 0.4517 254 247 175
-2.1866 -0.1970 0.5114 254 242 163
-2.1891 -0.2034 0.5703 254 236 152
-2.1897 -0.2128 0.6300 252 224 137
-2.1624 -0.1835 0.7079 236 211 142
-2.1732 -0.1825 0.7603 161 142 132
-2.1776 -0.1873 0.8031 128 108 77
-2.1812 -0.1964 0.8698 239 198 148
-2.1909 -0.2015 0.9029 232 202 177
-2.1975 -0.1509 -0.0531 250 250 248
-2.2156 -0.1237 0.0611 74 86 117
-2.1966 -0.1302 0.3695 249 235 224
-2.1746 -0.1410 0.4775 249 235 171
-2.1925 -0.1329 0.5198 254 248 180
-2.1961 -0.1395 0.5706 254 238 158
-2.1953 -0.1479 0.6302 250 216 133
-2.1944 -0.1578 0.6910 225 170 102
-2.1965 -0.1652 0.7489 177 139 111
-2.2055 -0.1669 0.7908 186 171 163
-2.2103 -0.1748 0.8624 241 200 142
-2.2180 -0.1789 0.9020 246 202 120
-2.2015 -0.0978 -0.0492 254 254 252
-2.1938 -0.0852 0.0663 79 88 113
-2.2046 -0.0889 0.3696 254 246 178
-2.2127 -0.1154 0.4780 201 154 92
-2.2154 -0.1174 0.5176 254 246 174
-2.2187 -0.1187 0.5441 253 233 152
-2.2048 -0.0941 0.6284 142 97 58
-2.2091 -0.1017 0.6879 74 51 39
-2.2133 -0.1089 0.7465 61 43 36
-2.2175 -0.1162 0.7961 64 46 37
-2.1907 -0.0323 -0.0533 253 248 230
-2.1734 0.0169 0.0967 159 144 141
-2.1620 0.0299 0.1494 232 138 210
-2.1618 0.0295 0.2088 247 122 242
-2.1624 0.0326 0.2622 246 122 242
-2.2122 -0.0273 0.3699 254 239 165
-2.2075 -0.0545 0.4758 223 191 122
-2.2146 -0.0511 0.5172 201 141 79
-2.2174 -0.0558 0.5490 173 119 67
-2.2010 0.1148 -0.0536 88 80 73
-2.2056 0.0937 0.0706 86 90 98
-2.1623 0.0692 0.1605 98 99 98
-2.1621 0.0694 0.2077 96 97 98
-2.1638 0.0677 0.2779 228 127 222
-2.2071 0.0871 0.3705 243 226 176
-2.2157 0.1170 0.4345 45 45 43
-2.2144 0.1157 0.6741 209 156 90
-2.2045 0.1265 -0.0536 87 86 80
-2.1644 0.1245 0.0606 59 65 86
-2.2167 0.1357 0.3707 181 157 118
-2.1846 0.1364 0.4322 47 47 45
-2.1943 0.1568 0.6703 38 34 30
-2.1884 0.2092 -0.0517 86 72 93
-2.1733 0.2156 0.3716 231 176 105
-2.1840 0.1953 0.6717 17 19 24
-2.1831 0.2775 -0.0517 92 67 71
-2.1688 0.2498 0.3720 224 169 100
-2.2061 0.2933 0.4286 246 211 130
-2.2193 0.2992 0.5255 219 123 153
-2.2171 0.2993 0.5593 221 93 214
-2.2178 0.2987 0.6195 181 81 175
-2.1864 0.3229 -0.0516 64 61 66
-2.1810 0.3275 0.3990 254 246 176
-2.1781 0.3230 0.4272 250 225 144
-2.2185 0.3044 0.5327 56 56 50
-2.2139 0.3095 0.5746 68 57 64
-2.2117 0.3129 0.6156 56 49 53
-2.2089 0.3738 -0.0516 82 72 93
-2.1793 0.4442 -0.0507 46 33 42
-2.1816 0.5195 -0.0498 91 74 78
-2.1915 0.5719 -0.0519 198 162 144
-2.1686 0.6505 -0.0533 250 245 233
-2.1849 0.7007 -0.0521 184 163 149
-2.1909 0.7486 -0.0519 220 187 165
-2.1878 0.8115 -0.0517 217 184 162
-2.2047 0.8823 -0.0518 228 197 173
-2.1900 0.9319 -0.0518 227 194 169
-2.1896 0.9905 -0.0517 209 169 148
-2.1906 1.0516 -0.0516 124 79 88
-2.1897 1.1090 -0.0515 121 79 89
-2.1911 1.1678 -0.0515 119 78 90
-2.1892 1.2287 -0.0514 118 79 91
-2.1927 1.2915 -0.0513 114 78 92
-2.1872 1.3517 -0.0512 110 78 93
-2.1888 1.4140 -0.0511 105 78 95
-2.1866 1.4731 -0.0511 105 79 96
-2.1881 1.5288 -0.0510 174 140 132
-2.1899 1.5871 -0.0509 189 155 144
-2.1939 1.6488 -0.0508 183 147 139
-2.1908 1.7082 -0.0507 181 147 139
-2.1894 1.7691 -0.0506 181 149 142
-2.1839 1.8278 -0.0506 179 148 141
-2.1889 1.8890 -0.0505 174 145 140
-2.1960 1.9495 -0.0504 170 141 137
-2.1903 2.0072 -0.0503 132 107 114
-2.1835 2.0674 -0.0502 92 79 99
-2.1986 2.1369 -0.0501 91 79 100
-2.1877 2.1932 -0.0500 91 78 99
-2.1858 2.2540 -0.0499 90 79 100
-2.2035 2.3160 -0.0498 88 79 101
-2.1792 2.3626 -0.0498 88 80 103
-2.2013 2.4387 -0.0497 86 80 104
-2.1871 2.4952 0.0010 239 123 236
-2.1877 2.4963 0.0886 249 127 245
-2.1872 2.4963 0.1519 249 127 245
-2.1869 2.4964 0.2101 249 127 245
-2.1865 2.4963 0.2682 249 127 245
-2.1868 2.4963 0.3307 249 127 245
-2.1907 2.4964 0.3897 249 126 244
-2.1903 2.4963 0.4479 248 125 244
-2.1899 2.4963 0.5112 248 124 243
-2.1887 2.4964 0.5706 247 122 242
-2.1898 2.4963 0.6288 247 120 241
-2.1880 2.4963 0.6904 246 118 240
-2.1939 2.4963 0.7497 245 116 239
-2.1937 2.4963 0.8099 244 114 238
-2.1912 2.4963 0.8701 242 112 236
-2.1924 2.4963 0.9303 241 109 234
-2.1923 2.4963 0.9905 239 107 232
-2.1909 2.4963 1.0499 237 104 230
-2.1916 2.4963 1.1102 235 101 227
-2.1901 2.4963 1.1696 232 99 224
-2.1901 2.4963 1.2300 229 96 221
-2.1897 2.4963 1.2905 226 93 218
-2.1887 2.4964 1.3348 209 93 209
-2.1309 -2.4994 0.0458 254 218 254
-2.1282 -2.4995 0.1116 255 210 255
-2.1300 -2.4995 0.1500 255 209 255
-2.1299 -2.4995 0.2100 255 208 255
-2.1298 -2.4995 0.2695 255 204 255
-2.1302 -2.4995 0.3294 255 198 255
-2.1297 -2.4995 0.3900 255 189 255
-2.1297 -2.4995 0.4502 255 178 254
-2.1300 -2.4995 0.5101 254 163 253
-2.1299 -2.4995 0.5702 253 145 251
-2.1298 -2.4995 0.6301 247 128 244
-2.1300 -2.4995 0.6900 239 116 237
-2.1298 -2.4995 0.7501 221 100 224
-2.1299 -2.4995 0.8102 213 96 218
-2.1299 -2.4995 0.8701 213 98 218
-2.1286 -2.4995 0.9259 214 101 219
-2.1295 -2.4994 0.9901 240 117 239
-2.1296 -2.4994 1.0502 226 105 227
-2.1297 -2.4994 1.1100 214 98 218
-2.1270 -2.4994 1.1533 213 99 218
-2.1309 -2.4995 1.2307 241 116 239
-2.1300 -2.4995 1.2898 233 109 233
-2.1301 -2.4995 1.3341 203 98 211
-2.1370 -2.4075 -0.0534 249 228 201
-2.1310 -2.3686 -0.0535 251 231 206
-2.1300 -2.3086 -0.0536 251 233 208
-2.1233 -2.2640 -0.0537 251 235 212
-2.1331 -2.1729 -0.0534 253 249 236
-2.1352 -2.1109 -0.0534 254 246 230
-2.1302 -2.0687 -0.0535 254 247 230
-2.1305 -2.0086 -0.0536 231 182 151
-2.1258 -1.9678 -0.0537 205 108 59
-2.1316 -1.8748 -0.0535 226 129 69
-2.1326 -1.8200 -0.0534 210 115 67
-2.1301 -1.7688 -0.0535 214 119 66
-2.1303 -1.7091 -0.0537 218 121 65
-2.1250 -1.6712 -0.0537 219 123 66
-2.1259 -1.5836 -0.0535 219 123 66
-2.1290 -1.5289 -0.0536 227 131 68
-2.1321 -1.4719 -0.0537 252 240 225
-2.1526 -1.4332 -0.0537 254 254 252
-2.1332 -1.3474 -0.0537 254 254 252
-2.1291 -1.2906 -0.0536 254 254 252
-2.1505 -1.2116 -0.0536 231 204 181
-2.1489 -1.1628 -0.0537 229 195 165
-2.1466 -1.1145 -0.0537 241 213 183
-2.1535 -1.0711 -0.0537 248 226 196
-2.1471 -0.9765 -0.0536 148 92 77
-2.1308 -0.9277 -0.0536 135 67 52
-2.1288 -0.8700 -0.0536 157 78 53
-2.1285 -0.8098 -0.0537 177 91 56
-2.1286 -0.7498 -0.0537 197 104 59
-2.1296 -0.6904 -0.0537 215 118 63
-2.1335 -0.6307 -0.0537 231 133 68
-2.1381 -0.5711 -0.0537 241 147 73
-2.1424 -0.5114 -0.0537 244 159 85
-2.1467 -0.4518 -0.0537 254 254 253
-2.1507 -0.3923 -0.0537 254 254 253
-2.1547 -0.3341 -0.0537 254 254 253
-2.1024 -0.3092 0.7601 72 29 100
-2.1091 -0.3108 0.8119 70 31 92
-2.1141 -0.3125 0.8607 70 30 94
-2.1298 -0.3065 0.9057 154 61 158
-2.1559 -0.2883 -0.0537 254 254 252
-2.1015 -0.2409 0.4110 254 248 191
-2.1042 -0.2424 0.4544 254 252 193
-2.1113 -0.2459 0.5135 254 249 180
-2.1173 -0.2499 0.5722 254 243 165
-2.1243 -0.2550 0.6316 253 232 147
-2.1288 -0.2607 0.6902 250 213 126
-2.1161 -0.2757 0.7579 245 170 178
-2.1040 -0.2518 0.8220 248 196 146
-2.1075 -0.2506 0.8765 228 169 111
-2.1141 -0.2608 0.9034 194 122 142
-2.1094 -0.2009 -0.0527 199 163 142
-2.1206 -0.1919 0.3757 247 161 226
-2.1061 -0.1848 0.4692 250 245 200
-2.1088 -0.1872 0.5131 252 250 201
-2.1165 -0.1926 0.5721 253 249 187
-2.1227 -0.1966 0.6317 253 246 176
-2.1295 -0.2010 0.6881 235 221 154
-2.1272 -0.2130 0.7531 198 179 122
-2.1281 -0.2222 0.8122 248 213 143
-2.1341 -0.2252 0.8654 240 198 140
-2.1369 -0.2349 0.9022 224 187 157
-2.1292 -0.1436 -0.0537 254 254 248
-2.1552 -0.1201 0.0660 80 87 103
-2.1393 -0.1507 0.3699 248 219 170
-2.1337 -0.1679 0.4730 253 249 194
-2.1398 -0.1675 0.5081 254 250 188
-2.1480 -0.1727 0.5679 253 245 173
-2.1541 -0.1762 0.6242 250 237 160
-2.1587 -0.1794 0.6670 216 197 129
-2.1303 -0.0911 -0.0532 254 253 244
-2.1582 -0.0612 0.0635 66 71 92
-2.1465 -0.0933 0.3702 247 214 134
-2.1308 -0.0353 -0.0529 253 251 239
-2.1116 0.0161 0.1092 253 200 253
-2.1116 0.0141 0.1515 254 225 254
-2.1109 0.0143 0.2100 254 228 254
-2.1112 0.0221 0.2728 221 201 223
-2.1091 0.0319 0.3295 191 175 194
-2.1144 0.0158 0.3683 234 205 142
-2.1262 0.0750 -0.0507 111 81 92
-2.1065 0.0879 0.1034 103 103 100
-2.1032 0.0870 0.1530 105 105 99
-2.1042 0.0875 0.2098 107 108 104
-2.1047 0.0746 0.2795 198 198 196
-2.1045 0.0681 0.3302 240 240 237
-2.1327 0.0885 0.3704 216 196 153
-2.1112 0.1499 -0.0530 180 106 77
-2.1379 0.1580 0.0731 142 131 163
-2.1462 0.1501 0.3714 243 196 118
-2.1353 0.1665 0.4332 50 51 48
-2.1222 0.1776 0.6590 43 43 40
-2.1471 0.1664 0.6638 72 57 42
-2.1058 0.2000 -0.0291 94 98 115
-2.1298 0.2089 0.0689 96 102 131
-2.1227 0.2034 0.3717 238 188 112
-2.1063 0.1845 0.4328 54 54 50
-2.1221 0.2123 0.6559 25 26 29
-2.1433 0.2157 0.6656 30 31 34
-2.1113 0.2888 -0.0496 92 97 121
-2.1299 0.2494 0.0626 86 95 121
-2.1240 0.2722 0.3751 228 172 101
-2.1111 0.2831 0.4329 226 187 118
-2.1070 0.2458 0.6536 33 33 36
-2.1084 0.2451 0.6640 48 46 45
-2.1141 0.3316 -0.0531 156 84 71
-2.1122 0.3212 0.3877 221 164 96
-2.1170 0.3251 0.4266 244 204 128
-2.1182 0.3912 -0.0534 143 78 71
-2.1250 0.4402 -0.0534 129 72 71
-2.1422 0.5248 -0.0506 141 111 113
-2.1100 0.5905 -0.0533 249 244 232
-2.1249 0.6348 -0.0535 254 252 241
-2.1296 0.7031 -0.0520 226 190 165
-2.1300 0.7517 -0.0518 223 189 166
-2.1299 0.8052 -0.0517 220 184 162
-2.1297 0.8616 -0.0516 217 182 162
-2.1469 0.9488 -0.0518 229 198 174
-2.1307 0.9936 -0.0518 213 171 149
-2.1319 1.0478 -0.0517 131 80 86
-2.1301 1.1092 -0.0516 127 79 88
-2.1291 1.1729 -0.0515 124 79 89
-2.1283 1.2316 -0.0515 122 79 90
-2.1305 1.2872 -0.0514 119 79 91
-2.1289 1.3464 -0.0513 116 78 92
-2.1299 1.4051 -0.0512 114 79 92
-2.1288 1.4648 -0.0512 110 79 93
-2.1298 1.5284 -0.0511 175 138 130
-2.1292 1.5899 -0.0510 191 156 145
-2.1340 1.6481 -0.0509 185 150 140
-2.1314 1.7065 -0.0508 183 149 140
-2.1279 1.7680 -0.0507 183 151 142
-2.1274 1.8301 -0.0507 180 148 141
-2.1239 1.8929 -0.0506 177 147 141
-2.1369 1.9533 -0.0505 171 142 138
-2.1335 2.0101 -0.0504 130 103 111
-2.1234 2.0686 -0.0503 94 77 97
-2.1318 2.1317 -0.0502 93 78 98
-2.1390 2.1997 -0.0501 91 78 98
-2.1162 2.2397 -0.0500 91 79 100
-2.1366 2.3086 -0.0500 90 79 99
-2.1255 2.3685 -0.0499 88 79 100
-2.1260 2.4320 -0.0498 88 79 100
-2.1272 2.4963 0.0051 245 127 241
-2.1274 2.4964 0.0921 249 128 245
-2.1264 2.4964 0.1500 249 128 245
-2.1252 2.4964 0.2079 249 128 245
-2.1255 2.4964 0.2692 249 128 245
-2.1274 2.4964 0.3309 249 127 245
-2.1332 2.4964 0.3921 248 126 244
-2.1352 2.4964 0.4490 248 125 244
-2.1336 2.4964 0.5081 248 123 243
-2.1332 2.4964 0.5704 247 121 242
-2.1316 2.4964 0.6314 246 119 241
-2.1324 2.4964 0.6904 245 117 240
-2.1331 2.4964 0.7494 244 115 238
-2.1309 2.4964 0.8094 243 113 237
-2.1307 2.4964 0.8701 241 111 235
-2.1308 2.4964 0.9301 240 108 233
-2.1308 2.4964 0.9901 238 106 231
-2.1299 2.4964 1.0501 236 103 228
-2.1290 2.4964 1.1093 233 100 226
-2.1293 2.4964 1.1695 230 97 223
-2.1280 2.4964 1.2304 227 94 219
-2.1283 2.4964 1.2905 224 91 216
-2.1294 2.4965 1.3350 200 93 204
-2.0698 -2.4994 0.0436 254 224 254
-2.0688 -2.4995 0.1093 255 225 255
-2.0696 -2.4995 0.1500 255 225 255
-2.0696 -2.4995 0.2102 255 224 255
-2.0701 -2.4995 0.2694 255 221 255
-2.0697 -2.4995 0.3289 255 216 255
-2.0697 -2.4995 0.3895 255 209 255
-2.0697 -2.4995 0.4500 255 199 255
-2.0700 -2.4995 0.5101 255 187 254
-2.0698 -2.4995 0.5699 254 177 254
-2.0697 -2.4995 0.6300 254 163 254
-2.0699 -2.4995 0.6900 252 144 251
-2.0698 -2.4995 0.7498 244 123 243
-2.0697 -2.4995 0.8099 222 102 225
-2.0699 -2.4995 0.8699 213 97 218
-2.0698 -2.4995 0.9298 213 100 218
-2.0580 -2.4995 0.9645 215 102 219
-2.0707 -2.4994 1.0499 237 114 236
-2.0707 -2.4994 1.1100 222 102 224
-2.0693 -2.4994 1.1597 213 97 218
-2.0710 -2.4995 1.2296 244 120 242
-2.0700 -2.4995 1.2900 238 112 237
-2.0702 -2.4995 1.3340 210 102 216
-2.0670 -2.4292 -0.0520 209 172 150
-2.0724 -2.3664 -0.0535 253 239 216
-2.0700 -2.3087 -0.0536 254 243 223
-2.0682 -2.2546 -0.0537 253 244 225
-2.0760 -2.1673 -0.0534 252 250 241
-2.0884 -2.1057 -0.0534 254 250 237
-2.0707 -2.0682 -0.0535 254 251 239
-2.0704 -2.0087 -0.0536 237 193 161
-2.0680 -1.9585 -0.0537 217 122 66
-2.0719 -1.8714 -0.0534 226 132 71
-2.0746 -1.8116 -0.0534 217 122 69
-2.0701 -1.7688 -0.0535 220 124 69
-2.0704 -1.7088 -0.0536 223 128 70
-2.0676 -1.6621 -0.0537 230 134 70
-2.0689 -1.5888 -0.0535 207 111 62
-2.0690 -1.5285 -0.0537 217 119 63
-2.0772 -1.4859 -0.0537 246 215 185
-2.0692 -1.4090 -0.0537 250 230 201
-2.0946 -1.3293 -0.0537 254 253 249
-2.0821 -1.2843 -0.0537 254 254 253
-2.0690 -1.2302 -0.0537 254 254 252
-2.0690 -1.1707 -0.0536 254 254 252
-2.0686 -1.1107 -0.0535 254 254 250
-2.0666 -1.0529 -0.0535 254 254 246
-2.0522 -1.0015 -0.0534 250 234 215
-2.0913 -0.9098 -0.0537 131 66 52
-2.0879 -0.8717 -0.0537 140 71 52
-2.0922 -0.8125 -0.0537 163 83 54
-2.0958 -0.7551 -0.0537 184 97 57
-2.0897 -0.7023 -0.0537 208 117 66
-2.0699 -0.6314 -0.0536 237 146 79
-2.0702 -0.5704 -0.0535 229 135 76
-2.0700 -0.5196 -0.0534 222 129 77
-2.0689 -0.4376 -0.0537 254 254 251
-2.0703 -0.3912 -0.0536 254 254 247
-2.0681 -0.3660 0.6721 179 68 173
-2.0701 -0.3311 -0.0535 254 253 245
-2.0704 -0.3082 0.4739 148 55 150
-2.0743 -0.3077 0.5345 224 91 216
-2.0775 -0.3079 0.5716 178 73 172
-2.0803 -0.3088 0.6313 123 51 120
-2.0572 -0.3102 0.6784 142 111 78
-2.0989 -0.3082 0.7306 75 30 102
-2.0448 -0.2640 -0.0534 254 253 244
-2.0622 -0.2498 0.4101 218 202 215
-2.0640 -0.2557 0.4507 190 174 186
-2.0644 -0.2563 0.5101 190 171 186
-2.0641 -0.2563 0.5703 188 163 184
-2.0638 -0.2562 0.6304 169 139 165
-2.0567 -0.2620 0.6699 154 123 150
-2.0842 -0.2612 0.7586 246 186 190
-2.0889 -0.2635 0.8100 246 177 173
-2.0923 -0.2698 0.8630 235 145 167
-2.0989 -0.2699 0.9009 67 71 115
-2.0478 -0.2055 -0.0534 253 252 243
-2.0549 -0.2159 0.3887 228 221 202
-2.0651 -0.2191 0.4572 161 161 145
-2.0743 -0.2162 0.5088 179 179 157
-2.0785 -0.2217 0.5692 153 152 129
-2.0813 -0.2258 0.6291 121 121 101
-2.0773 -0.2286 0.6751 77 77 69
-2.0953 -0.2371 0.7631 253 232 148
-2.0986 -0.2374 0.7835 250 218 132
-2.0526 -0.1716 -0.0534 254 254 249
-2.0629 -0.1543 0.3716 253 244 176
-2.0565 -0.0828 -0.0534 167 167 163
-2.0528 -0.0641 0.0701 104 112 136
-2.0662 -0.0914 0.3703 252 235 158
-2.0613 0.0036 -0.0534 243 204 176
-2.0892 0.0422 0.1091 136 136 131
-2.0892 0.0380 0.1546 160 160 155
-2.0891 0.0383 0.2100 165 165 161
-2.0907 0.0410 0.2649 170 170 167
-2.0991 0.0509 0.3302 180 181 177
-2.0617 -0.0007 0.3707 253 233 153
-2.0666 0.0909 -0.0535 219 125 75
-2.0907 0.0722 0.1057 191 191 184
-2.0899 0.0707 0.1551 192 192 184
-2.0902 0.0709 0.2099 200 200 193
-2.0905 0.0710 0.2600 194 194 191
-2.0991 0.0613 0.3298 251 248 248
-2.0797 0.0891 0.3712 251 219 137
-2.0673 0.1418 -0.0535 212 119 74
-2.0964 0.1387 0.0690 78 79 80
-2.0691 0.1501 0.3714 248 208 126
-2.0978 0.1788 0.6542 255 239 156
-2.0667 0.1970 -0.0535 160 117 92
-2.0989 0.1853 0.0623 75 76 79
-2.0642 0.2160 0.3735 241 193 114
-2.0615 0.2219 0.4335 156 144 100
-2.0780 0.2171 0.6472 31 32 32
-2.0823 0.2298 0.6672 145 106 64
-2.0649 0.2792 -0.0535 127 93 89
-2.0670 0.2707 0.3812 233 179 104
-2.0669 0.2809 0.4281 205 173 110
-2.0685 0.2661 0.6451 52 46 42
-2.0916 0.2551 0.6622 64 59 52
-2.0685 0.3301 -0.0535 153 82 69
-2.0898 0.3187 0.3951 228 173 100
-2.0825 0.3061 0.4226 252 227 141
-2.0718 0.3870 -0.0535 135 74 68
-2.0890 0.4264 -0.0533 121 70 70
-2.0708 0.5014 -0.0502 131 115 124
-2.0653 0.5752 -0.0534 254 251 239
-2.0581 0.6179 -0.0515 165 164 156
-2.0697 0.6970 -0.0519 226 191 167
-2.0690 0.7450 -0.0518 224 190 166
-2.0667 0.8058 -0.0517 220 185 163
-2.0699 0.8720 -0.0515 217 183 162
-2.0695 0.9316 -0.0520 230 198 173
-2.0703 0.9913 -0.0519 187 143 130
-2.0787 1.0543 -0.0518 133 81 86
-2.0674 1.1096 -0.0517 128 80 88
-2.0717 1.1686 -0.0516 123 79 89
-2.0690 1.2287 -0.0516 119 79 90
-2.0683 1.2910 -0.0515 113 78 92
-2.0688 1.3522 -0.0514 111 78 93
-2.0700 1.4095 -0.0513 110 78 93
-2.0700 1.4677 -0.0512 109 78 94
-2.0710 1.5269 -0.0512 178 140 131
-2.0696 1.5876 -0.0511 192 157 145
-2.0709 1.6475 -0.0510 188 153 142
-2.0707 1.7102 -0.0509 185 152 142
-2.0678 1.7717 -0.0508 184 151 142
-2.0675 1.8300 -0.0507 182 150 142
-2.0661 1.8882 -0.0507 181 149 142
-2.0754 1.9517 -0.0506 173 144 139
-2.0718 2.0106 -0.0505 131 105 112
-2.0657 2.0681 -0.0504 94 79 99
-2.0647 2.1259 -0.0503 93 79 100
-2.0798 2.1894 -0.0502 90 79 101
-2.0677 2.2481 -0.0501 90 79 101
-2.0617 2.3097 -0.0501 87 80 103
-2.0798 2.3811 -0.0499 87 80 102
-2.0547 2.4214 -0.0498 86 79 101
-2.0693 2.4950 0.0003 234 124 231
-2.0672 2.4965 0.0880 249 129 245
-2.0674 2.4965 0.1481 249 128 245
-2.0670 2.4965 0.2091 249 128 245
-2.0666 2.4965 0.2702 249 127 244
-2.0679 2.4965 0.3322 249 126 244
-2.0704 2.4965 0.3922 248 125 243
-2.0693 2.4965 0.4527 248 124 243
-2.0689 2.4965 0.5109 247 122 242
-2.0694 2.4965 0.5693 246 120 241
-2.0723 2.4965 0.6275 246 119 240
-2.0730 2.4965 0.6888 244 117 239
-2.0726 2.4965 0.7501 243 114 237
-2.0715 2.4965 0.8106 242 112 236
-2.0714 2.4965 0.8702 240 110 234
-2.0712 2.4965 0.9300 239 107 232
-2.0711 2.4965 0.9898 236 104 229
-2.0705 2.4965 1.0504 234 101 227
-2.0698 2.4965 1.1102 231 99 224
-2.0697 2.4965 1.1700 228 96 221
-2.0695 2.4965 1.2298 225 93 217
-2.0687 2.4965 1.2888 221 89 213
-2.0687 2.4965 1.3341 199 91 202
-2.0087 -2.4994 0.0412 254 227 254
-2.0096 -2.4995 0.1071 255 235 255
-2.0100 -2.4995 0.1499 255 236 255
-2.0107 -2.4995 0.2100 255 235 255
-2.0098 -2.4995 0.2701 255 234 255
-2.0107 -2.4995 0.3300 255 230 255
-2.0107 -2.4995 0.3900 255 224 255
-2.0098 -2.4995 0.4499 255 217 255
-2.0107 -2.4995 0.5099 255 208 255
-2.0103 -2.4995 0.5700 255 195 255
-2.0102 -2.4995 0.6299 255 181 254
-2.0105 -2.4995 0.6899 254 164 254
-2.0104 -2.4995 0.7500 252 144 251
-2.0102 -2.4995 0.8099 243 122 242
-2.0104 -2.4995 0.8699 221 101 223
-2.0103 -2.4995 0.9300 213 98 218
-2.0066 -2.4995 0.9695 213 100 218
-2.0101 -2.4994 1.0502 244 122 242
-2.0100 -2.4994 1.1101 234 109 233
-2.0089 -2.4994 1.1661 218 98 221
-2.0113 -2.4995 1.2302 246 124 244
-2.0116 -2.4995 1.2899 241 116 240
-2.0111 -2.4995 1.3339 211 104 217
-2.0108 -2.4338 -0.0521 156 114 107
-2.0131 -2.3576 -0.0535 227 174 140
-2.0102 -2.3087 -0.0536 227 168 133
-2.0103 -2.2487 -0.0537 231 173 134
-1.9975 -2.2136 -0.0537 219 133 82
-2.0106 -2.1280 -0.0535 236 180 144
-2.0124 -2.0614 -0.0535 237 185 150
-2.0102 -2.0088 -0.0536 237 189 155
-2.0095 -1.9500 -0.0537 240 202 178
-1.9904 -1.9135 -0.0537 253 248 238
-2.0258 -1.8056 -0.0534 225 151 106
-2.0104 -1.7684 -0.0535 241 200 169
-2.0102 -1.7085 -0.0536 245 207 176
-2.0086 -1.6526 -0.0537 250 217 187
-2.0093 -1.5887 -0.0536 233 189 157
-2.0123 -1.5327 -0.0537 232 182 145
-2.0326 -1.4944 -0.0537 217 129 78
-2.0226 -1.4197 -0.0537 224 187 156
-2.0100 -1.3557 -0.0514 142 104 102
-2.0117 -1.2933 -0.0515 150 110 106
-2.0288 -1.2156 -0.0537 254 253 250
-2.0136 -1.1670 -0.0537 254 246 237
-2.0089 -1.1108 -0.0536 251 234 219
-2.0089 -1.0507 -0.0536 249 231 214
-2.0089 -0.9907 -0.0535 235 192 163
-2.0001 -0.9357 -0.0535 214 150 121
-1.9879 -0.8888 -0.0533 238 218 198
-2.0088 -0.8126 -0.0520 150 102 101
-1.9864 -0.7320 -0.0531 232 208 184
-1.9854 -0.6846 -0.0534 254 245 225
-1.9893 -0.6272 -0.0534 254 249 234
-1.9929 -0.5685 -0.0534 252 241 225
-1.9964 -0.5087 -0.0534 245 212 183
-2.0008 -0.4487 -0.0534 243 193 152
-2.0042 -0.3891 -0.0534 244 201 164
-2.0081 -0.3294 -0.0535 246 208 176
-2.0333 -0.3016 0.6780 163 129 187
-2.0088 -0.2700 -0.0535 248 213 181
-2.0358 -0.2475 0.3729 250 149 247
-2.0154 -0.2653 0.6786 146 114 136
-2.0087 -0.2093 -0.0535 249 213 180
-1.9810 -0.1819 0.0679 64 65 70
-2.0291 -0.1978 0.4036 152 152 137
-2.0272 -0.1998 0.4325 116 116 105
-2.0037 -0.2151 0.6775 84 83 71
-2.0000 -0.1750 -0.0535 239 182 137
-2.0017 -0.1242 0.0623 80 91 119
-2.0062 -0.1507 0.3953 194 194 173
-1.9972 -0.1537 0.4331 123 122 107
-1.9924 -0.1599 0.6736 67 67 62
-2.0079 -0.0810 -0.0535 173 149 127
-2.0262 -0.0654 0.0692 81 92 121
-1.9953 -0.0988 0.3791 254 253 216
-1.9805 -0.1196 0.4459 76 77 70
-1.9805 -0.1187 0.6802 51 52 49
-2.0086 0.0005 -0.0535 243 200 168
-2.0286 0.0159 0.0679 104 111 127
-2.0042 0.0209 0.1604 184 184 178
-2.0045 0.0209 0.2101 187 188 183
-2.0025 0.0131 0.2705 180 170 178
-2.0004 0.0019 0.3304 183 151 180
-2.0051 -0.0023 0.3710 254 242 170
-2.0088 0.0901 -0.0536 234 179 146
-2.0061 0.0789 0.0693 86 94 115
-2.0126 0.0893 0.3712 253 229 147
-2.0108 0.1443 -0.0536 223 163 131
-1.9949 0.1249 0.0678 81 90 114
-2.0022 0.1524 0.3721 251 216 133
-2.0314 0.1754 0.4408 214 154 90
-1.9971 0.2297 -0.0536 45 44 41
-2.0080 0.2118 0.3770 245 200 119
-1.9881 0.2348 0.4288 236 183 111
-2.0200 0.2373 0.4992 129 117 83
-2.0104 0.2380 0.5523 87 87 80
-2.0323 0.2278 0.6352 57 57 51
-2.0086 0.2704 -0.0536 192 146 122
-2.0128 0.2630 0.3905 238 188 109
-2.0186 0.2617 0.4260 252 228 149
-2.0007 0.2484 0.5111 244 210 126
-1.9907 0.2555 0.5656 215 176 103
-2.0019 0.2833 0.6223 104 83 56
-2.0094 0.3294 -0.0536 190 135 113
-2.0388 0.3004 0.4066 255 254 232
-1.9988 0.3065 0.6204 82 66 48
-2.0241 0.3708 -0.0536 143 79 69
-1.9870 0.4680 -0.0515 122 115 104
-2.0162 0.5262 -0.0505 128 112 105
-1.9966 0.5531 -0.0505 152 121 118
-2.0092 0.6288 -0.0499 134 112 113
-2.0092 0.6903 -0.0519 218 181 158
-2.0082 0.7506 -0.0518 215 177 155
-2.0110 0.8163 -0.0517 212 176 155
-2.0097 0.8763 -0.0515 210 173 153
-2.0079 0.9324 -0.0520 223 189 165
-2.0124 0.9896 -0.0519 184 140 127
-2.0087 1.0472 -0.0517 132 88 94
-2.0211 1.1190 -0.0518 127 81 89
-2.0102 1.1700 -0.0517 144 100 101
-2.0066 1.2313 -0.0517 146 105 106
-2.0102 1.2900 -0.0516 134 94 100
-2.0086 1.3493 -0.0515 137 97 101
-2.0075 1.4123 -0.0514 141 103 106
-2.0112 1.4726 -0.0513 126 91 99
-2.0112 1.5332 -0.0512 173 133 125
-2.0095 1.5920 -0.0512 175 138 130
-2.0107 1.6501 -0.0511 175 139 131
-2.0109 1.7111 -0.0510 172 137 131
-2.0090 1.7712 -0.0509 170 135 130
-2.0093 1.8301 -0.0508 168 136 131
-2.0061 1.8886 -0.0508 165 133 129
-2.0167 1.9461 -0.0507 171 141 136
-2.0128 2.0077 -0.0506 120 95 106
-2.0080 2.0682 -0.0505 113 93 107
-2.0034 2.1287 -0.0504 112 94 107
-2.0125 2.1897 -0.0503 96 82 101
-2.0115 2.2536 -0.0502 105 90 106
-2.0013 2.3103 -0.0502 111 93 107
-2.0074 2.3723 -0.0502 96 83 101
-2.0177 2.4328 -0.0500 98 86 104
-2.0106 2.4954 0.0020 237 125 233
-2.0111 2.4966 0.0914 249 128 245
-2.0107 2.4966 0.1512 249 127 244
-2.0103 2.4966 0.2112 249 127 244
-2.0099 2.4966 0.2712 248 126 244
-2.0094 2.4966 0.3310 248 125 243
-2.0090 2.4966 0.3909 248 124 243
-2.0086 2.4966 0.4508 247 123 242
-2.0081 2.4966 0.5108 246 121 241
-2.0077 2.4966 0.5709 246 119 240
-2.0105 2.4965 0.6323 245 117 239
-2.0107 2.4965 0.6908 244 115 237
-2.0109 2.4965 0.7502 242 113 236
-2.0100 2.4965 0.8097 241 111 234
-2.0100 2.4965 0.8693 239 108 232
-2.0096 2.4965 0.9295 237 105 230
-2.0091 2.4965 0.9897 235 102 227
-2.0085 2.4965 1.0492 232 100 225
-2.0083 2.4965 1.1088 229 97 221
-2.0092 2.4965 1.1683 226 94 218
-2.0120 2.4965 1.2302 223 90 214
-2.0115 2.4965 1.2906 218 87 210
-2.0109 2.4966 1.3360 189 91 196
-1.9484 -2.4993 0.0389 254 229 254
-1.9496 -2.4995 0.1050 255 242 255
-1.9499 -2.4995 0.1499 255 243 255
-1.9498 -2.4995 0.2096 255 244 255
-1.9503 -2.4995 0.2705 255 243 255
-1.9499 -2.4995 0.3311 255 241 255
-1.9500 -2.4995 0.3904 255 237 255
-1.9501 -2.4995 0.4499 255 230 255
-1.9502 -2.4995 0.5100 255 220 255
-1.9500 -2.4995 0.5700 255 209 255
-1.9500 -2.4995 0.6298 255 195 255
-1.9502 -2.4995 0.6899 255 179 254
-1.9500 -2.4995 0.7499 254 161 253
-1.9501 -2.4995 0.8099 251 141 250
-1.9501 -2.4995 0.8700 240 118 239
-1.9500 -2.4995 0.9301 217 99 221
-1.9480 -2.4995 0.9758 213 97 218
-1.9496 -2.4993 1.0499 248 129 246
-1.9499 -2.4993 1.1099 241 116 239
-1.9496 -2.4993 1.1699 228 104 229
-1.9399 -2.4993 1.2054 221 99 224
-1.9514 -2.4995 1.2899 244 119 242
-1.9510 -2.4995 1.3339 220 108 223
-1.9586 -2.4450 -0.0522 121 74 75
-1.9563 -2.3495 -0.0534 213 116 65
-1.9500 -2.3086 -0.0535 218 120 65
-1.9504 -2.2488 -0.0536 223 125 66
-1.9465 -2.2067 -0.0537 223 128 69
-1.9513 -2.1230 -0.0534 223 127 70
-1.9538 -2.0529 -0.0534 219 121 67
-1.9504 -2.0087 -0.0535 239 187 151
-1.9504 -1.9488 -0.0537 254 254 249
-1.9449 -1.9098 -0.0537 254 254 251
-1.9430 -1.8145 -0.0536 241 222 203
-1.9514 -1.7623 -0.0534 254 253 243
-1.9501 -1.7090 -0.0535 254 254 248
-1.9507 -1.6486 -0.0537 254 254 252
-1.9423 -1.6130 -0.0537 254 254 253
-1.9572 -1.5472 -0.0537 253 239 212
-1.9525 -1.4866 -0.0537 245 173 106
-1.9513 -1.4124 -0.0513 103 67 79
-1.9345 -1.3334 -0.0524 135 76 68
-1.9387 -1.2816 -0.0534 180 92 58
-1.9492 -1.2293 -0.0535 196 102 59
-1.9732 -1.1480 -0.0537 235 146 83
-1.9624 -1.1038 -0.0537 232 140 79
-1.9339 -1.0309 -0.0534 103 58 59
-1.9338 -0.9889 -0.0534 161 116 100
-1.9379 -0.9293 -0.0534 236 202 170
-1.9416 -0.8688 -0.0534 245 218 187
-1.9454 -0.8092 -0.0534 251 232 204
-1.9484 -0.7497 -0.0534 253 240 214
-1.9489 -0.6898 -0.0535 254 248 228
-1.9488 -0.6298 -0.0535 254 252 240
-1.9489 -0.5700 -0.0535 254 254 246
-1.9485 -0.5101 -0.0535 253 246 234
-1.9490 -0.4498 -0.0535 236 141 73
-1.9486 -0.3899 -0.0536 240 147 76
-1.9489 -0.3296 -0.0536 240 148 77
-1.9704 -0.3074 0.6753 161 63 156
-1.9486 -0.2697 -0.0536 240 147 75
-1.9541 -0.2652 0.6722 39 32 39
-1.9487 -0.2092 -0.0536 241 151 79
-1.9476 -0.1927 0.0634 72 77 99
-1.9593 -0.1823 0.3715 246 119 240
-1.9669 -0.2000 0.6820 113 105 83
-1.9449 -0.1481 -0.0328 166 125 91
-1.9572 -0.1487 0.0676 70 76 96
-1.9772 -0.1243 0.4098 111 111 101
-1.9772 -0.1235 0.4310 119 119 104
-1.9464 -0.1508 0.6741 85 79 66
-1.9491 -0.0931 -0.0486 203 137 87
-1.9775 -0.0946 0.0603 85 66 89
-1.9593 -0.0855 0.4001 176 176 162
-1.9545 -0.0886 0.4328 123 121 106
-1.9301 -0.0670 0.6590 59 59 54
-1.9428 -0.0979 0.6642 62 62 57
-1.9485 0.0008 -0.0537 244 186 143
-1.9610 -0.0085 0.0866 77 76 90
-1.9731 -0.0049 0.1571 132 93 126
-1.9733 -0.0045 0.2097 153 102 150
-1.9730 -0.0059 0.2599 159 102 156
-1.9400 -0.0237 0.3864 226 226 198
-1.9281 -0.0480 0.4336 123 120 114
-1.9274 -0.0493 0.6561 61 59 56
-1.9327 -0.0433 0.6657 51 52 48
-1.9503 0.0903 -0.0472 250 241 230
-1.9591 0.0992 0.0646 76 83 104
-1.9404 0.0887 0.3715 254 238 159
-1.9301 0.1133 0.4407 226 169 105
-1.9554 0.1344 -0.0512 254 252 240
-1.9456 0.1281 0.0637 79 90 119
-1.9528 0.1502 0.3738 252 222 138
-1.9385 0.1611 0.4348 223 166 104
-1.9595 0.2222 -0.0537 103 99 89
-1.9366 0.1808 0.0603 56 63 85
-1.9571 0.2100 0.3839 246 204 121
-1.9329 0.2080 0.4245 252 240 175
-1.9648 0.2686 -0.0537 250 230 201
-1.9690 0.2467 0.3988 244 207 126
-1.9719 0.2416 0.4221 252 229 151
-1.9745 0.2631 0.5803 242 193 110
-1.9719 0.2753 0.6141 191 147 85
-1.9690 0.3201 -0.0537 244 217 186
-1.9506 0.3773 -0.0514 177 152 142
-1.9627 0.4672 -0.0509 134 121 114
-1.9419 0.4956 -0.0503 147 118 119
-1.9505 0.5726 -0.0501 105 83 93
-1.9623 0.6454 -0.0508 131 93 87
-1.9461 0.6906 -0.0519 132 78 82
-1.9534 0.7514 -0.0518 128 77 83
-1.9503 0.8123 -0.0516 121 76 85
-1.9503 0.8708 -0.0515 116 75 86
-1.9503 0.9279 -0.0520 132 78 82
-1.9497 0.9896 -0.0518 163 115 106
-1.9477 1.0447 -0.0517 221 185 161
-1.9617 1.1315 -0.0519 216 177 154
-1.9637 1.1817 -0.0518 223 189 165
-1.9491 1.2302 -0.0518 221 183 160
-1.9499 1.2897 -0.0517 216 176 155
-1.9489 1.3509 -0.0516 214 179 159
-1.9486 1.4097 -0.0515 211 176 158
-1.9498 1.4674 -0.0514 202 165 149
-1.9493 1.5289 -0.0513 135 97 102
-1.9495 1.5930 -0.0513 111 78 93
-1.9498 1.6547 -0.0512 107 78 94
-1.9498 1.7139 -0.0511 105 77 94
-1.9497 1.7719 -0.0510 103 77 95
-1.9495 1.8312 -0.0509 99 78 97
-1.9508 1.8888 -0.0509 97 78 98
-1.9545 1.9459 -0.0508 96 78 97
-1.9524 2.0058 -0.0507 126 101 109
-1.9474 2.0679 -0.0506 169 138 135
-1.9450 2.1254 -0.0505 166 135 134
-1.9474 2.1899 -0.0504 161 133 132
-1.9572 2.2592 -0.0503 155 127 129
-1.9516 2.3148 -0.0503 152 126 129
-1.9404 2.3652 -0.0502 151 128 131
-1.9569 2.4353 -0.0501 148 125 129
-1.9518 2.4958 0.0024 243 126 238
-1.9527 2.4966 0.0890 248 127 244
-1.9511 2.4966 0.1510 248 127 244
-1.9506 2.4966 0.2126 248 126 243
-1.9508 2.4966 0.2722 248 125 243
-1.9504 2.4966 0.3309 247 124 243
-1.9500 2.4966 0.3897 247 123 242
-1.9495 2.4966 0.4485 246 122 241
-1.9485 2.4966 0.5081 246 120 240
-1.9480 2.4966 0.5691 245 118 239
-1.9482 2.4966 0.6300 244 116 238
-1.9479 2.4966 0.6902 242 114 236
-1.9476 2.4966 0.7505 241 111 234
-1.9488 2.4966 0.8093 239 109 233
-1.9506 2.4966 0.8698 238 106 230
-1.9508 2.4966 0.9297 235 104 228
-1.9492 2.4966 0.9903 233 101 225
-1.9489 2.4966 1.0510 230 98 222
-1.9489 2.4966 1.1111 227 95 219
-1.9500 2.4966 1.1711 223 91 215
-1.9522 2.4966 1.2296 219 88 211
-1.9519 2.4966 1.2895 215 85 207
-1.9517 2.4967 1.3340 195 87 197
-1.8887 -2.4993 0.0366 254 231 254
-1.8903 -2.4995 0.1027 255 245 255
-1.8908 -2.4995 0.1500 255 246 255
-1.8906 -2.4995 0.2103 255 248 255
-1.8906 -2.4995 0.2708 255 249 255
-1.8906 -2.4995 0.3312 255 248 255
-1.8911 -2.4995 0.3907 255 244 255
-1.8906 -2.4995 0.4499 255 238 255
-1.8906 -2.4995 0.5099 255 230 255
-1.8908 -2.4994 0.5702 255 219 255
-1.8908 -2.4994 0.6301 255 206 255
-1.8908 -2.4995 0.6899 255 191 255
-1.8907 -2.4994 0.7501 254 174 254
-1.8908 -2.4995 0.8102 254 155 253
-1.8908 -2.4994 0.8700 249 134 248
-1.8907 -2.4994 0.9300 233 110 233
-1.8893 -2.4994 0.9823 214 96 219
-1.8898 -2.4993 1.0499 251 135 249
-1.8899 -2.4993 1.1101 245 122 244
-1.8899 -2.4993 1.1698 236 110 235
-1.8867 -2.4993 1.2099 227 102 228
-1.8901 -2.4995 1.2900 246 122 244
-1.8895 -2.4995 1.3342 216 109 221
-1.8941 -2.4079 -0.0534 218 124 70
-1.9100 -2.3470 -0.0534 217 123 70
-1.8910 -2.3075 -0.0535 220 125 69
-1.8905 -2.2486 -0.0536 228 134 72
-1.8881 -2.1973 -0.0537 233 141 74
-1.8917 -2.1170 -0.0534 224 129 70
-1.9022 -2.0464 -0.0534 223 127 68
-1.8903 -2.0087 -0.0535 240 189 152
-1.8905 -1.9485 -0.0536 254 254 250
-1.8877 -1.9010 -0.0537 254 254 252
-1.8905 -1.8278 -0.0535 254 254 249
-1.8923 -1.7535 -0.0534 254 253 244
-1.8901 -1.7085 -0.0535 254 254 247
-1.8909 -1.6487 -0.0536 254 254 251
-1.8872 -1.6048 -0.0537 254 254 253
-1.9078 -1.5485 -0.0537 251 235 210
-1.8970 -1.4938 -0.0537 243 193 151
-1.8692 -1.3886 -0.0531 133 72 61
-1.8820 -1.3434 -0.0534 149 77 56
-1.8891 -1.2892 -0.0535 163 84 56
-1.8890 -1.2290 -0.0536 177 92 57
-1.8899 -1.1703 -0.0537 192 101 58
-1.9049 -1.1228 -0.0537 207 113 61
-1.9100 -1.0353 -0.0537 199 105 68
-1.9024 -0.9807 -0.0535 175 130 111
-1.8896 -0.9290 -0.0535 228 190 160
-1.8885 -0.8698 -0.0535 241 212 181
-1.8887 -0.8096 -0.0536 250 229 200
-1.8886 -0.7498 -0.0536 253 239 214
-1.8888 -0.6898 -0.0536 254 247 227
-1.8885 -0.6299 -0.0536 254 252 240
-1.8889 -0.5696 -0.0536 254 254 247
-1.8883 -0.5095 -0.0536 253 248 240
-1.8888 -0.4496 -0.0537 236 144 76
-1.8886 -0.3898 -0.0537 240 152 80
-1.8909 -0.3310 -0.0537 242 155 81
-1.8954 -0.2709 -0.0537 244 159 83
-1.8656 -0.2432 0.6596 118 61 126
-1.8997 -0.2537 0.6645 71 44 69
-1.8997 -0.2104 -0.0537 245 161 85
-1.8736 -0.2045 0.6573 33 33 33
-1.8969 -0.2089 0.6658 33 33 34
-1.9041 -0.1505 -0.0537 244 159 84
-1.8825 -0.1253 0.3724 205 90 200
-1.8633 -0.1781 0.6558 35 36 36
-1.9160 -0.1257 0.6736 100 75 95
-1.9082 -0.0914 -0.0537 243 156 84
-1.8876 -0.1026 0.3713 243 182 142
-1.9065 -0.0750 0.6580 57 57 52
-1.9050 -0.1040 0.6678 85 68 81
-1.9130 -0.0237 -0.0537 240 153 90
-1.8911 -0.0167 0.0715 73 78 96
-1.9138 -0.0105 0.3981 181 180 164
-1.9127 -0.0247 0.4328 121 117 112
-1.8682 0.0461 0.5068 177 126 174
-1.8642 0.0529 0.5611 148 98 146
-1.9095 -0.0368 0.6522 55 55 51
-1.8684 -0.0508 0.6644 17 18 20
-1.8737 0.0764 -0.0534 254 246 226
-1.8758 0.0808 0.3888 254 248 184
-1.8741 0.0827 0.4304 242 222 151
-1.8616 0.0614 0.5042 86 73 79
-1.8619 0.0605 0.5882 228 108 221
-1.8612 0.0620 0.6135 214 132 227
-1.8901 0.1320 -0.0354 143 143 135
-1.9180 0.1309 0.0610 69 69 67
-1.8817 0.1496 0.3831 254 244 173
-1.8696 0.1450 0.4307 250 231 166
-1.8650 0.1992 -0.0533 26 25 25
-1.9006 0.1967 0.4016 254 248 184
-1.8983 0.1879 0.4223 248 208 127
-1.8918 0.2860 -0.0504 108 88 87
-1.8973 0.2560 0.4022 254 253 205
-1.9050 0.2519 0.4246 252 230 153
-1.8718 0.3313 -0.0513 79 70 66
-1.8675 0.4001 -0.0518 76 74 71
-1.8667 0.4464 -0.0517 84 83 81
-1.8712 0.5134 -0.0516 89 91 99
-1.8797 0.5841 -0.0515 81 78 97
-1.8838 0.6351 -0.0514 102 80 96
-1.8883 0.6878 -0.0519 130 77 82
-1.8897 0.7509 -0.0518 125 76 84
-1.8894 0.8048 -0.0516 119 76 85
-1.8835 0.8931 -0.0520 130 77 82
-1.8922 0.9293 -0.0519 125 75 82
-1.8884 0.9885 -0.0518 161 114 107
-1.8937 1.0542 -0.0517 219 182 159
-1.8887 1.1175 -0.0516 214 178 156
-1.8920 1.1709 -0.0519 220 185 162
-1.9067 1.2459 -0.0518 221 185 162
-1.8926 1.2927 -0.0518 219 181 158
-1.8920 1.3504 -0.0517 216 180 159
-1.8879 1.4101 -0.0516 212 176 156
-1.8877 1.4717 -0.0515 206 170 153
-1.8909 1.5288 -0.0514 125 90 99
-1.8893 1.5862 -0.0514 107 78 95
-1.8891 1.6451 -0.0513 105 78 95
-1.8888 1.7047 -0.0512 103 78 95
-1.8920 1.7676 -0.0511 101 78 96
-1.8879 1.8277 -0.0510 99 78 97
-1.8906 1.8883 -0.0510 97 78 98
-1.8928 1.9486 -0.0509 94 78 98
-1.8893 2.0099 -0.0508 133 106 113
-1.8896 2.0707 -0.0507 168 137 134
-1.8892 2.1305 -0.0506 164 135 134
-1.8850 2.1903 -0.0505 161 133 132
-1.8971 2.2537 -0.0505 156 129 130
-1.8929 2.3105 -0.0504 152 126 129
-1.8815 2.3660 -0.0503 150 126 129
-1.8901 2.4304 -0.0502 147 124 129
-1.8912 2.4962 0.0041 243 125 238
-1.8910 2.4967 0.0910 248 126 243
-1.8905 2.4967 0.1485 248 126 243
-1.8910 2.4967 0.2095 248 125 243
-1.8886 2.4967 0.2716 247 124 242
-1.8892 2.4967 0.3308 247 123 241
-1.8887 2.4967 0.3884 246 122 241
-1.8872 2.4967 0.4488 245 120 240
-1.8889 2.4967 0.5110 245 119 239
-1.8874 2.4967 0.5709 244 117 238
-1.8863 2.4967 0.6293 242 114 236
-1.8859 2.4967 0.6896 241 112 234
-1.8862 2.4967 0.7501 240 110 233
-1.8927 2.4967 0.8113 238 107 231
-1.8935 2.4967 0.8707 236 104 228
-1.8927 2.4967 0.9306 233 102 226
-1.8924 2.4967 0.9900 231 99 223
-1.8922 2.4967 1.0495 228 95 220
-1.8913 2.4967 1.1096 224 92 216
-1.8913 2.4967 1.1703 220 89 212
-1.8906 2.4967 1.2304 215 85 207
-1.8910 2.4967 1.2900 211 82 203
-1.8900 2.4967 1.3350 186 85 191
-1.8302 -2.4993 0.0342 254 231 254
-1.8304 -2.4994 0.1004 255 247 255
-1.8306 -2.4994 0.1501 255 249 255
-1.8311 -2.4994 0.2096 255 250 255
-1.8308 -2.4994 0.2698 255 251 255
-1.8309 -2.4994 0.3296 255 250 255
-1.8307 -2.4994 0.3893 255 248 255
-1.8312 -2.4994 0.4501 255 243 255
-1.8306 -2.4994 0.5101 255 236 255
-1.8309 -2.4994 0.5700 255 226 255
-1.8309 -2.4994 0.6299 255 215 255
-1.8310 -2.4994 0.6900 255 200 255
-1.8308 -2.4994 0.7498 255 184 255
-1.8309 -2.4994 0.8099 254 166 254
-1.8310 -2.4994 0.8701 253 146 251
-1.8308 -2.4994 0.9302 245 124 244
-1.8301 -2.4994 0.9885 224 101 226
-1.8118 -2.4994 1.0282 222 104 226
-1.8306 -2.4993 1.1099 248 127 246
-1.8306 -2.4993 1.1701 241 115 240
-1.8289 -2.4993 1.2164 233 105 233
-1.8301 -2.4995 1.2903 247 124 245
-1.8295 -2.4995 1.3342 219 111 224
-1.8462 -2.4061 -0.0533 206 118 71
-1.8304 -2.3685 -0.0535 222 126 71
-1.8326 -2.2998 -0.0535 221 126 70
-1.8303 -2.2487 -0.0536 231 138 75
-1.8298 -2.1894 -0.0537 238 148 78
-1.8131 -2.1545 -0.0537 240 152 80
-1.8302 -2.0689 -0.0535 231 137 73
-1.8321 -2.0036 -0.0535 242 201 170
-1.8305 -1.9492 -0.0536 254 254 251
-1.8286 -1.8918 -0.0537 254 254 252
-1.8113 -1.8474 -0.0537 254 254 253
-1.8400 -1.7461 -0.0534 253 251 244
-1.8302 -1.7088 -0.0535 254 254 247
-1.8306 -1.6488 -0.0536 254 254 251
-1.8284 -1.5953 -0.0537 254 254 253
-1.8106 -1.5517 -0.0535 254 253 243
-1.8342 -1.4745 -0.0535 177 154 155
-1.8243 -1.4049 -0.0535 117 61 55
-1.8291 -1.3489 -0.0535 127 65 54
-1.8288 -1.2889 -0.0536 142 72 53
-1.8317 -1.2313 -0.0537 159 81 54
-1.8478 -1.1858 -0.0537 178 92 55
-1.8281 -1.1094 -0.0519 118 70 75
-1.8089 -1.0293 -0.0533 192 103 63
-1.8516 -0.9675 -0.0537 250 231 203
-1.8487 -0.9152 -0.0536 223 184 154
-1.8315 -0.8672 -0.0537 233 200 169
-1.8289 -0.8101 -0.0537 246 222 192
-1.8323 -0.7506 -0.0537 252 237 210
-1.8367 -0.6906 -0.0537 254 246 224
-1.8410 -0.6310 -0.0537 254 252 241
-1.8452 -0.5718 -0.0537 254 254 248
-1.8492 -0.5124 -0.0537 253 249 244
-1.8535 -0.4539 -0.0537 242 154 81
-1.8564 -0.4019 -0.0537 241 153 81
-1.8306 -0.3396 -0.0534 223 128 73
-1.8320 -0.2705 -0.0513 116 83 93
-1.8562 -0.2409 0.6584 57 68 101
-1.8590 -0.2436 0.6604 48 49 46
-1.8288 -0.1899 -0.0537 245 165 86
-1.8362 -0.2024 0.6501 43 43 42
-1.8504 -0.1969 0.6657 86 61 85
-1.8442 -0.1391 -0.0537 147 75 57
-1.8032 -0.1405 0.4621 93 93 85
-1.8013 -0.1448 0.4845 73 73 68
-1.8341 -0.1678 0.6484 38 39 39
-1.8499 -0.1687 0.6637 42 42 46
-1.8297 -0.0898 -0.0537 170 88 60
-1.8241 -0.0811 0.3725 240 150 192
-1.8291 -0.0031 -0.0536 211 153 124
-1.8340 -0.0268 0.0662 101 94 104
-1.8267 0.0097 0.3739 254 240 163
-1.8060 0.0301 0.4347 153 101 138
-1.8592 0.0594 0.5223 77 67 72
-1.8591 0.0592 0.5648 169 111 168
-1.8318 0.0132 0.6356 46 43 45
-1.8563 -0.0318 0.6615 29 29 29
-1.8289 0.0892 -0.0534 254 251 236
-1.8517 0.0999 0.4036 254 254 212
-1.8543 0.1065 0.4240 254 249 183
-1.8570 0.0652 0.5270 68 68 61
-1.8516 0.0717 0.5737 98 79 93
-1.8374 0.0735 0.6104 124 86 121
-1.8171 0.1414 -0.0534 254 252 239
-1.8462 0.1435 0.4025 254 254 216
-1.8518 0.1379 0.4245 254 248 186
-1.8313 0.1956 -0.0535 201 200 196
-1.8593 0.1809 0.4066 246 212 140
-1.8540 0.1850 0.4218 253 233 154
-1.8310 0.2695 -0.0517 158 133 116
-1.8298 0.3261 -0.0516 172 144 127
-1.8279 0.3987 -0.0519 225 191 165
-1.8289 0.4504 -0.0518 226 193 169
-1.8313 0.5171 -0.0517 131 92 94
-1.8310 0.5760 -0.0515 112 74 86
-1.8252 0.6549 -0.0519 124 75 82
-1.8313 0.6916 -0.0519 123 75 82
-1.8292 0.7442 -0.0518 122 75 83
-1.8259 0.8032 -0.0516 122 76 84
-1.8303 0.8873 -0.0520 135 79 81
-1.8274 0.9299 -0.0519 130 77 82
-1.8333 0.9905 -0.0518 165 121 115
-1.8290 1.0521 -0.0517 220 184 161
-1.8281 1.1101 -0.0515 215 179 158
-1.8302 1.1797 -0.0519 222 188 166
-1.8297 1.2294 -0.0518 218 181 159
-1.8452 1.3008 -0.0518 216 179 157
-1.8378 1.3526 -0.0518 218 183 161
-1.8275 1.4087 -0.0517 214 178 158
-1.8307 1.4676 -0.0516 211 177 158
-1.8310 1.5294 -0.0515 132 98 104
-1.8270 1.5905 -0.0515 106 78 95
-1.8317 1.6506 -0.0514 102 77 95
-1.8284 1.7088 -0.0513 102 78 96
-1.8299 1.7679 -0.0512 102 78 96
-1.8307 1.8279 -0.0511 102 78 96
-1.8307 1.8869 -0.0510 99 78 96
-1.8297 1.9472 -0.0510 96 78 98
-1.8293 2.0106 -0.0509 133 107 113
-1.8312 2.0730 -0.0508 168 138 135
-1.8266 2.1318 -0.0507 163 135 133
-1.8274 2.1892 -0.0506 159 132 132
-1.8339 2.2473 -0.0505 155 128 129
-1.8334 2.3084 -0.0504 152 126 129
-1.8241 2.3669 -0.0504 148 124 129
-1.8237 2.4285 -0.0503 145 123 128
-1.8299 2.4961 0.0003 240 124 234
-1.8330 2.4968 0.0897 247 125 242
-1.8308 2.4968 0.1505 247 124 242
-1.8313 2.4968 0.2083 247 124 241
-1.8308 2.4968 0.2695 246 123 241
-1.8303 2.4968 0.3306 246 122 240
-1.8288 2.4968 0.3892 245 120 239
-1.8304 2.4968 0.4501 244 119 238
-1.8290 2.4968 0.5095 243 117 237
-1.8276 2.4968 0.5694 242 115 236
-1.8289 2.4968 0.6305 241 113 234
-1.8267 2.4968 0.6899 239 110 233
-1.8271 2.4968 0.7498 238 108 230
-1.8308 2.4968 0.8100 236 105 228
-1.8302 2.4968 0.8702 233 102 226
-1.8298 2.4968 0.9299 231 99 223
-1.8290 2.4968 0.9903 227 96 220
-1.8310 2.4968 1.0496 224 93 216
-1.8322 2.4968 1.1101 220 90 212
-1.8316 2.4967 1.1697 216 86 208
-1.8313 2.4967 1.2300 211 82 203
-1.8316 2.4967 1.2903 205 79 198
-1.8296 2.4968 1.3350 182 82 188
-1.7715 -2.4993 0.0325 254 232 254
-1.7702 -2.4994 0.0981 255 248 255
-1.7701 -2.4994 0.1498 255 250 255
-1.7707 -2.4994 0.2104 255 251 255
-1.7705 -2.4994 0.2706 255 251 255
-1.7704 -2.4994 0.3297 255 251 255
-1.7709 -2.4994 0.3896 255 249 255
-1.7701 -2.4994 0.4501 255 246 255
-1.7703 -2.4994 0.5102 255 240 255
-1.7708 -2.4994 0.5700 255 232 255
-1.7705 -2.4994 0.6299 255 221 255
-1.7707 -2.4994 0.6898 255 208 255
-1.7705 -2.4994 0.7500 255 192 255
-1.7705 -2.4994 0.8100 255 175 254
-1.7706 -2.4994 0.8700 254 156 253
-1.7703 -2.4994 0.9300 250 135 249
-1.7707 -2.4994 0.9900 238 112 237
-1.7646 -2.4994 1.0265 224 99 226
-1.7721 -2.4993 1.1100 250 132 248
-1.7720 -2.4993 1.1700 245 119 243
-1.7708 -2.4993 1.2226 237 109 236
-1.7716 -2.4995 1.2897 248 126 246
-1.7717 -2.4995 1.3337 224 114 227
-1.7744 -2.4407 -0.0518 107 68 78
-1.7718 -2.3641 -0.0535 227 132 71
-1.7744 -2.2914 -0.0535 227 129 69
-1.7700 -2.2489 -0.0535 233 139 72
-1.7705 -2.1889 -0.0536 238 146 76
-1.7663 -2.1489 -0.0537 242 154 79
-1.7703 -2.0686 -0.0535 228 134 72
-1.7736 -1.9953 -0.0535 251 237 222
-1.7704 -1.9487 -0.0535 254 254 251
-1.7705 -1.8886 -0.0537 254 254 252
-1.7629 -1.8521 -0.0537 254 254 253
-1.7930 -1.7653 -0.0535 209 172 148
-1.7717 -1.7046 -0.0534 254 254 248
-1.7708 -1.6489 -0.0536 255 254 251
-1.7701 -1.5888 -0.0537 255 254 253
-1.7560 -1.5546 -0.0537 254 254 254
-1.7892 -1.4581 -0.0534 97 54 56
-1.7881 -1.4084 -0.0535 104 56 54
-1.7860 -1.3484 -0.0536 115 60 52
-1.7839 -1.2887 -0.0537 127 64 50
-1.7904 -1.2490 -0.0537 138 69 50
-1.7695 -1.1678 -0.0517 116 70 76
-1.7510 -1.0913 -0.0534 175 91 59
-1.7661 -1.0460 -0.0535 189 99 60
-1.7691 -0.9890 -0.0535 227 179 149
-1.7690 -0.9290 -0.0536 254 253 245
-1.7955 -0.8526 -0.0537 231 197 167
-1.7974 -0.8272 -0.0537 240 213 184
-1.7791 -0.7320 -0.0522 238 211 187
-1.7700 -0.6781 -0.0537 254 254 252
-1.7699 -0.6313 -0.0536 254 254 251
-1.7699 -0.5711 -0.0535 254 254 249
-1.7653 -0.4850 -0.0537 241 153 86
-1.7703 -0.4514 -0.0537 237 145 80
-1.7699 -0.3910 -0.0535 229 134 76
-1.7713 -0.3426 -0.0534 224 129 74
-1.7699 -0.2713 -0.0514 118 82 91
-1.7689 -0.1932 -0.0537 243 159 85
-1.7785 -0.1854 0.6355 55 56 52
-1.7703 -0.1514 -0.0536 239 149 80
-1.7871 -0.1307 0.4661 179 75 173
-1.7809 -0.1266 0.5063 155 80 149
-1.7749 -0.1227 0.5585 93 80 87
-1.7691 -0.1654 0.6294 54 54 51
-1.7882 -0.0747 -0.0537 173 90 61
-1.7802 -0.0680 0.3751 220 94 213
-1.7640 -0.1176 0.5258 239 110 234
-1.7570 -0.1123 0.5721 193 104 195
-1.7550 -0.1106 0.6170 70 74 82
-1.7705 -0.0001 -0.0537 217 160 131
-1.7970 -0.0367 0.0603 144 102 99
-1.7631 0.0202 0.3919 253 246 204
-1.7636 0.0153 0.4268 218 165 146
-1.7984 0.0566 0.6196 58 55 53
-1.7689 0.0890 -0.0535 254 253 244
-1.7846 0.0871 0.4022 254 253 210
-1.7895 0.0766 0.4237 231 168 132
-1.7978 0.0614 0.6164 64 59 60
-1.7693 0.1493 -0.0535 254 253 244
-1.7990 0.1214 0.4059 254 253 210
-1.7613 0.2036 -0.0534 254 253 243
-1.7480 0.2499 -0.0531 250 243 231
-1.7502 0.3513 -0.0537 235 201 172
-1.7550 0.3904 -0.0537 231 196 166
-1.7468 0.4696 -0.0535 209 170 146
-1.7622 0.5100 -0.0535 128 82 79
-1.7700 0.5615 -0.0534 104 61 67
-1.7678 0.6488 -0.0519 125 75 81
-1.7715 0.6875 -0.0519 126 75 82
-1.7685 0.7478 -0.0517 123 75 83
-1.7716 0.8155 -0.0516 116 74 84
-1.7714 0.8824 -0.0520 129 76 81
-1.7699 0.9290 -0.0519 127 76 81
-1.7707 0.9909 -0.0518 164 120 112
-1.7689 1.0454 -0.0517 222 188 164
-1.7687 1.1025 -0.0515 215 178 157
-1.7712 1.1818 -0.0519 225 193 170
-1.7727 1.2286 -0.0519 221 184 162
-1.7672 1.2922 -0.0517 219 183 161
-1.7684 1.3546 -0.0516 214 179 159
-1.7818 1.4152 -0.0518 215 179 158
-1.7705 1.4695 -0.0517 211 175 156
-1.7700 1.5298 -0.0516 124 91 101
-1.7687 1.5906 -0.0516 104 77 95
-1.7698 1.6505 -0.0515 102 77 95
-1.7671 1.7125 -0.0514 103 77 95
-1.7692 1.7743 -0.0513 101 77 95
-1.7699 1.8324 -0.0512 98 77 96
-1.7708 1.8901 -0.0511 95 77 97
-1.7691 1.9485 -0.0511 93 77 97
-1.7699 2.0089 -0.0510 130 104 111
-1.7701 2.0693 -0.0509 168 139 135
-1.7677 2.1284 -0.0508 161 134 133
-1.7646 2.1878 -0.0507 157 132 132
-1.7754 2.2463 -0.0506 154 129 130
-1.7738 2.3077 -0.0505 151 127 129
-1.7698 2.3712 -0.0505 147 124 128
-1.7649 2.4271 -0.0504 140 119 126
-1.7702 2.4959 0.0033 237 122 232
-1.7707 2.4968 0.0894 246 123 241
-1.7713 2.4968 0.1509 246 123 240
-1.7709 2.4968 0.2107 245 122 240
-1.7704 2.4968 0.2706 245 121 239
-1.7699 2.4968 0.3305 244 120 239
-1.7694 2.4968 0.3903 244 119 238
-1.7690 2.4968 0.4503 243 117 237
-1.7685 2.4968 0.5102 242 115 235
-1.7675 2.4968 0.5707 240 113 234
-1.7693 2.4968 0.6286 239 111 232
-1.7713 2.4968 0.6899 238 108 230
-1.7701 2.4968 0.7501 235 105 228
-1.7703 2.4968 0.8101 233 103 226
-1.7690 2.4968 0.8696 230 99 223
-1.7692 2.4968 0.9305 227 96 219
-1.7684 2.4968 0.9906 224 93 216
-1.7697 2.4968 1.0511 220 90 212
-1.7722 2.4968 1.1105 216 86 208
-1.7702 2.4968 1.1703 211 83 203
-1.7709 2.4968 1.2295 205 79 198
-1.7698 2.4968 1.2899 199 75 191
-1.7701 2.4969 1.3352 174 80 181
-1.7109 -2.4993 0.0301 254 230 254
-1.7095 -2.4994 0.0958 255 247 255
-1.7097 -2.4994 0.1499 255 249 255
-1.7096 -2.4994 0.2098 255 251 255
-1.7096 -2.4994 0.2698 255 251 255
-1.7096 -2.4994 0.3298 255 251 255
-1.7096 -2.4994 0.3898 255 249 255
-1.7096 -2.4994 0.4498 255 246 255
-1.7098 -2.4994 0.5100 255 242 255
-1.7100 -2.4994 0.5700 255 235 255
-1.7098 -2.4994 0.6299 255 225 255
-1.7098 -2.4994 0.6899 255 213 255
-1.7097 -2.4994 0.7499 255 198 255
-1.7098 -2.4994 0.8099 255 182 255
-1.7097 -2.4994 0.8700 254 164 254
-1.7097 -2.4994 0.9300 252 144 251
-1.7100 -2.4994 0.9900 245 122 244
-1.7067 -2.4994 1.0325 234 106 234
-1.7119 -2.4993 1.1101 251 135 249
-1.7119 -2.4993 1.1701 247 123 245
-1.7110 -2.4993 1.2287 240 111 238
-1.6947 -2.4994 1.2708 240 113 239
-1.7125 -2.4995 1.3340 227 116 230
-1.7101 -2.4497 -0.0519 135 78 81
-1.7125 -2.3584 -0.0534 220 125 68
-1.7253 -2.2855 -0.0534 222 128 68
-1.7103 -2.2484 -0.0535 228 133 70
-1.7104 -2.1886 -0.0536 235 142 74
-1.7082 -2.1398 -0.0537 240 152 79
-1.7111 -2.0678 -0.0535 224 130 69
-1.7183 -1.9873 -0.0534 254 252 245
-1.7104 -1.9488 -0.0535 254 254 250
-1.7104 -1.8887 -0.0536 254 254 251
-1.7073 -1.8433 -0.0537 254 254 252
-1.7101 -1.7689 -0.0536 254 254 250
-1.7125 -1.6960 -0.0534 254 253 242
-1.7106 -1.6486 -0.0535 255 254 250
-1.7103 -1.5887 -0.0536 255 254 253
-1.7060 -1.5451 -0.0537 255 254 253
-1.6981 -1.4879 -0.0534 236 188 158
-1.7098 -1.4108 -0.0512 129 78 84
-1.7092 -1.3418 -0.0514 134 80 84
-1.7164 -1.2824 -0.0515 139 80 81
-1.7110 -1.2283 -0.0516 144 82 80
-1.6928 -1.1547 -0.0534 170 89 62
-1.7074 -1.1077 -0.0535 182 96 62
-1.7091 -1.0492 -0.0535 192 102 62
-1.7090 -0.9892 -0.0536 228 179 149
-1.7131 -0.9329 -0.0537 254 253 245
-1.7296 -0.8882 -0.0537 254 254 248
-1.6977 -0.8046 -0.0534 253 244 224
-1.7084 -0.7489 -0.0535 254 248 230
-1.7096 -0.6781 -0.0537 254 254 251
-1.7103 -0.6310 -0.0536 254 254 252
-1.7092 -0.5715 -0.0535 254 254 250
-1.7083 -0.4878 -0.0537 240 151 84
-1.7100 -0.4514 -0.0536 234 140 78
-1.7099 -0.3913 -0.0535 228 133 74
-1.7117 -0.3459 -0.0534 225 131 73
-1.7075 -0.2695 -0.0514 119 81 90
-1.7092 -0.1970 -0.0537 245 161 84
-1.7102 -0.1515 -0.0536 238 148 79
-1.7315 -0.1562 0.6175 62 65 74
-1.7099 -0.0911 -0.0535 228 134 75
-1.7334 -0.0633 0.3852 208 107 206
-1.7396 -0.1051 0.5958 121 96 159
-1.7337 -0.1094 0.6143 68 71 80
-1.7169 0.0292 -0.0537 241 218 203
-1.7255 -0.0141 0.4017 248 194 213
-1.7303 -0.0204 0.4247 237 123 215
-1.7088 0.0892 -0.0536 254 254 250
-1.7091 0.1491 -0.0536 254 254 248
-1.7090 0.2093 -0.0535 254 254 247
-1.7047 0.2661 -0.0534 254 254 248
-1.6894 0.3125 -0.0534 254 253 244
-1.7111 0.3889 -0.0536 247 227 202
-1.7040 0.4612 -0.0535 234 204 180
-1.6990 0.4854 -0.0534 237 207 182
-1.7309 0.5474 -0.0532 111 63 68
-1.7077 0.6419 -0.0519 143 82 82
-1.7090 0.6907 -0.0519 144 82 82
-1.7116 0.7547 -0.0517 141 82 84
-1.7106 0.8135 -0.0516 136 81 86
-1.7081 0.8836 -0.0520 145 83 82
-1.7122 0.9301 -0.0519 137 80 83
-1.7108 0.9842 -0.0518 167 113 104
-1.7067 1.0465 -0.0517 238 209 187
-1.7104 1.1085 -0.0515 231 199 178
-1.7232 1.1901 -0.0519 228 195 173
-1.7070 1.2286 -0.0519 238 209 187
-1.7089 1.2875 -0.0518 235 206 184
-1.7116 1.3443 -0.0517 231 201 180
-1.7070 1.4033 -0.0515 232 203 183
-1.7251 1.4785 -0.0517 221 186 166
-1.7125 1.5289 -0.0517 148 105 107
-1.7090 1.5889 -0.0517 123 83 96
-1.7080 1.6501 -0.0516 125 84 95
-1.7075 1.7090 -0.0515 104 77 93
-1.7096 1.7682 -0.0514 103 77 94
-1.7091 1.8301 -0.0513 98 77 96
-1.7087 1.8926 -0.0512 93 76 97
-1.7086 1.9538 -0.0511 92 76 97
-1.7107 2.0112 -0.0511 132 107 113
-1.7103 2.0728 -0.0510 168 138 134
-1.7085 2.1345 -0.0509 159 131 131
-1.7071 2.1908 -0.0508 154 127 129
-1.7133 2.2459 -0.0507 153 127 129
-1.7103 2.3098 -0.0507 148 124 128
-1.7146 2.3734 -0.0505 145 123 127
-1.7063 2.4255 -0.0505 143 122 128
-1.7106 2.4958 0.0019 236 120 230
-1.7110 2.4969 0.0906 245 121 239
-1.7088 2.4969 0.1491 244 121 239
-1.7092 2.4969 0.2087 244 120 238
-1.7087 2.4969 0.2717 244 120 237
-1.7082 2.4969 0.3304 243 118 237
-1.7077 2.4969 0.3889 242 117 236
-1.7064 2.4969 0.4510 241 115 234
-1.7077 2.4969 0.5095 240 113 233
-1.7088 2.4969 0.5686 238 111 231
-1.7110 2.4969 0.6312 237 108 230
-1.7138 2.4969 0.6894 235 106 228
-1.7112 2.4969 0.7493 233 103 225
-1.7118 2.4969 0.8099 230 100 222
-1.7113 2.4969 0.8706 227 97 219
-1.7106 2.4969 0.9300 224 93 215
-1.7101 2.4969 0.9896 220 90 211
-1.7096 2.4969 1.0497 215 86 207
-1.7097 2.4969 1.1103 210 83 202
-1.7082 2.4969 1.1705 204 79 196
-1.7085 2.4969 1.2301 197 75 191
-1.7076 2.4969 1.2897 190 71 184
-1.7072 2.4969 1.3347 168 76 176
-1.6492 -2.4993 0.0273 254 228 254
-1.6485 -2.4994 0.0936 255 246 255
-1.6482 -2.4994 0.1502 255 248 255
-1.6484 -2.4994 0.2099 255 250 255
-1.6489 -2.4994 0.2694 255 250 255
-1.6485 -2.4994 0.3300 255 249 255
-1.6489 -2.4994 0.3906 255 248 255
-1.6485 -2.4994 0.4502 255 245 255
-1.6481 -2.4994 0.5098 255 242 255
-1.6489 -2.4994 0.5699 255 236 255
-1.6486 -2.4994 0.6299 255 227 255
-1.6487 -2.4994 0.6900 255 216 255
-1.6486 -2.4994 0.7500 255 202 255
-1.6486 -2.4994 0.8101 254 187 254
-1.6487 -2.4994 0.8701 254 169 254
-1.6485 -2.4994 0.9300 253 150 252
-1.6487 -2.4994 0.9900 249 130 247
-1.6469 -2.4994 1.0390 240 112 239
-1.6502 -2.4993 1.1098 252 139 250
-1.6497 -2.4993 1.1696 249 127 247
-1.6499 -2.4993 1.2299 242 114 241
-1.6438 -2.4993 1.2675 238 108 236
-1.6511 -2.4994 1.3342 221 116 226
-1.6412 -2.4503 -0.0518 152 82 76
-1.6536 -2.3525 -0.0534 231 134 68
-1.6502 -2.3087 -0.0535 237 143 72
-1.6520 -2.2419 -0.0535 229 134 70
-1.6503 -2.1888 -0.0536 236 143 73
-1.6490 -2.1308 -0.0537 241 152 77
-1.6312 -2.0922 -0.0537 243 159 82
-1.6504 -2.0085 -0.0536 244 193 152
-1.6518 -1.9457 -0.0535 254 254 249
-1.6503 -1.8889 -0.0536 254 254 251
-1.6483 -1.8339 -0.0537 254 254 251
-1.6501 -1.7684 -0.0535 254 254 248
-1.6560 -1.6883 -0.0534 254 252 238
-1.6506 -1.6488 -0.0535 255 254 250
-1.6503 -1.5888 -0.0536 255 254 252
-1.6483 -1.5357 -0.0537 255 254 252
-1.6467 -1.4743 -0.0535 240 170 126
-1.6302 -1.4318 -0.0531 222 132 90
-1.6489 -1.3524 -0.0513 146 82 80
-1.6493 -1.2980 -0.0514 145 82 81
-1.6352 -1.2179 -0.0534 156 81 60
-1.6485 -1.1683 -0.0535 167 86 59
-1.6486 -1.1089 -0.0536 173 89 58
-1.6492 -1.0492 -0.0536 186 98 59
-1.6550 -0.9944 -0.0537 215 154 119
-1.6719 -0.9509 -0.0537 254 251 239
-1.6466 -0.8680 -0.0535 252 238 216
-1.6490 -0.8098 -0.0535 252 234 207
-1.6487 -0.7494 -0.0536 254 243 221
-1.6500 -0.6797 -0.0537 254 254 250
-1.6497 -0.6319 -0.0536 254 254 252
-1.6506 -0.5711 -0.0535 254 254 250
-1.6484 -0.4911 -0.0537 246 167 91
-1.6502 -0.4515 -0.0536 241 150 78
-1.6499 -0.3913 -0.0535 234 138 74
-1.6522 -0.3489 -0.0534 225 129 73
-1.6457 -0.2698 -0.0515 120 81 90
-1.6493 -0.2001 -0.0537 244 160 84
-1.6501 -0.1510 -0.0536 238 147 78
-1.6508 -0.0925 -0.0535 230 136 74
-1.6732 0.0548 -0.0537 254 254 253
-1.6593 0.0965 -0.0537 254 254 252
-1.6489 0.1491 -0.0537 254 254 251
-1.6490 0.2092 -0.0536 254 254 249
-1.6491 0.2692 -0.0535 254 254 251
-1.6471 0.3277 -0.0534 254 253 246
-1.6326 0.3769 -0.0534 254 254 249
-1.6492 0.4495 -0.0535 248 225 202
-1.6469 0.4913 -0.0534 244 215 188
-1.6540 0.5603 -0.0515 146 84 86
-1.6434 0.6417 -0.0519 159 87 81
-1.6526 0.6900 -0.0518 152 86 83
-1.6505 0.7512 -0.0517 153 87 85
-1.6505 0.8074 -0.0516 148 86 86
-1.6501 0.8781 -0.0520 157 88 82
-1.6492 0.9277 -0.0519 156 88 83
-1.6504 0.9903 -0.0518 193 142 128
-1.6501 1.0567 -0.0516 245 220 200
-1.6501 1.1169 -0.0515 241 212 190
-1.6475 1.1767 -0.0514 238 203 182
-1.6525 1.2296 -0.0519 245 217 196
-1.6489 1.2900 -0.0518 243 215 194
-1.6486 1.3549 -0.0517 245 220 199
-1.6485 1.4166 -0.0516 243 217 197
-1.6528 1.4752 -0.0515 233 198 178
-1.6674 1.5464 -0.0517 142 91 97
-1.6512 1.5930 -0.0517 146 89 94
-1.6505 1.6505 -0.0517 136 86 94
-1.6486 1.7108 -0.0516 103 76 93
-1.6503 1.7696 -0.0515 101 76 93
-1.6503 1.8279 -0.0514 97 76 95
-1.6481 1.8854 -0.0513 95 76 95
-1.6481 1.9453 -0.0513 93 76 96
-1.6498 2.0066 -0.0512 122 100 109
-1.6506 2.0674 -0.0511 164 136 134
-1.6468 2.1274 -0.0510 156 129 129
-1.6517 2.1889 -0.0509 151 124 127
-1.6515 2.2487 -0.0508 148 123 127
-1.6518 2.3115 -0.0507 144 121 126
-1.6507 2.3702 -0.0507 146 123 127
-1.6471 2.4307 -0.0506 141 120 126
-1.6517 2.4960 0.0016 236 118 229
-1.6503 2.4970 0.0889 243 119 237
-1.6506 2.4970 0.1495 243 119 237
-1.6501 2.4970 0.2111 242 119 236
-1.6496 2.4970 0.2728 242 118 235
-1.6491 2.4970 0.3302 241 116 234
-1.6486 2.4970 0.3875 240 115 233
-1.6481 2.4970 0.4493 239 113 232
-1.6476 2.4970 0.5111 237 111 230
-1.6489 2.4970 0.5716 236 108 228
-1.6503 2.4970 0.6302 234 106 226
-1.6503 2.4970 0.6902 231 103 224
-1.6488 2.4970 0.7497 229 100 221
-1.6520 2.4970 0.8095 226 97 218
-1.6518 2.4970 0.8699 223 93 214
-1.6510 2.4970 0.9304 218 90 210
-1.6508 2.4970 0.9903 214 86 206
-1.6505 2.4970 1.0497 209 82 201
-1.6494 2.4970 1.1091 203 79 195
-1.6490 2.4970 1.1697 196 74 189
-1.6488 2.4970 1.2301 188 70 183
-1.6485 2.4970 1.2902 180 66 175
-1.6475 2.4970 1.3347 159 72 168
-1.5885 -2.4993 0.0254 254 225 254
-1.5891 -2.4994 0.0915 255 244 255
-1.5891 -2.4994 0.1498 255 246 255
-1.5895 -2.4994 0.2101 255 247 255
-1.5892 -2.4994 0.2700 255 248 255
-1.5892 -2.4994 0.3301 255 247 255
-1.5893 -2.4994 0.3902 255 245 255
-1.5897 -2.4994 0.4498 255 243 255
-1.5890 -2.4994 0.5101 255 240 255
-1.5896 -2.4994 0.5699 255 236 255
-1.5893 -2.4994 0.6299 254 228 254
-1.5893 -2.4994 0.6899 254 217 254
-1.5895 -2.4994 0.7499 254 204 254
-1.5892 -2.4994 0.8099 254 190 254
-1.5894 -2.4994 0.8699 254 173 254
-1.5893 -2.4994 0.9299 254 155 253
-1.5894 -2.4994 0.9901 251 135 249
-1.5881 -2.4994 1.0455 243 116 241
-1.5890 -2.4993 1.1102 252 141 251
-1.5887 -2.4993 1.1701 250 129 248
-1.5886 -2.4993 1.2297 245 117 243
-1.5863 -2.4993 1.2729 239 109 238
-1.5887 -2.4994 1.3341 219 116 224
-1.5866 -2.4421 -0.0518 151 84 78
-1.5962 -2.3470 -0.0534 225 129 69
-1.5900 -2.3089 -0.0535 234 141 73
-1.5934 -2.2337 -0.0535 228 132 70
-1.5903 -2.1888 -0.0535 235 142 73
-1.5905 -2.1287 -0.0537 242 155 80
-1.5843 -2.0909 -0.0537 244 158 81
-1.5902 -2.0089 -0.0535 243 190 150
-1.5928 -1.9375 -0.0535 254 254 249
-1.5904 -1.8888 -0.0536 254 254 249
-1.5905 -1.8286 -0.0537 254 254 251
-1.5790 -1.7938 -0.0537 254 254 250
-1.6042 -1.6947 -0.0535 254 254 246
-1.5917 -1.6471 -0.0534 254 254 250
-1.5907 -1.5889 -0.0536 255 254 252
-1.5901 -1.5290 -0.0537 253 246 237
-1.5757 -1.4947 -0.0537 246 162 83
-1.5836 -1.4226 -0.0534 237 150 95
-1.5911 -1.3556 -0.0513 142 82 82
-1.5829 -1.2769 -0.0534 148 76 61
-1.5910 -1.2284 -0.0535 149 76 59
-1.5893 -1.1689 -0.0536 155 79 57
-1.5890 -1.1092 -0.0536 161 82 56
-1.5976 -1.0562 -0.0537 173 89 56
-1.6127 -1.0119 -0.0537 192 106 67
-1.5889 -0.9294 -0.0535 249 230 207
-1.5889 -0.8693 -0.0536 250 230 205
-1.5888 -0.8095 -0.0537 251 230 202
-1.5932 -0.7527 -0.0537 253 240 217
-1.5892 -0.6806 -0.0537 254 254 248
-1.5907 -0.6307 -0.0536 254 254 250
-1.5902 -0.5708 -0.0535 254 254 248
-1.5890 -0.4945 -0.0537 249 187 125
-1.5903 -0.4513 -0.0536 242 152 79
-1.5898 -0.3912 -0.0535 236 143 76
-1.5931 -0.3522 -0.0534 231 136 75
-1.5859 -0.2701 -0.0516 134 87 91
-1.5893 -0.2040 -0.0537 240 152 80
-1.5902 -0.1515 -0.0536 234 142 76
-1.5909 -0.0959 -0.0535 229 136 76
-1.5887 0.0473 -0.0537 254 254 253
-1.5901 0.0886 -0.0536 254 254 253
-1.6039 0.1599 -0.0537 254 254 252
-1.5895 0.2100 -0.0537 254 254 251
-1.5891 0.2692 -0.0536 254 254 250
-1.5891 0.3291 -0.0535 254 254 248
-1.5886 0.3888 -0.0534 254 254 252
-1.5765 0.4409 -0.0534 254 254 250
-1.5875 0.4983 -0.0535 229 186 160
-1.5897 0.5795 -0.0515 150 86 86
-1.5881 0.6416 -0.0519 161 89 82
-1.5904 0.6905 -0.0518 158 89 83
-1.5909 0.7453 -0.0517 151 86 84
-1.5898 0.8012 -0.0516 145 85 86
-1.5910 0.8707 -0.0520 156 88 82
-1.5896 0.9295 -0.0519 156 88 83
-1.5888 0.9941 -0.0517 195 146 133
-1.5917 1.0509 -0.0516 244 220 200
-1.5902 1.1106 -0.0515 241 213 192
-1.5902 1.1759 -0.0513 237 203 182
-1.5904 1.2398 -0.0519 244 214 191
-1.5912 1.2898 -0.0518 243 211 188
-1.5906 1.3459 -0.0517 245 220 199
-1.5892 1.4048 -0.0516 243 218 199
-1.5882 1.4640 -0.0515 239 209 189
-1.5902 1.5282 -0.0514 162 104 101
-1.6091 1.6092 -0.0516 149 91 95
-1.5941 1.6566 -0.0517 136 86 94
-1.5904 1.7093 -0.0517 103 75 92
-1.5902 1.7692 -0.0516 98 75 93
-1.5892 1.8310 -0.0515 94 75 95
-1.5898 1.8924 -0.0514 92 75 95
-1.5906 1.9491 -0.0513 92 75 95
-1.5891 2.0098 -0.0513 125 100 109
-1.5892 2.0701 -0.0512 160 134 133
-1.5896 2.1290 -0.0511 153 127 129
-1.5913 2.1890 -0.0510 147 121 126
-1.5893 2.2475 -0.0509 143 118 124
-1.5905 2.3064 -0.0508 140 116 123
-1.5904 2.3692 -0.0507 144 121 126
-1.5890 2.4309 -0.0507 138 118 125
-1.5917 2.4963 0.0023 235 116 228
-1.5908 2.4971 0.0907 241 117 234
-1.5904 2.4971 0.1515 241 117 234
-1.5899 2.4971 0.2117 240 116 233
-1.5896 2.4971 0.2716 239 115 232
-1.5871 2.4971 0.3296 238 114 231
-1.5884 2.4971 0.3880 237 112 230
-1.5879 2.4971 0.4484 236 110 228
-1.5903 2.4971 0.5079 234 108 227
-1.5903 2.4971 0.5688 232 105 225
-1.5898 2.4971 0.6294 230 102 222
-1.5892 2.4971 0.6899 227 99 219
-1.5887 2.4971 0.7505 224 96 216
-1.5913 2.4970 0.8102 221 93 213
-1.5914 2.4970 0.8694 217 89 209
-1.5907 2.4970 0.9292 212 85 204
-1.5900 2.4970 0.9895 207 82 199
-1.5896 2.4970 1.0498 200 78 193
-1.5887 2.4970 1.1096 194 74 187
-1.5886 2.4970 1.1695 186 69 180
-1.5878 2.4970 1.2298 177 65 172
-1.5901 2.4970 1.2892 167 61 164
-1.5908 2.4971 1.3348 148 67 159
-1.5149 -2.4994 0.0538 254 238 254
-1.5301 -2.4994 0.0900 255 242 255
-1.5304 -2.4994 0.1503 255 244 255
-1.5300 -2.4994 0.2100 255 245 255
-1.5300 -2.4994 0.2691 255 245 255
-1.5303 -2.4994 0.3298 255 244 255
-1.5296 -2.4994 0.3910 255 243 255
-1.5300 -2.4994 0.4505 255 241 255
-1.5302 -2.4994 0.5099 255 238 255
-1.5302 -2.4994 0.5699 255 235 255
-1.5300 -2.4994 0.6299 255 228 255
-1.5300 -2.4994 0.6897 255 218 255
-1.5302 -2.4994 0.7499 255 205 255
-1.5300 -2.4994 0.8100 255 191 255
-1.5300 -2.4994 0.8700 255 175 254
-1.5302 -2.4994 0.9300 254 158 253
-1.5299 -2.4994 0.9900 252 139 251
-1.5300 -2.4994 1.0498 245 119 244
-1.5168 -2.4994 1.0852 240 111 239
-1.5286 -2.4993 1.1700 250 131 248
-1.5286 -2.4993 1.2302 246 119 244
-1.5267 -2.4993 1.2796 240 110 238
-1.5272 -2.4994 1.3342 228 120 231
-1.5297 -2.4342 -0.0518 167 112 104
-1.5495 -2.3478 -0.0529 208 122 74
-1.5307 -2.3078 -0.0535 233 161 114
-1.5415 -2.2267 -0.0534 226 134 74
-1.5304 -2.1890 -0.0535 238 169 117
-1.5302 -2.1285 -0.0536 244 179 124
-1.5276 -2.0821 -0.0537 247 188 136
-1.5302 -2.0087 -0.0535 239 190 157
-1.5364 -1.9291 -0.0534 250 237 225
-1.5302 -1.8889 -0.0535 247 223 203
-1.5306 -1.8286 -0.0536 250 227 206
-1.5268 -1.7858 -0.0537 250 222 195
-1.5297 -1.7085 -0.0536 248 221 199
-1.5329 -1.6382 -0.0534 247 228 213
-1.5307 -1.5887 -0.0535 248 226 207
-1.5304 -1.5285 -0.0536 248 222 199
-1.5261 -1.4874 -0.0537 243 182 137
-1.5290 -1.4117 -0.0535 237 151 94
-1.5152 -1.3708 -0.0534 228 139 89
-1.5317 -1.2813 -0.0514 158 105 101
-1.5309 -1.2232 -0.0516 164 109 102
-1.5513 -1.1556 -0.0532 160 90 70
-1.5564 -1.1056 -0.0536 156 81 57
-1.5466 -1.0553 -0.0536 143 82 65
-1.5541 -0.9784 -0.0535 214 175 152
-1.5481 -0.9262 -0.0536 245 222 199
-1.5403 -0.8670 -0.0537 246 219 193
-1.5446 -0.8165 -0.0537 250 228 201
-1.5541 -0.7724 -0.0537 251 228 199
-1.5299 -0.6812 -0.0537 254 253 246
-1.5301 -0.6313 -0.0536 254 254 249
-1.5299 -0.5720 -0.0535 254 253 244
-1.5291 -0.4978 -0.0537 245 191 147
-1.5298 -0.4512 -0.0536 235 142 75
-1.5305 -0.3912 -0.0535 229 135 74
-1.5349 -0.3549 -0.0533 223 129 73
-1.5275 -0.2709 -0.0516 130 86 93
-1.5294 -0.2075 -0.0537 242 153 81
-1.5300 -0.1514 -0.0536 238 147 78
-1.5313 -0.0990 -0.0535 228 133 75
-1.5290 0.0439 -0.0537 254 254 253
-1.5301 0.0887 -0.0536 254 254 251
-1.5142 0.1684 -0.0537 254 254 249
-1.5479 0.2248 -0.0537 254 254 251
-1.5316 0.2716 -0.0537 254 254 251
-1.5289 0.3290 -0.0536 254 254 251
-1.5293 0.3890 -0.0535 254 254 253
-1.5290 0.4493 -0.0535 254 254 251
-1.5211 0.5030 -0.0534 246 222 204
-1.5084 0.5486 -0.0531 205 117 85
-1.5278 0.6355 -0.0519 154 86 81
-1.5294 0.6850 -0.0518 154 86 83
-1.5271 0.7466 -0.0517 150 86 84
-1.5299 0.8133 -0.0515 149 86 85
-1.5293 0.8730 -0.0520 159 89 82
-1.5319 0.9316 -0.0518 151 86 83
-1.5295 0.9873 -0.0517 185 130 117
-1.5320 1.0434 -0.0516 245 221 201
-1.5284 1.1029 -0.0515 241 211 190
-1.5297 1.1666 -0.0514 238 206 184
-1.5294 1.2429 -0.0519 244 211 187
-1.5331 1.2885 -0.0519 243 210 187
-1.5272 1.3517 -0.0518 246 222 201
-1.5304 1.4153 -0.0516 244 219 200
-1.5305 1.4758 -0.0515 233 198 179
-1.5325 1.5331 -0.0514 149 95 97
-1.5254 1.5859 -0.0513 142 89 96
-1.5279 1.6528 -0.0512 123 83 94
-1.5416 1.7182 -0.0517 100 75 92
-1.5292 1.7707 -0.0517 96 74 93
-1.5291 1.8289 -0.0516 94 74 93
-1.5311 1.8878 -0.0515 91 74 94
-1.5306 1.9494 -0.0514 87 74 96
-1.5312 2.0108 -0.0514 124 102 110
-1.5286 2.0718 -0.0513 157 131 131
-1.5290 2.1299 -0.0512 149 123 126
-1.5295 2.1884 -0.0511 144 119 124
-1.5283 2.2473 -0.0510 138 114 122
-1.5289 2.3086 -0.0509 136 114 122
-1.5289 2.3702 -0.0508 140 118 124
-1.5295 2.4317 -0.0508 135 116 124
-1.5306 2.4962 0.0022 231 113 224
-1.5303 2.4971 0.0899 238 115 231
-1.5298 2.4971 0.1488 238 114 231
-1.5293 2.4971 0.2078 237 114 230
-1.5288 2.4971 0.2668 236 113 229
-1.5282 2.4971 0.3299 235 111 228
-1.5277 2.4971 0.3930 234 109 226
-1.5272 2.4971 0.4521 232 107 224
-1.5299 2.4971 0.5114 230 105 222
-1.5327 2.4971 0.5709 228 102 220
-1.5321 2.4971 0.6301 225 99 217
-1.5312 2.4971 0.6899 222 95 214
-1.5308 2.4971 0.7501 218 92 210
-1.5304 2.4971 0.8103 214 88 206
-1.5300 2.4971 0.8705 209 84 201
-1.5295 2.4971 0.9304 204 80 196
-1.5290 2.4971 0.9902 197 76 190
-1.5285 2.4971 1.0501 190 72 184
-1.5274 2.4971 1.1100 181 68 176
-1.5270 2.4971 1.1703 172 63 168
-1.5268 2.4971 1.2302 161 58 159
-1.5315 2.4971 1.2902 150 54 150
-1.5323 2.4971 1.3348 131 62 146
-1.4690 -2.4991 -0.0205 255 253 254
-1.4709 -2.4994 0.0900 255 240 255
-1.4680 -2.4996 0.1713 255 254 255
-1.4691 -2.4996 0.2099 255 254 255
-1.4693 -2.4996 0.2700 255 254 255
-1.4692 -2.4996 0.3303 255 254 255
-1.4692 -2.4996 0.3903 255 254 255
-1.4692 -2.4996 0.4500 255 253 255
-1.4690 -2.4996 0.5100 255 249 255
-1.4692 -2.4996 0.5701 255 237 255
-1.4691 -2.4996 0.6300 255 214 255
-1.4691 -2.4996 0.6901 254 174 254
-1.4685 -2.4996 0.7491 236 112 236
-1.4498 -2.4996 0.7844 215 94 220
-1.4709 -2.4994 0.8701 255 176 255
-1.4710 -2.4994 0.9300 254 159 254
-1.4709 -2.4994 0.9900 253 142 251
-1.4710 -2.4994 1.0499 247 123 245
-1.4676 -2.4994 1.0890 241 111 239
-1.4695 -2.4993 1.1702 251 132 249
-1.4696 -2.4993 1.2302 247 121 245
-1.4685 -2.4993 1.2859 241 111 239
-1.4687 -2.4994 1.3338 232 121 234
-1.4698 -2.4282 -0.0518 243 216 194
-1.4545 -2.3882 -0.0515 240 211 191
-1.4716 -2.3027 -0.0535 254 254 248
-1.4701 -2.2487 -0.0536 254 254 250
-1.4721 -2.1843 -0.0535 254 254 248
-1.4701 -2.1285 -0.0536 254 254 252
-1.4686 -2.0726 -0.0537 254 254 253
-1.4702 -2.0089 -0.0535 244 206 176
-1.4897 -1.9274 -0.0535 229 133 70
-1.4713 -1.8872 -0.0535 231 136 72
-1.4705 -1.8286 -0.0536 238 147 75
-1.4681 -1.7765 -0.0537 243 155 79
-1.4697 -1.7087 -0.0536 230 134 70
-1.4754 -1.6306 -0.0534 226 128 68
-1.4702 -1.5889 -0.0535 229 133 70
-1.4705 -1.5287 -0.0536 238 153 91
-1.4681 -1.4782 -0.0537 254 254 251
-1.4693 -1.4109 -0.0536 249 230 216
-1.4660 -1.3561 -0.0535 250 236 226
-1.4535 -1.3074 -0.0524 246 230 218
-1.4695 -1.2385 -0.0515 240 208 186
-1.4693 -1.1774 -0.0516 242 214 192
-1.4731 -1.1117 -0.0518 244 218 196
-1.4856 -1.0259 -0.0533 242 214 184
-1.4707 -0.9881 -0.0535 170 108 85
-1.4700 -0.9285 -0.0536 148 76 54
-1.4633 -0.8798 -0.0537 149 76 53
-1.4690 -0.8276 -0.0535 187 121 97
-1.4724 -0.7492 -0.0536 190 128 101
-1.4698 -0.6833 -0.0537 223 154 114
-1.4695 -0.6325 -0.0536 226 156 117
-1.4706 -0.5709 -0.0535 227 158 119
-1.4691 -0.5016 -0.0537 241 194 159
-1.4698 -0.4514 -0.0536 246 220 199
-1.4706 -0.3915 -0.0535 243 215 192
-1.4889 -0.3542 -0.0531 211 129 84
-1.4501 -0.2476 -0.0532 246 237 232
-1.4698 -0.2107 -0.0537 250 227 204
-1.4702 -0.1514 -0.0536 250 226 205
-1.4709 -0.1021 -0.0534 247 219 196
-1.4690 0.0397 -0.0537 242 176 125
-1.4491 0.1122 -0.0537 244 159 85
-1.4680 0.1522 -0.0537 243 169 110
-1.4710 0.2090 -0.0536 238 168 117
-1.4915 0.2889 -0.0537 252 230 208
-1.4745 0.3339 -0.0537 249 193 145
-1.4691 0.3893 -0.0536 247 185 136
-1.4691 0.4491 -0.0536 245 177 129
-1.4690 0.5094 -0.0535 245 199 167
-1.4647 0.5653 -0.0534 252 246 237
-1.4494 0.6112 -0.0533 253 250 243
-1.4696 0.6911 -0.0518 223 188 170
-1.4696 0.7576 -0.0516 220 182 164
-1.4687 0.8164 -0.0515 221 184 166
-1.4693 0.8669 -0.0520 227 192 173
-1.4695 0.9270 -0.0518 225 191 172
-1.4690 0.9853 -0.0517 208 164 147
-1.4718 1.0475 -0.0516 171 119 114
-1.4724 1.1043 -0.0515 169 116 111
-1.4720 1.1614 -0.0513 167 114 110
-1.4784 1.2522 -0.0519 184 126 115
-1.4678 1.2896 -0.0519 173 116 109
-1.4709 1.3478 -0.0518 179 125 117
-1.4703 1.4047 -0.0517 177 124 117
-1.4684 1.4626 -0.0516 169 113 109
-1.4713 1.5255 -0.0514 213 173 156
-1.4707 1.5917 -0.0513 214 178 164
-1.4692 1.6483 -0.0512 214 181 168
-1.4701 1.7069 -0.0511 174 142 134
-1.4831 1.7801 -0.0517 148 118 118
-1.4728 1.8301 -0.0517 152 123 123
-1.4687 1.8909 -0.0516 157 129 127
-1.4685 1.9503 -0.0515 150 123 124
-1.4720 2.0079 -0.0515 120 99 108
-1.4686 2.0669 -0.0514 91 80 98
-1.4686 2.1283 -0.0513 88 78 97
-1.4674 2.1909 -0.0512 85 76 97
-1.4705 2.2509 -0.0511 86 78 99
-1.4704 2.3108 -0.0510 85 78 99
-1.4703 2.3726 -0.0509 85 79 99
-1.4682 2.4330 -0.0509 84 78 99
-1.4697 2.4965 0.0019 226 109 220
-1.4697 2.4973 0.0897 235 111 227
-1.4675 2.4973 0.1508 234 111 226
-1.4711 2.4973 0.2104 233 111 226
-1.4705 2.4973 0.2681 232 110 224
-1.4700 2.4973 0.3298 231 108 223
-1.4694 2.4973 0.3916 229 106 221
-1.4689 2.4973 0.4493 227 103 219
-1.4679 2.4973 0.5097 224 100 216
-1.4713 2.4973 0.5704 222 97 214
-1.4711 2.4973 0.6303 219 94 210
-1.4690 2.4973 0.6902 215 90 206
-1.4692 2.4973 0.7501 210 86 202
-1.4690 2.4973 0.8097 205 82 197
-1.4695 2.4973 0.8688 199 78 192
-1.4707 2.4973 0.9301 193 74 186
-1.4707 2.4973 0.9904 185 70 179
-1.4695 2.4973 1.0503 176 65 172
-1.4691 2.4972 1.1104 166 61 163
-1.4688 2.4972 1.1702 154 56 154
-1.4681 2.4972 1.2297 140 50 143
-1.4703 2.4972 1.2901 124 44 131
-1.4709 2.4972 1.3347 107 54 129
-1.4098 -2.4962 -0.0290 254 253 253
-1.4122 -2.4994 0.0899 255 237 255
-1.4088 -2.4996 0.1693 255 254 255
-1.4099 -2.4996 0.2101 255 254 255
-1.4099 -2.4996 0.2697 255 254 255
-1.4097 -2.4996 0.3294 255 254 255
-1.4100 -2.4996 0.3897 255 253 255
-1.4099 -2.4996 0.4501 255 252 255
-1.4099 -2.4996 0.5100 255 248 255
-1.4099 -2.4996 0.5699 255 236 255
-1.4099 -2.4996 0.6301 255 214 255
-1.4099 -2.4996 0.6900 254 178 254
-1.4099 -2.4996 0.7499 244 123 243
-1.4045 -2.4996 0.7869 212 85 217
-1.4120 -2.4994 0.8699 255 176 255
-1.4119 -2.4994 0.9300 254 160 254
-1.4123 -2.4994 0.9901 253 143 252
-1.4119 -2.4994 1.0500 248 125 247
-1.4099 -2.4994 1.0952 241 112 240
-1.4120 -2.4992 1.1703 251 132 249
-1.4119 -2.4992 1.2302 247 122 245
-1.4120 -2.4992 1.2899 241 111 239
-1.3986 -2.4993 1.3246 235 106 234
-1.4079 -2.4280 -0.0517 243 216 193
-1.4104 -2.3831 -0.0517 242 213 190
-1.4115 -2.2967 -0.0534 254 253 245
-1.4101 -2.2487 -0.0535 254 254 249
-1.4129 -2.1760 -0.0535 254 254 249
-1.4108 -2.1292 -0.0535 254 254 252
-1.4104 -2.0686 -0.0537 254 254 252
-1.4007 -2.0330 -0.0537 254 254 252
-1.4103 -1.9487 -0.0536 224 129 71
-1.4127 -1.8798 -0.0535 222 126 69
-1.4105 -1.8288 -0.0536 226 131 71
-1.4101 -1.7691 -0.0537 234 141 73
-1.3939 -1.7347 -0.0537 234 142 72
-1.4272 -1.6284 -0.0534 218 121 67
-1.4112 -1.5881 -0.0534 220 124 69
-1.4104 -1.5290 -0.0536 228 141 86
-1.4095 -1.4698 -0.0537 254 254 247
-1.3909 -1.4354 -0.0537 254 254 247
-1.4093 -1.3507 -0.0535 254 254 251
-1.4024 -1.3054 -0.0534 254 254 249
-1.4112 -1.2280 -0.0515 240 209 187
-1.4097 -1.1684 -0.0516 242 215 194
-1.4096 -1.1116 -0.0517 243 217 196
-1.4133 -1.0492 -0.0519 245 220 197
-1.4119 -0.9822 -0.0535 163 89 65
-1.4100 -0.9290 -0.0536 163 84 57
-1.4091 -0.8705 -0.0537 166 85 54
-1.3909 -0.8359 -0.0537 170 87 57
-1.4295 -0.7307 -0.0536 164 84 60
-1.4099 -0.6828 -0.0537 205 111 63
-1.4099 -0.6301 -0.0536 206 111 64
-1.4100 -0.5703 -0.0535 206 112 67
-1.4093 -0.5050 -0.0537 234 178 143
-1.4103 -0.4514 -0.0536 254 253 245
-1.4105 -0.3936 -0.0535 254 252 241
-1.4115 -0.3286 -0.0517 235 205 184
-1.4049 -0.2440 -0.0537 254 253 245
-1.4101 -0.2115 -0.0537 254 253 246
-1.4103 -0.1513 -0.0535 254 254 249
-1.4108 -0.1051 -0.0534 254 253 245
-1.3873 0.0539 -0.0537 238 147 81
-1.4054 0.0956 -0.0537 242 154 81
-1.4112 0.1490 -0.0536 238 147 78
-1.4103 0.2091 -0.0535 233 139 75
-1.4133 0.2666 -0.0534 227 132 73
-1.4355 0.3507 -0.0537 247 173 109
-1.4187 0.3964 -0.0537 246 169 108
-1.4091 0.4490 -0.0537 244 163 101
-1.4088 0.5091 -0.0536 245 195 161
-1.4092 0.5693 -0.0535 254 254 250
-1.4070 0.6275 -0.0534 254 253 246
-1.3928 0.6753 -0.0533 254 252 242
-1.4099 0.7517 -0.0516 243 214 193
-1.4084 0.8340 -0.0520 248 228 206
-1.4089 0.8707 -0.0519 248 227 206
-1.4082 0.9308 -0.0518 246 220 197
-1.4131 0.9942 -0.0517 202 159 146
-1.4118 1.0571 -0.0516 143 83 85
-1.4105 1.1191 -0.0514 142 83 86
-1.4089 1.1683 -0.0513 141 84 87
-1.4033 1.2414 -0.0518 141 84 87
-1.4127 1.2909 -0.0519 160 93 89
-1.4087 1.3518 -0.0518 157 92 90
-1.4085 1.4146 -0.0517 152 90 91
-1.4103 1.4753 -0.0516 155 97 96
-1.4141 1.5359 -0.0514 241 213 193
-1.4079 1.5878 -0.0513 240 210 190
-1.4085 1.6451 -0.0512 228 196 177
-1.4133 1.7116 -0.0511 195 159 146
-1.4053 1.7692 -0.0510 193 157 144
-1.4268 1.8453 -0.0516 172 141 135
-1.4109 1.8916 -0.0517 162 134 131
-1.4095 1.9492 -0.0516 156 128 127
-1.4100 2.0103 -0.0516 116 97 108
-1.4101 2.0687 -0.0515 80 74 96
-1.4096 2.1290 -0.0514 79 74 96
-1.4084 2.1885 -0.0513 78 73 96
-1.4100 2.2473 -0.0512 78 73 96
-1.4101 2.3068 -0.0511 78 74 97
-1.4113 2.3675 -0.0510 77 74 97
-1.4054 2.4267 -0.0510 76 74 98
-1.4088 2.4962 0.0018 220 105 214
-1.4067 2.4974 0.0905 230 107 222
-1.4078 2.4974 0.1499 229 107 221
-1.4117 2.4973 0.2101 228 107 220
-1.4119 2.4973 0.2693 227 106 219
-1.4114 2.4973 0.3297 225 104 217
-1.4109 2.4973 0.3900 223 102 215
-1.4099 2.4973 0.4501 221 99 213
-1.4101 2.4973 0.5104 218 96 210
-1.4083 2.4973 0.5697 214 92 206
-1.4096 2.4973 0.6301 210 89 202
-1.4071 2.4973 0.6902 205 84 197
-1.4080 2.4973 0.7499 200 80 192
-1.4078 2.4973 0.8093 193 76 187
-1.4111 2.4973 0.8708 187 72 181
-1.4117 2.4973 0.9298 179 67 174
-1.4114 2.4973 0.9897 169 63 166
-1.4106 2.4973 1.0497 158 57 157
-1.4103 2.4973 1.1102 145 52 147
-1.4094 2.4973 1.1701 128 46 134
-1.4096 2.4973 1.2301 108 39 120
-1.4084 2.4973 1.2901 84 33 106
-1.4090 2.4973 1.3348 79 46 112
-1.3507 -2.4926 -0.0355 254 252 253
-1.3517 -2.4994 0.0900 255 234 255
-1.3493 -2.4996 0.1669 255 253 255
-1.3502 -2.4996 0.2099 255 253 255
-1.3497 -2.4996 0.2697 255 253 255
-1.3502 -2.4996 0.3300 255 253 255
-1.3501 -2.4996 0.3902 255 253 255
-1.3501 -2.4996 0.4499 255 251 255
-1.3501 -2.4996 0.5099 255 245 255
-1.3501 -2.4996 0.5700 255 233 255
-1.3500 -2.4996 0.6300 255 211 255
-1.3501 -2.4996 0.6900 255 178 254
-1.3500 -2.4996 0.7499 248 130 247
-1.3477 -2.4996 0.7930 216 87 220
-1.3511 -2.4994 0.8700 255 175 255
-1.3511 -2.4994 0.9299 254 159 254
-1.3512 -2.4994 0.9900 253 143 252
-1.3513 -2.4994 1.0501 249 126 247
-1.3495 -2.4994 1.1017 242 111 240
-1.3524 -2.4992 1.1698 251 132 249
-1.3531 -2.4992 1.2297 247 122 245
-1.3526 -2.4992 1.2898 242 112 240
-1.3491 -2.4992 1.3291 236 105 235
-1.3376 -2.4539 -0.0537 254 254 252
-1.3491 -2.3776 -0.0518 242 214 190
-1.3521 -2.2912 -0.0534 254 253 245
-1.3502 -2.2490 -0.0535 254 254 247
-1.3567 -2.1680 -0.0534 254 254 250
-1.3508 -2.1289 -0.0535 254 254 250
-1.3503 -2.0688 -0.0536 254 254 250
-1.3469 -2.0246 -0.0537 254 254 251
-1.3501 -1.9486 -0.0535 225 131 71
-1.3548 -1.8712 -0.0534 220 124 68
-1.3503 -1.8289 -0.0535 223 127 69
-1.3506 -1.7687 -0.0536 229 134 72
-1.3461 -1.7283 -0.0537 228 134 71
-1.3495 -1.6565 -0.0537 201 109 63
-1.3524 -1.5808 -0.0534 214 120 69
-1.3504 -1.5287 -0.0535 224 138 85
-1.3505 -1.4686 -0.0537 254 252 242
-1.3451 -1.4298 -0.0537 254 251 239
-1.3494 -1.3508 -0.0536 254 254 251
-1.3483 -1.2922 -0.0535 254 254 249
-1.3324 -1.2516 -0.0534 254 252 247
-1.3492 -1.1645 -0.0516 243 217 196
-1.3476 -1.1042 -0.0517 243 214 191
-1.3508 -1.0498 -0.0519 245 218 194
-1.3537 -0.9742 -0.0534 183 96 61
-1.3504 -0.9289 -0.0535 189 100 60
-1.3503 -0.8686 -0.0537 189 99 58
-1.3446 -0.8316 -0.0537 192 102 58
-1.3509 -0.7469 -0.0535 229 134 71
-1.3500 -0.6846 -0.0537 180 94 59
-1.3501 -0.6319 -0.0536 185 98 62
-1.3500 -0.5721 -0.0535 189 100 64
-1.3494 -0.5088 -0.0537 224 163 126
-1.3507 -0.4512 -0.0536 254 251 239
-1.3507 -0.3967 -0.0534 254 250 236
-1.3492 -0.3297 -0.0518 241 212 191
-1.3469 -0.2469 -0.0537 254 251 239
-1.3504 -0.2111 -0.0537 254 252 239
-1.3500 -0.1509 -0.0535 254 253 245
-1.3518 -0.1082 -0.0534 254 252 242
-1.3428 0.0406 -0.0537 243 157 83
-1.3508 0.0889 -0.0536 240 151 80
-1.3510 0.1488 -0.0535 231 137 75
-1.3513 0.2083 -0.0534 223 128 72
-1.3652 0.2515 -0.0533 219 125 71
-1.3505 0.3464 -0.0519 149 85 82
-1.3697 0.4136 -0.0535 207 122 88
-1.3636 0.4596 -0.0537 245 163 99
-1.3494 0.5097 -0.0537 249 204 165
-1.3489 0.5692 -0.0536 254 254 251
-1.3490 0.6290 -0.0535 254 254 247
-1.3486 0.6886 -0.0534 254 252 243
-1.3361 0.7403 -0.0534 254 251 239
-1.3498 0.8267 -0.0520 248 227 207
-1.3475 0.8703 -0.0519 247 225 204
-1.3532 0.9300 -0.0518 245 218 195
-1.3482 0.9913 -0.0517 213 171 152
-1.3509 1.0494 -0.0516 139 82 86
-1.3491 1.1104 -0.0514 140 83 87
-1.3402 1.1862 -0.0518 140 82 87
-1.3510 1.2298 -0.0517 138 82 87
-1.3495 1.2999 -0.0519 154 90 88
-1.3511 1.3498 -0.0518 152 90 90
-1.3510 1.4055 -0.0517 149 89 90
-1.3514 1.4640 -0.0516 154 94 93
-1.3485 1.5237 -0.0515 231 195 174
-1.3497 1.5891 -0.0514 240 211 191
-1.3538 1.6537 -0.0512 223 190 172
-1.3439 1.7080 -0.0511 198 161 147
-1.3559 1.7707 -0.0510 193 158 145
-1.3581 1.8319 -0.0508 190 157 146
-1.3728 1.9059 -0.0514 162 134 132
-1.3546 1.9549 -0.0517 150 123 125
-1.3493 2.0100 -0.0516 113 95 106
-1.3510 2.0710 -0.0516 77 73 96
-1.3473 2.1314 -0.0515 77 73 96
-1.3509 2.1925 -0.0514 76 73 97
-1.3495 2.2496 -0.0513 75 73 97
-1.3504 2.3074 -0.0512 75 74 97
-1.3495 2.3686 -0.0511 75 74 98
-1.3487 2.4281 -0.0511 74 74 98
-1.3501 2.4963 0.0016 215 101 209
-1.3486 2.4974 0.0894 224 103 216
-1.3483 2.4974 0.1497 223 103 215
-1.3515 2.4974 0.2111 222 102 214
-1.3497 2.4974 0.2699 220 101 212
-1.3498 2.4974 0.3295 218 99 210
-1.3482 2.4974 0.3906 215 96 207
-1.3501 2.4974 0.4491 212 94 204
-1.3506 2.4974 0.5100 209 90 201
-1.3498 2.4974 0.5705 204 86 197
-1.3507 2.4974 0.6300 199 82 192
-1.3483 2.4974 0.6898 193 78 186
-1.3488 2.4974 0.7500 186 73 180
-1.3490 2.4974 0.8106 178 69 173
-1.3507 2.4974 0.8700 169 64 166
-1.3493 2.4974 0.9303 158 59 157
-1.3496 2.4974 0.9902 145 53 147
-1.3490 2.4974 1.0493 130 47 135
-1.3512 2.4973 1.1105 111 41 123
-1.3505 2.4973 1.1705 88 34 108
-1.3498 2.4973 1.2302 74 30 100
-1.3493 2.4973 1.2904 73 30 99
-1.3497 2.4974 1.3344 78 45 111
-1.2908 -2.4922 -0.0388 254 251 252
-1.2910 -2.4993 0.0904 255 231 255
-1.2891 -2.4996 0.1647 255 252 255
-1.2900 -2.4996 0.2101 255 252 255
-1.2898 -2.4996 0.2706 255 252 255
-1.2901 -2.4996 0.3303 255 252 255
-1.2897 -2.4996 0.3899 255 251 255
-1.2899 -2.4996 0.4500 255 248 255
-1.2899 -2.4996 0.5101 255 241 255
-1.2899 -2.4996 0.5701 255 228 255
-1.2899 -2.4996 0.6300 255 206 255
-1.2899 -2.4996 0.6899 254 175 254
-1.2899 -2.4996 0.7499 249 132 248
-1.2881 -2.4996 0.7995 217 88 221
-1.2906 -2.4993 0.8701 255 172 254
-1.2908 -2.4993 0.9301 254 158 253
-1.2906 -2.4993 0.9899 253 143 252
-1.2907 -2.4993 1.0500 249 127 247
-1.2897 -2.4993 1.1082 241 110 239
-1.2776 -2.4993 1.1550 243 117 241
-1.2924 -2.4992 1.2300 248 122 245
-1.2919 -2.4992 1.2901 242 112 240
-1.2920 -2.4992 1.3337 214 100 219
-1.2867 -2.4464 -0.0537 254 254 253
-1.2878 -2.3670 -0.0518 243 213 190
-1.2960 -2.2860 -0.0533 254 250 239
-1.2904 -2.2485 -0.0535 254 253 245
-1.3045 -2.1744 -0.0535 254 254 249
-1.2917 -2.1265 -0.0535 254 254 248
-1.2903 -2.0688 -0.0536 254 254 248
-1.2883 -2.0152 -0.0537 249 224 203
-1.2904 -1.9490 -0.0535 214 119 67
-1.3072 -1.8659 -0.0534 219 125 70
-1.2908 -1.8284 -0.0535 218 123 68
-1.2905 -1.7686 -0.0536 219 123 67
-1.2880 -1.7189 -0.0537 214 118 65
-1.2894 -1.6524 -0.0537 183 95 59
-1.2940 -1.5725 -0.0534 202 108 66
-1.2905 -1.5290 -0.0535 209 123 79
-1.2905 -1.4689 -0.0536 254 248 232
-1.2877 -1.4207 -0.0537 254 247 230
-1.2898 -1.3507 -0.0537 254 254 252
-1.2896 -1.2911 -0.0536 254 254 249
-1.2849 -1.2385 -0.0535 254 254 249
-1.2899 -1.1784 -0.0516 242 216 195
-1.2937 -1.1133 -0.0517 242 215 193
-1.2872 -1.0475 -0.0518 243 216 193
-1.2997 -0.9666 -0.0534 194 104 63
-1.2902 -0.9289 -0.0535 203 110 63
-1.2663 -0.8597 -0.0532 137 79 77
-1.2770 -0.8339 -0.0533 156 89 74
-1.2656 -0.7467 -0.0535 147 77 61
-1.2945 -0.6815 -0.0537 167 85 58
-1.2901 -0.6316 -0.0536 170 88 61
-1.2742 -0.5441 -0.0537 178 91 58
-1.2902 -0.5112 -0.0537 211 148 115
-1.2906 -0.4512 -0.0536 254 246 228
-1.2912 -0.3997 -0.0534 254 247 230
-1.2889 -0.3323 -0.0519 242 212 191
-1.2884 -0.2504 -0.0537 254 247 231
-1.2902 -0.2116 -0.0536 254 249 233
-1.2900 -0.1514 -0.0535 254 251 239
-1.2923 -0.1114 -0.0534 254 249 236
-1.2874 0.0171 -0.0537 246 177 113
-1.2908 0.0890 -0.0536 238 148 79
-1.2906 0.1490 -0.0535 230 137 75
-1.3009 0.1952 -0.0534 223 129 72
-1.2894 0.2683 -0.0517 141 82 84
-1.2895 0.3400 -0.0519 151 85 82
-1.2914 0.3910 -0.0518 146 83 83
-1.2913 0.4570 -0.0537 236 150 97
-1.3072 0.5245 -0.0537 252 238 223
-1.2913 0.5713 -0.0537 254 254 251
-1.2891 0.6287 -0.0536 254 254 246
-1.2889 0.6890 -0.0535 254 252 240
-1.2888 0.7491 -0.0534 254 250 236
-1.2810 0.8030 -0.0534 254 248 232
-1.2699 0.8490 -0.0531 253 243 227
-1.2902 0.9308 -0.0518 243 213 190
-1.2892 0.9846 -0.0517 226 186 164
-1.2904 1.0423 -0.0515 145 84 85
-1.2745 1.1255 -0.0517 143 84 86
-1.2904 1.1713 -0.0518 140 83 86
-1.2905 1.2289 -0.0517 139 83 87
-1.2898 1.3019 -0.0520 153 89 88
-1.2919 1.3491 -0.0519 154 90 89
-1.2871 1.4130 -0.0517 150 89 90
-1.2911 1.4756 -0.0516 156 96 95
-1.2940 1.5343 -0.0515 241 212 191
-1.3010 1.5955 -0.0514 240 211 191
-1.3039 1.6498 -0.0512 231 199 181
-1.3069 1.6934 -0.0511 192 158 145
-1.2905 1.7687 -0.0507 167 137 132
-1.2895 1.8313 -0.0506 165 137 133
-1.2897 1.8940 -0.0505 158 129 128
-1.2868 1.9538 -0.0504 150 123 124
-1.3013 2.0167 -0.0517 100 86 102
-1.2874 2.0706 -0.0517 77 72 95
-1.2906 2.1285 -0.0516 76 72 96
-1.2903 2.1862 -0.0515 74 73 96
-1.2925 2.2487 -0.0514 74 73 97
-1.2971 2.3096 -0.0513 74 73 97
-1.3000 2.3679 -0.0512 74 74 98
-1.2995 2.4329 -0.0510 74 75 99
-1.3075 2.4972 0.0025 211 97 204
-1.3066 2.4976 0.0908 219 100 211
-1.3060 2.4976 0.1524 218 99 209
-1.3054 2.4976 0.2101 216 99 208
-1.3049 2.4976 0.2679 214 97 206
-1.3043 2.4975 0.3294 211 95 203
-1.3037 2.4975 0.3910 208 92 200
-1.3032 2.4976 0.4518 204 89 197
-1.3059 2.4975 0.5087 200 86 193
-1.3049 2.4975 0.5687 195 82 188
-1.3043 2.4975 0.6304 189 77 183
-1.3033 2.4975 0.6910 181 72 176
-1.3032 2.4975 0.7502 173 67 169
-1.3031 2.4975 0.8095 163 62 161
-1.3018 2.4975 0.8695 151 57 152
-1.3013 2.4975 0.9300 137 50 140
-1.3010 2.4975 0.9900 119 44 128
-1.3013 2.4975 1.0509 96 36 113
-1.3026 2.4974 1.1096 77 31 102
-1.3021 2.4974 1.1692 74 30 100
-1.3013 2.4974 1.2296 74 30 100
-1.3007 2.4974 1.2901 74 30 100
-1.3005 2.4974 1.3350 79 46 112
-1.2307 -2.4909 -0.0427 254 250 251
-1.2305 -2.4993 0.0901 255 227 255
-1.2289 -2.4996 0.1624 255 250 255
-1.2295 -2.4996 0.2101 255 251 255
-1.2297 -2.4996 0.2703 255 251 255
-1.2295 -2.4996 0.3301 255 250 255
-1.2298 -2.4996 0.3898 255 249 255
-1.2295 -2.4996 0.4499 255 244 255
-1.2296 -2.4996 0.5099 255 235 255
-1.2296 -2.4996 0.5699 255 220 255
-1.2296 -2.4996 0.6299 255 198 255
-1.2296 -2.4996 0.6901 254 168 254
-1.2296 -2.4996 0.7501 249 129 247
-1.2284 -2.4996 0.8061 217 87 221
-1.2307 -2.4993 0.8700 255 169 254
-1.2306 -2.4993 0.9302 254 155 253
-1.2305 -2.4993 0.9902 253 141 251
-1.2306 -2.4993 1.0500 249 126 247
-1.2306 -2.4993 1.1102 241 110 239
-1.2240 -2.4993 1.1467 234 102 233
-1.2301 -2.4992 1.2300 247 121 245
-1.2298 -2.4992 1.2898 242 112 240
-1.2295 -2.4992 1.3336 211 99 216
-1.2284 -2.4371 -0.0537 254 254 252
-1.2305 -2.3694 -0.0517 241 210 187
-1.2302 -2.3278 -0.0517 244 217 194
-1.2308 -2.2473 -0.0535 254 253 243
-1.2305 -2.1889 -0.0536 254 253 244
-1.2328 -2.1183 -0.0535 254 253 245
-1.2305 -2.0687 -0.0535 254 254 247
-1.2303 -2.0089 -0.0537 242 198 166
-1.2164 -1.9744 -0.0537 220 121 64
-1.2304 -1.8888 -0.0536 203 108 62
-1.2323 -1.8220 -0.0535 218 121 67
-1.2307 -1.7687 -0.0536 215 119 66
-1.2294 -1.7103 -0.0537 208 113 63
-1.2097 -1.6750 -0.0537 192 103 61
-1.2439 -1.5675 -0.0534 192 101 63
-1.2308 -1.5286 -0.0534 195 113 77
-1.2302 -1.4687 -0.0536 253 243 223
-1.2288 -1.4117 -0.0537 252 237 213
-1.2119 -1.3688 -0.0537 249 225 201
-1.2294 -1.2912 -0.0536 254 254 250
-1.2291 -1.2312 -0.0535 254 254 250
-1.2203 -1.1876 -0.0534 254 253 248
-1.2109 -1.0937 -0.0529 241 212 188
-1.2078 -1.0437 -0.0534 242 214 191
-1.2163 -0.9882 -0.0533 168 108 96
-1.2248 -0.9291 -0.0532 147 81 75
-1.2337 -0.8774 -0.0532 144 81 76
-1.2285 -0.8142 -0.0537 235 140 70
-1.2411 -0.7409 -0.0534 158 81 61
-1.2524 -0.6662 -0.0536 151 76 58
-1.2358 -0.6244 -0.0536 159 82 59
-1.2363 -0.5444 -0.0537 171 87 57
-1.2306 -0.5111 -0.0537 198 138 111
-1.2301 -0.4512 -0.0535 253 239 218
-1.2316 -0.4028 -0.0534 253 240 217
-1.2296 -0.3289 -0.0519 242 212 190
-1.2291 -0.2534 -0.0537 253 240 218
-1.2302 -0.2113 -0.0536 253 244 226
-1.2297 -0.1515 -0.0535 254 247 231
-1.2134 -0.0709 -0.0537 254 254 253
-1.2301 -0.0027 -0.0536 248 200 159
-1.2306 0.0891 -0.0535 238 145 76
-1.2371 0.1397 -0.0534 231 135 73
-1.2241 0.2361 -0.0517 149 85 84
-1.2314 0.2759 -0.0516 146 84 84
-1.2054 0.3541 -0.0535 153 80 61
-1.2070 0.3719 -0.0534 149 79 62
-1.2315 0.4644 -0.0537 241 158 98
-1.2294 0.5089 -0.0536 247 211 184
-1.2509 0.5890 -0.0537 254 254 249
-1.2342 0.6334 -0.0537 254 252 241
-1.2289 0.6888 -0.0536 254 250 235
-1.2290 0.7491 -0.0535 254 248 232
-1.2291 0.8093 -0.0535 254 246 229
-1.2244 0.8653 -0.0534 253 243 224
-1.2093 0.9105 -0.0533 250 233 211
-1.2289 0.9870 -0.0517 215 174 156
-1.2145 1.0635 -0.0517 147 84 85
-1.2278 1.1117 -0.0518 150 85 84
-1.2298 1.1693 -0.0517 149 85 85
-1.2311 1.2308 -0.0516 145 85 86
-1.2387 1.3115 -0.0519 158 91 87
-1.2362 1.3473 -0.0519 158 91 88
-1.2459 1.4049 -0.0518 152 89 89
-1.2487 1.4583 -0.0516 153 92 92
-1.2352 1.5302 -0.0511 231 196 178
-1.2270 1.5855 -0.0510 232 199 181
-1.2259 1.6464 -0.0509 209 174 161
-1.2300 1.7097 -0.0508 170 137 132
-1.2316 1.7688 -0.0507 168 138 133
-1.2291 1.8278 -0.0506 167 138 133
-1.2344 1.8842 -0.0505 162 133 131
-1.2296 1.9447 -0.0504 153 125 125
-1.2375 2.0040 -0.0503 107 86 99
-1.2484 2.0680 -0.0514 77 71 93
-1.2487 2.1239 -0.0513 77 72 95
-1.2250 2.1944 -0.0499 83 73 94
-1.2367 2.2442 -0.0498 81 73 95
-1.2301 2.3053 -0.0497 80 73 95
-1.2225 2.3759 -0.0496 79 74 96
-1.2418 2.4201 -0.0493 79 74 96
-1.2303 2.5018 0.0025 237 130 233
-1.2305 2.5037 0.0893 247 134 242
-1.2308 2.5037 0.1494 247 135 242
-1.2312 2.5037 0.2093 247 134 241
-1.2293 2.5037 0.2680 246 134 241
-1.2272 2.5037 0.3294 246 133 241
-1.2275 2.5037 0.3895 245 132 240
-1.2278 2.5037 0.4495 245 130 239
-1.2281 2.5037 0.5098 244 128 238
-1.2285 2.5037 0.5699 243 125 237
-1.2288 2.5037 0.6300 242 122 236
-1.2291 2.5037 0.6903 241 120 235
-1.2301 2.5037 0.7496 240 117 233
-1.2290 2.5037 0.8097 238 114 231
-1.2312 2.5037 0.8693 237 111 229
-1.2292 2.5037 0.9293 235 108 227
-1.2318 2.5037 0.9897 233 104 225
-1.2299 2.5037 1.0500 230 101 223
-1.2312 2.4990 1.1226 249 132 245
-1.2315 2.4988 1.1696 245 128 241
-1.2290 2.4988 1.2305 244 124 240
-1.2315 2.4988 1.2896 242 120 238
-1.2298 2.4988 1.3347 237 115 234
-1.1714 -2.4895 -0.0461 254 249 250
-1.1716 -2.4993 0.0896 255 223 255
-1.1705 -2.4996 0.1601 255 248 255
-1.1710 -2.4996 0.2099 255 248 255
-1.1713 -2.4996 0.2698 255 248 255
-1.1710 -2.4996 0.3303 255 247 255
-1.1714 -2.4996 0.3904 255 244 255
-1.1709 -2.4996 0.4501 255 237 255
-1.1713 -2.4996 0.5102 255 227 255
-1.1711 -2.4996 0.5701 255 211 255
-1.1711 -2.4996 0.6300 255 189 255
-1.1712 -2.4996 0.6900 254 160 254
-1.1711 -2.4996 0.7500 247 123 245
-1.1712 -2.4996 0.8100 215 86 220
-1.1592 -2.4996 0.8446 212 85 217
-1.1711 -2.4993 0.9297 254 153 253
-1.1713 -2.4993 0.9899 252 139 251
-1.1712 -2.4993 1.0498 249 125 247
-1.1712 -2.4993 1.1097 241 110 239
-1.1686 -2.4993 1.1518 232 100 232
-1.1691 -2.4992 1.2298 247 121 245
-1.1691 -2.4992 1.2899 242 112 240
-1.1689 -2.4992 1.3341 207 98 214
-1.1700 -2.4294 -0.0537 254 254 250
-1.1536 -2.3954 -0.0537 254 252 245
-1.1671 -2.3196 -0.0518 242 214 190
-1.1714 -2.2414 -0.0535 254 250 236
-1.1705 -2.1886 -0.0536 254 249 235
-1.1754 -2.1100 -0.0534 254 252 242
-1.1703 -2.0688 -0.0535 254 252 243
-1.1705 -2.0084 -0.0536 238 192 159
-1.1665 -1.9672 -0.0537 215 117 63
-1.1704 -1.8887 -0.0536 192 99 60
-1.1738 -1.8137 -0.0535 203 107 63
-1.1706 -1.7689 -0.0535 203 107 62
-1.1706 -1.7088 -0.0537 197 103 59
-1.1646 -1.6705 -0.0537 188 96 56
-1.1874 -1.6111 -0.0527 146 79 65
-1.1724 -1.5231 -0.0534 195 113 77
-1.1700 -1.4688 -0.0535 252 236 213
-1.1706 -1.4085 -0.0537 249 226 200
-1.1705 -1.3739 -0.0537 245 217 190
-1.1723 -1.2873 -0.0537 254 254 250
-1.1692 -1.2309 -0.0536 254 254 250
-1.1674 -1.1732 -0.0535 254 254 247
-1.1495 -1.1327 -0.0535 254 250 240
-1.1706 -1.0513 -0.0534 247 224 201
-1.1707 -0.9913 -0.0533 185 123 105
-1.1706 -0.9315 -0.0532 158 86 74
-1.1820 -0.8899 -0.0531 154 85 76
-1.1704 -0.8086 -0.0537 239 145 72
-1.1585 -0.7738 -0.0537 245 156 76
-1.1836 -0.6787 -0.0534 178 93 63
-1.1915 -0.6080 -0.0535 148 77 60
-1.1753 -0.5664 -0.0534 151 79 62
-1.1792 -0.4983 -0.0536 213 172 149
-1.1706 -0.4515 -0.0535 250 232 210
-1.1716 -0.4058 -0.0534 251 230 204
-1.1713 -0.3278 -0.0520 240 209 187
-1.1846 -0.2522 -0.0537 251 233 210
-1.1708 -0.2105 -0.0536 251 237 216
-1.1491 -0.1271 -0.0537 254 254 252
-1.1675 -0.0873 -0.0537 254 254 253
-1.1708 -0.0041 -0.0536 247 198 159
-1.1746 0.0838 -0.0534 233 139 74
-1.1917 0.1239 -0.0534 219 125 70
-1.1483 0.2365 -0.0532 188 98 66
-1.1528 0.2774 -0.0537 195 102 62
-1.1672 0.3322 -0.0537 173 90 61
-1.1693 0.3879 -0.0536 158 82 61
-1.1737 0.4701 -0.0537 244 163 96
-1.1694 0.5086 -0.0537 249 214 185
-1.1694 0.5690 -0.0535 254 254 251
-1.1927 0.6502 -0.0537 254 250 234
-1.1781 0.6960 -0.0537 254 247 228
-1.1691 0.7492 -0.0536 253 243 223
-1.1688 0.8093 -0.0536 253 241 221
-1.1691 0.8692 -0.0535 252 236 215
-1.1670 0.9270 -0.0534 248 227 204
-1.1522 0.9752 -0.0533 244 219 196
-1.1637 1.0566 -0.0518 153 86 83
-1.1706 1.1117 -0.0517 148 85 84
-1.1698 1.1691 -0.0516 147 84 84
-1.1703 1.2277 -0.0515 147 85 86
-1.1713 1.2895 -0.0514 143 84 88
-1.1704 1.3514 -0.0513 138 84 89
-1.1686 1.4102 -0.0512 137 83 89
-1.1715 1.4687 -0.0511 153 100 100
-1.1754 1.5289 -0.0510 229 196 178
-1.1698 1.5882 -0.0509 230 195 177
-1.1664 1.6462 -0.0508 208 172 159
-1.1705 1.7070 -0.0507 169 136 131
-1.1698 1.7702 -0.0506 169 139 134
-1.1699 1.8296 -0.0505 166 136 132
-1.1752 1.8830 -0.0505 164 136 134
-1.1695 1.9464 -0.0503 155 128 128
-1.1682 2.0164 -0.0502 96 77 94
-1.1636 2.0756 -0.0500 84 72 92
-1.1700 2.1250 -0.0499 83 73 94
-1.1758 2.1757 -0.0499 83 72 93
-1.1682 2.2520 -0.0498 82 72 93
-1.1577 2.3285 -0.0494 81 73 95
-1.1812 2.3503 -0.0495 80 74 97
-1.1731 2.4370 -0.0494 79 74 96
-1.1672 2.5038 0.0030 248 134 243
-1.1670 2.5037 0.0905 248 135 243
-1.1688 2.5037 0.1513 248 135 243
-1.1683 2.5037 0.2077 247 135 243
-1.1686 2.5037 0.2685 247 134 242
-1.1690 2.5037 0.3295 247 133 242
-1.1693 2.5037 0.3903 246 132 241
-1.1696 2.5037 0.4512 246 130 240
-1.1712 2.5037 0.5098 245 128 239
-1.1689 2.5037 0.5703 244 126 239
-1.1705 2.5037 0.6287 243 124 237
-1.1708 2.5037 0.6898 242 121 236
-1.1712 2.5037 0.7508 241 118 235
-1.1728 2.5037 0.8092 240 115 233
-1.1705 2.5037 0.8702 238 112 231
-1.1733 2.5037 0.9304 236 109 229
-1.1720 2.5037 0.9905 235 106 227
-1.1727 2.5037 1.0508 232 103 225
-1.1715 2.4990 1.1243 249 132 246
-1.1702 2.4988 1.1710 243 127 240
-1.1724 2.4988 1.2293 243 123 239
-1.1706 2.4988 1.2906 241 119 237
-1.1706 2.4989 1.3356 222 111 224
-1.0994 -2.4981 -0.0244 254 249 253
-1.1127 -2.4993 0.0903 255 220 255
-1.0994 -2.4991 0.1693 255 251 255
-1.0991 -2.4991 0.2094 255 251 255
-1.0985 -2.4991 0.2704 255 251 255
-1.0987 -2.4991 0.3302 255 250 255
-1.0988 -2.4991 0.3897 255 248 255
-1.0984 -2.4991 0.4494 255 241 255
-1.0974 -2.4991 0.5098 255 228 255
-1.0974 -2.4991 0.5699 255 207 255
-1.0976 -2.4991 0.6300 254 175 254
-1.0978 -2.4991 0.6901 249 130 247
-1.0958 -2.4991 0.7473 215 85 219
-1.1115 -2.4996 0.8099 213 84 218
-1.1076 -2.4996 0.8495 211 83 216
-1.1126 -2.4993 0.9298 253 149 253
-1.1127 -2.4993 0.9898 252 136 250
-1.1124 -2.4993 1.0500 248 122 246
-1.1126 -2.4993 1.1100 240 109 239
-1.1109 -2.4993 1.1580 230 98 230
-1.1101 -2.4992 1.2302 247 119 244
-1.1097 -2.4992 1.2900 242 111 240
-1.1098 -2.4992 1.3338 210 98 216
-1.1106 -2.4287 -0.0536 254 253 245
-1.1060 -2.3885 -0.0537 254 252 243
-1.1079 -2.3093 -0.0518 241 211 189
-1.1124 -2.2357 -0.0534 254 245 228
-1.1101 -2.1890 -0.0535 253 244 226
-1.1290 -2.1067 -0.0535 254 251 241
-1.1112 -2.0680 -0.0535 254 250 236
-1.1102 -2.0087 -0.0536 231 184 154
-1.1081 -1.9578 -0.0537 200 105 59
-1.1102 -1.8885 -0.0536 175 90 59
-1.1221 -1.8064 -0.0534 187 99 63
-1.1101 -1.7684 -0.0535 181 95 61
-1.1104 -1.7087 -0.0536 171 87 58
-1.1076 -1.6615 -0.0537 161 82 55
-1.1116 -1.5891 -0.0507 135 82 83
-1.1138 -1.5147 -0.0534 182 110 82
-1.1102 -1.4689 -0.0535 249 227 202
-1.1140 -1.4150 -0.0536 245 217 191
-1.1106 -1.3522 -0.0512 234 201 181
-1.1215 -1.2720 -0.0537 254 253 246
-1.1092 -1.2311 -0.0537 254 254 247
-1.1056 -1.1703 -0.0494 251 247 235
-1.0954 -1.1493 0.0914 135 97 62
-1.0898 -1.1609 0.1592 158 127 101
-1.0897 -1.1610 0.2096 148 116 93
-1.0897 -1.1610 0.2692 152 108 107
-1.0898 -1.1610 0.3290 160 110 112
-1.0898 -1.1610 0.3893 156 105 109
-1.0900 -1.1607 0.4498 156 98 114
-1.0900 -1.1601 0.5101 141 104 142
-1.0940 -1.1551 0.5411 201 125 140
-1.1162 -1.1248 -0.0535 254 252 243
-1.0955 -1.1067 0.0896 150 111 72
-1.0955 -1.1071 0.1497 137 98 63
-1.0955 -1.1072 0.2105 139 101 65
-1.0955 -1.1083 0.2705 141 103 66
-1.0955 -1.1088 0.3300 144 107 69
-1.0955 -1.1094 0.3895 144 108 70
-1.0955 -1.1095 0.4498 144 108 70
-1.0955 -1.1106 0.5101 122 87 58
-1.0953 -1.1125 0.5409 166 114 93
-1.1274 -1.0527 -0.0522 249 231 209
-1.0956 -1.0462 0.0893 150 111 71
-1.0956 -1.0472 0.1493 145 106 68
-1.0956 -1.0473 0.2094 149 111 71
-1.0956 -1.0483 0.2702 157 119 78
-1.0956 -1.0488 0.3298 154 117 76
-1.0956 -1.0493 0.3893 152 115 75
-1.0956 -1.0494 0.4503 151 115 75
-1.0956 -1.0504 0.5107 127 91 60
-1.0948 -1.0468 0.5404 199 136 114
-1.1320 -0.9957 -0.0511 198 137 113
-1.0956 -0.9908 0.0910 154 114 73
-1.0956 -0.9913 0.1504 156 117 74
-1.0956 -0.9919 0.2098 157 118 76
-1.0956 -0.9920 0.2706 154 115 74
-1.0956 -0.9928 0.3315 149 110 71
-1.0956 -0.9933 0.3912 145 107 69
-1.0956 -0.9934 0.4501 135 97 63
-1.0956 -0.9940 0.5098 131 94 61
-1.0954 -1.0017 0.5409 170 116 95
-1.1364 -0.9442 -0.0530 176 109 96
-1.0984 -0.9394 0.1037 230 199 178
-1.0985 -0.9345 0.1495 163 120 119
-1.0985 -0.9275 0.2094 155 119 133
-1.0985 -0.9204 0.2700 211 102 198
-1.0985 -0.9134 0.3297 209 101 196
-1.0985 -0.9064 0.3902 204 96 192
-1.0977 -0.9114 0.4332 186 97 155
-1.0957 -0.9336 0.5103 131 94 61
-1.0949 -0.9233 0.5408 200 140 110
-1.1259 -0.8681 -0.0530 254 254 246
-1.0957 -0.8681 0.1001 168 125 78
-1.0958 -0.8671 0.1502 166 124 78
-1.0958 -0.8677 0.2102 169 126 79
-1.0958 -0.8680 0.2698 165 123 78
-1.0958 -0.8684 0.3294 166 124 79
-1.0958 -0.8693 0.3896 157 116 73
-1.0985 -0.8949 0.4532 198 88 185
-1.0986 -0.8887 0.5098 191 81 181
-1.0960 -0.8820 0.5405 176 107 108
-1.1245 -0.8084 -0.0532 253 244 231
-1.0958 -0.8101 0.1053 174 130 81
-1.0958 -0.8088 0.1503 169 124 77
-1.0958 -0.8092 0.2101 170 126 79
-1.0958 -0.8100 0.2705 168 125 78
-1.0958 -0.8105 0.3305 168 127 80
-1.0958 -0.8106 0.3901 161 120 76
-1.0958 -0.8113 0.4497 151 111 71
-1.0958 -0.8114 0.5099 141 102 66
-1.0954 -0.8169 0.5405 183 134 92
-1.1218 -0.7690 -0.0526 251 236 216
-1.0958 -0.7511 0.1094 178 132 81
-1.0959 -0.7489 0.1497 176 129 80
-1.0959 -0.7491 0.2098 173 128 79
-1.0959 -0.7499 0.2703 170 126 78
-1.0959 -0.7497 0.3302 179 137 87
-1.0959 -0.7507 0.3901 166 124 78
-1.0959 -0.7507 0.4504 162 120 76
-1.0959 -0.7512 0.5101 153 112 71
-1.0958 -0.7487 0.5406 190 131 103
-1.0949 -0.6865 0.0289 210 161 97
-1.0959 -0.6936 0.1137 193 147 92
-1.0959 -0.6879 0.1503 198 152 96
-1.0959 -0.6883 0.2100 191 145 90
-1.0959 -0.6885 0.2693 194 149 93
-1.0959 -0.6893 0.3298 196 152 96
-1.0959 -0.6893 0.3903 189 144 91
-1.0959 -0.6898 0.4499 185 142 90
-1.0959 -0.6902 0.5099 160 118 75
-1.0961 -0.6918 0.5404 198 135 112
-1.1259 -0.6161 -0.0517 199 109 66
-1.0955 -0.6418 0.1045 225 185 119
-1.0960 -0.6281 0.1511 210 177 118
-1.0960 -0.6276 0.2101 205 168 111
-1.0960 -0.6278 0.2701 203 166 109
-1.0960 -0.6282 0.3300 203 166 109
-1.0960 -0.6287 0.3899 198 158 101
-1.0960 -0.6293 0.4498 195 155 100
-1.0960 -0.6292 0.5099 186 143 91
-1.0954 -0.6274 0.5407 223 169 127
-1.1313 -0.5503 -0.0533 155 79 62
-1.0917 -0.5720 0.0896 245 218 147
-1.0910 -0.5665 0.1555 253 237 174
-1.0911 -0.5663 0.2098 250 226 160
-1.0911 -0.5664 0.2705 249 220 153
-1.0912 -0.5666 0.3307 247 216 149
-1.0913 -0.5666 0.3901 242 205 138
-1.0912 -0.5668 0.4502 240 203 135
-1.0914 -0.5669 0.5102 231 184 125
-1.0929 -0.5681 0.5403 236 133 198
-1.1253 -0.5333 -0.0534 157 83 67
-1.1172 -0.4432 -0.0535 247 223 198
-1.1112 -0.4094 -0.0534 247 221 195
-1.1154 -0.3176 -0.0522 241 213 193
-1.1202 -0.2703 -0.0519 239 208 187
-1.0945 -0.1867 -0.0537 252 244 236
-1.1052 -0.1435 -0.0537 254 254 253
-1.1111 -0.0911 -0.0536 254 254 252
-1.1113 -0.0062 -0.0535 245 196 159
-1.1045 0.0942 -0.0536 232 139 75
-1.0920 0.1582 -0.0537 222 128 71
-1.1063 0.2126 -0.0537 213 118 66
-1.1111 0.2694 -0.0537 200 106 63
-1.1113 0.3295 -0.0536 187 97 62
-1.1112 0.3893 -0.0535 177 92 63
-1.1239 0.4752 -0.0537 246 168 95
-1.1100 0.5088 -0.0537 251 217 185
-1.1097 0.5685 -0.0536 254 254 252
-1.1081 0.6177 -0.0535 254 254 248
-1.1100 0.6905 -0.0517 241 211 189
-1.1252 0.7576 -0.0537 252 237 214
-1.1239 0.8080 -0.0536 250 231 208
-1.1274 0.8676 -0.0535 250 230 209
-1.1304 0.9275 -0.0535 246 222 199
-1.1327 0.9825 -0.0534 241 212 189
-1.1091 1.0482 -0.0517 154 85 82
-1.1099 1.1102 -0.0516 151 85 83
-1.1102 1.1714 -0.0515 148 85 85
-1.1086 1.2295 -0.0514 145 84 86
-1.1129 1.2895 -0.0513 143 83 87
-1.1102 1.3478 -0.0512 141 83 87
-1.1083 1.4095 -0.0511 141 84 89
-1.1119 1.4700 -0.0510 157 102 101
-1.1136 1.5298 -0.0509 230 195 178
-1.1121 1.5925 -0.0508 230 195 178
-1.1110 1.6519 -0.0507 200 166 155
-1.1118 1.7113 -0.0506 167 136 131
-1.1097 1.7711 -0.0505 167 136 132
-1.1105 1.8364 -0.0504 165 136 132
-1.1066 1.9005 -0.0503 159 132 131
-1.1092 1.9534 -0.0502 150 123 124
-1.1139 2.0045 -0.0501 110 87 99
-1.1161 2.0550 -0.0500 84 71 91
-1.1108 2.1281 -0.0499 85 72 93
-1.1038 2.2025 -0.0496 82 73 95
-1.1161 2.2419 -0.0497 82 72 94
-1.1150 2.3041 -0.0496 81 72 93
-1.1044 2.3735 -0.0494 80 73 95
-1.1160 2.4275 -0.0493 80 72 94
-1.1071 2.5019 0.0016 239 131 234
-1.1093 2.5038 0.0907 248 135 243
-1.1083 2.5038 0.1499 248 135 243
-1.1078 2.5038 0.2108 248 135 243
-1.1097 2.5038 0.2721 248 134 243
-1.1092 2.5038 0.3296 247 133 243
-1.1095 2.5038 0.3913 247 132 242
-1.1098 2.5038 0.4530 247 130 241
-1.1101 2.5038 0.5094 246 129 241
-1.1115 2.5038 0.5695 245 127 240
-1.1095 2.5038 0.6309 244 124 239
-1.1110 2.5038 0.6894 243 122 237
-1.1124 2.5038 0.7494 242 119 236
-1.1104 2.5038 0.8111 241 116 235
-1.1127 2.5038 0.8704 240 113 233
-1.1128 2.5038 0.9294 238 111 231
-1.1112 2.5038 0.9905 236 108 229
-1.1136 2.5038 1.0506 234 105 227
-1.1155 2.4990 1.1232 249 132 246
-1.1126 2.4988 1.1694 245 128 241
-1.1112 2.4988 1.2304 243 124 240
-1.1140 2.4988 1.2889 242 119 238
-1.1126 2.4989 1.3343 236 114 233
-1.0499 -2.4924 -0.0361 254 248 251
-1.0515 -2.4993 0.0900 255 215 255
-1.0488 -2.4991 0.1660 255 248 255
-1.0503 -2.4991 0.2100 255 248 255
-1.0504 -2.4991 0.2701 255 248 255
-1.0505 -2.4991 0.3302 255 248 255
-1.0507 -2.4991 0.3902 255 243 255
-1.0510 -2.4991 0.4500 255 235 255
-1.0509 -2.4991 0.5100 255 221 255
-1.0512 -2.4991 0.5701 255 200 255
-1.0514 -2.4991 0.6300 254 171 254
-1.0514 -2.4991 0.6900 250 132 248
-1.0517 -2.4991 0.7500 218 88 221
-1.0418 -2.4991 0.7872 211 82 216
-1.0485 -2.4995 0.8560 211 82 216
-1.0520 -2.4993 0.9301 253 145 252
-1.0522 -2.4993 0.9899 251 133 249
-1.0521 -2.4993 1.0498 247 120 245
-1.0522 -2.4993 1.1100 239 107 238
-1.0508 -2.4993 1.1648 228 95 228
-1.0494 -2.4992 1.2299 246 118 244
-1.0494 -2.4992 1.2898 241 110 239
-1.0490 -2.4992 1.3341 206 97 213
-1.0311 -2.4534 -0.0537 254 254 250
-1.0479 -2.3795 -0.0537 254 249 232
-1.0514 -2.3107 -0.0517 240 210 187
-1.0461 -2.2686 -0.0520 243 215 192
-1.0504 -2.1885 -0.0535 252 237 216
-1.0504 -2.1283 -0.0536 251 234 211
-1.0520 -2.0606 -0.0535 254 246 228
-1.0499 -2.0089 -0.0536 221 175 147
-1.0496 -1.9497 -0.0537 175 90 57
-1.0316 -1.9151 -0.0537 160 81 54
-1.0580 -1.8446 -0.0536 152 78 56
-1.0518 -1.7639 -0.0535 170 88 61
-1.0505 -1.7090 -0.0536 161 82 58
-1.0559 -1.6636 -0.0537 153 77 55
-1.0391 -1.6027 -0.0518 138 92 75
-1.0599 -1.5072 -0.0533 194 135 108
-1.0503 -1.4688 -0.0535 244 215 189
-1.0607 -1.4294 -0.0535 241 210 184
-1.0551 -1.3476 -0.0512 222 186 156
-1.0637 -1.2911 -0.0513 211 172 135
-1.0548 -1.2212 -0.0537 254 251 240
-1.0477 -1.1675 -0.0399 252 239 194
-1.0515 -1.1584 0.0906 248 221 149
-1.0504 -1.1610 0.1623 252 235 171
-1.0494 -1.1609 0.2101 249 225 159
-1.0493 -1.1609 0.2698 249 223 156
-1.0496 -1.1609 0.3300 247 220 151
-1.0496 -1.1609 0.3902 243 212 142
-1.0496 -1.1609 0.4500 233 195 126
-1.0497 -1.1609 0.5100 205 162 104
-1.0611 -1.1570 0.5401 218 176 113
-1.0672 -0.5506 -0.0501 209 114 67
-1.0493 -0.5590 0.0899 241 205 134
-1.0499 -0.5589 0.1522 253 238 175
-1.0511 -0.5589 0.2100 253 237 174
-1.0512 -0.5589 0.2703 252 233 169
-1.0513 -0.5589 0.3304 251 231 167
-1.0510 -0.5589 0.3902 249 224 158
-1.0514 -0.5589 0.4501 246 217 150
-1.0515 -0.5589 0.5100 234 187 129
-1.0603 -0.5590 0.5402 243 123 230
-1.0533 -0.5070 -0.0535 241 203 173
-1.0717 -0.4298 -0.0535 245 223 201
-1.0654 -0.4112 -0.0534 243 214 189
-1.0469 -0.3328 -0.0537 254 254 251
-1.0297 -0.2890 -0.0537 254 253 251
-1.0423 -0.1981 -0.0537 254 254 252
-1.0511 -0.1510 -0.0536 254 254 252
-1.0510 -0.0910 -0.0535 254 254 251
-1.0310 0.0396 -0.0537 244 158 83
-1.0450 0.0930 -0.0537 238 148 77
-1.0513 0.1493 -0.0537 229 135 72
-1.0512 0.2096 -0.0536 217 122 69
-1.0512 0.2695 -0.0535 201 108 66
-1.0513 0.3294 -0.0535 190 100 64
-1.0550 0.3870 -0.0534 180 94 64
-1.0681 0.4420 -0.0534 168 87 64
-1.0513 0.5148 -0.0537 252 232 210
-1.0495 0.5689 -0.0536 254 254 252
-1.0487 0.6245 -0.0529 254 254 247
-1.0266 0.6506 0.1087 171 130 83
-1.0273 0.6476 0.1538 193 146 134
-1.0273 0.6476 0.2097 172 118 162
-1.0273 0.6476 0.2701 250 143 247
-1.0273 0.6476 0.3305 250 143 247
-1.0274 0.6476 0.3894 250 141 246
-1.0274 0.6476 0.4499 250 137 246
-1.0274 0.6476 0.5103 249 132 244
-1.0306 0.6520 0.5404 186 74 175
-1.0299 0.6876 0.0273 200 154 95
-1.0283 0.6906 0.1066 145 105 68
-1.0284 0.6897 0.1500 145 106 68
-1.0282 0.6912 0.2100 147 108 71
-1.0282 0.6919 0.2695 147 110 73
-1.0281 0.6936 0.3296 150 114 76
-1.0285 0.6879 0.3908 147 111 75
-1.0287 0.6858 0.4499 146 111 75
-1.0286 0.6870 0.5097 125 85 71
-1.0285 0.6954 0.5404 196 77 191
-1.0252 0.7488 0.0205 197 152 95
-1.0234 0.7530 0.1028 150 114 75
-1.0237 0.7492 0.1487 138 100 66
-1.0238 0.7483 0.2094 138 101 66
-1.0237 0.7502 0.2691 135 99 66
-1.0236 0.7509 0.3301 140 105 71
-1.0238 0.7479 0.3913 142 108 73
-1.0238 0.7482 0.4502 135 103 71
-1.0237 0.7493 0.5099 123 84 72
-1.0235 0.7598 0.5405 193 76 188
-1.0214 0.7998 0.0151 187 142 89
-1.0206 0.7911 0.0994 143 106 70
-1.0208 0.7873 0.1549 133 96 64
-1.0208 0.7874 0.2112 129 94 64
-1.0207 0.7887 0.2715 136 102 69
-1.0206 0.7898 0.3309 136 102 70
-1.0206 0.7897 0.3846 139 105 72
-1.0208 0.7873 0.4487 132 99 69
-1.0207 0.7886 0.5093 124 86 70
-1.0214 0.8052 0.5406 233 101 225
-1.0508 0.8722 -0.0518 245 221 200
-1.0212 0.8431 0.0903 129 93 63
-1.0212 0.8428 0.1470 132 97 66
-1.0212 0.8424 0.2085 134 100 67
-1.0212 0.8422 0.2701 131 97 66
-1.0213 0.8418 0.3269 127 93 64
-1.0213 0.8414 0.3891 127 93 64
-1.0213 0.8412 0.4513 124 89 62
-1.0213 0.8410 0.5038 126 92 64
-1.0203 0.8481 0.5430 221 90 213
-1.0363 0.9435 -0.0518 244 219 197
-1.0499 0.9886 -0.0518 206 158 141
-1.0515 1.0499 -0.0517 150 85 83
-1.0487 1.1084 -0.0516 147 84 84
-1.0508 1.1702 -0.0515 143 84 85
-1.0487 1.2300 -0.0514 141 83 87
-1.0540 1.2900 -0.0513 134 81 88
-1.0490 1.3488 -0.0512 136 82 88
-1.0480 1.4094 -0.0511 135 82 89
-1.0497 1.4699 -0.0510 155 101 100
-1.0534 1.5318 -0.0509 228 192 174
-1.0531 1.5951 -0.0507 229 193 176
-1.0509 1.6557 -0.0506 198 165 155
-1.0508 1.7161 -0.0505 166 135 130
-1.0480 1.7768 -0.0504 165 134 130
-1.0482 1.8365 -0.0503 164 135 132
-1.0529 1.8944 -0.0503 163 136 133
-1.0566 1.9406 -0.0501 151 125 126
-1.0555 2.0024 -0.0500 108 86 99
-1.0484 2.0741 -0.0499 83 72 93
-1.0457 2.1393 -0.0498 83 73 94
-1.0646 2.1800 -0.0496 81 73 95
-1.0507 2.2464 -0.0497 82 74 95
-1.0370 2.3258 -0.0494 79 72 95
-1.0603 2.3485 -0.0494 84 75 95
-1.0500 2.4348 -0.0493 78 73 95
-1.0500 2.5039 0.0073 248 132 243
-1.0465 2.5038 0.0906 248 133 243
-1.0468 2.5038 0.1475 248 133 243
-1.0471 2.5038 0.2100 248 134 243
-1.0474 2.5038 0.2725 248 134 243
-1.0477 2.5038 0.3297 248 133 243
-1.0480 2.5038 0.3867 248 132 243
-1.0482 2.5038 0.4493 247 131 242
-1.0484 2.5038 0.5120 247 129 241
-1.0487 2.5038 0.5691 246 127 241
-1.0504 2.5038 0.6290 245 125 240
-1.0479 2.5038 0.6914 244 122 239
-1.0496 2.5038 0.7514 243 120 237
-1.0507 2.5038 0.8097 242 117 236
-1.0508 2.5038 0.8696 241 115 234
-1.0498 2.5038 0.9304 239 112 233
-1.0499 2.5038 0.9905 238 109 231
-1.0518 2.5038 1.0496 236 106 229
-1.0494 2.4990 1.1259 250 132 246
-1.0481 2.4988 1.1716 244 127 240
-1.0506 2.4988 1.2292 244 123 240
-1.0486 2.4988 1.2903 242 119 238
-1.0486 2.4989 1.3362 218 111 221
-0.9792 -2.4955 -0.0209 249 214 198
-0.9900 -2.4993 0.0899 255 211 255
-0.9750 -2.4991 0.1761 255 250 255
-0.9803 -2.4991 0.2101 255 250 255
-0.9809 -2.4991 0.2702 255 249 255
-0.9813 -2.4991 0.3302 255 246 255
-0.9835 -2.4991 0.3899 255 241 255
-0.9839 -2.4991 0.4499 255 232 255
-0.9832 -2.4991 0.5099 255 217 255
-0.9836 -2.4991 0.5699 255 195 255
-0.9842 -2.4991 0.6300 254 163 254
-0.9848 -2.4991 0.6900 242 117 241
-0.9857 -2.4991 0.7503 213 84 217
-0.9806 -2.4991 0.7935 211 82 216
-0.9890 -2.4995 0.8624 211 82 216
-0.9896 -2.4993 0.9300 253 140 251
-0.9898 -2.4993 0.9901 250 129 248
-0.9900 -2.4993 1.0502 246 117 243
-0.9898 -2.4993 1.1099 238 105 236
-0.9897 -2.4993 1.1693 226 93 227
-0.9745 -2.4993 1.2058 219 89 222
-0.9910 -2.4992 1.2903 240 109 239
-0.9900 -2.4992 1.3339 210 97 216
-0.9671 -2.4435 -0.0537 243 154 76
-0.9891 -2.3705 -0.0537 201 113 70
-0.9693 -2.3347 -0.0535 189 98 60
-0.9861 -2.2602 -0.0519 159 95 85
-0.9903 -2.1888 -0.0535 169 95 71
-0.9945 -2.1342 -0.0536 161 92 71
-0.9937 -2.0521 -0.0534 187 107 75
-0.9898 -2.0087 -0.0535 209 154 125
-0.9905 -1.9486 -0.0537 243 215 189
-0.9993 -1.9135 -0.0537 239 206 179
-1.0105 -1.8443 -0.0525 164 112 88
-0.9932 -1.7556 -0.0534 238 201 172
-0.9923 -1.7113 -0.0535 237 204 177
-1.0113 -1.6736 -0.0534 216 168 136
-0.9876 -1.5846 -0.0507 221 184 165
-0.9914 -1.5243 -0.0508 209 165 135
-0.9975 -1.4732 -0.0534 162 94 76
-1.0090 -1.4220 -0.0510 181 134 90
-0.9961 -1.3652 -0.0516 208 160 141
-0.9806 -1.2707 -0.0536 232 172 134
-1.0095 -1.2073 -0.0537 253 240 216
-0.9890 -1.1652 -0.0320 239 210 153
-0.9920 -1.1583 0.0901 240 201 127
-0.9903 -1.1609 0.1665 241 204 137
-0.9889 -1.1609 0.2100 239 201 134
-0.9888 -1.1609 0.2703 236 198 130
-0.9889 -1.1609 0.3303 233 196 128
-0.9893 -1.1609 0.3900 217 174 110
-0.9891 -1.1609 0.4500 197 154 95
-0.9893 -1.1609 0.5100 145 107 69
-0.9880 -1.1573 0.5403 213 172 110
-0.9907 -0.5590 0.0431 235 194 123
-0.9838 -0.5588 0.1152 253 239 179
-0.9920 -0.5588 0.1501 252 232 165
-0.9911 -0.5588 0.2104 252 233 168
-0.9907 -0.5588 0.2696 252 234 169
-0.9903 -0.5588 0.3297 252 235 173
-0.9908 -0.5588 0.3900 251 233 168
-0.9908 -0.5588 0.4498 250 228 161
-0.9909 -0.5588 0.5099 240 197 136
-0.9832 -0.5591 0.5403 245 122 240
-1.0111 -0.4900 -0.0534 241 200 170
-0.9945 -0.4458 -0.0535 234 157 106
-0.9911 -0.3888 -0.0535 237 158 103
-0.9912 -0.3292 -0.0536 241 165 105
-0.9776 -0.2539 -0.0537 236 165 115
-0.9905 -0.2110 -0.0537 245 205 175
-0.9909 -0.1510 -0.0536 244 206 178
-0.9695 -0.0782 -0.0537 247 165 86
-0.9879 0.0043 -0.0537 247 197 154
-0.9915 0.0894 -0.0536 244 199 163
-0.9912 0.1494 -0.0535 241 195 161
-0.9910 0.2093 -0.0535 237 189 156
-0.9945 0.2671 -0.0534 230 174 139
-1.0070 0.3228 -0.0534 206 118 77
-1.0095 0.3730 -0.0528 190 109 83
-0.9919 0.4537 -0.0516 182 130 120
-0.9921 0.5224 -0.0537 252 225 195
-0.9894 0.5687 -0.0536 251 217 185
-0.9892 0.6281 -0.0517 249 219 186
-0.9881 0.6469 0.1049 222 182 114
-0.9908 0.6447 0.1553 248 239 199
-0.9902 0.6447 0.2103 246 234 193
-0.9909 0.6447 0.2704 254 237 205
-0.9902 0.6447 0.3298 254 238 207
-0.9905 0.6447 0.3898 254 238 206
-0.9903 0.6447 0.4501 254 236 202
-0.9905 0.6447 0.5100 253 225 185
-0.9842 0.6454 0.5402 216 135 166
-1.0197 0.7715 0.1190 202 159 100
-1.0195 0.7746 0.1502 174 126 74
-1.0195 0.7738 0.2130 186 141 86
-1.0195 0.7739 0.2696 183 138 85
-1.0195 0.7736 0.3261 186 143 88
-1.0196 0.7733 0.3887 186 146 93
-1.0195 0.7744 0.4492 177 138 87
-1.0195 0.7740 0.5126 137 97 60
-1.0196 0.7732 0.5401 146 108 68
-1.0189 0.8304 0.0126 198 155 98
-1.0182 0.8198 0.0980 140 104 68
-1.0182 0.8202 0.1495 141 105 70
-1.0181 0.8214 0.2097 142 107 71
-1.0184 0.8174 0.2707 160 125 83
-1.0183 0.8187 0.3299 145 110 73
-1.0185 0.8170 0.3914 135 101 68
-1.0186 0.8154 0.4501 126 93 64
-1.0185 0.8171 0.5101 120 83 69
-1.0189 0.8202 0.5407 162 64 155
-1.0157 0.8712 0.0080 190 146 92
-1.0140 0.8739 0.0945 131 96 64
-1.0140 0.8736 0.1492 134 100 67
-1.0143 0.8698 0.2103 139 104 69
-1.0147 0.8647 0.2705 130 95 65
-1.0146 0.8666 0.3301 125 91 63
-1.0145 0.8675 0.3898 122 90 64
-1.0144 0.8695 0.4500 116 85 61
-1.0143 0.8709 0.5096 117 81 68
-1.0156 0.8624 0.5403 188 74 184
-1.0113 0.9305 0.0026 192 151 103
-1.0096 0.9309 0.0909 130 96 64
-1.0096 0.9306 0.1506 129 95 64
-1.0099 0.9266 0.2095 127 94 65
-1.0098 0.9285 0.2696 125 92 64
-1.0096 0.9300 0.3303 124 92 65
-1.0096 0.9310 0.3903 120 89 63
-1.0095 0.9322 0.4491 118 88 63
-1.0098 0.9282 0.5099 111 77 66
-1.0113 0.9270 0.5409 196 79 191
-1.0055 0.9872 0.0475 129 94 64
-1.0054 0.9844 0.0900 119 86 59
-1.0053 0.9859 0.1499 121 88 60
-1.0052 0.9872 0.2105 124 91 62
-1.0051 0.9891 0.2701 122 89 61
-1.0049 0.9907 0.3304 122 90 62
-1.0048 0.9923 0.3909 116 85 60
-1.0048 0.9923 0.4509 112 81 59
-1.0051 0.9886 0.5095 115 81 68
-1.0064 0.9813 0.5407 182 73 179
-1.0037 1.0434 -0.0028 171 124 85
-1.0025 1.0436 0.0900 160 115 71
-1.0024 1.0441 0.1504 162 117 73
-1.0024 1.0446 0.2098 162 117 73
-1.0024 1.0444 0.2682 166 121 77
-1.0023 1.0457 0.3278 176 134 85
-1.0023 1.0462 0.3885 173 130 83
-1.0022 1.0467 0.4493 170 127 81
-1.0022 1.0473 0.5101 168 118 88
-1.0039 1.0338 0.5416 239 108 232
-0.9988 1.1052 -0.0029 169 124 85
-0.9977 1.1050 0.0895 161 118 74
-0.9978 1.1048 0.1495 160 116 73
-0.9976 1.1062 0.2096 158 115 73
-0.9975 1.1075 0.2711 160 117 75
-0.9976 1.1065 0.3300 165 124 80
-0.9975 1.1079 0.3904 161 120 78
-0.9975 1.1077 0.4509 166 125 81
-0.9974 1.1098 0.5102 166 117 88
-0.9987 1.1006 0.5413 240 109 233
-0.9945 1.1695 -0.0017 157 116 88
-0.9927 1.1706 0.0913 156 117 94
-0.9927 1.1703 0.1509 191 124 130
-0.9926 1.1718 0.2095 185 116 126
-0.9925 1.1724 0.2704 187 118 128
-0.9925 1.1730 0.3314 189 121 130
-0.9925 1.1736 0.3891 192 123 132
-0.9925 1.1734 0.4491 190 123 128
-0.9923 1.1757 0.5103 193 118 139
-0.9948 1.1615 0.5421 230 101 223
-0.9912 1.2277 -0.0074 158 123 123
-0.9883 1.2280 0.0886 142 108 131
-0.9882 1.2292 0.1492 244 117 238
-0.9882 1.2286 0.2115 244 117 239
-0.9881 1.2299 0.2724 244 117 239
-0.9881 1.2305 0.3316 244 117 239
-0.9881 1.2311 0.3908 244 117 238
-0.9880 1.2318 0.4500 244 116 238
-0.9880 1.2324 0.5093 244 116 238
-0.9894 1.2177 0.5417 239 111 231
-0.9993 1.2893 -0.0512 164 111 108
-0.9899 1.3456 -0.0511 187 141 132
-0.9874 1.4069 -0.0510 193 149 139
-0.9881 1.4692 -0.0509 174 123 115
-0.9923 1.5306 -0.0508 190 144 134
-0.9914 1.5921 -0.0507 189 146 137
-0.9887 1.6538 -0.0506 151 122 123
-0.9903 1.7115 -0.0505 127 101 108
-0.9899 1.7680 -0.0504 130 105 111
-0.9932 1.8235 -0.0503 134 109 113
-0.9960 1.8860 -0.0502 134 108 113
-0.9902 1.9538 -0.0500 115 94 105
-0.9841 2.0183 -0.0499 121 99 108
-0.9947 2.0630 -0.0498 107 90 105
-0.9947 2.1192 -0.0498 105 89 103
-0.9889 2.1989 -0.0496 110 93 106
-0.9744 2.2599 -0.0494 127 107 116
-0.9945 2.2994 -0.0494 100 86 101
-0.9849 2.3815 -0.0501 136 116 121
-1.0061 2.4132 -0.0491 87 78 97
-0.9922 2.5023 -0.0008 238 127 234
-0.9886 2.5038 0.0877 248 131 243
-0.9878 2.5039 0.1488 248 131 243
-0.9903 2.5038 0.2117 248 132 243
-0.9895 2.5038 0.2718 248 132 243
-0.9898 2.5038 0.3298 248 132 243
-0.9900 2.5038 0.3875 248 131 243
-0.9914 2.5039 0.4488 247 131 243
-0.9893 2.5039 0.5119 247 129 242
-0.9906 2.5038 0.5721 247 127 241
-0.9909 2.5038 0.6300 246 125 241
-0.9912 2.5038 0.6879 245 123 240
-0.9926 2.5039 0.7481 244 121 238
-0.9914 2.5039 0.8104 243 118 237
-0.9891 2.5039 0.8724 242 116 235
-0.9863 2.5039 0.9305 241 113 234
-0.9875 2.5039 0.9895 239 110 232
-0.9890 2.5039 1.0493 237 108 230
-0.9886 2.4991 1.1251 249 131 245
-0.9867 2.4988 1.1700 245 127 241
-0.9856 2.4988 1.2311 245 123 240
-0.9872 2.4988 1.2898 242 118 237
-0.9883 2.4989 1.3337 236 113 232
-0.9327 -2.4927 -0.0327 245 196 174
-0.9287 -2.4993 0.0905 255 206 255
-0.9275 -2.4990 0.1710 255 247 255
-0.9312 -2.4990 0.2103 255 248 255
-0.9302 -2.4990 0.2700 255 247 255
-0.9311 -2.4990 0.3300 255 246 255
-0.9314 -2.4990 0.3900 255 242 255
-0.9320 -2.4990 0.4500 255 234 255
-0.9308 -2.4990 0.5100 255 222 255
-0.9314 -2.4990 0.5700 255 205 254
-0.9318 -2.4990 0.6299 254 182 254
-0.9307 -2.4990 0.6900 253 151 252
-0.9312 -2.4990 0.7500 239 112 238
-0.9300 -2.4990 0.8081 214 85 218
-0.9118 -2.4990 0.8483 211 82 216
-0.9105 -2.4995 0.9089 221 95 224
-0.9284 -2.4993 0.9899 249 125 247
-0.9284 -2.4993 1.0501 244 114 242
-0.9284 -2.4993 1.1103 236 103 235
-0.9286 -2.4993 1.1703 224 92 225
-0.9249 -2.4993 1.2092 214 85 219
-0.9309 -2.4992 1.2901 239 107 238
-0.9308 -2.4992 1.3344 204 95 212
-0.9312 -2.4298 -0.0537 239 147 74
-0.9226 -2.3728 -0.0537 241 152 77
-0.9106 -2.3173 -0.0537 243 156 79
-0.9088 -2.2700 -0.0532 220 141 82
-0.9322 -2.1866 -0.0535 147 76 60
-0.9462 -2.1500 -0.0535 141 73 58
-0.9453 -2.0461 -0.0533 158 81 60
-0.9307 -2.0088 -0.0535 198 144 120
-0.9345 -1.9583 -0.0536 245 219 195
-0.9463 -1.9107 -0.0533 239 206 181
-0.9312 -1.8319 -0.0502 227 192 174
-0.9373 -1.7477 -0.0534 239 202 176
-0.9369 -1.7249 -0.0534 240 209 184
-0.9374 -1.6598 -0.0506 217 183 151
-0.9481 -1.5950 -0.0508 211 174 131
-0.9382 -1.5293 -0.0535 229 192 166
-0.9488 -1.4751 -0.0534 150 77 61
-0.9288 -1.4131 -0.0535 152 77 59
-0.9064 -1.3320 -0.0536 209 121 69
-0.9270 -1.2854 -0.0536 225 127 69
-0.9305 -1.2312 -0.0535 217 121 69
-0.9436 -1.1613 -0.0215 226 186 122
-0.9299 -1.1582 0.0900 231 184 111
-0.9444 -1.1609 0.1698 225 179 116
-0.9440 -1.1609 0.2102 222 177 114
-0.9443 -1.1609 0.2700 216 170 109
-0.9442 -1.1609 0.3297 213 170 107
-0.9451 -1.1609 0.3894 186 141 86
-0.9454 -1.1609 0.4499 139 102 61
-0.9455 -1.1609 0.5099 53 41 34
-0.9321 -1.1571 0.5402 229 186 123
-0.9313 -0.5590 0.0430 229 184 114
-0.9281 -0.5588 0.1102 251 232 168
-0.9313 -0.5588 0.1499 251 228 161
-0.9305 -0.5588 0.2094 252 233 167
-0.9295 -0.5588 0.2702 253 239 180
-0.9301 -0.5588 0.3300 253 240 181
-0.9297 -0.5588 0.3898 253 241 182
-0.9300 -0.5588 0.4500 251 234 171
-0.9300 -0.5588 0.5099 243 202 140
-0.9280 -0.5589 0.5401 239 123 218
-0.9315 -0.5093 -0.0518 208 165 147
-0.9518 -0.4289 -0.0534 227 130 69
-0.9361 -0.3846 -0.0535 230 134 71
-0.9122 -0.3098 -0.0537 207 111 61
-0.9291 -0.2692 -0.0537 217 118 63
-0.9088 -0.1969 -0.0537 244 160 84
-0.9219 -0.1470 -0.0537 243 156 81
-0.9312 -0.0911 -0.0537 242 154 79
-0.9313 -0.0025 -0.0536 248 212 181
-0.9311 0.0894 -0.0535 254 253 247
-0.9332 0.1477 -0.0534 254 253 245
-0.9460 0.2038 -0.0534 254 251 240
-0.9492 0.2555 -0.0531 251 240 221
-0.9334 0.3295 -0.0518 240 211 190
-0.9304 0.3895 -0.0517 239 210 189
-0.9314 0.4473 -0.0516 237 206 185
-0.9338 0.5297 -0.0537 249 171 89
-0.9296 0.5686 -0.0536 246 162 84
-0.9292 0.6288 -0.0487 245 187 126
-0.9290 0.6423 0.0986 219 172 107
-0.9308 0.6400 0.1577 254 247 197
-0.9301 0.6400 0.2098 254 247 197
-0.9305 0.6400 0.2693 254 247 197
-0.9301 0.6400 0.3296 254 249 202
-0.9306 0.6400 0.3901 254 247 196
-0.9304 0.6400 0.4501 254 248 198
-0.9303 0.6400 0.5100 253 233 175
-0.9332 0.6410 0.5403 229 136 193
-0.9266 1.2422 -0.0331 226 186 120
-0.9312 1.2404 0.1010 233 191 121
-0.9319 1.2411 0.1648 224 181 115
-0.9294 1.2409 0.2100 221 178 113
-0.9294 1.2409 0.2699 214 170 107
-0.9292 1.2409 0.3300 206 162 102
-0.9293 1.2409 0.3901 185 141 88
-0.9292 1.2409 0.4500 154 116 74
-0.9292 1.2409 0.5101 109 79 56
-0.9426 1.2416 0.5402 148 110 69
-0.9290 1.2903 -0.0536 251 230 204
-0.9526 1.3613 -0.0510 233 202 184
-0.9431 1.4109 -0.0509 234 203 186
-0.9287 1.4690 -0.0508 216 176 159
-0.9311 1.5291 -0.0507 141 86 91
-0.9305 1.5875 -0.0506 137 84 91
-0.9301 1.6462 -0.0505 123 80 91
-0.9323 1.7029 -0.0504 89 70 88
-0.9334 1.7623 -0.0503 88 70 89
-0.9301 1.8301 -0.0502 85 71 92
-0.9270 1.9016 -0.0501 83 71 93
-0.9270 1.9610 -0.0499 90 75 94
-0.9407 1.9947 -0.0498 116 93 103
-0.9310 2.0647 -0.0498 147 121 124
-0.9239 2.1442 -0.0496 144 120 124
-0.9415 2.1821 -0.0494 141 118 123
-0.9285 2.2402 -0.0495 140 116 122
-0.9182 2.3251 -0.0493 137 116 123
-0.9420 2.3559 -0.0503 161 143 144
-0.9235 2.4354 -0.0491 132 112 120
-0.9286 2.5032 0.0028 245 128 240
-0.9286 2.5039 0.0893 247 129 243
-0.9307 2.5039 0.1522 247 129 243
-0.9296 2.5039 0.2127 247 129 243
-0.9299 2.5039 0.2712 247 130 243
-0.9302 2.5039 0.3299 247 129 243
-0.9305 2.5039 0.3883 247 129 243
-0.9307 2.5039 0.4469 247 129 242
-0.9323 2.5039 0.5074 247 128 242
-0.9308 2.5039 0.5705 247 127 242
-0.9307 2.5039 0.6330 247 126 241
-0.9318 2.5039 0.6926 246 123 240
-0.9321 2.5039 0.7512 245 121 239
-0.9324 2.5039 0.8100 244 119 238
-0.9307 2.5039 0.8676 243 117 237
-0.9276 2.5039 0.9280 242 114 235
-0.9285 2.5039 0.9879 240 112 233
-0.9284 2.5039 1.0489 239 109 232
-0.9284 2.4991 1.1262 249 130 245
-0.9299 2.4988 1.1708 243 126 239
-0.9306 2.4988 1.2289 244 122 240
-0.9299 2.4988 1.2907 242 117 237
-0.9285 2.4989 1.3369 225 110 225
-0.8734 -2.4900 -0.0439 231 165 136
-0.8621 -2.4995 0.1156 255 199 255
-0.8696 -2.4989 0.1650 255 243 255
-0.8709 -2.4989 0.2097 255 244 255
-0.8697 -2.4989 0.2698 255 243 255
-0.8703 -2.4989 0.3298 255 243 255
-0.8707 -2.4989 0.3899 255 241 255
-0.8713 -2.4989 0.4500 255 234 255
-0.8716 -2.4989 0.5099 255 224 255
-0.8722 -2.4989 0.5700 254 210 254
-0.8727 -2.4989 0.6301 254 192 254
-0.8709 -2.4989 0.6902 254 169 254
-0.8696 -2.4989 0.7499 252 143 251
-0.8702 -2.4989 0.8100 239 110 238
-0.8662 -2.4989 0.8640 215 85 219
-0.8485 -2.4990 0.9038 211 82 216
-0.8684 -2.4993 0.9900 247 121 245
-0.8682 -2.4993 1.0499 242 111 240
-0.8683 -2.4993 1.1100 234 100 233
-0.8682 -2.4993 1.1701 222 90 224
-0.8661 -2.4993 1.2153 212 83 217
-0.8698 -2.4991 1.2900 238 105 237
-0.8686 -2.4992 1.3338 209 96 215
-0.8712 -2.4296 -0.0536 225 130 70
-0.8714 -2.3695 -0.0536 231 137 72
-0.8712 -2.3094 -0.0537 238 147 75
-0.8672 -2.2518 -0.0537 243 156 80
-0.8551 -2.1944 -0.0537 245 160 80
-0.8466 -2.1464 -0.0536 244 168 88
-0.8611 -2.0864 -0.0505 133 79 71
-0.8729 -2.0031 -0.0534 201 152 130
-0.8845 -1.9715 -0.0534 241 211 187
-0.8669 -1.8865 -0.0500 220 183 158
-0.8745 -1.8238 -0.0502 214 176 142
-0.8851 -1.7665 -0.0506 209 171 128
-0.8935 -1.7311 -0.0532 232 196 169
-0.8767 -1.6565 -0.0535 249 227 202
-0.8904 -1.6109 -0.0532 250 232 208
-0.8814 -1.5424 -0.0518 241 212 192
-0.8613 -1.4716 -0.0537 175 91 57
-0.8862 -1.4210 -0.0521 149 86 83
-0.8635 -1.3334 -0.0536 232 140 76
-0.8707 -1.2910 -0.0536 229 135 74
-0.8706 -1.2310 -0.0534 221 127 73
-0.8713 -1.1637 -0.0383 243 212 160
-0.8697 -1.1581 0.0901 228 183 111
-0.8680 -1.1565 0.1748 253 241 182
-0.8704 -1.1565 0.2101 254 243 186
-0.8700 -1.1565 0.2701 254 242 184
-0.8710 -1.1565 0.3303 254 242 183
-0.8702 -1.1565 0.3904 253 236 175
-0.8709 -1.1565 0.4497 251 229 164
-0.8704 -1.1565 0.5102 250 226 158
-0.8648 -1.1571 0.5402 237 202 137
-0.8714 -0.5578 -0.0246 254 250 211
-0.8678 -0.5587 0.1045 251 230 162
-0.8682 -0.5590 0.1697 254 249 205
-0.8706 -0.5590 0.2099 254 250 208
-0.8708 -0.5590 0.2700 254 249 207
-0.8706 -0.5590 0.3300 254 245 193
-0.8707 -0.5590 0.3899 253 238 178
-0.8707 -0.5590 0.4500 249 223 154
-0.8697 -0.5590 0.5101 243 202 145
-0.8703 -0.5588 0.5405 249 110 246
-0.8548 -0.5232 -0.0537 250 231 215
-0.8720 -0.4386 -0.0535 186 99 63
-0.8488 -0.3654 -0.0537 177 90 57
-0.8481 -0.3146 -0.0537 241 154 79
-0.8608 -0.2663 -0.0537 243 155 79
-0.8709 -0.2104 -0.0537 243 156 80
-0.8712 -0.1504 -0.0536 239 148 76
-0.8713 -0.0904 -0.0536 237 144 75
-0.8719 -0.0042 -0.0535 246 207 175
-0.8846 0.0841 -0.0534 254 253 245
-0.8923 0.1302 -0.0530 251 245 236
-0.8715 0.2268 -0.0517 234 200 180
-0.8700 0.2910 -0.0519 238 205 183
-0.8698 0.3306 -0.0518 239 209 188
-0.8704 0.3838 -0.0517 237 206 185
-0.8708 0.4407 -0.0516 237 207 188
-0.8849 0.5349 -0.0537 243 161 87
-0.8702 0.5686 -0.0537 241 154 82
-0.8696 0.6278 -0.0447 246 201 148
-0.8703 0.6378 0.0927 221 173 107
-0.8711 0.6353 0.1601 254 246 197
-0.8706 0.6353 0.2099 254 247 199
-0.8702 0.6353 0.2698 254 248 203
-0.8706 0.6353 0.3300 254 251 211
-0.8703 0.6353 0.3902 254 249 203
-0.8706 0.6353 0.4501 254 246 193
-0.8705 0.6353 0.5101 252 232 173
-0.8638 0.6360 0.5403 221 138 165
-0.8942 1.2408 -0.0282 220 179 118
-0.8726 1.2359 0.1081 237 200 131
-0.8945 1.2382 0.1687 215 172 108
-0.8949 1.2383 0.2097 210 167 105
-0.8948 1.2383 0.2700 207 166 105
-0.8948 1.2383 0.3302 193 152 96
-0.8948 1.2383 0.3905 159 121 78
-0.8947 1.2383 0.4502 117 88 60
-0.8947 1.2383 0.5099 96 69 52
-0.8643 1.2352 0.5403 181 131 95
-0.8897 1.2864 -0.0537 248 223 197
-0.8951 1.3341 -0.0537 250 230 203
-0.8917 1.4215 -0.0510 223 188 174
-0.8947 1.4780 -0.0506 216 175 160
-0.8868 1.5322 -0.0506 130 82 91
-0.8796 1.5881 -0.0505 130 82 92
-0.8696 1.6437 -0.0504 114 78 92
-0.8715 1.7120 -0.0503 86 70 91
-0.8647 1.7747 -0.0502 86 71 92
-0.8644 1.8371 -0.0501 84 70 91
-0.8765 1.8846 -0.0500 83 71 93
-0.8753 1.9426 -0.0499 83 71 93
-0.8692 2.0181 -0.0498 137 112 117
-0.8553 2.0783 -0.0496 145 120 124
-0.8798 2.1160 -0.0496 145 121 125
-0.8681 2.1966 -0.0495 141 117 123
-0.8579 2.2669 -0.0492 143 125 132
-0.8741 2.2989 -0.0493 138 115 122
-0.8619 2.3876 -0.0493 141 122 128
-0.8810 2.4100 -0.0490 133 114 121
-0.8677 2.5036 0.0043 245 126 240
-0.8681 2.5039 0.0929 247 127 242
-0.8684 2.5039 0.1521 247 127 242
-0.8686 2.5039 0.2113 247 128 242
-0.8689 2.5039 0.2705 247 128 242
-0.8691 2.5039 0.3300 247 128 242
-0.8694 2.5039 0.3892 247 127 242
-0.8697 2.5039 0.4485 247 127 242
-0.8699 2.5039 0.5078 247 127 242
-0.8702 2.5039 0.5671 247 126 242
-0.8705 2.5039 0.6267 247 125 241
-0.8715 2.5039 0.6872 246 124 241
-0.8714 2.5039 0.7488 246 122 240
-0.8713 2.5039 0.8093 245 119 239
-0.8715 2.5039 0.8698 244 117 238
-0.8718 2.5039 0.9306 242 115 236
-0.8718 2.5039 0.9901 241 112 234
-0.8717 2.5039 1.0507 239 110 232
-0.8736 2.4991 1.1278 249 129 244
-0.8737 2.4988 1.1714 244 125 240
-0.8725 2.4988 1.2318 245 121 240
-0.8741 2.4988 1.2899 243 117 237
-0.8750 2.4989 1.3334 238 112 233
-0.8173 -2.4833 -0.0518 209 119 76
-0.7934 -2.4992 0.1175 255 198 255
-0.8086 -2.4988 0.1575 255 238 255
-0.8092 -2.4988 0.2100 255 238 255
-0.8098 -2.4988 0.2701 255 238 255
-0.8102 -2.4988 0.3301 255 238 255
-0.8105 -2.4988 0.3899 255 237 255
-0.8110 -2.4988 0.4500 255 233 254
-0.8115 -2.4988 0.5100 254 224 254
-0.8120 -2.4988 0.5700 254 212 254
-0.8125 -2.4988 0.6300 254 197 254
-0.8125 -2.4988 0.6895 254 178 254
-0.8110 -2.4988 0.7499 254 157 253
-0.8102 -2.4988 0.8106 251 133 249
-0.8097 -2.4988 0.8697 237 106 236
-0.8023 -2.4988 0.9170 218 87 221
-0.8093 -2.4993 0.9899 246 117 244
-0.8096 -2.4993 1.0500 240 108 238
-0.8093 -2.4993 1.1098 231 98 231
-0.8092 -2.4993 1.1698 220 88 222
-0.8081 -2.4993 1.2214 211 82 216
-0.8105 -2.4991 1.2903 237 104 236
-0.8094 -2.4991 1.3343 206 94 213
-0.8112 -2.4295 -0.0534 215 120 68
-0.8112 -2.3695 -0.0535 222 125 69
-0.8110 -2.3097 -0.0535 231 136 72
-0.8110 -2.2493 -0.0536 236 144 76
-0.8115 -2.1894 -0.0536 240 150 77
-0.8105 -2.1304 -0.0537 242 154 80
-0.8001 -2.0732 -0.0537 241 153 79
-0.7889 -2.0197 -0.0537 245 189 142
-0.7839 -1.9477 -0.0536 253 251 249
-0.7849 -1.8896 -0.0537 254 253 251
-0.7864 -1.8296 -0.0537 254 254 252
-0.7881 -1.7689 -0.0537 254 254 252
-0.7899 -1.7087 -0.0537 254 254 252
-0.7918 -1.6492 -0.0537 254 254 250
-0.7935 -1.5892 -0.0537 254 253 246
-0.7956 -1.5297 -0.0537 236 208 186
-0.7971 -1.4701 -0.0537 167 84 55
-0.7876 -1.3859 -0.0537 223 129 74
-0.8078 -1.3477 -0.0536 234 140 77
-0.8109 -1.2912 -0.0535 229 135 76
-0.8104 -1.2310 -0.0534 223 129 74
-0.8111 -1.1652 -0.0435 242 206 154
-0.8126 -1.1581 0.0897 229 185 114
-0.8090 -1.1565 0.1720 254 246 193
-0.8101 -1.1565 0.2101 254 245 191
-0.8108 -1.1565 0.2702 254 244 188
-0.8106 -1.1565 0.3307 254 245 190
-0.8101 -1.1565 0.3893 254 242 184
-0.8108 -1.1565 0.4504 253 240 179
-0.8101 -1.1565 0.5100 250 224 158
-0.8208 -1.1571 0.5403 242 208 145
-0.8132 -0.5571 -0.0353 254 251 217
-0.8087 -0.5586 0.0990 249 224 154
-0.8091 -0.5590 0.1641 254 249 203
-0.8111 -0.5590 0.2101 254 249 203
-0.8110 -0.5590 0.2701 254 247 197
-0.8113 -0.5590 0.3301 254 246 192
-0.8112 -0.5590 0.3901 254 242 185
-0.8111 -0.5590 0.4501 252 234 169
-0.8101 -0.5590 0.5097 246 206 148
-0.8151 -0.5590 0.5403 243 105 229
-0.8108 -0.5099 -0.0537 240 189 153
-0.7869 -0.4331 -0.0537 227 129 70
-0.7995 -0.3860 -0.0537 234 140 75
-0.8107 -0.3303 -0.0537 236 144 76
-0.8111 -0.2707 -0.0536 237 147 77
-0.8112 -0.2104 -0.0536 235 143 75
-0.8113 -0.1502 -0.0535 232 138 72
-0.8121 -0.0913 -0.0535 227 132 70
-0.8245 -0.0312 -0.0534 236 163 113
-0.8071 0.0885 -0.0509 231 196 180
-0.8054 0.1493 -0.0508 230 198 182
-0.8100 0.2254 -0.0517 232 198 179
-0.8115 0.2853 -0.0519 237 204 183
-0.8100 0.3243 -0.0518 237 206 185
-0.8097 0.3873 -0.0517 230 197 177
-0.8093 0.4543 -0.0515 201 167 151
-0.7886 0.5270 -0.0532 110 64 64
-0.8116 0.5745 -0.0537 238 148 81
-0.8091 0.6258 -0.0399 246 211 162
-0.8107 0.6332 0.0901 228 183 114
-0.8103 0.6306 0.1628 254 249 203
-0.8098 0.6305 0.2102 254 251 207
-0.8094 0.6305 0.2701 254 250 205
-0.8098 0.6305 0.3298 254 250 205
-0.8095 0.6305 0.3897 254 247 197
-0.8098 0.6305 0.4499 254 242 184
-0.8098 0.6305 0.5099 252 233 173
-0.8224 0.6328 0.5403 224 138 166
-0.8117 1.2376 -0.0409 254 252 226
-0.8184 1.2317 0.1147 229 187 120
-0.8104 1.2311 0.1501 227 184 117
-0.8105 1.2311 0.2101 229 188 121
-0.8105 1.2311 0.2700 233 197 130
-0.8099 1.2311 0.3302 228 190 124
-0.8098 1.2311 0.3902 222 183 118
-0.8100 1.2311 0.4499 214 173 111
-0.8098 1.2311 0.5100 184 137 85
-0.7990 1.2302 0.5402 189 145 89
-0.8096 1.2906 -0.0537 254 254 252
-0.7856 1.3610 -0.0535 254 246 231
-0.7881 1.4161 -0.0534 253 245 227
-0.7956 1.4725 -0.0534 254 250 236
-0.8037 1.5322 -0.0534 219 145 108
-0.8236 1.5817 -0.0519 171 102 82
-0.8238 1.6557 -0.0504 103 76 92
-0.8196 1.7058 -0.0503 85 71 92
-0.8083 1.7683 -0.0502 85 71 92
-0.8178 1.8168 -0.0501 85 71 91
-0.8094 1.8871 -0.0500 83 71 93
-0.8007 1.9601 -0.0498 85 74 94
-0.8170 2.0045 -0.0497 123 100 109
-0.8109 2.0612 -0.0496 145 121 124
-0.8021 2.1375 -0.0495 143 120 125
-0.8216 2.1770 -0.0494 141 118 123
-0.8089 2.2471 -0.0494 140 118 125
-0.7949 2.3213 -0.0491 135 115 122
-0.8159 2.3633 -0.0491 136 115 123
-0.7996 2.4356 -0.0490 132 113 121
-0.8118 2.5014 0.0018 236 123 231
-0.8110 2.5040 0.0901 247 126 242
-0.8112 2.5040 0.1500 247 126 242
-0.8115 2.5040 0.2099 247 126 242
-0.8117 2.5040 0.2699 247 126 242
-0.8120 2.5040 0.3300 247 126 242
-0.8123 2.5040 0.3900 247 126 242
-0.8125 2.5040 0.4500 247 125 242
-0.8128 2.5040 0.5100 247 125 241
-0.8130 2.5040 0.5700 246 124 241
-0.8133 2.5040 0.6303 246 124 241
-0.8135 2.5040 0.6904 246 123 241
-0.8138 2.5040 0.7505 246 122 240
-0.8141 2.5040 0.8106 245 120 239
-0.8143 2.5040 0.8707 244 118 238
-0.8146 2.5040 0.9310 243 115 237
-0.8112 2.5040 0.9916 242 113 235
-0.8095 2.5040 1.0503 240 111 234
-0.8125 2.4991 1.1275 248 128 244
-0.8144 2.4988 1.1691 244 124 239
-0.8131 2.4988 1.2282 245 120 240
-0.8131 2.4988 1.2904 243 116 237
-0.8130 2.4989 1.3369 222 109 223
-0.7700 -2.4678 -0.0471 191 104 77
-0.7315 -2.4988 0.1178 255 219 254
-0.7488 -2.4987 0.1514 255 232 255
-0.7498 -2.4987 0.2103 255 232 255
-0.7501 -2.4987 0.2700 255 232 254
-0.7511 -2.4987 0.3300 255 232 254
-0.7511 -2.4987 0.3901 254 230 254
-0.7517 -2.4987 0.4500 254 229 254
-0.7519 -2.4987 0.5101 254 222 254
-0.7526 -2.4987 0.5700 254 212 254
-0.7524 -2.4987 0.6303 254 198 254
-0.7507 -2.4987 0.6898 254 183 254
-0.7511 -2.4987 0.7497 254 165 254
-0.7502 -2.4987 0.8093 253 146 252
-0.7489 -2.4987 0.8702 248 124 246
-0.7496 -2.4987 0.9296 234 102 234
-0.7353 -2.4987 0.9715 224 92 225
-0.7522 -2.4992 1.0499 237 104 236
-0.7517 -2.4992 1.1100 229 96 229
-0.7519 -2.4992 1.1700 218 87 221
-0.7509 -2.4992 1.2276 211 82 216
-0.7493 -2.4991 1.2902 235 102 234
-0.7502 -2.4991 1.3343 201 92 209
-0.7712 -2.4205 -0.0534 207 112 66
-0.7606 -2.3664 -0.0534 218 122 68
-0.7519 -2.3088 -0.0534 225 127 67
-0.7511 -2.2498 -0.0535 230 135 70
-0.7511 -2.1895 -0.0535 232 137 72
-0.7513 -2.1293 -0.0536 235 142 75
-0.7511 -2.0693 -0.0536 235 142 75
-0.7515 -2.0092 -0.0537 247 211 185
-0.7451 -1.9522 -0.0537 254 254 252
-0.7330 -1.8952 -0.0537 254 254 248
-0.7254 -1.8502 -0.0537 255 253 242
-0.7509 -1.7702 -0.0537 254 254 252
-0.7513 -1.7100 -0.0536 254 254 251
-0.7513 -1.6503 -0.0536 254 254 250
-0.7517 -1.5906 -0.0536 254 253 247
-0.7512 -1.5298 -0.0536 236 208 186
-0.7515 -1.4695 -0.0536 174 89 57
-0.7442 -1.3945 -0.0536 237 145 79
-0.7506 -1.3513 -0.0536 236 143 77
-0.7508 -1.2911 -0.0534 230 135 74
-0.7505 -1.2309 -0.0533 221 126 72
-0.7513 -1.1679 -0.0481 236 191 139
-0.7370 -1.1586 0.1048 239 212 148
-0.7499 -1.1565 0.1696 254 243 188
-0.7502 -1.1564 0.2099 254 245 190
-0.7509 -1.1564 0.2707 254 242 184
-0.7500 -1.1564 0.3301 253 240 181
-0.7510 -1.1564 0.3902 253 239 180
-0.7502 -1.1564 0.4496 253 235 173
-0.7503 -1.1564 0.5099 252 231 165
-0.7492 -1.1571 0.5403 248 224 159
-0.7272 -0.5511 -0.0510 254 249 230
-0.7502 -0.5585 0.0933 245 213 141
-0.7492 -0.5589 0.1582 254 242 181
-0.7234 -0.5587 0.2263 196 152 99
-0.7229 -0.5587 0.2699 212 167 106
-0.7248 -0.5587 0.3305 229 192 127
-0.7266 -0.5587 0.3908 208 162 102
-0.7285 -0.5587 0.4509 175 133 85
-0.7303 -0.5587 0.5108 192 109 151
-0.7513 -0.5587 0.5405 246 108 237
-0.7379 -0.5056 -0.0537 225 158 119
-0.7502 -0.4496 -0.0537 224 128 69
-0.7513 -0.3903 -0.0536 229 133 71
-0.7512 -0.3304 -0.0536 233 137 71
-0.7508 -0.2706 -0.0535 231 135 70
-0.7522 -0.2113 -0.0535 228 132 70
-0.7624 -0.1544 -0.0534 223 127 68
-0.7723 -0.1075 -0.0534 225 130 69
-0.7475 -0.0068 -0.0537 246 205 174
-0.7278 0.0683 -0.0534 252 249 246
-0.7528 0.1559 -0.0507 229 196 181
-0.7488 0.2237 -0.0516 231 197 179
-0.7504 0.2790 -0.0519 237 204 183
-0.7503 0.3303 -0.0518 227 196 178
-0.7282 0.4124 -0.0533 241 228 210
-0.7330 0.4570 -0.0537 250 230 201
-0.7471 0.5122 -0.0537 144 79 63
-0.7518 0.5820 -0.0537 235 143 79
-0.7490 0.6226 -0.0353 248 219 174
-0.7507 0.6286 0.0900 236 197 125
-0.7502 0.6259 0.1651 254 251 211
-0.7496 0.6258 0.2099 254 251 213
-0.7495 0.6258 0.2705 254 251 211
-0.7495 0.6258 0.3307 254 251 211
-0.7496 0.6258 0.3902 254 248 200
-0.7497 0.6258 0.4500 253 242 184
-0.7497 0.6258 0.5100 248 218 157
-0.7416 0.6265 0.5403 225 137 166
-0.7320 1.2398 -0.0528 233 198 151
-0.7512 1.2266 0.1527 224 183 117
-0.7498 1.2265 0.2100 224 183 117
-0.7496 1.2264 0.2701 217 175 112
-0.7495 1.2264 0.3300 208 164 104
-0.7496 1.2264 0.3900 196 151 95
-0.7494 1.2264 0.4499 176 131 82
-0.7492 1.2264 0.5100 158 115 73
-0.7519 1.2270 0.5402 124 96 73
-0.7396 1.2919 -0.0534 251 233 210
-0.7472 1.3514 -0.0535 253 240 219
-0.7485 1.4107 -0.0535 254 246 228
-0.7486 1.4706 -0.0535 254 250 236
-0.7485 1.5303 -0.0536 219 148 111
-0.7486 1.5903 -0.0536 220 124 70
-0.7486 1.6505 -0.0536 233 140 75
-0.7484 1.7103 -0.0537 238 145 75
-0.7657 1.7490 -0.0509 123 92 89
-0.7631 1.8419 -0.0500 82 71 92
-0.7412 1.9015 -0.0498 80 71 94
-0.7591 1.9363 -0.0498 81 72 93
-0.7496 2.0110 -0.0497 132 108 114
-0.7364 2.0838 -0.0494 142 120 124
-0.7593 2.1112 -0.0495 143 120 124
-0.7479 2.1972 -0.0494 139 117 123
-0.7368 2.2649 -0.0491 142 125 133
-0.7513 2.3021 -0.0492 137 116 122
-0.7389 2.3927 -0.0489 134 115 124
-0.7551 2.4154 -0.0491 136 118 125
-0.7521 2.5041 0.0023 246 123 241
-0.7525 2.5040 0.0873 246 124 241
-0.7527 2.5040 0.1479 246 124 241
-0.7530 2.5040 0.2085 246 124 241
-0.7532 2.5040 0.2692 246 124 241
-0.7535 2.5040 0.3301 246 124 241
-0.7537 2.5040 0.3908 246 124 241
-0.7540 2.5040 0.4516 246 124 241
-0.7542 2.5040 0.5123 246 123 241
-0.7545 2.5040 0.5731 246 123 241
-0.7557 2.5040 0.6329 246 122 241
-0.7554 2.5040 0.6912 246 122 240
-0.7552 2.5040 0.7498 245 121 240
-0.7554 2.5040 0.8095 245 120 240
-0.7494 2.5040 0.8692 245 118 239
-0.7502 2.5041 0.9292 244 116 238
-0.7461 2.5040 0.9884 242 114 236
-0.7450 2.5040 1.0503 241 111 234
-0.7526 2.4991 1.1287 248 126 243
-0.7532 2.4988 1.1719 244 123 238
-0.7520 2.4988 1.2316 244 119 239
-0.7532 2.4988 1.2899 242 114 236
-0.7539 2.4989 1.3338 230 109 227
-0.6765 -2.4941 -0.0274 249 207 182
-0.6839 -2.4986 0.1139 254 223 254
-0.6763 -2.4989 0.1715 255 249 255
-0.6774 -2.4989 0.2100 255 250 255
-0.6775 -2.4989 0.2698 255 250 255
-0.6776 -2.4989 0.3299 255 249 255
-0.6776 -2.4989 0.3900 255 247 255
-0.6777 -2.4989 0.4500 255 240 254
-0.6778 -2.4989 0.5099 254 227 254
-0.6779 -2.4989 0.5700 254 207 254
-0.6779 -2.4989 0.6300 254 178 254
-0.6781 -2.4989 0.6900 251 138 250
-0.6780 -2.4989 0.7494 222 92 224
-0.6713 -2.4989 0.7863 212 84 217
-0.6891 -2.4986 0.8701 251 135 250
-0.6889 -2.4986 0.9304 245 117 243
-0.6872 -2.4986 0.9868 233 100 232
-0.6702 -2.4986 1.0274 227 94 227
-0.6927 -2.4992 1.1102 226 93 227
-0.6930 -2.4992 1.1704 215 85 219
-0.6930 -2.4992 1.2302 211 82 216
-0.6848 -2.4992 1.2663 212 83 217
-0.6918 -2.4991 1.3337 212 93 217
-0.6669 -2.4455 -0.0537 246 165 81
-0.6910 -2.3690 -0.0536 162 82 58
-0.7136 -2.2942 -0.0534 216 121 66
-0.7051 -2.2454 -0.0534 222 126 68
-0.6941 -2.1878 -0.0534 225 130 71
-0.6910 -2.1295 -0.0534 227 132 71
-0.6910 -2.0696 -0.0535 229 136 72
-0.6910 -2.0097 -0.0535 245 209 180
-0.6914 -1.9494 -0.0536 254 254 250
-0.6914 -1.8895 -0.0536 255 253 245
-0.6892 -1.8312 -0.0537 255 251 237
-0.6776 -1.7736 -0.0537 254 248 232
-0.6674 -1.7232 -0.0537 253 238 215
-0.6916 -1.6504 -0.0535 254 254 249
-0.6910 -1.5891 -0.0535 254 253 247
-0.6916 -1.5305 -0.0535 238 210 186
-0.6690 -1.4455 -0.0536 234 142 77
-0.6885 -1.4083 -0.0536 235 141 77
-0.6907 -1.3512 -0.0535 232 138 74
-0.6906 -1.2911 -0.0534 225 130 71
-0.6904 -1.2311 -0.0533 220 124 70
-0.6922 -1.1722 -0.0517 226 166 115
-0.6849 -1.1592 0.1157 252 238 182
-0.6900 -1.1564 0.1669 253 239 182
-0.6906 -1.1564 0.2101 254 242 185
-0.6901 -1.1564 0.2695 254 247 199
-0.6909 -1.1564 0.3301 254 243 188
-0.6908 -1.1564 0.3903 253 241 183
-0.6896 -1.1564 0.4500 253 237 175
-0.6904 -1.1564 0.5102 251 230 163
-0.6843 -1.1572 0.5402 250 231 167
-0.6919 -0.5542 -0.0356 243 231 207
-0.6923 -0.5585 0.0901 241 203 130
-0.6924 -0.5587 0.1717 182 138 88
-0.6950 -0.5587 0.2083 171 127 81
-0.6889 -0.5586 0.2721 148 110 73
-0.6861 -0.5586 0.3302 148 111 74
-0.6886 -0.5586 0.3899 139 104 70
-0.6900 -0.5586 0.4497 145 108 71
-0.6921 -0.5586 0.5099 192 108 153
-0.6848 -0.5589 0.5405 246 115 235
-0.6910 -0.5106 -0.0536 227 173 137
-0.6912 -0.4507 -0.0536 212 116 65
-0.6912 -0.3905 -0.0535 215 119 66
-0.6913 -0.3308 -0.0535 218 123 67
-0.7010 -0.2748 -0.0534 222 126 67
-0.7124 -0.2267 -0.0534 222 126 66
-0.7056 -0.1361 -0.0534 223 129 71
-0.6916 -0.0880 -0.0535 228 133 72
-0.6911 0.0036 -0.0536 247 215 189
-0.6847 0.0854 -0.0537 254 254 250
-0.6677 0.1284 -0.0536 253 251 245
-0.6923 0.2213 -0.0516 230 195 179
-0.6680 0.2936 -0.0533 245 235 221
-0.6726 0.3370 -0.0537 254 252 243
-0.6868 0.3922 -0.0537 254 249 234
-0.6912 0.4492 -0.0537 253 240 215
-0.6911 0.5096 -0.0536 165 94 70
-0.6934 0.5897 -0.0537 227 132 74
-0.6896 0.6193 -0.0297 249 225 176
-0.6913 0.6240 0.0900 234 193 122
-0.6912 0.6213 0.1677 254 250 210
-0.6903 0.6212 0.2101 254 251 213
-0.6907 0.6212 0.2698 254 249 206
-0.6903 0.6212 0.3297 254 246 197
-0.6903 0.6212 0.3899 253 241 186
-0.6905 0.6212 0.4500 251 229 165
-0.6905 0.6212 0.5101 245 210 146
-0.6781 0.6211 0.5401 196 110 149
-0.6912 1.2317 -0.0477 225 188 135
-0.6970 1.2224 0.1593 214 172 109
-0.6957 1.2223 0.2100 210 168 106
-0.6959 1.2223 0.2699 198 153 96
-0.6952 1.2223 0.3298 185 140 87
-0.6954 1.2223 0.3899 172 129 82
-0.6953 1.2223 0.4501 144 106 69
-0.6950 1.2223 0.5101 106 76 54
-0.7021 1.2236 0.5402 71 63 67
-0.6889 1.2904 -0.0535 248 225 201
-0.6889 1.3502 -0.0536 251 234 210
-0.6887 1.4101 -0.0536 254 244 226
-0.6884 1.4704 -0.0536 254 249 234
-0.6896 1.5297 -0.0537 222 152 110
-0.6973 1.5882 -0.0537 217 121 68
-0.7063 1.6468 -0.0537 227 132 73
-0.7139 1.6997 -0.0537 236 145 75
-0.6889 1.7702 -0.0536 218 123 68
-0.6884 1.8303 -0.0536 227 132 72
-0.6998 1.8767 -0.0510 129 93 87
-0.6991 1.9614 -0.0497 91 77 95
-0.7033 2.0004 -0.0497 120 99 107
-0.6948 2.0645 -0.0495 146 122 125
-0.6804 2.1364 -0.0494 140 117 123
-0.7019 2.1736 -0.0493 138 115 122
-0.6872 2.2559 -0.0491 138 116 122
-0.6897 2.2858 -0.0488 133 113 121
-0.6902 2.3677 -0.0490 135 115 122
-0.7037 2.4152 -0.0509 189 181 186
-0.6916 2.5016 0.0012 235 120 230
-0.6930 2.5041 0.0890 246 122 241
-0.6937 2.5041 0.1467 246 123 241
-0.6930 2.5041 0.2071 246 123 241
-0.6932 2.5041 0.2685 246 123 241
-0.6935 2.5041 0.3302 246 123 241
-0.6937 2.5041 0.3917 246 122 241
-0.6940 2.5041 0.4531 246 122 241
-0.6957 2.5041 0.5125 246 122 240
-0.6939 2.5041 0.5690 246 121 240
-0.6937 2.5041 0.6269 245 121 240
-0.6949 2.5041 0.6874 245 120 240
-0.6952 2.5041 0.7492 245 120 240
-0.6954 2.5041 0.8108 245 119 239
-0.6907 2.5040 0.8717 245 118 239
-0.6903 2.5040 0.9303 244 116 238
-0.6900 2.5040 0.9890 243 114 237
-0.6896 2.5040 1.0477 242 112 235
-0.6937 2.4992 1.1280 247 124 242
-0.6951 2.4988 1.1688 245 122 238
-0.6940 2.4988 1.2281 244 117 238
-0.6940 2.4988 1.2895 241 113 235
-0.6940 2.4989 1.3356 238 108 231
-0.6326 -2.4910 -0.0379 246 188 153
-0.6267 -2.4985 0.1072 254 217 254
-0.6280 -2.4988 0.1660 255 246 255
-0.6308 -2.4988 0.2100 255 247 255
-0.6307 -2.4988 0.2701 255 246 255
-0.6311 -2.4988 0.3301 255 246 255
-0.6310 -2.4988 0.3900 255 244 254
-0.6310 -2.4988 0.4499 254 239 254
-0.6312 -2.4988 0.5099 254 227 254
-0.6311 -2.4988 0.5700 254 210 254
-0.6313 -2.4988 0.6300 254 187 254
-0.6314 -2.4988 0.6900 254 156 253
-0.6315 -2.4988 0.7504 244 118 242
-0.6255 -2.4988 0.8021 219 88 222
-0.6304 -2.4985 0.8696 252 141 251
-0.6306 -2.4985 0.9291 249 126 247
-0.6311 -2.4985 0.9893 241 110 239
-0.6268 -2.4985 1.0403 231 98 231
-0.6321 -2.4992 1.1098 223 91 225
-0.6323 -2.4992 1.1697 213 83 218
-0.6325 -2.4992 1.2300 211 82 216
-0.6289 -2.4992 1.2716 211 82 216
-0.6322 -2.4991 1.3344 198 90 207
-0.6308 -2.4299 -0.0537 244 153 75
-0.6214 -2.3727 -0.0537 247 162 80
-0.6096 -2.3179 -0.0537 245 163 84
-0.6155 -2.2620 -0.0527 191 114 78
-0.6493 -2.1709 -0.0529 198 116 75
-0.6492 -2.1235 -0.0533 226 130 70
-0.6383 -2.0669 -0.0534 225 130 71
-0.6314 -2.0095 -0.0534 244 206 178
-0.6310 -1.9497 -0.0535 254 254 248
-0.6315 -1.8895 -0.0535 255 252 241
-0.6314 -1.8295 -0.0536 254 248 230
-0.6313 -1.7695 -0.0536 254 245 225
-0.6312 -1.7098 -0.0537 252 234 208
-0.6227 -1.6547 -0.0537 250 232 209
-0.6283 -1.6075 -0.0536 249 236 221
-0.6557 -1.5300 -0.0534 240 208 181
-0.6248 -1.4554 -0.0536 246 157 77
-0.6305 -1.4112 -0.0535 243 152 76
-0.6308 -1.3510 -0.0534 237 142 73
-0.6307 -1.2906 -0.0533 226 130 71
-0.6299 -1.2307 -0.0532 217 122 70
-0.6347 -1.1815 -0.0531 213 129 81
-0.6287 -1.1592 0.1129 253 245 192
-0.6297 -1.1564 0.1643 252 231 166
-0.6303 -1.1564 0.2098 253 236 173
-0.6303 -1.1564 0.2701 253 236 174
-0.6313 -1.1564 0.3297 253 240 183
-0.6303 -1.1564 0.3898 254 243 188
-0.6296 -1.1564 0.4499 254 243 188
-0.6303 -1.1564 0.5099 250 225 156
-0.6363 -1.1570 0.5404 249 231 167
-0.6322 -0.5528 -0.0444 253 243 221
-0.6228 -0.5587 0.1151 251 225 152
-0.6262 -0.5585 0.1650 194 140 134
-0.6313 -0.5585 0.2102 188 133 122
-0.6309 -0.5585 0.2681 199 141 129
-0.6259 -0.5585 0.3300 205 143 143
-0.6286 -0.5585 0.3903 198 136 138
-0.6302 -0.5585 0.4505 189 124 135
-0.6328 -0.5585 0.5104 214 118 186
-0.6224 -0.5587 0.5403 228 117 204
-0.6314 -0.5108 -0.0535 231 171 131
-0.6311 -0.4511 -0.0535 219 119 63
-0.6397 -0.3943 -0.0534 221 121 64
-0.6513 -0.3456 -0.0534 218 122 67
-0.6250 -0.2745 -0.0537 245 160 81
-0.6077 -0.2314 -0.0537 241 157 83
-0.6337 -0.1556 -0.0535 166 85 60
-0.6483 -0.0745 -0.0534 226 132 72
-0.6316 0.0053 -0.0535 246 215 191
-0.6312 0.0909 -0.0536 254 254 247
-0.6098 0.1676 -0.0537 254 254 249
-0.6122 0.2175 -0.0537 254 254 250
-0.6265 0.2724 -0.0537 254 253 246
-0.6312 0.3294 -0.0537 254 253 245
-0.6313 0.3897 -0.0536 254 251 239
-0.6310 0.4494 -0.0535 253 243 220
-0.6323 0.5083 -0.0535 191 108 74
-0.6442 0.5950 -0.0537 230 135 71
-0.6294 0.6154 -0.0240 250 227 172
-0.6111 0.6168 0.1157 233 189 121
-0.6311 0.6166 0.1700 254 246 198
-0.6299 0.6165 0.2099 254 247 199
-0.6300 0.6165 0.2697 254 248 207
-0.6298 0.6165 0.3297 253 243 189
-0.6302 0.6165 0.3899 252 236 174
-0.6300 0.6165 0.4499 247 220 152
-0.6301 0.6165 0.5100 233 190 126
-0.6515 0.6203 0.5405 185 142 86
-0.6490 1.2495 -0.0437 244 219 192
-0.6072 1.2173 0.1712 254 251 209
-0.6031 1.2169 0.2148 254 253 218
-0.6034 1.2169 0.2695 254 253 216
-0.6034 1.2169 0.3290 254 253 217
-0.6042 1.2169 0.3920 254 252 210
-0.6046 1.2170 0.4493 254 248 196
-0.6047 1.2170 0.5095 253 233 181
-0.6340 1.2198 0.5401 237 81 235
-0.6452 1.2974 -0.0536 244 215 189
-0.6334 1.3514 -0.0537 249 227 202
-0.6394 1.4083 -0.0537 253 241 221
-0.6483 1.4665 -0.0537 254 247 229
-0.6541 1.5097 -0.0537 244 217 188
-0.6288 1.5901 -0.0537 183 92 57
-0.6287 1.6499 -0.0537 200 104 59
-0.6310 1.7096 -0.0537 208 112 61
-0.6334 1.7691 -0.0537 220 124 66
-0.6360 1.8289 -0.0537 231 137 72
-0.6384 1.8892 -0.0537 237 144 75
-0.6409 1.9490 -0.0537 242 154 80
-0.6441 2.0128 -0.0505 155 125 118
-0.6342 2.0903 -0.0494 144 123 129
-0.6500 2.1251 -0.0516 197 185 187
-0.6299 2.2010 -0.0492 135 113 120
-0.6439 2.2420 -0.0491 135 114 121
-0.6315 2.3185 -0.0490 137 116 123
-0.6302 2.3793 -0.0486 132 113 121
-0.6273 2.4317 -0.0494 145 128 134
-0.6309 2.5041 0.0063 245 120 240
-0.6311 2.5041 0.0933 246 121 240
-0.6302 2.5041 0.1508 246 121 240
-0.6325 2.5041 0.2069 246 121 240
-0.6318 2.5041 0.2680 246 121 240
-0.6320 2.5041 0.3303 246 121 240
-0.6322 2.5041 0.3925 246 121 240
-0.6340 2.5041 0.4526 245 121 240
-0.6310 2.5041 0.5084 245 120 240
-0.6329 2.5041 0.5673 245 120 240
-0.6331 2.5041 0.6296 245 120 240
-0.6334 2.5041 0.6919 245 119 239
-0.6352 2.5041 0.7521 245 118 239
-0.6332 2.5041 0.8095 244 118 239
-0.6331 2.5041 0.8684 244 117 238
-0.6343 2.5041 0.9296 244 116 238
-0.6355 2.5041 0.9909 243 115 237
-0.6352 2.5041 1.0509 242 112 236
-0.6305 2.4991 1.1293 246 122 241
-0.6307 2.4988 1.1720 245 121 237
-0.6301 2.4988 1.2319 243 115 237
-0.6301 2.4988 1.2909 240 111 234
-0.6308 2.4989 1.3352 223 106 223
-0.5728 -2.4868 -0.0483 235 153 102
-0.5663 -2.4984 0.1006 254 209 254
-0.5683 -2.4987 0.1591 255 241 254
-0.5699 -2.4987 0.2101 255 241 254
-0.5700 -2.4987 0.2698 255 241 254
-0.5703 -2.4987 0.3297 254 240 254
-0.5700 -2.4987 0.3901 254 239 254
-0.5703 -2.4987 0.4501 254 236 254
-0.5704 -2.4987 0.5100 254 226 254
-0.5701 -2.4987 0.5700 254 211 254
-0.5705 -2.4987 0.6300 254 192 254
-0.5704 -2.4987 0.6900 254 169 254
-0.5706 -2.4987 0.7498 252 142 251
-0.5705 -2.4987 0.8099 240 110 239
-0.5616 -2.4987 0.8543 221 90 224
-0.5731 -2.4984 0.9302 250 131 249
-0.5727 -2.4984 0.9898 246 117 244
-0.5734 -2.4984 1.0497 237 104 236
-0.5612 -2.4984 1.0940 230 96 230
-0.5700 -2.4992 1.1699 212 82 217
-0.5702 -2.4992 1.2298 211 82 216
-0.5678 -2.4992 1.2778 211 82 216
-0.5705 -2.4991 1.3343 198 89 207
-0.5713 -2.4294 -0.0536 236 143 73
-0.5710 -2.3693 -0.0536 239 147 74
-0.5713 -2.3095 -0.0537 243 156 79
-0.5664 -2.2522 -0.0537 245 161 82
-0.5539 -2.1949 -0.0537 247 165 84
-0.5453 -2.1495 -0.0537 241 161 84
-0.5869 -2.0617 -0.0534 171 89 61
-0.5924 -1.9957 -0.0534 251 242 230
-0.5824 -1.9459 -0.0534 254 253 245
-0.5728 -1.8883 -0.0534 254 250 236
-0.5712 -1.8295 -0.0535 254 245 225
-0.5712 -1.7695 -0.0535 253 240 216
-0.5713 -1.7095 -0.0536 251 231 205
-0.5710 -1.6496 -0.0536 250 231 208
-0.5634 -1.6110 -0.0536 245 219 195
-0.5511 -1.5073 -0.0536 252 225 189
-0.5692 -1.4691 -0.0536 245 158 80
-0.5703 -1.4111 -0.0535 239 147 76
-0.5710 -1.3509 -0.0534 232 137 72
-0.5707 -1.2913 -0.0533 224 129 71
-0.5707 -1.2315 -0.0532 212 117 69
-0.5865 -1.1922 -0.0531 207 117 72
-0.5687 -1.1591 0.1088 252 234 168
-0.5696 -1.1564 0.1616 252 234 168
-0.5709 -1.1564 0.2098 253 236 171
-0.5710 -1.1564 0.2700 253 240 177
-0.5703 -1.1564 0.3302 254 244 185
-0.5695 -1.1564 0.3900 253 242 182
-0.5701 -1.1564 0.4499 254 244 187
-0.5704 -1.1564 0.5098 248 218 146
-0.5764 -1.1569 0.5403 248 221 152
-0.5736 -0.5514 -0.0498 253 243 219
-0.5682 -0.5587 0.1103 252 235 168
-0.5700 -0.5585 0.1582 254 164 251
-0.5689 -0.5584 0.2121 254 162 252
-0.5641 -0.5584 0.2703 254 160 253
-0.5659 -0.5584 0.3304 254 155 253
-0.5685 -0.5584 0.3898 254 149 253
-0.5707 -0.5584 0.4499 254 141 253
-0.5729 -0.5585 0.5103 254 130 252
-0.5670 -0.5586 0.5405 246 117 241
-0.5789 -0.5137 -0.0534 230 177 140
-0.5911 -0.4619 -0.0534 210 115 65
-0.5836 -0.3694 -0.0534 173 94 63
-0.5911 -0.3519 -0.0534 161 86 63
-0.5710 -0.2691 -0.0536 241 153 79
-0.5667 -0.2126 -0.0537 244 158 81
-0.5495 -0.1690 -0.0537 243 159 81
-0.5758 -0.0712 -0.0534 144 75 61
-0.5582 0.0433 -0.0536 254 251 247
-0.5518 0.0977 -0.0537 254 254 252
-0.5661 0.1527 -0.0537 254 254 252
-0.5715 0.2095 -0.0537 254 254 248
-0.5713 0.2696 -0.0536 254 253 244
-0.5712 0.3294 -0.0535 254 253 246
-0.5723 0.3885 -0.0535 254 252 241
-0.5831 0.4451 -0.0534 253 246 226
-0.5923 0.4930 -0.0533 206 139 103
-0.5640 0.5805 -0.0518 123 72 75
-0.5857 0.6128 -0.0182 250 231 171
-0.5655 0.6133 0.1126 245 217 147
-0.5862 0.6131 0.1717 253 239 178
-0.5857 0.6130 0.2097 253 240 180
-0.5859 0.6130 0.2698 253 240 180
-0.5859 0.6130 0.3302 253 243 186
-0.5858 0.6130 0.3904 253 240 181
-0.5859 0.6130 0.4501 248 226 161
-0.5860 0.6130 0.5100 214 164 106
-0.5703 0.6138 0.5404 210 165 100
-0.5434 1.2129 -0.0182 254 253 220
-0.5606 1.2140 0.1176 253 239 177
-0.5442 1.2129 0.1709 254 249 199
-0.5430 1.2128 0.2046 254 250 205
-0.5424 1.2128 0.2690 254 249 202
-0.5424 1.2128 0.3291 254 254 229
-0.5423 1.2128 0.3892 254 253 219
-0.5423 1.2128 0.4492 254 249 200
-0.5423 1.2128 0.5067 252 231 162
-0.5559 1.2137 0.5402 251 100 249
-0.5706 1.2915 -0.0535 255 254 246
-0.5704 1.3513 -0.0536 255 255 253
-0.5675 1.4012 -0.0537 255 255 254
-0.5592 1.4977 -0.0534 255 170 255
-0.5954 1.5443 -0.0537 161 83 57
-0.5970 1.5853 -0.0537 172 88 56
-0.5943 1.6332 -0.0537 185 98 62
-0.5686 1.7098 -0.0537 150 76 55
-0.5686 1.7698 -0.0537 173 89 58
-0.5685 1.8300 -0.0536 195 104 62
-0.5686 1.8898 -0.0536 213 118 67
-0.5687 1.9496 -0.0536 224 129 71
-0.5686 2.0099 -0.0536 240 183 143
-0.5829 2.0804 -0.0514 196 185 186
-0.5685 2.1299 -0.0536 254 254 248
-0.5743 2.1790 -0.0499 156 139 145
-0.5665 2.2678 -0.0490 133 114 123
-0.5898 2.2984 -0.0495 150 133 140
-0.5690 2.3826 -0.0488 134 114 121
-0.5805 2.4171 -0.0512 194 184 186
-0.5680 2.5038 0.0022 242 118 236
-0.5681 2.5042 0.0904 245 119 240
-0.5683 2.5042 0.1533 245 119 240
-0.5685 2.5041 0.2105 245 120 240
-0.5687 2.5042 0.2674 245 120 240
-0.5690 2.5042 0.3304 245 119 240
-0.5692 2.5042 0.3934 245 119 240
-0.5694 2.5041 0.4504 245 119 239
-0.5696 2.5042 0.5074 245 119 239
-0.5698 2.5042 0.5704 245 119 239
-0.5711 2.5042 0.6324 245 118 239
-0.5691 2.5041 0.6892 244 118 239
-0.5705 2.5042 0.7476 244 117 238
-0.5707 2.5042 0.8107 244 116 238
-0.5726 2.5042 0.8717 244 116 238
-0.5706 2.5042 0.9298 243 115 237
-0.5502 2.5042 1.0053 155 65 160
-0.5449 2.5042 1.0499 123 49 134
-0.5613 2.4994 1.1304 230 112 227
-0.5686 2.4989 1.1695 243 118 235
-0.5689 2.4989 1.2279 242 113 235
-0.5682 2.4989 1.2879 239 109 232
-0.5683 2.4989 1.3334 236 105 229
-0.5263 -2.4794 -0.0521 217 120 70
-0.5068 -2.4983 0.0939 254 201 254
-0.5110 -2.4986 0.1523 254 234 254
-0.5120 -2.4986 0.2101 254 235 254
-0.5124 -2.4986 0.2703 254 235 254
-0.5108 -2.4986 0.3310 254 234 254
-0.5094 -2.4986 0.3900 254 232 254
-0.5095 -2.4986 0.4500 254 230 254
-0.5097 -2.4986 0.5101 254 223 254
-0.5096 -2.4986 0.5700 254 210 254
-0.5098 -2.4986 0.6299 254 194 254
-0.5096 -2.4986 0.6899 254 175 254
-0.5096 -2.4986 0.7497 254 153 253
-0.5099 -2.4986 0.8098 250 129 248
-0.5086 -2.4986 0.8686 236 104 235
-0.4911 -2.4985 0.9099 226 94 227
-0.5123 -2.4983 0.9892 248 123 246
-0.5122 -2.4983 1.0499 242 111 240
-0.5110 -2.4983 1.1083 233 100 233
-0.4941 -2.4983 1.1498 227 94 228
-0.5096 -2.4992 1.2302 211 82 216
-0.5080 -2.4992 1.2844 211 82 216
-0.5127 -2.4991 1.3339 202 89 210
-0.5156 -2.4274 -0.0535 231 163 120
-0.5113 -2.3697 -0.0535 238 183 144
-0.5113 -2.3095 -0.0535 242 187 145
-0.5111 -2.2494 -0.0536 246 194 149
-0.5112 -2.1894 -0.0536 248 198 152
-0.5097 -2.1307 -0.0537 248 200 156
-0.4986 -2.0732 -0.0537 252 230 208
-0.4876 -2.0219 -0.0537 249 222 200
-0.4915 -1.9490 -0.0537 243 172 110
-0.5300 -1.8710 -0.0534 253 241 222
-0.5269 -1.8245 -0.0534 254 241 219
-0.5161 -1.7672 -0.0534 234 198 170
-0.5109 -1.7096 -0.0534 218 173 147
-0.5113 -1.6493 -0.0535 213 172 150
-0.5077 -1.5994 -0.0535 197 150 130
-0.5059 -1.5189 -0.0536 252 237 221
-0.5107 -1.4712 -0.0535 236 149 85
-0.5104 -1.4110 -0.0534 230 142 83
-0.5108 -1.3508 -0.0533 223 134 80
-0.5106 -1.2909 -0.0532 216 127 79
-0.5146 -1.2426 -0.0531 211 121 74
-0.5200 -1.1878 -0.0533 230 139 77
-0.5182 -1.1591 0.1054 253 241 180
-0.5189 -1.1564 0.1595 252 235 169
-0.5202 -1.1564 0.2101 251 231 163
-0.5193 -1.1564 0.2687 250 225 155
-0.5190 -1.1564 0.3291 250 224 154
-0.5189 -1.1564 0.3900 249 221 150
-0.5177 -1.1564 0.4499 249 220 149
-0.5182 -1.1563 0.5102 247 215 142
-0.5236 -1.1577 0.5403 245 219 152
-0.4829 -1.1332 -0.0535 255 252 212
-0.5292 -0.5553 -0.0475 249 218 183
-0.5176 -0.5586 0.1053 254 188 222
-0.5243 -0.5584 0.1542 254 163 254
-0.5256 -0.5584 0.2067 254 162 254
-0.5178 -0.5584 0.2701 254 161 254
-0.5200 -0.5584 0.3292 254 156 254
-0.5114 -0.5584 0.3904 254 150 254
-0.5130 -0.5584 0.4497 254 143 254
-0.5156 -0.5584 0.5096 254 133 254
-0.5151 -0.5590 0.5406 245 110 241
-0.4881 -0.5298 -0.0537 242 156 80
-0.5260 -0.4496 -0.0520 141 96 90
-0.5314 -0.3697 -0.0534 224 131 76
-0.5157 -0.3248 -0.0535 238 178 136
-0.5109 -0.2692 -0.0535 245 198 161
-0.5111 -0.2094 -0.0536 247 202 163
-0.5082 -0.1519 -0.0537 250 214 179
-0.4859 -0.0833 -0.0537 254 254 252
-0.5016 0.0171 -0.0537 250 229 210
-0.5114 0.0889 -0.0537 251 235 221
-0.5113 0.1492 -0.0536 250 234 219
-0.5111 0.2093 -0.0535 249 231 212
-0.5122 0.2688 -0.0535 248 232 213
-0.5226 0.3252 -0.0534 254 252 243
-0.5332 0.3729 -0.0533 249 246 236
-0.5104 0.4589 -0.0515 152 121 119
-0.4994 0.5228 -0.0518 136 91 89
-0.4876 0.5941 -0.0535 241 225 192
-0.4932 0.6063 -0.0205 254 251 209
-0.5091 0.6089 0.1064 241 203 131
-0.4913 0.6063 0.1693 254 252 218
-0.4914 0.6063 0.2100 254 253 221
-0.4912 0.6063 0.2703 254 253 223
-0.4905 0.6062 0.3298 254 253 225
-0.4902 0.6062 0.3894 254 252 214
-0.4908 0.6062 0.4499 254 250 206
-0.4904 0.6062 0.5093 246 213 144
-0.4959 0.6081 0.5403 210 161 98
-0.5104 1.2133 -0.0286 252 233 189
-0.5079 1.2099 0.1145 253 233 164
-0.5092 1.2102 0.1682 254 248 196
-0.5110 1.2104 0.2102 254 249 199
-0.5108 1.2103 0.2703 254 249 202
-0.5108 1.2103 0.3303 254 251 212
-0.5110 1.2104 0.3901 254 248 199
-0.5108 1.2103 0.4500 254 247 195
-0.5107 1.2103 0.5100 252 225 172
-0.4995 1.2093 0.5402 254 117 253
-0.4929 1.2736 -0.0537 241 165 106
-0.5110 1.3512 -0.0536 244 192 152
-0.5095 1.4106 -0.0537 248 196 150
-0.4930 1.4454 -0.0537 244 156 79
-0.5309 1.5546 -0.0535 155 85 83
-0.5118 1.5937 -0.0536 167 107 90
-0.5187 1.6716 -0.0519 237 106 223
-0.5364 1.7192 -0.0537 142 73 55
-0.5334 1.7735 -0.0537 165 85 55
-0.5300 1.8318 -0.0537 189 100 59
-0.5262 1.8913 -0.0537 212 118 66
-0.5224 1.9512 -0.0537 222 127 70
-0.5183 2.0109 -0.0537 238 181 144
-0.5146 2.0707 -0.0537 253 240 227
-0.5105 2.1307 -0.0537 251 228 204
-0.5085 2.1898 -0.0537 251 224 196
-0.5181 2.2589 -0.0505 169 146 143
-0.5087 2.3099 -0.0536 251 224 196
-0.5113 2.3643 -0.0489 128 110 118
-0.5089 2.4297 -0.0536 251 224 199
-0.5172 2.5012 -0.0007 229 115 224
-0.5162 2.5041 0.0880 245 118 239
-0.5164 2.5041 0.1515 245 118 239
-0.5165 2.5041 0.2095 245 118 239
-0.5168 2.5041 0.2670 245 118 239
-0.5170 2.5041 0.3305 245 118 239
-0.5181 2.5041 0.3923 245 118 239
-0.5164 2.5041 0.4494 244 118 239
-0.5176 2.5041 0.5093 244 117 239
-0.5179 2.5041 0.5729 244 117 238
-0.5180 2.5041 0.6306 244 117 238
-0.5154 2.5041 0.6906 244 116 238
-0.5275 2.5042 0.7674 166 65 166
-0.5133 2.5043 0.8110 152 55 152
-0.5118 2.5043 0.8699 146 53 147
-0.5118 2.5043 0.9299 138 50 141
-0.5120 2.5043 0.9892 129 46 135
-0.5093 2.5043 1.0496 120 43 128
-0.5143 2.4993 1.1306 232 111 228
-0.5111 2.4989 1.1722 242 116 234
-0.5111 2.4989 1.2320 240 111 233
-0.5111 2.4989 1.2924 237 106 230
-0.5098 2.4990 1.3369 226 102 222
-0.4391 -2.4983 0.0501 254 187 254
-0.4432 -2.4984 0.1134 254 224 254
-0.4515 -2.4985 0.1500 254 226 254
-0.4515 -2.4985 0.2099 254 227 254
-0.4516 -2.4985 0.2695 254 227 254
-0.4501 -2.4985 0.3289 254 226 254
-0.4485 -2.4985 0.3902 254 224 254
-0.4485 -2.4985 0.4500 254 222 254
-0.4485 -2.4985 0.5101 254 218 254
-0.4487 -2.4985 0.5700 254 207 254
-0.4487 -2.4985 0.6299 254 193 254
-0.4487 -2.4985 0.6900 254 177 254
-0.4488 -2.4985 0.7505 254 158 253
-0.4485 -2.4985 0.8103 252 139 251
-0.4489 -2.4985 0.8697 246 119 244
-0.4452 -2.4985 0.9241 233 101 233
-0.4325 -2.4983 0.9714 234 104 234
-0.4535 -2.4982 1.0501 245 115 243
-0.4540 -2.4982 1.1103 238 105 237
-0.4455 -2.4981 1.1652 231 97 231
-0.4304 -2.4985 1.2123 222 90 224
-0.4504 -2.4992 1.2899 211 82 216
-0.4376 -2.4992 1.3256 207 83 213
-0.4490 -2.4261 -0.0518 233 200 180
-0.4708 -2.3604 -0.0534 254 252 245
-0.4603 -2.3067 -0.0534 254 253 247
-0.4518 -2.2491 -0.0535 254 254 248
-0.4511 -2.1894 -0.0535 254 254 250
-0.4513 -2.1295 -0.0536 254 254 251
-0.4515 -2.0695 -0.0536 254 254 250
-0.4511 -2.0096 -0.0537 237 181 142
-0.4438 -1.9525 -0.0537 217 123 66
-0.4314 -1.8960 -0.0537 205 111 61
-0.4274 -1.8503 -0.0537 207 115 65
-0.4517 -1.7706 -0.0536 240 149 76
-0.4712 -1.7006 -0.0534 172 90 61
-0.4608 -1.6471 -0.0534 163 83 60
-0.4510 -1.5896 -0.0534 142 73 59
-0.4357 -1.5529 -0.0534 111 61 57
-0.4506 -1.4712 -0.0535 255 254 249
-0.4507 -1.4111 -0.0534 255 253 245
-0.4509 -1.3513 -0.0533 255 253 244
-0.4515 -1.2919 -0.0532 254 251 236
-0.4684 -1.2524 -0.0531 254 248 229
-0.4508 -1.1713 -0.0535 254 254 249
-0.4315 -1.0876 -0.0537 254 254 252
-0.4401 -1.0528 -0.0537 254 254 243
-0.4311 -0.9969 -0.0536 254 254 240
-0.4238 -0.9470 -0.0535 252 249 225
-0.4268 -0.8484 -0.0537 229 185 147
-0.4327 -0.8116 -0.0537 253 250 220
-0.4284 -0.7537 -0.0536 255 253 220
-0.4241 -0.6977 -0.0534 248 246 219
-0.4221 -0.6312 -0.0537 150 78 61
-0.4258 -0.5877 -0.0537 171 88 62
-0.4482 -0.5117 -0.0537 249 208 169
-0.4324 -0.4645 -0.0537 254 254 254
-0.4596 -0.3835 -0.0535 254 254 248
-0.4708 -0.3105 -0.0535 254 252 241
-0.4579 -0.2635 -0.0535 254 254 247
-0.4508 -0.2091 -0.0535 255 254 248
-0.4310 -0.1412 -0.0537 255 254 253
-0.4451 -0.0872 -0.0537 255 254 253
-0.4512 -0.0026 -0.0536 245 192 149
-0.4515 0.0896 -0.0536 237 144 75
-0.4519 0.1491 -0.0535 234 140 73
-0.4619 0.2054 -0.0534 229 135 73
-0.4727 0.2526 -0.0534 221 127 71
-0.4510 0.3370 -0.0517 82 65 83
-0.4506 0.3928 -0.0516 83 66 83
-0.4341 0.4673 -0.0518 116 70 76
-0.4496 0.5118 -0.0518 203 165 143
-0.4437 0.5832 -0.0537 254 253 245
-0.4562 0.6043 -0.0261 254 251 210
-0.4574 0.6049 0.1009 248 223 153
-0.4561 0.6035 0.1673 254 253 219
-0.4568 0.6036 0.2100 254 252 215
-0.4568 0.6036 0.2700 254 251 213
-0.4565 0.6036 0.3298 254 250 210
-0.4572 0.6036 0.3902 254 248 200
-0.4576 0.6037 0.4500 254 241 184
-0.4575 0.6036 0.5101 250 223 154
-0.4588 0.6052 0.5405 215 170 104
-0.4517 1.2184 -0.0412 249 201 139
-0.4494 1.2053 0.1111 253 241 179
-0.4497 1.2056 0.1637 254 251 206
-0.4510 1.2057 0.2100 254 248 195
-0.4512 1.2057 0.2699 254 249 199
-0.4508 1.2057 0.3298 254 249 201
-0.4512 1.2057 0.3899 254 250 203
-0.4510 1.2057 0.4500 254 248 197
-0.4509 1.2057 0.5101 253 229 175
-0.4446 1.2047 0.5401 254 133 254
-0.4354 1.2684 -0.0537 248 167 83
-0.4510 1.3513 -0.0535 235 141 72
-0.4501 1.4115 -0.0536 241 150 77
-0.4458 1.4553 -0.0537 243 154 78
-0.4307 1.5517 -0.0534 255 152 255
-0.4254 1.5825 -0.0534 249 210 211
-0.4731 1.6772 -0.0527 240 151 210
-0.4547 1.7100 -0.0518 227 149 189
-0.4432 1.7688 -0.0518 216 179 156
-0.4540 1.8265 -0.0518 217 180 157
-0.4487 1.8889 -0.0518 221 187 164
-0.4474 1.9505 -0.0518 221 185 162
-0.4539 2.0115 -0.0517 175 136 127
-0.4432 2.0710 -0.0517 121 77 84
-0.4537 2.1308 -0.0515 117 75 85
-0.4766 2.2007 -0.0537 243 163 87
-0.4738 2.2536 -0.0537 244 163 87
-0.4702 2.3118 -0.0537 243 158 84
-0.4696 2.3642 -0.0512 163 119 90
-0.4440 2.4447 -0.0511 163 117 90
-0.4553 2.4965 0.0007 225 108 220
-0.4553 2.5006 0.0931 242 112 236
-0.4556 2.5006 0.1527 242 113 236
-0.4498 2.5006 0.2137 242 112 236
-0.4489 2.5006 0.2726 242 113 236
-0.4488 2.5006 0.3323 242 112 236
-0.4491 2.5006 0.3919 242 113 236
-0.4490 2.5006 0.4516 242 112 235
-0.4493 2.5006 0.5114 242 112 235
-0.4491 2.5006 0.5713 242 112 235
-0.4494 2.5006 0.6310 241 111 235
-0.4617 2.5034 0.7111 243 114 237
-0.4525 2.5042 0.7513 243 114 237
-0.4578 2.5044 0.8252 165 61 163
-0.4517 2.5044 0.8708 160 58 159
-0.4514 2.5044 0.9300 154 56 154
-0.4353 2.5007 1.0013 163 48 161
-0.4344 2.5005 1.0520 159 47 158
-0.4341 2.5002 1.1136 161 49 160
-0.4344 2.5002 1.1676 155 47 155
-0.4343 2.5002 1.2279 149 45 151
-0.4344 2.5002 1.2884 143 43 146
-0.4350 2.5002 1.3324 140 44 144
-0.3851 -2.4919 -0.0340 254 247 253
-0.3862 -2.4984 0.1070 254 216 254
-0.3828 -2.4987 0.1671 255 245 255
-0.3847 -2.4987 0.2100 255 246 255
-0.3847 -2.4987 0.2702 255 246 255
-0.3832 -2.4987 0.3295 255 245 255
-0.3822 -2.4987 0.3900 255 243 255
-0.3821 -2.4987 0.4499 255 237 255
-0.3820 -2.4987 0.5100 255 223 255
-0.3819 -2.4987 0.5701 255 203 255
-0.3827 -2.4987 0.6292 254 176 254
-0.3842 -2.4987 0.6899 252 140 251
-0.3833 -2.4987 0.7490 229 99 230
-0.3719 -2.4986 0.7870 213 86 218
-0.3892 -2.4984 0.8698 250 127 248
-0.3894 -2.4984 0.9298 241 110 239
-0.3825 -2.4983 0.9767 231 98 231
-0.3936 -2.4980 1.0493 246 118 244
-0.3946 -2.4981 1.1099 241 109 239
-0.3901 -2.4980 1.1691 234 101 234
-0.3843 -2.4981 1.2172 228 95 229
-0.3908 -2.4992 1.2900 211 82 216
-0.3868 -2.4992 1.3279 210 82 216
-0.3732 -2.4344 -0.0537 254 254 252
-0.3651 -2.3874 -0.0537 253 252 249
-0.3855 -2.3213 -0.0519 229 193 174
-0.4131 -2.2342 -0.0533 253 251 244
-0.4050 -2.1862 -0.0534 254 253 247
-0.3937 -2.1279 -0.0535 254 254 248
-0.3915 -2.0696 -0.0535 254 253 246
-0.3909 -2.0094 -0.0536 231 174 140
-0.3913 -1.9495 -0.0536 206 112 64
-0.3913 -1.8895 -0.0537 194 103 60
-0.3882 -1.8316 -0.0537 172 88 56
-0.3762 -1.7743 -0.0537 157 80 54
-0.3633 -1.7295 -0.0537 169 95 60
-0.3719 -1.6470 -0.0537 242 155 79
-0.4131 -1.5727 -0.0534 131 71 60
-0.4081 -1.5474 -0.0534 104 59 59
-0.3906 -1.4709 -0.0534 255 254 247
-0.3906 -1.4111 -0.0533 255 253 243
-0.3910 -1.3510 -0.0532 255 251 236
-0.3950 -1.3033 -0.0531 254 248 231
-0.4060 -1.2508 -0.0534 255 254 246
-0.3951 -1.1800 -0.0535 255 254 250
-0.3852 -1.1002 -0.0537 255 254 253
-0.3910 -1.0513 -0.0536 255 254 252
-0.3924 -0.9935 -0.0535 238 180 138
-0.4081 -0.9517 -0.0535 251 243 222
-0.3865 -0.8670 -0.0537 199 107 64
-0.3910 -0.8110 -0.0536 189 104 69
-0.3914 -0.7513 -0.0535 196 131 100
-0.4032 -0.7020 -0.0535 228 200 172
-0.3912 -0.6311 -0.0537 161 84 63
-0.3909 -0.5711 -0.0536 156 82 65
-0.3958 -0.5173 -0.0535 183 128 111
-0.4073 -0.4695 -0.0535 245 226 210
-0.3766 -0.3989 -0.0537 254 254 253
-0.4053 -0.3191 -0.0535 254 253 243
-0.3706 -0.2608 -0.0537 254 254 250
-0.3847 -0.2072 -0.0537 255 254 250
-0.3911 -0.1508 -0.0537 255 254 253
-0.3914 -0.0907 -0.0536 255 254 250
-0.3916 -0.0023 -0.0535 237 181 144
-0.4016 0.0862 -0.0535 226 131 70
-0.4128 0.1336 -0.0534 229 137 74
-0.3766 0.2345 -0.0519 119 75 84
-0.3921 0.2702 -0.0518 105 71 83
-0.3895 0.3307 -0.0517 77 63 83
-0.3731 0.4069 -0.0518 104 67 78
-0.3887 0.4510 -0.0518 114 69 76
-0.3730 0.5312 -0.0537 253 252 251
-0.3897 0.5700 -0.0537 254 254 252
-0.3909 0.6286 -0.0536 254 253 238
-0.3876 0.6779 -0.0535 254 251 224
-0.3777 0.7457 -0.0535 254 254 236
-0.3758 0.8264 -0.0537 254 254 251
-0.3760 0.8674 -0.0537 254 254 250
-0.3715 0.9269 -0.0535 255 254 250
-0.3693 0.9695 -0.0535 254 254 252
-0.3770 1.0482 -0.0535 255 255 253
-0.3768 1.0933 -0.0534 255 255 253
-0.3688 1.1865 -0.0533 229 131 70
-0.3854 1.1999 0.1630 255 161 255
-0.3854 1.1999 0.2093 255 168 255
-0.3853 1.1998 0.2703 255 167 255
-0.3852 1.1998 0.3298 255 167 255
-0.3851 1.1998 0.3895 255 165 255
-0.3850 1.1998 0.4506 255 163 255
-0.3849 1.1998 0.5104 255 153 255
-0.3948 1.2231 -0.0489 237 153 86
-0.4029 1.2017 0.1084 254 187 221
-0.4031 1.2020 0.1602 254 194 238
-0.4033 1.2020 0.2099 254 197 234
-0.4033 1.2020 0.2694 254 198 234
-0.4034 1.2020 0.3297 254 198 235
-0.4032 1.2020 0.3902 254 196 234
-0.4034 1.2020 0.4500 254 194 231
-0.4033 1.2020 0.5100 254 182 220
-0.4050 1.2016 0.5401 255 140 255
-0.3866 1.2830 -0.0537 243 158 80
-0.3922 1.3537 -0.0535 227 133 71
-0.3905 1.4112 -0.0536 233 140 74
-0.3883 1.4672 -0.0537 241 155 85
-0.4061 1.5482 -0.0535 255 166 254
-0.3927 1.5955 -0.0535 251 192 225
-0.3877 1.6494 -0.0535 250 229 203
-0.3841 1.7092 -0.0535 249 226 197
-0.3805 1.7696 -0.0535 253 240 216
-0.3775 1.8294 -0.0534 254 246 226
-0.3738 1.8883 -0.0534 254 252 242
-0.3702 1.9477 -0.0534 254 251 239
-0.3669 2.0073 -0.0534 241 209 185
-0.3643 2.0649 -0.0533 212 119 72
-0.3907 2.1279 -0.0518 123 77 84
-0.3909 2.1890 -0.0518 121 77 85
-0.3849 2.2506 -0.0516 117 76 85
-0.3964 2.3103 -0.0515 119 77 86
-0.3863 2.3717 -0.0515 117 76 86
-0.3896 2.4313 -0.0517 125 80 86
-0.4117 2.5004 0.0089 242 114 236
-0.4114 2.5004 0.0946 243 120 237
-0.4105 2.5004 0.1524 243 122 238
-0.4058 2.5003 0.2084 243 125 238
-0.4030 2.5001 0.2720 244 130 239
-0.4036 2.5002 0.3319 244 127 239
-0.4031 2.5001 0.3917 244 130 239
-0.4037 2.5002 0.4516 244 126 238
-0.4032 2.5001 0.5114 244 126 238
-0.4038 2.5002 0.5714 244 121 238
-0.4033 2.5001 0.6313 244 120 238
-0.3961 2.5006 0.7022 240 109 233
-0.3927 2.5042 0.7603 243 113 236
-0.3926 2.5042 0.8109 242 113 236
-0.3819 2.5024 0.8845 184 59 178
-0.3716 2.5010 0.9305 187 53 181
-0.3901 2.5003 1.0025 161 56 159
-0.3914 2.5003 1.0486 157 55 156
-0.3900 2.5003 1.1089 153 54 153
-0.3906 2.5003 1.1684 148 52 149
-0.3907 2.5003 1.2288 143 50 145
-0.3906 2.5003 1.2891 137 48 141
-0.3902 2.5003 1.3331 134 47 139
-0.3322 -2.4877 -0.0453 254 249 250
-0.3281 -2.4982 0.1003 254 208 254
-0.3272 -2.4986 0.1604 255 239 255
-0.3291 -2.4986 0.2100 255 240 255
-0.3288 -2.4986 0.2700 255 240 255
-0.3291 -2.4986 0.3299 255 239 255
-0.3289 -2.4986 0.3899 255 237 255
-0.3288 -2.4986 0.4500 255 233 255
-0.3288 -2.4986 0.5099 255 221 255
-0.3286 -2.4986 0.5699 254 203 254
-0.3300 -2.4986 0.6306 254 181 254
-0.3313 -2.4986 0.6899 254 154 253
-0.3312 -2.4986 0.7499 247 122 245
-0.3250 -2.4986 0.8019 226 95 227
-0.3299 -2.4983 0.8700 251 132 249
-0.3298 -2.4983 0.9300 246 118 244
-0.3296 -2.4982 0.9896 236 103 235
-0.3156 -2.4982 1.0312 230 97 230
-0.3341 -2.4980 1.1104 243 112 241
-0.3339 -2.4979 1.1703 237 105 236
-0.3342 -2.4979 1.2298 230 97 230
-0.3204 -2.4980 1.2722 225 93 227
-0.3281 -2.4992 1.3330 189 79 201
-0.3314 -2.4293 -0.0536 254 254 252
-0.3303 -2.3704 -0.0537 254 254 252
-0.3206 -2.3127 -0.0537 254 254 252
-0.3098 -2.2565 -0.0537 254 254 253
-0.3076 -2.2098 -0.0533 249 243 238
-0.3489 -2.1110 -0.0529 246 235 222
-0.3489 -2.0632 -0.0534 254 252 243
-0.3378 -2.0069 -0.0535 229 166 128
-0.3312 -1.9496 -0.0535 209 115 66
-0.3311 -1.8896 -0.0535 192 101 61
-0.3311 -1.8295 -0.0536 177 91 58
-0.3315 -1.7693 -0.0536 159 81 56
-0.3233 -1.7300 -0.0537 145 74 55
-0.3160 -1.6283 -0.0536 222 128 69
-0.3304 -1.5907 -0.0536 227 133 72
-0.3304 -1.5312 -0.0535 232 146 86
-0.3306 -1.4710 -0.0534 255 253 243
-0.3306 -1.4111 -0.0533 255 252 238
-0.3316 -1.3527 -0.0531 255 250 232
-0.3496 -1.3141 -0.0531 255 249 232
-0.3317 -1.2325 -0.0535 255 254 249
-0.3171 -1.1504 -0.0537 255 254 254
-0.3304 -1.1110 -0.0537 255 254 252
-0.3308 -1.0512 -0.0536 255 254 251
-0.3383 -1.0071 -0.0535 245 203 167
-0.3278 -0.9280 -0.0537 226 132 72
-0.3310 -0.8712 -0.0536 211 117 67
-0.3318 -0.8116 -0.0535 198 106 65
-0.3457 -0.7639 -0.0535 188 100 65
-0.3310 -0.6907 -0.0537 186 99 65
-0.3311 -0.6305 -0.0536 176 93 65
-0.3385 -0.5778 -0.0535 169 90 66
-0.3515 -0.5361 -0.0535 163 86 65
-0.3110 -0.4311 -0.0537 254 249 235
-0.3120 -0.3823 -0.0537 254 250 232
-0.3257 -0.3278 -0.0537 254 253 243
-0.3310 -0.2708 -0.0537 255 254 248
-0.3310 -0.2106 -0.0536 255 254 249
-0.3310 -0.1504 -0.0536 255 254 250
-0.3318 -0.0910 -0.0535 254 253 245
-0.3431 -0.0264 -0.0535 246 217 195
-0.3193 0.0816 -0.0537 179 93 57
-0.3159 0.1351 -0.0537 200 114 65
-0.3279 0.2329 -0.0519 120 76 86
-0.3297 0.2713 -0.0518 95 69 84
-0.3278 0.3243 -0.0517 74 63 84
-0.3252 0.3950 -0.0518 111 68 76
-0.3313 0.4516 -0.0517 114 70 77
-0.3257 0.5163 -0.0537 254 250 244
-0.3308 0.5689 -0.0536 255 254 252
-0.3318 0.6281 -0.0535 254 254 248
-0.3464 0.6688 -0.0535 254 254 247
-0.3087 0.7735 -0.0537 254 254 253
-0.3279 0.8127 -0.0537 254 254 253
-0.3307 0.8689 -0.0536 254 254 251
-0.3332 0.9257 -0.0535 254 253 246
-0.3511 0.9673 -0.0535 253 248 242
-0.3320 1.0471 -0.0534 218 133 87
-0.3480 1.0877 -0.0532 228 190 171
-0.3226 1.1701 -0.0513 131 90 97
-0.3220 1.2292 -0.0513 136 93 96
-0.3193 1.2895 -0.0513 137 94 97
-0.3194 1.3389 -0.0514 145 100 97
-0.3208 1.3949 -0.0513 141 95 95
-0.3151 1.4578 -0.0511 147 102 100
-0.3137 1.5252 -0.0511 224 195 186
-0.3199 1.6077 -0.0512 226 175 190
-0.3155 1.6646 -0.0519 176 152 165
-0.3162 1.6954 -0.0514 151 139 143
-0.3137 1.7703 -0.0513 152 144 149
-0.3288 1.8301 -0.0536 254 249 232
-0.3170 1.8752 -0.0518 177 174 179
-0.3083 1.9570 -0.0518 243 243 239
-0.3094 2.0175 -0.0520 252 245 236
-0.3160 2.0693 -0.0525 242 195 162
-0.3141 2.1155 -0.0525 241 194 161
-0.3245 2.1889 -0.0535 227 133 75
-0.3206 2.2492 -0.0535 228 134 76
-0.3177 2.3090 -0.0534 228 134 76
-0.3140 2.3684 -0.0534 228 135 78
-0.3104 2.4278 -0.0534 225 131 77
-0.3082 2.4787 -0.0501 231 137 84
-0.3475 2.4982 0.1110 254 201 254
-0.3311 2.4984 0.1512 254 214 254
-0.3303 2.4984 0.2099 254 215 254
-0.3304 2.4984 0.2698 254 215 254
-0.3301 2.4984 0.3298 254 214 254
-0.3299 2.4984 0.3899 254 212 254
-0.3301 2.4984 0.4500 254 207 254
-0.3300 2.4984 0.5100 254 195 254
-0.3298 2.4984 0.5701 254 179 254
-0.3299 2.4984 0.6307 254 161 253
-0.3456 2.5007 0.7167 238 106 231
-0.3433 2.5037 0.7667 242 111 235
-0.3141 2.5017 0.8197 215 75 207
-0.3256 2.5004 0.8888 183 77 155
-0.3316 2.5004 0.9309 188 65 182
-0.3333 2.5003 1.0034 167 59 164
-0.3334 2.5003 1.0482 164 58 162
-0.3334 2.5003 1.1087 159 56 158
-0.3333 2.5003 1.1693 155 54 154
-0.3334 2.5003 1.2298 149 52 150
-0.3333 2.5003 1.2902 144 50 146
-0.3333 2.5003 1.3342 140 49 143
-0.2769 -2.4816 -0.0518 254 253 247
-0.2709 -2.4981 0.0936 254 200 254
-0.2685 -2.4985 0.1530 255 231 255
-0.2697 -2.4985 0.2100 255 232 255
-0.2699 -2.4985 0.2699 255 232 255
-0.2695 -2.4985 0.3300 255 231 254
-0.2696 -2.4985 0.3901 255 229 254
-0.2696 -2.4985 0.4501 254 226 254
-0.2697 -2.4985 0.5100 254 217 254
-0.2694 -2.4985 0.5701 254 201 254
-0.2697 -2.4985 0.6302 254 183 254
-0.2692 -2.4985 0.6903 254 161 254
-0.2694 -2.4985 0.7502 252 137 250
-0.2694 -2.4985 0.8101 241 111 240
-0.2611 -2.4984 0.8544 227 94 228
-0.2722 -2.4981 0.9300 248 122 246
-0.2723 -2.4981 0.9899 241 110 239
-0.2691 -2.4981 1.0452 232 99 232
-0.2569 -2.4980 1.0914 233 101 233
-0.2745 -2.4978 1.1697 239 107 238
-0.2744 -2.4978 1.2296 234 101 233
-0.2716 -2.4978 1.2858 224 94 226
-0.2562 -2.4982 1.3281 90 65 128
-0.2712 -2.4296 -0.0535 254 254 249
-0.2714 -2.3695 -0.0536 254 254 249
-0.2712 -2.3094 -0.0536 254 254 250
-0.2713 -2.2495 -0.0537 254 254 252
-0.2681 -2.1914 -0.0537 254 254 253
-0.2569 -2.1331 -0.0537 254 254 252
-0.2474 -2.0816 -0.0537 254 253 249
-0.2609 -2.0306 -0.0521 226 186 164
-0.2922 -1.9371 -0.0534 197 105 64
-0.2822 -1.8858 -0.0535 187 99 62
-0.2725 -1.8283 -0.0535 176 91 60
-0.2711 -1.7696 -0.0535 163 83 58
-0.2682 -1.7188 -0.0536 149 76 57
-0.2665 -1.6417 -0.0536 213 118 66
-0.2710 -1.5912 -0.0535 218 122 68
-0.2706 -1.5310 -0.0534 223 135 83
-0.2705 -1.4712 -0.0533 255 251 237
-0.2706 -1.4110 -0.0532 254 250 233
-0.2748 -1.3639 -0.0531 254 247 227
-0.2900 -1.3139 -0.0534 255 253 246
-0.2543 -1.2158 -0.0537 255 254 252
-0.2668 -1.1653 -0.0537 255 255 254
-0.2708 -1.1113 -0.0536 255 254 251
-0.2743 -1.0568 -0.0535 255 254 250
-0.2690 -0.9886 -0.0537 239 158 94
-0.2709 -0.9312 -0.0536 230 135 73
-0.2725 -0.8725 -0.0535 219 124 70
-0.2872 -0.8258 -0.0535 207 114 68
-0.2711 -0.7509 -0.0536 207 114 67
-0.2579 -0.6716 -0.0523 229 196 151
-0.2541 -0.6369 -0.0521 247 230 176
-0.2577 -0.5842 -0.0527 203 159 117
-0.2518 -0.5014 -0.0537 224 191 162
-0.2659 -0.4474 -0.0537 253 240 216
-0.2712 -0.3907 -0.0537 254 247 226
-0.2712 -0.3305 -0.0536 254 251 235
-0.2713 -0.2706 -0.0536 254 253 243
-0.2711 -0.2111 -0.0535 254 253 245
-0.2805 -0.1544 -0.0535 254 254 248
-0.2921 -0.1048 -0.0534 254 252 240
-0.2715 0.0041 -0.0535 210 150 119
-0.2512 0.1046 -0.0522 212 187 164
-0.2662 0.1510 -0.0521 246 238 200
-0.2761 0.2271 -0.0519 128 87 93
-0.2700 0.2651 -0.0518 93 70 86
-0.2620 0.3406 -0.0518 111 68 76
-0.2459 0.4096 -0.0536 232 142 76
-0.2610 0.4669 -0.0537 246 164 85
-0.2707 0.5092 -0.0537 252 237 221
-0.2709 0.5687 -0.0536 255 254 251
-0.2766 0.6157 -0.0535 255 254 247
-0.2726 0.6862 -0.0535 254 254 246
-0.2645 0.7624 -0.0537 255 254 253
-0.2708 0.8091 -0.0536 255 254 253
-0.2708 0.8689 -0.0535 254 254 250
-0.2814 0.9119 -0.0535 254 253 243
-0.2706 0.9890 -0.0535 241 200 170
-0.2785 1.0338 -0.0534 215 122 72
-0.2695 1.1081 -0.0513 131 90 97
-0.2735 1.1710 -0.0512 131 89 96
-0.2736 1.2286 -0.0511 130 90 97
-0.2695 1.2896 -0.0510 129 90 98
-0.2733 1.3496 -0.0510 132 92 98
-0.2685 1.4074 -0.0509 133 92 98
-0.2640 1.4755 -0.0508 163 116 112
-0.2662 1.5334 -0.0508 218 186 176
-0.2779 1.5860 -0.0508 223 191 180
-0.2732 1.6486 -0.0507 170 141 152
-0.2500 1.7084 -0.0519 243 242 238
-0.2518 1.7692 -0.0516 224 222 223
-0.2746 1.8278 -0.0504 119 113 129
-0.2553 1.9085 -0.0516 234 233 232
-0.2693 1.9478 -0.0517 249 249 246
-0.2712 2.0083 -0.0516 246 246 242
-0.2722 2.0685 -0.0515 247 246 241
-0.2663 2.1293 -0.0514 244 244 240
-0.2706 2.1867 -0.0513 245 243 238
-0.2632 2.2481 -0.0511 243 243 238
-0.2640 2.3119 -0.0511 242 239 233
-0.2586 2.3608 -0.0509 229 227 224
-0.2525 2.4292 -0.0509 242 236 229
-0.2507 2.5017 0.0021 252 250 245
-0.2515 2.5027 0.0918 251 247 242
-0.2516 2.5027 0.1525 251 246 241
-0.2518 2.5027 0.2117 251 246 238
-0.2521 2.5027 0.2709 251 246 236
-0.2523 2.5027 0.3302 250 246 233
-0.2526 2.5027 0.3895 250 245 225
-0.2528 2.5027 0.4488 250 245 222
-0.2531 2.5027 0.5081 250 244 216
-0.2534 2.5027 0.5676 250 242 208
-0.2536 2.5027 0.6272 250 239 199
-0.2541 2.5027 0.6882 250 235 187
-0.2508 2.5013 0.7657 219 116 190
-0.2667 2.5004 0.8237 202 73 194
-0.2732 2.5003 0.8873 187 78 164
-0.2735 2.5003 0.9316 191 70 185
-0.2702 2.5003 1.0043 174 63 170
-0.2702 2.5003 1.0491 171 61 167
-0.2701 2.5003 1.1098 166 59 164
-0.2702 2.5003 1.1704 162 57 160
-0.2701 2.5003 1.2308 157 55 156
-0.2701 2.5003 1.2913 152 53 152
-0.2702 2.5003 1.3355 148 52 149
-0.2025 -2.4980 0.0531 254 188 254
-0.2037 -2.4983 0.1137 254 219 254
-0.2108 -2.4983 0.1499 255 222 255
-0.2110 -2.4983 0.2100 255 223 254
-0.2108 -2.4983 0.2703 255 223 254
-0.2110 -2.4983 0.3303 254 222 254
-0.2112 -2.4983 0.3900 254 220 254
-0.2109 -2.4983 0.4499 254 218 254
-0.2110 -2.4983 0.5100 254 212 254
-0.2109 -2.4983 0.5698 254 198 254
-0.2108 -2.4983 0.6300 254 182 254
-0.2109 -2.4983 0.6901 254 164 254
-0.2109 -2.4983 0.7500 253 144 252
-0.2109 -2.4983 0.8100 248 124 246
-0.2098 -2.4983 0.8684 235 103 235
-0.1930 -2.4983 0.9091 228 95 228
-0.2128 -2.4980 0.9898 244 114 242
-0.2126 -2.4980 1.0498 236 104 235
-0.2056 -2.4980 1.0983 229 97 230
-0.2095 -2.4977 1.1701 240 109 239
-0.2095 -2.4977 1.2295 236 103 235
-0.2088 -2.4977 1.2895 224 96 226
-0.2081 -2.4978 1.3334 52 59 100
-0.2328 -2.4184 -0.0534 254 251 243
-0.2241 -2.3662 -0.0535 254 253 246
-0.2138 -2.3079 -0.0535 254 254 248
-0.2111 -2.2496 -0.0535 254 254 251
-0.2114 -2.1895 -0.0536 254 254 251
-0.2113 -2.1296 -0.0536 254 254 251
-0.2112 -2.0695 -0.0537 254 254 248
-0.2047 -2.0123 -0.0537 235 182 147
-0.1933 -1.9548 -0.0537 207 111 61
-0.1854 -1.9080 -0.0537 197 104 60
-0.2339 -1.8116 -0.0534 193 103 64
-0.2270 -1.7648 -0.0534 168 87 60
-0.2149 -1.7075 -0.0535 150 77 59
-0.1966 -1.6730 -0.0535 140 74 60
-0.2108 -1.5911 -0.0535 206 112 65
-0.2106 -1.5309 -0.0534 209 122 79
-0.2107 -1.4708 -0.0532 254 249 232
-0.2117 -1.4124 -0.0531 254 247 227
-0.2291 -1.3738 -0.0531 254 245 221
-0.2135 -1.2952 -0.0535 255 254 246
-0.2029 -1.2141 -0.0537 255 254 253
-0.2108 -1.1713 -0.0536 255 254 253
-0.2112 -1.1113 -0.0535 255 254 250
-0.2247 -1.0702 -0.0535 255 254 250
-0.2112 -0.9911 -0.0536 238 157 99
-0.2131 -0.9334 -0.0535 229 134 72
-0.2283 -0.8876 -0.0535 228 133 72
-0.2109 -0.8108 -0.0536 234 140 75
-0.2112 -0.7509 -0.0536 223 127 72
-0.2079 -0.6861 -0.0520 160 88 78
-0.2092 -0.6321 -0.0519 168 111 96
-0.1982 -0.5458 -0.0536 133 69 53
-0.2112 -0.5105 -0.0537 200 156 131
-0.2110 -0.4508 -0.0536 252 237 211
-0.2111 -0.3908 -0.0535 254 241 216
-0.2114 -0.3307 -0.0535 254 249 231
-0.2198 -0.2740 -0.0535 254 252 239
-0.2315 -0.2236 -0.0534 254 253 244
-0.1942 -0.1615 -0.0537 254 253 246
-0.2262 -0.0774 -0.0535 253 241 221
-0.1939 0.0444 -0.0521 144 91 93
-0.2089 0.0915 -0.0521 142 87 90
-0.2093 0.1507 -0.0520 143 88 91
-0.2116 0.2097 -0.0519 166 123 119
-0.1852 0.2911 -0.0536 239 161 86
-0.1960 0.3353 -0.0537 240 154 80
-0.1892 0.4135 -0.0537 244 162 86
-0.2083 0.4515 -0.0537 242 154 79
-0.2107 0.5088 -0.0536 251 233 217
-0.2137 0.5652 -0.0535 255 254 250
-0.2292 0.6095 -0.0535 255 254 244
-0.1954 0.7105 -0.0537 255 254 252
-0.2102 0.7496 -0.0537 254 254 253
-0.2110 0.8089 -0.0536 255 254 252
-0.2152 0.8609 -0.0535 254 254 250
-0.2108 0.9288 -0.0535 254 254 248
-0.2140 0.9830 -0.0534 246 220 196
-0.2115 1.0509 -0.0512 132 88 95
-0.2112 1.1083 -0.0512 135 90 95
-0.2114 1.1700 -0.0511 137 91 95
-0.2140 1.2319 -0.0510 137 91 95
-0.2104 1.2883 -0.0510 134 90 96
-0.1943 1.3577 -0.0518 224 213 192
-0.1906 1.3932 -0.0516 213 199 180
-0.1894 1.4682 -0.0518 236 227 211
-0.2098 1.5310 -0.0508 216 183 172
-0.2152 1.5846 -0.0507 221 190 179
-0.2061 1.6632 -0.0520 237 218 202
-0.2103 1.7097 -0.0519 243 235 227
-0.2104 1.7695 -0.0518 248 246 241
-0.2096 1.8304 -0.0517 249 248 245
-0.2057 1.8899 -0.0517 252 250 244
-0.2039 1.9461 -0.0516 250 247 241
-0.1966 2.0087 -0.0514 245 242 238
-0.1967 2.0677 -0.0513 233 228 227
-0.1916 2.1227 -0.0512 231 226 225
-0.2160 2.1903 -0.0512 211 204 205
-0.2039 2.2500 -0.0511 190 178 181
-0.2101 2.3100 -0.0510 232 230 227
-0.2128 2.3748 -0.0509 244 242 235
-0.2094 2.4288 -0.0507 237 236 233
-0.2082 2.5013 0.0015 254 253 249
-0.2085 2.5027 0.0909 253 251 247
-0.2088 2.5027 0.1507 253 251 247
-0.2091 2.5027 0.2105 253 251 247
-0.2093 2.5027 0.2704 253 251 244
-0.2096 2.5027 0.3303 253 251 241
-0.2099 2.5027 0.3902 253 251 236
-0.2101 2.5027 0.4502 253 251 228
-0.2104 2.5027 0.5102 253 250 222
-0.2107 2.5027 0.5702 253 249 213
-0.2109 2.5027 0.6303 253 247 205
-0.2112 2.5027 0.6904 253 244 197
-0.2074 2.5010 0.7690 219 113 199
-0.2099 2.5004 0.8238 206 80 198
-0.2145 2.5003 0.8879 198 74 191
-0.2148 2.5003 0.9322 196 73 189
-0.2070 2.5003 1.0051 181 65 176
-0.2068 2.5003 1.0501 178 64 173
-0.2068 2.5003 1.1107 173 62 169
-0.2067 2.5003 1.1713 169 60 166
-0.2075 2.5003 1.2311 164 58 162
-0.2068 2.5003 1.2908 159 56 158
-0.2120 2.5003 1.3367 155 55 155
-0.1282 -2.4934 -0.0288 254 244 253
-0.1481 -2.4982 0.1077 254 211 254
-0.1298 -2.4988 0.1708 255 240 255
-0.1293 -2.4988 0.2099 255 242 255
-0.1293 -2.4988 0.2703 255 242 255
-0.1294 -2.4988 0.3302 255 241 255
-0.1292 -2.4988 0.3897 255 239 255
-0.1294 -2.4988 0.4497 255 233 255
-0.1293 -2.4988 0.5096 255 218 255
-0.1294 -2.4988 0.5696 255 196 255
-0.1294 -2.4988 0.6300 254 169 254
-0.1295 -2.4988 0.6904 251 135 250
-0.1293 -2.4988 0.7495 228 97 229
-0.1375 -2.4985 0.7961 230 107 233
-0.1516 -2.4982 0.8699 243 113 241
-0.1472 -2.4982 0.9234 232 99 231
-0.1386 -2.4981 0.9754 235 105 235
-0.1519 -2.4979 1.0497 240 108 238
-0.1517 -2.4979 1.1099 232 99 232
-0.1398 -2.4979 1.1525 228 95 228
-0.1453 -2.4976 1.2301 237 105 236
-0.1448 -2.4976 1.2899 228 99 229
-0.1453 -2.4977 1.3336 54 61 101
-0.1275 -2.4479 -0.0533 248 241 236
-0.1477 -2.3661 -0.0517 222 183 165
-0.1690 -2.2904 -0.0529 244 232 222
-0.1703 -2.2432 -0.0534 254 253 248
-0.1606 -2.1875 -0.0535 254 254 249
-0.1523 -2.1292 -0.0535 254 254 249
-0.1509 -2.0696 -0.0535 254 253 246
-0.1511 -2.0096 -0.0536 233 172 133
-0.1516 -1.9495 -0.0536 208 111 61
-0.1505 -1.8904 -0.0537 192 98 57
-0.1405 -1.8326 -0.0537 172 87 56
-0.1292 -1.7928 -0.0467 150 79 66
-0.1394 -1.7465 0.1143 255 155 255
-0.1420 -1.7460 0.1505 255 153 255
-0.1421 -1.7460 0.2101 255 150 255
-0.1413 -1.7468 0.2691 255 146 255
-0.1412 -1.7468 0.3297 255 140 255
-0.1416 -1.7467 0.3903 255 132 254
-0.1416 -1.7467 0.4500 254 122 254
-0.1419 -1.7467 0.5098 253 109 252
-0.1420 -1.7466 0.5698 249 95 247
-0.1422 -1.7465 0.6301 234 76 233
-0.1423 -1.7465 0.6896 208 60 212
-0.1425 -1.7465 0.7493 203 58 209
-0.1426 -1.7464 0.8102 203 58 209
-0.1428 -1.7463 0.8702 203 58 208
-0.1419 -1.7466 0.9208 202 58 208
-0.1449 -1.7452 0.9898 233 74 232
-0.1458 -1.7449 1.0497 214 63 217
-0.1469 -1.7446 1.1101 205 59 211
-0.1408 -1.7455 1.1644 207 60 212
-0.1440 -1.7459 1.2285 240 81 237
-0.1424 -1.7454 1.2765 237 79 235
-0.1467 -1.7435 1.3356 235 78 234
-0.1507 -1.7057 -0.0030 244 158 224
-0.1492 -1.7192 0.1169 255 145 255
-0.1492 -1.7087 0.1497 255 140 254
-0.1492 -1.7094 0.2098 255 137 254
-0.1492 -1.7108 0.2697 255 133 254
-0.1492 -1.7108 0.3295 254 126 254
-0.1492 -1.7104 0.3897 254 117 253
-0.1492 -1.7104 0.4500 252 106 251
-0.1492 -1.7102 0.5102 247 92 245
-0.1492 -1.7102 0.5700 229 74 229
-0.1492 -1.7100 0.6299 209 61 213
-0.1492 -1.7099 0.6901 204 58 210
-0.1492 -1.7098 0.7501 202 58 208
-0.1492 -1.7098 0.8100 203 58 209
-0.1492 -1.7096 0.8700 204 58 210
-0.1492 -1.7129 0.9134 201 57 207
-0.1484 -1.7102 0.9900 219 66 221
-0.1484 -1.7099 1.0497 206 59 211
-0.1484 -1.7092 1.1097 205 59 210
-0.1484 -1.7121 1.1544 207 60 212
-0.1501 -1.7103 1.2296 238 79 236
-0.1465 -1.7069 1.2900 241 83 239
-0.1465 -1.7069 1.3346 237 80 236
-0.1728 -1.6653 -0.0479 163 89 83
-0.1484 -1.6506 0.0935 255 152 255
-0.1492 -1.6641 0.1512 254 124 254
-0.1492 -1.6650 0.2099 254 120 253
-0.1492 -1.6644 0.2700 254 115 253
-0.1492 -1.6644 0.3296 253 106 251
-0.1492 -1.6645 0.3897 250 97 248
-0.1492 -1.6641 0.4501 241 83 239
-0.1492 -1.6641 0.5099 222 68 224
-0.1492 -1.6640 0.5701 204 58 209
-0.1492 -1.6639 0.6300 204 58 209
-0.1492 -1.6637 0.6898 204 58 209
-0.1492 -1.6637 0.7499 206 59 211
-0.1492 -1.6635 0.8099 204 58 209
-0.1492 -1.6634 0.8700 207 60 212
-0.1492 -1.6652 0.9068 205 59 210
-0.1484 -1.6503 0.9895 205 59 211
-0.1484 -1.6507 1.0501 203 58 209
-0.1484 -1.6502 1.1102 206 59 211
-0.1485 -1.6588 1.1471 204 58 209
-0.1501 -1.6496 1.2298 237 78 235
-0.1466 -1.6509 1.2898 240 82 238
-0.1466 -1.6507 1.3332 237 79 235
-0.1523 -1.5922 -0.0259 239 167 202
-0.1484 -1.5897 0.0962 255 141 255
-0.1484 -1.5883 0.1501 255 139 255
-0.1484 -1.5891 0.2102 255 138 255
-0.1484 -1.5911 0.2703 255 136 254
-0.1484 -1.5905 0.3309 255 133 254
-0.1484 -1.5895 0.3908 255 128 254
-0.1484 -1.5894 0.4501 254 123 254
-0.1484 -1.5890 0.5099 254 117 253
-0.1484 -1.5885 0.5695 253 110 252
-0.1484 -1.5911 0.6299 252 102 250
-0.1484 -1.5905 0.6899 249 93 246
-0.1484 -1.5899 0.7500 243 84 240
-0.1484 -1.5894 0.8101 230 73 229
-0.1484 -1.5887 0.8701 213 62 216
-0.1484 -1.5891 0.9295 205 59 211
-0.1484 -1.5899 0.9904 204 58 209
-0.1484 -1.5907 1.0500 203 58 209
-0.1484 -1.5918 1.1065 205 59 210
-0.1501 -1.5912 1.1700 244 85 241
-0.1501 -1.5919 1.2300 234 76 233
-0.1498 -1.5868 1.2639 228 72 228
-0.1467 -1.5903 1.3330 237 79 235
-0.1535 -1.5330 -0.0363 237 167 188
-0.1485 -1.5296 0.0990 254 128 254
-0.1485 -1.5289 0.1501 254 127 254
-0.1485 -1.5298 0.2099 254 126 254
-0.1485 -1.5304 0.2707 254 123 254
-0.1485 -1.5302 0.3308 254 120 253
-0.1485 -1.5296 0.3901 254 115 253
-0.1485 -1.5288 0.4497 253 109 252
-0.1485 -1.5292 0.5095 252 103 250
-0.1485 -1.5299 0.5705 250 96 248
-0.1485 -1.5305 0.6303 246 88 243
-0.1485 -1.5298 0.6901 237 78 236
-0.1485 -1.5291 0.7499 222 68 223
-0.1485 -1.5292 0.8096 208 60 212
-0.1485 -1.5296 0.8700 202 57 208
-0.1484 -1.5299 0.9304 204 58 209
-0.1484 -1.5301 0.9899 205 59 211
-0.1484 -1.5294 1.0498 205 59 210
-0.1485 -1.5319 1.0976 205 59 210
-0.1502 -1.5308 1.1701 242 83 239
-0.1502 -1.5298 1.2302 231 73 230
-0.1499 -1.5303 1.2658 222 68 222
-0.1468 -1.5322 1.3356 235 77 234
-0.1557 -1.4744 -0.0458 254 227 240
-0.1485 -1.4696 0.1015 254 115 253
-0.1485 -1.4700 0.1500 254 114 253
-0.1485 -1.4699 0.2101 253 112 252
-0.1485 -1.4700 0.2707 253 109 252
-0.1485 -1.4694 0.3307 252 105 251
-0.1485 -1.4691 0.3895 251 100 249
-0.1485 -1.4701 0.4501 249 95 247
-0.1485 -1.4696 0.5103 245 88 243
-0.1485 -1.4700 0.5699 238 79 236
-0.1485 -1.4691 0.6300 227 71 227
-0.1485 -1.4701 0.6899 212 62 215
-0.1485 -1.4694 0.7500 206 59 211
-0.1485 -1.4695 0.8104 204 58 209
-0.1485 -1.4698 0.8700 205 59 211
-0.1485 -1.4695 0.9297 203 58 209
-0.1485 -1.4702 0.9900 206 59 211
-0.1485 -1.4694 1.0500 206 59 211
-0.1485 -1.4744 1.0893 205 59 210
-0.1502 -1.4681 1.1701 239 80 237
-0.1501 -1.4689 1.2298 228 72 228
-0.1500 -1.4674 1.2651 220 66 221
-0.1469 -1.4686 1.3345 232 75 231
-0.1630 -1.4238 -0.0524 254 247 228
-0.1486 -1.4336 0.1042 253 109 251
-0.1485 -1.4344 0.1498 253 106 251
-0.1485 -1.4338 0.2104 252 104 250
-0.1485 -1.4332 0.2700 251 101 250
-0.1485 -1.4324 0.3291 250 97 248
-0.1485 -1.4327 0.3915 248 92 245
-0.1485 -1.4326 0.4508 244 85 241
-0.1485 -1.4321 0.5101 236 78 235
-0.1485 -1.4314 0.5700 225 69 225
-0.1485 -1.4306 0.6303 211 62 215
-0.1485 -1.4316 0.6906 205 59 210
-0.1485 -1.4308 0.7501 209 61 214
-0.1485 -1.4305 0.8098 204 59 209
-0.1485 -1.4295 0.8697 205 59 211
-0.1485 -1.4293 0.9306 206 59 211
-0.1485 -1.4299 0.9900 207 60 213
-0.1485 -1.4291 1.0498 204 59 210
-0.1486 -1.4285 1.0836 205 59 210
-0.1502 -1.4099 1.1697 236 77 234
-0.1502 -1.4089 1.2302 222 68 223
-0.1500 -1.4093 1.2673 215 64 218
-0.1471 -1.4040 1.3341 228 72 228
-0.1582 -1.3542 -0.0474 255 244 248
-0.1513 -1.3336 0.1160 255 206 255
-0.1499 -1.3503 0.1604 255 193 255
-0.1499 -1.3509 0.2098 255 193 255
-0.1499 -1.3505 0.2710 255 193 255
-0.1499 -1.3510 0.3308 255 192 255
-0.1499 -1.3507 0.3899 255 190 255
-0.1499 -1.3511 0.4498 255 189 255
-0.1499 -1.3512 0.5106 255 184 255
-0.1500 -1.3502 0.5694 255 175 255
-0.1500 -1.3504 0.6299 255 166 255
-0.1500 -1.3517 0.6900 254 154 254
-0.1500 -1.3512 0.7501 254 143 254
-0.1500 -1.3496 0.8101 254 131 254
-0.1500 -1.3508 0.8701 254 119 253
-0.1500 -1.3520 0.9297 252 106 250
-0.1500 -1.3510 0.9898 248 94 246
-0.1500 -1.3494 1.0499 238 81 236
-0.1500 -1.3493 1.1079 222 70 222
-0.1500 -1.3330 1.1493 216 66 218
-0.1502 -1.3500 1.2297 216 65 218
-0.1501 -1.3489 1.2673 208 61 212
-0.1472 -1.3473 1.3336 223 69 224
-0.1657 -1.3084 -0.0530 255 253 245
-0.1514 -1.2859 0.1118 255 204 255
-0.1500 -1.2908 0.1551 255 186 255
-0.1500 -1.2905 0.2100 255 186 255
-0.1500 -1.2904 0.2692 255 186 255
-0.1500 -1.2900 0.3294 255 185 255
-0.1500 -1.2914 0.3895 255 184 255
-0.1500 -1.2924 0.4499 255 183 255
-0.1500 -1.2897 0.5095 255 180 255
-0.1501 -1.2897 0.5701 255 175 255
-0.1501 -1.2905 0.6301 255 166 255
-0.1501 -1.2918 0.6899 255 156 254
-0.1501 -1.2920 0.7495 254 146 254
-0.1501 -1.2896 0.8109 254 135 254
-0.1501 -1.2899 0.8701 254 124 253
-0.1501 -1.2912 0.9302 253 113 252
-0.1501 -1.2915 0.9896 251 102 249
-0.1501 -1.2903 1.0500 246 91 244
-0.1501 -1.2911 1.1106 236 80 234
-0.1501 -1.2856 1.1651 224 71 224
-0.1502 -1.2699 1.2112 217 66 219
-0.1501 -1.2898 1.2697 203 59 208
-0.1473 -1.2908 1.3326 217 65 219
-0.1548 -1.2303 -0.0325 255 238 254
-0.1505 -1.2117 0.1150 255 180 255
-0.1501 -1.2302 0.1507 255 179 255
-0.1501 -1.2292 0.2099 255 180 255
-0.1501 -1.2299 0.2695 255 180 255
-0.1501 -1.2312 0.3295 255 180 255
-0.1501 -1.2324 0.3900 255 179 255
-0.1501 -1.2331 0.4499 255 177 255
-0.1502 -1.2284 0.5095 255 175 255
-0.1502 -1.2294 0.5699 255 172 255
-0.1502 -1.2301 0.6299 255 166 255
-0.1502 -1.2312 0.6898 254 157 254
-0.1502 -1.2323 0.7500 254 148 254
-0.1502 -1.2315 0.8094 254 138 254
-0.1502 -1.2304 0.8705 254 127 254
-0.1502 -1.2291 0.9297 254 117 253
-0.1502 -1.2304 0.9896 252 107 251
-0.1502 -1.2309 1.0494 249 97 247
-0.1502 -1.2315 1.1091 244 88 241
-0.1502 -1.2304 1.1696 234 79 233
-0.1502 -1.2248 1.2184 225 72 225
-0.1501 -1.2290 1.2698 207 61 212
-0.1474 -1.2466 1.3292 215 64 218
-0.1575 -1.1737 -0.0441 255 242 253
-0.1503 -1.1646 0.1136 255 173 255
-0.1502 -1.1695 0.1499 255 174 255
-0.1502 -1.1702 0.2100 255 174 255
-0.1502 -1.1715 0.2706 255 173 255
-0.1502 -1.1719 0.3313 255 174 255
-0.1502 -1.1733 0.3907 255 172 255
-0.1502 -1.1706 0.4502 255 171 255
-0.1503 -1.1684 0.5102 255 170 255
-0.1503 -1.1689 0.5703 255 167 255
-0.1503 -1.1700 0.6303 255 164 255
-0.1503 -1.1709 0.6903 254 157 254
-0.1503 -1.1716 0.7501 254 148 254
-0.1503 -1.1725 0.8099 254 139 254
-0.1503 -1.1724 0.8695 254 130 254
-0.1503 -1.1706 0.9307 254 120 253
-0.1503 -1.1686 0.9901 253 111 252
-0.1503 -1.1690 1.0497 251 102 249
-0.1503 -1.1702 1.1098 247 93 245
-0.1503 -1.1708 1.1702 241 84 238
-0.1503 -1.1715 1.2309 231 76 230
-0.1503 -1.1587 1.2744 224 72 224
-0.1478 -1.1710 1.3337 239 81 237
-0.1634 -1.1205 -0.0514 255 253 250
-0.1503 -1.1099 0.1090 255 166 255
-0.1503 -1.1119 0.1500 255 167 255
-0.1503 -1.1099 0.2106 255 167 255
-0.1503 -1.1104 0.2698 255 167 255
-0.1503 -1.1109 0.3294 255 167 255
-0.1503 -1.1112 0.3895 255 166 255
-0.1503 -1.1085 0.4497 255 165 255
-0.1504 -1.1095 0.5100 255 163 255
-0.1504 -1.1101 0.5700 255 161 255
-0.1504 -1.1105 0.6297 255 159 255
-0.1504 -1.1115 0.6900 255 155 254
-0.1504 -1.1123 0.7499 254 147 254
-0.1504 -1.1126 0.8099 254 139 254
-0.1504 -1.1135 0.8702 254 130 254
-0.1504 -1.1110 0.9300 254 122 253
-0.1504 -1.1074 0.9896 253 113 252
-0.1504 -1.1085 1.0502 252 105 250
-0.1504 -1.1090 1.1099 249 97 247
-0.1504 -1.1093 1.1692 245 90 242
-0.1504 -1.1104 1.2302 238 82 236
-0.1504 -1.1092 1.2889 229 75 228
-0.1502 -1.0938 1.3294 136 73 163
-0.1518 -1.0413 0.0548 254 173 254
-0.1504 -1.0507 0.1040 255 162 255
-0.1504 -1.0531 0.1500 255 162 255
-0.1504 -1.0506 0.2093 255 162 255
-0.1504 -1.0507 0.2692 255 162 255
-0.1504 -1.0507 0.3288 255 161 255
-0.1504 -1.0513 0.3897 255 161 255
-0.1504 -1.0515 0.4508 255 160 255
-0.1505 -1.0487 0.5101 255 158 255
-0.1505 -1.0492 0.5702 255 156 255
-0.1505 -1.0498 0.6300 255 154 255
-0.1505 -1.0500 0.6898 255 152 255
-0.1505 -1.0510 0.7495 254 146 254
-0.1505 -1.0510 0.8096 254 138 254
-0.1505 -1.0521 0.8699 254 131 254
-0.1505 -1.0494 0.9295 254 123 253
-0.1505 -1.0490 0.9904 253 115 252
-0.1505 -1.0497 1.0498 252 107 251
-0.1505 -1.0501 1.1096 250 100 248
-0.1505 -1.0506 1.1702 247 93 244
-0.1505 -1.0508 1.2309 242 86 239
-0.1505 -1.0521 1.2909 234 80 233
-0.1505 -1.0522 1.3342 109 73 145
-0.1519 -0.9856 0.0487 254 166 254
-0.1505 -0.9909 0.0992 255 156 255
-0.1505 -0.9926 0.1501 255 156 255
-0.1505 -0.9934 0.2095 255 158 255
-0.1505 -0.9927 0.2701 255 157 255
-0.1505 -0.9942 0.3305 255 157 255
-0.1505 -0.9944 0.3898 255 155 255
-0.1505 -0.9941 0.4491 255 155 255
-0.1506 -0.9864 0.5100 255 153 255
-0.1506 -0.9868 0.5698 255 152 255
-0.1506 -0.9875 0.6303 255 150 255
-0.1506 -0.9879 0.6903 255 147 255
-0.1506 -0.9882 0.7495 254 144 254
-0.1506 -0.9883 0.8093 254 137 254
-0.1506 -0.9891 0.8699 254 131 254
-0.1506 -0.9895 0.9300 254 123 253
-0.1506 -0.9897 0.9900 254 116 253
-0.1506 -0.9900 1.0503 252 108 251
-0.1506 -0.9905 1.1105 251 102 249
-0.1506 -0.9909 1.1692 248 95 246
-0.1506 -0.9910 1.2297 244 89 242
-0.1506 -0.9915 1.2900 238 83 236
-0.1506 -0.9918 1.3335 119 75 152
-0.1519 -0.9265 0.0428 254 160 254
-0.1506 -0.9299 0.0933 255 150 255
-0.1506 -0.9311 0.1493 255 150 255
-0.1506 -0.9318 0.2102 255 150 255
-0.1506 -0.9315 0.2709 255 151 255
-0.1506 -0.9317 0.3313 255 150 255
-0.1506 -0.9327 0.3908 255 150 255
-0.1506 -0.9322 0.4501 255 149 255
-0.1507 -0.9281 0.5101 255 147 255
-0.1507 -0.9281 0.5700 255 145 255
-0.1507 -0.9288 0.6298 255 144 255
-0.1507 -0.9287 0.6899 255 142 255
-0.1507 -0.9294 0.7507 254 140 254
-0.1507 -0.9294 0.8105 254 136 254
-0.1507 -0.9293 0.8700 254 128 254
-0.1507 -0.9297 0.9299 254 122 253
-0.1507 -0.9302 0.9901 253 116 252
-0.1507 -0.9300 1.0506 252 109 251
-0.1507 -0.9304 1.1104 251 103 249
-0.1507 -0.9312 1.1710 249 97 246
-0.1507 -0.9306 1.2311 245 91 243
-0.1508 -0.9309 1.2909 241 86 239
-0.1506 -0.9327 1.3342 107 75 144
-0.1510 -0.8580 0.0519 255 146 255
-0.1507 -0.8691 0.0900 255 145 255
-0.1507 -0.8694 0.1500 255 145 255
-0.1507 -0.8689 0.2098 255 145 255
-0.1507 -0.8700 0.2699 255 145 255
-0.1507 -0.8701 0.3299 255 145 255
-0.1508 -0.8688 0.3901 255 145 255
-0.1508 -0.8703 0.4503 255 144 255
-0.1508 -0.8698 0.5098 255 142 255
-0.1508 -0.8701 0.5696 255 142 255
-0.1508 -0.8699 0.6301 255 140 255
-0.1508 -0.8700 0.6900 255 139 255
-0.1508 -0.8705 0.7503 254 137 254
-0.1508 -0.8702 0.8108 254 134 254
-0.1508 -0.8705 0.8702 254 128 254
-0.1508 -0.8703 0.9298 254 122 253
-0.1508 -0.8709 0.9898 253 116 252
-0.1508 -0.8704 1.0496 253 110 251
-0.1508 -0.8707 1.1097 251 104 250
-0.1508 -0.8714 1.1695 249 98 247
-0.1508 -0.8707 1.2301 246 93 244
-0.1509 -0.8715 1.2901 243 88 240
-0.1508 -0.8688 1.3334 129 78 160
-0.1509 -0.8046 0.0516 255 139 255
-0.1508 -0.8075 0.0902 255 139 255
-0.1508 -0.8080 0.1501 255 140 255
-0.1508 -0.8092 0.2087 255 140 255
-0.1508 -0.8125 0.2692 255 140 255
-0.1508 -0.8125 0.3284 255 141 255
-0.1509 -0.8128 0.3885 255 139 254
-0.1509 -0.8126 0.4495 255 139 255
-0.1509 -0.8123 0.5102 255 139 255
-0.1509 -0.8122 0.5706 255 137 254
-0.1509 -0.8124 0.6302 255 135 255
-0.1509 -0.8123 0.6894 255 134 254
-0.1509 -0.8121 0.7502 254 132 254
-0.1509 -0.8120 0.8101 254 131 254
-0.1509 -0.8122 0.8697 254 127 254
-0.1509 -0.8121 0.9301 254 120 253
-0.1506 -0.7880 1.0086 208 61 213
-0.1506 -0.7985 1.0549 206 59 211
-0.1506 -0.7962 1.0867 207 60 212
-0.1509 -0.8109 1.1695 250 99 247
-0.1510 -0.8123 1.2302 247 94 245
-0.1510 -0.8114 1.2897 243 89 241
-0.1510 -0.8127 1.3340 110 79 148
-0.1510 -0.7444 0.0462 255 134 254
-0.1509 -0.7472 0.0897 255 134 254
-0.1509 -0.7461 0.1504 255 135 254
-0.1509 -0.7480 0.2119 255 135 254
-0.1509 -0.7521 0.2688 255 135 254
-0.1509 -0.7510 0.3282 255 135 255
-0.1510 -0.7508 0.3900 255 134 254
-0.1510 -0.7515 0.4505 255 134 254
-0.1510 -0.7505 0.5098 255 133 254
-0.1510 -0.7501 0.5694 255 132 254
-0.1510 -0.7504 0.6298 255 130 254
-0.1510 -0.7515 0.6893 255 129 254
-0.1510 -0.7553 0.7502 254 129 254
-0.1510 -0.7556 0.8102 254 127 254
-0.1506 -0.7277 0.8884 206 61 211
-0.1506 -0.7381 0.9350 205 59 211
-0.1506 -0.7499 0.9914 206 59 212
-0.1506 -0.7517 1.0502 206 59 211
-0.1506 -0.7470 1.0947 206 59 211
-0.1510 -0.7544 1.1708 249 99 247
-0.1511 -0.7537 1.2310 247 95 245
-0.1511 -0.7535 1.2909 244 90 242
-0.1511 -0.7524 1.3341 109 80 148
-0.1510 -0.6856 0.0414 255 130 254
-0.1510 -0.6868 0.0900 255 130 254
-0.1510 -0.6862 0.1503 255 130 254
-0.1510 -0.6863 0.2097 255 131 254
-0.1511 -0.6854 0.2706 255 131 254
-0.1511 -0.6912 0.3313 255 131 254
-0.1511 -0.6908 0.3889 255 131 254
-0.1511 -0.6909 0.4492 255 130 254
-0.1511 -0.6896 0.5105 255 129 254
-0.1511 -0.6902 0.5706 255 128 254
-0.1511 -0.6893 0.6302 255 128 254
-0.1511 -0.6907 0.6911 254 126 254
-0.1507 -0.6667 0.7669 250 96 247
-0.1506 -0.6776 0.8145 242 83 240
-0.1506 -0.6893 0.8709 225 69 225
-0.1506 -0.6908 0.9300 209 60 213
-0.1506 -0.6911 0.9899 206 59 212
-0.1506 -0.6914 1.0498 205 58 210
-0.1506 -0.6894 1.1048 206 59 212
-0.1511 -0.6928 1.1689 249 99 247
-0.1512 -0.6919 1.2299 247 95 245
-0.1512 -0.6921 1.2912 245 91 242
-0.1512 -0.6900 1.3360 115 81 152
-0.1511 -0.6295 0.0365 254 125 254
-0.1511 -0.6285 0.0900 254 127 254
-0.1511 -0.6283 0.1500 254 127 254
-0.1511 -0.6281 0.2104 255 128 254
-0.1512 -0.6280 0.2711 255 128 254
-0.1511 -0.6334 0.3313 255 127 254
-0.1512 -0.6328 0.3908 255 126 254
-0.1512 -0.6323 0.4506 254 126 254
-0.1512 -0.6324 0.5100 254 126 254
-0.1512 -0.6316 0.5691 254 126 254
-0.1507 -0.6066 0.6466 254 122 254
-0.1507 -0.6176 0.6944 254 114 253
-0.1507 -0.6289 0.7510 252 104 251
-0.1507 -0.6304 0.8101 249 93 247
-0.1507 -0.6305 0.8700 242 83 240
-0.1507 -0.6310 0.9299 229 71 228
-0.1507 -0.6309 0.9901 211 61 215
-0.1507 -0.6316 1.0501 206 59 211
-0.1507 -0.6317 1.1102 206 59 211
-0.1507 -0.6217 1.1476 208 61 214
-0.1513 -0.6331 1.2296 248 96 245
-0.1513 -0.6320 1.2892 245 91 242
-0.1513 -0.6317 1.3322 130 83 163
-0.1533 -0.5530 -0.0366 223 122 201
-0.1507 -0.5681 0.0902 254 167 254
-0.1505 -0.5528 0.1641 255 150 254
-0.1505 -0.5528 0.2100 255 146 254
-0.1505 -0.5540 0.2703 255 138 254
-0.1505 -0.5538 0.3303 254 128 254
-0.1505 -0.5539 0.3898 254 114 253
-0.1505 -0.5537 0.4499 248 95 246
-0.1505 -0.5536 0.5100 225 70 226
-0.1505 -0.5537 0.5700 204 58 209
-0.1505 -0.5535 0.6302 205 58 210
-0.1505 -0.5536 0.6902 205 58 210
-0.1505 -0.5535 0.7501 205 58 211
-0.1505 -0.5532 0.8070 204 58 210
-0.1507 -0.5715 0.8701 249 95 247
-0.1507 -0.5708 0.9304 243 84 241
-0.1507 -0.5699 0.9900 231 73 230
-0.1507 -0.5703 1.0499 212 62 215
-0.1507 -0.5705 1.1099 206 59 211
-0.1507 -0.5671 1.1566 206 59 211
-0.1514 -0.5761 1.2313 247 95 244
-0.1514 -0.5754 1.2900 245 91 242
-0.1514 -0.5749 1.3341 110 82 150
-0.1550 -0.5119 -0.0419 235 157 209
-0.1507 -0.5104 0.0899 254 175 254
-0.1505 -0.5096 0.1616 254 167 254
-0.1505 -0.5103 0.2100 254 164 254
-0.1505 -0.5115 0.2700 254 158 254
-0.1505 -0.5111 0.3304 254 149 254
-0.1505 -0.5115 0.3904 254 137 254
-0.1505 -0.5112 0.4500 254 122 253
-0.1505 -0.5111 0.5101 250 102 248
-0.1505 -0.5111 0.5700 230 76 230
-0.1505 -0.5111 0.6301 207 59 212
-0.1505 -0.5110 0.6900 203 58 209
-0.1505 -0.5109 0.7499 204 58 210
-0.1505 -0.5108 0.8099 204 58 210
-0.1505 -0.4991 0.8463 204 58 209
-0.1507 -0.5106 0.9295 249 94 247
-0.1507 -0.5097 0.9897 243 84 240
-0.1507 -0.5099 1.0498 231 73 230
-0.1507 -0.5102 1.1103 212 62 215
-0.1507 -0.5086 1.1667 205 59 211
-0.1511 -0.4998 1.2152 227 77 229
-0.1515 -0.5154 1.2908 245 91 242
-0.1515 -0.5146 1.3362 110 82 151
-0.1565 -0.4532 -0.0474 253 205 229
-0.1507 -0.4515 0.0899 254 178 254
-0.1505 -0.4504 0.1582 255 187 254
-0.1505 -0.4508 0.2100 255 185 254
-0.1505 -0.4510 0.2696 255 181 254
-0.1505 -0.4508 0.3292 255 173 254
-0.1505 -0.4509 0.3896 254 163 254
-0.1505 -0.4508 0.4501 255 150 254
-0.1505 -0.4506 0.5100 254 134 254
-0.1505 -0.4506 0.5699 253 114 252
-0.1505 -0.4505 0.6300 242 88 241
-0.1505 -0.4504 0.6901 214 63 217
-0.1505 -0.4503 0.7500 205 58 210
-0.1505 -0.4504 0.8100 204 58 210
-0.1506 -0.4466 0.8550 203 57 208
-0.1507 -0.4504 0.9303 252 103 250
-0.1507 -0.4506 0.9901 248 93 246
-0.1507 -0.4509 1.0500 242 82 239
-0.1507 -0.4512 1.1099 229 71 228
-0.1507 -0.4513 1.1699 210 61 213
-0.1508 -0.4434 1.2086 203 58 208
-0.1516 -0.4516 1.2916 244 91 242
-0.1516 -0.4509 1.3347 122 84 160
-0.1613 -0.3943 -0.0517 253 230 215
-0.1508 -0.3900 0.0902 254 178 254
-0.1506 -0.3902 0.1547 255 203 254
-0.1506 -0.3907 0.2101 254 201 254
-0.1506 -0.3910 0.2705 255 197 254
-0.1506 -0.3905 0.3306 254 191 254
-0.1506 -0.3906 0.3902 254 182 254
-0.1506 -0.3906 0.4501 254 171 254
-0.1506 -0.3905 0.5101 254 157 254
-0.1506 -0.3904 0.5700 254 140 254
-0.1506 -0.3903 0.6300 254 119 253
-0.1506 -0.3901 0.6900 247 94 245
-0.1506 -0.3901 0.7499 219 66 221
-0.1506 -0.3900 0.8099 205 58 211
-0.1506 -0.3880 0.8647 205 59 211
-0.1508 -0.3906 0.9299 253 110 252
-0.1508 -0.3910 0.9901 251 100 249
-0.1508 -0.3911 1.0501 247 90 245
-0.1508 -0.3912 1.1098 239 80 237
-0.1508 -0.3917 1.1698 226 70 226
-0.1508 -0.3885 1.2180 212 62 215
-0.1517 -0.3925 1.2885 244 91 242
-0.1517 -0.3918 1.3328 137 85 171
-0.1715 -0.3437 -0.0506 254 244 225
-0.1508 -0.3304 0.0900 254 177 254
-0.1506 -0.3296 0.1510 254 215 254
-0.1506 -0.3301 0.2099 254 213 254
-0.1506 -0.3303 0.2700 254 210 254
-0.1506 -0.3302 0.3301 254 204 254
-0.1506 -0.3295 0.3901 254 197 254
-0.1506 -0.3307 0.4496 254 186 254
-0.1506 -0.3312 0.5098 254 173 254
-0.1506 -0.3311 0.5699 254 158 254
-0.1506 -0.3309 0.6301 254 140 254
-0.1506 -0.3309 0.6902 254 119 253
-0.1506 -0.3308 0.7500 247 94 245
-0.1506 -0.3307 0.8100 218 66 220
-0.1506 -0.3306 0.8700 204 58 210
-0.1506 -0.3197 0.9066 206 60 211
-0.1508 -0.3305 0.9899 252 106 251
-0.1508 -0.3307 1.0498 250 97 248
-0.1508 -0.3308 1.1099 245 87 243
-0.1508 -0.3313 1.1697 236 77 234
-0.1508 -0.3296 1.2277 223 68 223
-0.1510 -0.3130 1.2689 227 73 228
-0.1518 -0.3288 1.3348 110 85 153
-0.1508 -0.2691 0.0354 254 175 254
-0.1506 -0.2647 0.1163 254 217 254
-0.1506 -0.2694 0.1500 254 219 254
-0.1506 -0.2694 0.2100 254 219 254
-0.1506 -0.2696 0.2695 254 218 254
-0.1506 -0.2691 0.3292 254 214 254
-0.1506 -0.2691 0.3896 254 207 254
-0.1506 -0.2701 0.4503 254 198 254
-0.1506 -0.2705 0.5100 254 186 254
-0.1506 -0.2713 0.5697 254 172 254
-0.1506 -0.2718 0.6300 254 155 254
-0.1506 -0.2717 0.6899 254 136 254
-0.1506 -0.2715 0.7500 253 115 253
-0.1506 -0.2715 0.8100 245 89 243
-0.1506 -0.2714 0.8700 212 63 216
-0.1506 -0.2679 0.9151 203 58 208
-0.1508 -0.2698 0.9900 253 111 252
-0.1508 -0.2704 1.0500 251 102 250
-0.1508 -0.2702 1.1098 248 93 246
-0.1508 -0.2706 1.1697 242 83 240
-0.1508 -0.2703 1.2296 232 74 231
-0.1508 -0.2653 1.2700 223 68 223
-0.1520 -0.2643 1.3342 120 85 160
-0.1508 -0.2089 0.0319 254 174 254
-0.1507 -0.2071 0.1134 255 218 254
-0.1506 -0.2093 0.1498 255 219 254
-0.1506 -0.2107 0.2098 255 219 254
-0.1506 -0.2103 0.2701 254 219 254
-0.1506 -0.2108 0.3304 254 218 254
-0.1506 -0.2105 0.3901 254 214 254
-0.1506 -0.2104 0.4499 254 206 254
-0.1506 -0.2102 0.5100 254 195 254
-0.1506 -0.2111 0.5703 254 182 254
-0.1506 -0.2117 0.6299 254 167 254
-0.1507 -0.2114 0.6900 254 149 254
-0.1507 -0.2114 0.7500 254 130 254
-0.1507 -0.2113 0.8101 253 108 251
-0.1507 -0.2111 0.8701 240 83 238
-0.1507 -0.2090 0.9248 210 61 214
-0.1508 -0.2089 0.9903 253 116 253
-0.1509 -0.2094 1.0503 252 106 251
-0.1509 -0.2094 1.1101 250 97 248
-0.1509 -0.2096 1.1700 246 88 244
-0.1509 -0.2093 1.2298 239 79 237
-0.1509 -0.2072 1.2802 230 72 229
-0.1521 -0.2020 1.3345 124 86 163
-0.1509 -0.1512 0.0286 254 173 254
-0.1507 -0.1486 0.1101 255 217 255
-0.1507 -0.1500 0.1502 255 218 255
-0.1507 -0.1516 0.2102 255 218 255
-0.1507 -0.1512 0.2704 255 218 255
-0.1507 -0.1514 0.3307 255 217 254
-0.1507 -0.1511 0.3903 255 216 254
-0.1507 -0.1508 0.4502 254 211 254
-0.1507 -0.1510 0.5101 254 201 254
-0.1507 -0.1507 0.5701 254 189 254
-0.1507 -0.1507 0.6301 254 175 254
-0.1507 -0.1505 0.6900 254 159 254
-0.1507 -0.1504 0.7501 254 141 254
-0.1507 -0.1502 0.8100 254 121 253
-0.1507 -0.1502 0.8699 250 100 249
-0.1507 -0.1499 0.9299 231 75 231
-0.1507 -0.1396 0.9670 213 63 216
-0.1509 -0.1482 1.0500 253 110 252
-0.1509 -0.1484 1.1100 251 101 250
-0.1509 -0.1489 1.1700 248 93 246
-0.1509 -0.1485 1.2303 243 84 241
-0.1509 -0.1478 1.2889 235 76 233
-0.1511 -0.1323 1.3248 216 73 220
-0.1509 -0.0908 0.0250 254 171 254
-0.1507 -0.0888 0.1067 255 215 255
-0.1507 -0.0901 0.1501 255 216 255
-0.1507 -0.0901 0.2102 255 217 255
-0.1507 -0.0900 0.2701 255 216 255
-0.1507 -0.0896 0.3294 255 216 255
-0.1507 -0.0900 0.3895 255 214 255
-0.1507 -0.0893 0.4499 255 212 254
-0.1507 -0.0908 0.5095 255 206 254
-0.1507 -0.0909 0.5700 254 194 254
-0.1507 -0.0911 0.6300 254 181 254
-0.1507 -0.0907 0.6899 254 166 254
-0.1507 -0.0908 0.7500 254 149 254
-0.1507 -0.0905 0.8101 254 131 254
-0.1507 -0.0905 0.8701 253 111 252
-0.1507 -0.0902 0.9300 246 89 244
-0.1507 -0.0873 0.9754 229 72 229
-0.1509 -0.0900 1.0496 253 113 252
-0.1509 -0.0902 1.1097 252 105 250
-0.1509 -0.0906 1.1701 249 96 247
-0.1509 -0.0904 1.2303 245 88 243
-0.1509 -0.0903 1.2901 238 80 236
-0.1509 -0.0866 1.3318 207 73 213
-0.1509 -0.0001 0.0196 254 168 254
-0.1507 0.0026 0.1013 255 211 255
-0.1507 -0.0012 0.1500 255 213 255
-0.1507 -0.0012 0.2099 255 213 255
-0.1507 -0.0008 0.2694 255 213 255
-0.1507 -0.0006 0.3297 255 212 255
-0.1507 -0.0010 0.3902 255 211 255
-0.1507 -0.0005 0.4500 255 209 255
-0.1507 -0.0017 0.5102 255 206 255
-0.1507 -0.0022 0.5700 255 198 254
-0.1507 -0.0021 0.6298 255 185 254
-0.1507 -0.0019 0.6899 254 171 254
-0.1507 -0.0017 0.7501 254 156 254
-0.1507 -0.0017 0.8100 254 139 254
-0.1507 -0.0014 0.8699 254 122 253
-0.1507 -0.0014 0.9299 251 103 250
-0.1507 0.0026 0.9876 242 85 240
-0.1508 0.0370 1.0270 236 78 235
-0.1509 -0.0029 1.1099 253 108 252
-0.1509 -0.0031 1.1700 251 100 249
-0.1509 -0.0033 1.2300 248 92 245
-0.1509 -0.0029 1.2899 243 84 240
-0.1510 -0.0033 1.3338 197 76 206
-0.1510 0.0909 0.0144 254 164 254
-0.1508 0.0904 0.0960 255 207 255
-0.1508 0.0896 0.1499 255 208 255
-0.1508 0.0899 0.2103 255 208 255
-0.1508 0.0899 0.2710 255 208 255
-0.1508 0.0899 0.3311 255 207 255
-0.1508 0.0904 0.3902 255 206 255
-0.1508 0.0906 0.4499 255 204 255
-0.1508 0.0908 0.5101 255 201 255
-0.1508 0.0907 0.5702 255 197 255
-0.1508 0.0910 0.6299 255 186 254
-0.1508 0.0912 0.6898 254 173 254
-0.1508 0.0912 0.7500 254 159 254
-0.1508 0.0914 0.8100 254 144 254
-0.1508 0.0902 0.8694 254 128 254
-0.1508 0.0895 0.9300 253 112 252
-0.1508 0.0895 0.9903 249 94 246
-0.1508 0.0914 1.0355 240 82 238
-0.1510 0.0898 1.1099 253 110 252
-0.1510 0.0896 1.1699 252 102 250
-0.1510 0.0898 1.2297 249 95 247
-0.1510 0.0897 1.2898 245 88 243
-0.1510 0.0897 1.3341 197 79 206
-0.1510 0.1522 0.0106 254 161 254
-0.1508 0.1500 0.0927 255 203 255
-0.1508 0.1496 0.1501 255 204 255
-0.1508 0.1497 0.2097 255 204 255
-0.1508 0.1497 0.2700 255 204 255
-0.1508 0.1502 0.3297 255 203 255
-0.1508 0.1503 0.3896 255 202 255
-0.1508 0.1501 0.4502 255 200 255
-0.1508 0.1507 0.5098 254 197 254
-0.1508 0.1507 0.5699 254 194 254
-0.1508 0.1507 0.6300 255 185 254
-0.1508 0.1511 0.6899 254 172 254
-0.1508 0.1511 0.7499 254 159 254
-0.1508 0.1514 0.8102 254 145 254
-0.1508 0.1500 0.8707 254 130 254
-0.1508 0.1495 0.9299 254 115 253
-0.1508 0.1496 0.9900 250 99 248
-0.1508 0.1519 1.0456 242 84 240
-0.1510 0.1515 1.1105 253 111 252
-0.1510 0.1513 1.1704 252 104 250
-0.1510 0.1516 1.2298 250 97 248
-0.1510 0.1516 1.2895 246 90 244
-0.1510 0.1520 1.3340 197 80 207
-0.1508 0.2284 -0.0185 254 227 231
-0.1508 0.2104 0.0899 255 199 254
-0.1505 0.2288 0.1716 255 242 255
-0.1505 0.2287 0.2099 255 243 255
-0.1505 0.2289 0.2700 255 243 255
-0.1505 0.2290 0.3305 255 242 255
-0.1505 0.2290 0.3904 255 241 255
-0.1505 0.2293 0.4500 255 235 255
-0.1505 0.2294 0.5101 255 217 255
-0.1505 0.2295 0.5700 255 194 255
-0.1505 0.2282 0.6297 255 165 255
-0.1505 0.2283 0.6902 254 125 253
-0.1505 0.2286 0.7486 228 77 229
-0.1508 0.2101 0.8099 254 145 254
-0.1508 0.2100 0.8698 254 131 254
-0.1508 0.2103 0.9299 254 117 253
-0.1508 0.2103 0.9899 251 102 250
-0.1508 0.2107 1.0501 244 87 242
-0.1508 0.2195 1.0877 237 79 235
-0.1511 0.2090 1.1700 252 104 250
-0.1511 0.2089 1.2306 250 97 248
-0.1511 0.2089 1.2909 247 91 245
-0.1511 0.2094 1.3342 200 82 210
-0.1535 0.2691 -0.0283 252 212 204
-0.1509 0.2694 0.0900 255 194 254
-0.1505 0.2711 0.1695 255 240 255
-0.1505 0.2695 0.2100 255 240 255
-0.1505 0.2695 0.2698 255 240 255
-0.1505 0.2698 0.3296 255 239 255
-0.1505 0.2699 0.3899 255 237 255
-0.1505 0.2700 0.4501 255 230 255
-0.1505 0.2702 0.5100 255 215 255
-0.1505 0.2702 0.5700 255 192 255
-0.1505 0.2690 0.6301 255 164 255
-0.1505 0.2690 0.6899 254 129 254
-0.1505 0.2690 0.7498 236 84 236
-0.1505 0.2796 0.7871 207 62 212
-0.1509 0.2692 0.8698 254 131 254
-0.1509 0.2696 0.9298 254 117 253
-0.1509 0.2697 0.9899 252 104 250
-0.1509 0.2699 1.0500 246 90 244
-0.1509 0.2735 1.0963 238 80 236
-0.1511 0.2683 1.1701 252 104 251
-0.1511 0.2690 1.2302 250 98 248
-0.1511 0.2685 1.2901 247 92 245
-0.1511 0.2686 1.3339 203 83 212
-0.1551 0.3280 -0.0354 250 199 188
-0.1509 0.3292 0.0899 254 189 254
-0.1506 0.3305 0.1660 255 234 255
-0.1506 0.3293 0.2100 255 235 255
-0.1506 0.3297 0.2701 255 234 255
-0.1506 0.3293 0.3303 255 233 255
-0.1506 0.3298 0.3901 255 230 255
-0.1506 0.3299 0.4499 255 223 255
-0.1506 0.3301 0.5100 255 207 255
-0.1506 0.3300 0.5700 255 187 255
-0.1506 0.3303 0.6300 255 160 255
-0.1506 0.3305 0.6900 254 130 254
-0.1506 0.3305 0.7501 245 93 244
-0.1506 0.3336 0.7958 209 63 213
-0.1509 0.3290 0.8700 254 129 254
-0.1509 0.3295 0.9299 254 117 253
-0.1509 0.3295 0.9902 252 104 250
-0.1509 0.3296 1.0505 247 92 245
-0.1509 0.3318 1.1060 238 80 236
-0.1511 0.3303 1.1703 252 104 250
-0.1511 0.3306 1.2305 250 98 248
-0.1511 0.3305 1.2902 248 92 245
-0.1511 0.3310 1.3344 201 83 211
-0.1540 0.4035 -0.0279 251 202 193
-0.1509 0.3892 0.0902 255 183 254
-0.1513 0.4044 0.1685 255 236 255
-0.1513 0.4039 0.2098 255 236 255
-0.1513 0.4055 0.2702 255 236 255
-0.1513 0.4056 0.3301 255 234 255
-0.1513 0.4059 0.3900 255 231 255
-0.1513 0.4060 0.4501 255 219 255
-0.1513 0.4061 0.5101 255 200 255
-0.1513 0.4063 0.5704 255 176 255
-0.1513 0.4064 0.6304 254 146 254
-0.1513 0.4061 0.6894 251 108 250
-0.1513 0.4056 0.7479 215 67 218
-0.1509 0.4044 0.7938 215 67 219
-0.1509 0.3893 0.8699 254 127 254
-0.1509 0.3894 0.9298 254 116 253
-0.1509 0.3897 0.9897 252 105 250
-0.1509 0.3898 1.0499 248 93 245
-0.1509 0.3900 1.1103 239 81 237
-0.1509 0.3994 1.1482 231 75 230
-0.1511 0.3906 1.2299 250 98 248
-0.1511 0.3908 1.2900 248 92 245
-0.1512 0.3917 1.3341 201 84 211
-0.1562 0.4469 -0.0381 248 185 164
-0.1509 0.4496 0.0900 255 179 255
-0.1513 0.4511 0.1632 255 230 255
-0.1513 0.4490 0.2098 255 231 255
-0.1513 0.4493 0.2698 255 230 255
-0.1513 0.4491 0.3299 255 229 255
-0.1513 0.4495 0.3900 255 226 255
-0.1513 0.4496 0.4500 255 218 255
-0.1513 0.4497 0.5100 255 201 255
-0.1513 0.4498 0.5703 255 180 255
-0.1513 0.4500 0.6302 255 154 254
-0.1513 0.4494 0.6903 254 123 253
-0.1513 0.4484 0.7499 239 87 238
-0.1513 0.4571 0.7943 207 63 211
-0.1506 0.4581 0.8472 202 62 208
-0.1509 0.4499 0.9300 254 114 253
-0.1509 0.4498 0.9900 252 104 250
-0.1509 0.4500 1.0500 248 93 245
-0.1509 0.4502 1.1101 240 83 238
-0.1509 0.4536 1.1564 230 74 228
-0.1512 0.4497 1.2300 250 98 248
-0.1512 0.4498 1.2898 248 92 245
-0.1512 0.4501 1.3340 201 84 211
-0.1591 0.5056 -0.0481 252 233 230
-0.1510 0.5099 0.0898 254 173 254
-0.1514 0.5100 0.1565 255 222 255
-0.1514 0.5086 0.2098 255 223 255
-0.1514 0.5087 0.2701 255 222 255
-0.1514 0.5088 0.3301 255 221 255
-0.1514 0.5091 0.3899 255 218 255
-0.1514 0.5091 0.4499 255 214 255
-0.1514 0.5091 0.5100 255 200 255
-0.1514 0.5093 0.5703 255 182 255
-0.1514 0.5094 0.6303 255 161 254
-0.1514 0.5093 0.6900 254 136 254
-0.1514 0.5096 0.7498 252 109 251
-0.1514 0.5110 0.8079 234 81 233
-0.1514 0.5289 0.8468 218 69 220
-0.1510 0.5101 0.9298 253 113 252
-0.1510 0.5099 0.9902 252 103 250
-0.1510 0.5103 1.0505 247 93 245
-0.1510 0.5105 1.1101 240 83 238
-0.1510 0.5129 1.1661 230 74 229
-0.1512 0.5100 1.2301 250 97 248
-0.1512 0.5106 1.2901 248 92 245
-0.1512 0.5107 1.3341 204 85 213
-0.1661 0.5515 -0.0531 255 254 249
-0.1515 0.5859 0.1145 255 206 255
-0.1515 0.5688 0.1508 255 212 255
-0.1515 0.5685 0.2098 255 213 255
-0.1515 0.5687 0.2698 255 213 255
-0.1515 0.5682 0.3298 255 212 255
-0.1515 0.5688 0.3901 255 211 255
-0.1515 0.5688 0.4500 255 207 255
-0.1515 0.5687 0.5100 255 196 255
-0.1515 0.5689 0.5703 255 181 255
-0.1515 0.5689 0.6302 255 163 255
-0.1515 0.5691 0.6900 254 143 254
-0.1515 0.5691 0.7501 254 121 253
-0.1515 0.5691 0.8101 248 97 246
-0.1515 0.5744 0.8610 231 78 230
-0.1510 0.5699 0.9302 253 110 252
-0.1510 0.5702 0.9899 251 101 249
-0.1510 0.5702 1.0500 247 92 245
-0.1510 0.5705 1.1103 240 83 238
-0.1510 0.5709 1.1701 230 74 229
-0.1510 0.5778 1.2082 223 71 224
-0.1512 0.5737 1.2894 247 92 245
-0.1512 0.5734 1.3342 201 84 211
-0.1631 0.6228 -0.0520 255 253 246
-0.1516 0.6347 0.1126 255 201 255
-0.1516 0.6288 0.1499 255 204 255
-0.1516 0.6291 0.2097 255 204 255
-0.1516 0.6289 0.2702 255 203 255
-0.1516 0.6292 0.3304 255 203 255
-0.1516 0.6292 0.3902 255 200 255
-0.1516 0.6292 0.4501 255 198 255
-0.1516 0.6293 0.5101 255 193 255
-0.1516 0.6293 0.5701 255 178 255
-0.1516 0.6294 0.6301 255 162 254
-0.1516 0.6294 0.6900 254 145 254
-0.1516 0.6294 0.7501 254 126 253
-0.1516 0.6296 0.8101 252 108 250
-0.1516 0.6297 0.8702 241 87 239
-0.1516 0.6411 0.9124 228 76 228
-0.1510 0.6296 0.9898 250 99 248
-0.1510 0.6296 1.0501 246 91 244
-0.1510 0.6300 1.1100 240 83 238
-0.1510 0.6301 1.1701 230 74 228
-0.1510 0.6335 1.2168 221 69 222
-0.1513 0.6304 1.2895 247 91 245
-0.1513 0.6302 1.3339 206 85 214
-0.1554 0.6975 -0.0316 255 234 254
-0.1517 0.6912 0.1062 255 192 255
-0.1517 0.6889 0.1498 255 193 255
-0.1517 0.6890 0.2097 255 194 255
-0.1517 0.6888 0.2697 255 194 255
-0.1517 0.6892 0.3296 255 193 255
-0.1517 0.6888 0.3898 255 191 255
-0.1517 0.6891 0.4500 255 188 255
-0.1517 0.6890 0.5102 255 184 255
-0.1517 0.6891 0.5703 255 174 255
-0.1517 0.6891 0.6301 254 159 254
-0.1517 0.6892 0.6899 254 143 254
-0.1517 0.6891 0.7500 254 129 254
-0.1517 0.6895 0.8100 252 112 251
-0.1517 0.6886 0.8702 248 96 246
-0.1517 0.6919 0.9266 235 81 234
-0.1516 0.7076 0.9678 228 76 226
-0.1510 0.6882 1.0503 245 90 243
-0.1510 0.6886 1.1103 239 82 237
-0.1510 0.6889 1.1699 231 75 230
-0.1510 0.6908 1.2260 219 68 220
-0.1513 0.6884 1.2898 246 90 244
-0.1513 0.6885 1.3345 198 84 209
-0.1577 0.7464 -0.0413 255 238 253
-0.1518 0.7515 0.0994 255 181 255
-0.1518 0.7495 0.1500 255 185 255
-0.1518 0.7497 0.2097 255 184 255
-0.1518 0.7499 0.2700 255 185 255
-0.1518 0.7489 0.3299 255 184 255
-0.1518 0.7498 0.3900 255 182 255
-0.1518 0.7495 0.4501 255 180 255
-0.1518 0.7496 0.5099 255 177 255
-0.1518 0.7495 0.5700 255 169 255
-0.1518 0.7496 0.6302 254 157 254
-0.1518 0.7495 0.6900 254 143 254
-0.1518 0.7498 0.7500 254 129 254
-0.1518 0.7493 0.8097 253 115 252
-0.1518 0.7499 0.8693 250 102 248
-0.1518 0.7495 0.9297 242 88 240
-0.1518 0.7563 0.9785 231 79 230
-0.1511 0.7496 1.0501 244 88 242
-0.1511 0.7498 1.1101 238 81 236
-0.1511 0.7494 1.1695 230 75 229
-0.1511 0.7469 1.2301 219 68 220
-0.1511 0.7546 1.2683 211 65 215
-0.1513 0.7493 1.3340 211 84 218
-0.1615 0.8063 -0.0505 255 250 251
-0.1519 0.8111 0.0925 255 172 255
-0.1519 0.8101 0.1497 255 176 255
-0.1519 0.8102 0.2095 255 177 255
-0.1519 0.8099 0.2702 255 177 255
-0.1519 0.8102 0.3306 255 175 255
-0.1519 0.8100 0.3901 255 173 255
-0.1519 0.8097 0.4498 255 172 255
-0.1519 0.8102 0.5098 255 170 255
-0.1519 0.8098 0.5699 255 165 255
-0.1519 0.8100 0.6303 254 154 254
-0.1519 0.8096 0.6901 254 141 254
-0.1519 0.8101 0.7499 254 129 254
-0.1519 0.8096 0.8104 253 117 252
-0.1519 0.8102 0.8704 251 105 249
-0.1519 0.8098 0.9302 246 93 243
-0.1519 0.8100 0.9899 235 82 233
-0.1518 0.8223 1.0308 228 77 228
-0.1511 0.8102 1.1100 237 81 235
-0.1511 0.8091 1.1705 229 74 228
-0.1511 0.8072 1.2299 218 68 219
-0.1511 0.8100 1.2765 209 64 213
-0.1514 0.8062 1.3343 197 83 208
-0.1531 0.8738 0.0479 255 166 254
-0.1520 0.8693 0.0904 255 161 255
-0.1520 0.8690 0.1500 255 167 255
-0.1520 0.8691 0.2097 255 167 255
-0.1520 0.8687 0.2697 255 167 255
-0.1520 0.8687 0.3297 255 166 255
-0.1520 0.8690 0.3898 255 165 255
-0.1520 0.8686 0.4500 255 163 255
-0.1520 0.8688 0.5100 255 161 255
-0.1520 0.8687 0.5701 255 158 255
-0.1520 0.8685 0.6298 254 149 254
-0.1520 0.8685 0.6897 254 138 254
-0.1520 0.8685 0.7499 254 128 254
-0.1520 0.8684 0.8094 253 117 252
-0.1520 0.8687 0.8700 251 106 250
-0.1520 0.8685 0.9305 247 96 245
-0.1520 0.8683 0.9900 240 86 238
-0.1520 0.8721 1.0444 229 78 228
-0.1516 0.8821 1.0963 228 75 226
-0.1511 0.8691 1.1700 228 74 228
-0.1511 0.8696 1.2301 219 69 220
-0.1511 0.8719 1.2869 208 64 213
-0.1514 0.8652 1.3346 203 83 212
-0.1521 0.9328 0.0483 254 158 254
-0.1520 0.9294 0.0902 255 159 255
-0.1520 0.9297 0.1496 255 158 255
-0.1520 0.9295 0.2096 255 159 255
-0.1520 0.9290 0.2692 255 160 255
-0.1520 0.9294 0.3295 255 160 255
-0.1520 0.9288 0.3901 255 159 255
-0.1520 0.9290 0.4498 255 157 255
-0.1520 0.9292 0.5099 255 153 255
-0.1520 0.9288 0.5700 255 151 254
-0.1520 0.9289 0.6300 255 145 254
-0.1520 0.9286 0.6900 254 136 254
-0.1520 0.9284 0.7499 254 127 254
-0.1520 0.9288 0.8104 253 116 252
-0.1520 0.9283 0.8703 251 106 250
-0.1520 0.9289 0.9294 248 98 246
-0.1520 0.9283 0.9901 243 89 240
-0.1520 0.9284 1.0503 233 81 232
-0.1520 0.9352 1.0956 225 75 224
-0.1511 0.9304 1.1700 227 73 227
-0.1511 0.9311 1.2298 219 69 221
-0.1511 0.9308 1.2899 209 65 214
-0.1512 0.9380 1.3284 197 65 206
-0.1522 0.9930 0.0421 254 149 254
-0.1521 0.9913 0.0907 255 150 255
-0.1521 0.9909 0.1501 255 153 255
-0.1521 0.9910 0.2099 255 153 255
-0.1521 0.9910 0.2705 255 151 255
-0.1521 0.9897 0.3303 255 151 255
-0.1521 0.9908 0.3900 255 150 255
-0.1521 0.9907 0.4500 255 149 255
-0.1521 0.9906 0.5100 255 149 255
-0.1521 0.9898 0.5700 255 146 255
-0.1521 0.9904 0.6299 254 140 254
-0.1521 0.9901 0.6901 254 132 254
-0.1521 0.9896 0.7503 254 123 253
-0.1521 0.9897 0.8096 253 116 252
-0.1521 0.9900 0.8690 252 108 250
-0.1521 0.9894 0.9294 248 98 246
-0.1521 0.9899 0.9898 244 91 241
-0.1521 0.9897 1.0500 237 84 235
-0.1521 0.9907 1.1084 227 78 227
-0.1521 1.0062 1.1504 221 74 222
-0.1512 0.9904 1.2302 217 68 219
-0.1512 0.9908 1.2903 209 65 214
-0.1512 0.9917 1.3345 151 68 174
-0.1522 1.0546 0.0348 254 141 254
-0.1522 1.0529 0.0898 255 143 254
-0.1522 1.0533 0.1499 255 143 254
-0.1522 1.0528 0.2101 255 144 255
-0.1522 1.0523 0.2707 255 144 255
-0.1522 1.0527 0.3303 255 143 255
-0.1522 1.0521 0.3899 255 143 255
-0.1522 1.0527 0.4499 255 142 255
-0.1522 1.0522 0.5098 255 140 254
-0.1522 1.0519 0.5702 255 139 254
-0.1522 1.0521 0.6300 254 135 254
-0.1519 1.0762 0.7045 213 70 218
-0.1519 1.0780 0.7502 208 65 213
-0.1519 1.0781 0.8099 206 64 211
-0.1519 1.0781 0.8695 208 65 213
-0.1519 1.0781 0.9291 203 63 208
-0.1519 1.0779 0.9851 197 60 203
-0.1522 1.0511 1.0503 238 86 236
-0.1522 1.0508 1.1102 231 80 230
-0.1522 1.0553 1.1625 223 76 224
-0.1512 1.0523 1.2298 217 68 219
-0.1512 1.0496 1.2890 208 64 213
-0.1512 1.0476 1.3339 159 70 180
-0.1523 1.1095 0.0293 254 136 254
-0.1523 1.1084 0.0903 255 137 254
-0.1523 1.1084 0.1503 255 138 254
-0.1523 1.1078 0.2103 255 138 254
-0.1523 1.1081 0.2702 255 139 254
-0.1523 1.1079 0.3307 255 138 254
-0.1523 1.1074 0.3905 255 138 254
-0.1523 1.1076 0.4503 255 137 254
-0.1523 1.1134 0.5107 254 134 254
-0.1523 1.1133 0.5698 254 133 254
-0.1523 1.1135 0.6298 254 131 254
-0.1520 1.1048 0.7105 206 63 211
-0.1520 1.1108 0.7499 206 62 211
-0.1520 1.1108 0.8099 205 62 210
-0.1520 1.1107 0.8701 205 62 210
-0.1520 1.1106 0.9301 205 63 210
-0.1520 1.1111 0.9905 204 63 210
-0.1520 1.1136 1.0418 203 63 209
-0.1523 1.1124 1.1100 233 82 232
-0.1523 1.1123 1.1699 225 77 225
-0.1523 1.1209 1.2144 218 73 219
-0.1512 1.1093 1.2910 208 65 213
-0.1512 1.1083 1.3334 155 68 177
-0.1524 1.1694 0.0220 254 131 254
-0.1524 1.1691 0.0897 255 133 254
-0.1524 1.1679 0.1502 254 133 254
-0.1524 1.1680 0.2108 255 135 254
-0.1524 1.1676 0.2701 255 133 254
-0.1524 1.1672 0.3301 255 133 254
-0.1524 1.1684 0.3904 255 132 254
-0.1524 1.1668 0.4502 254 131 254
-0.1524 1.1732 0.5091 254 131 254
-0.1524 1.1736 0.5695 254 130 254
-0.1524 1.1740 0.6300 254 127 254
-0.1521 1.1532 0.7121 215 73 219
-0.1521 1.1677 0.7518 207 63 212
-0.1521 1.1690 0.8097 203 61 209
-0.1521 1.1692 0.8696 203 62 209
-0.1521 1.1689 0.9298 205 63 211
-0.1521 1.1692 0.9905 204 63 209
-0.1521 1.1690 1.0507 206 64 211
-0.1521 1.1787 1.0953 203 63 208
-0.1524 1.1719 1.1690 228 79 227
-0.1524 1.1736 1.2269 220 74 221
-0.1521 1.1837 1.2710 214 71 217
-0.1513 1.1710 1.3334 159 69 180
-0.1525 1.2343 0.0147 254 125 253
-0.1525 1.2336 0.0900 254 126 253
-0.1525 1.2335 0.1504 254 127 254
-0.1525 1.2331 0.2102 254 126 253
-0.1525 1.2326 0.2692 254 127 254
-0.1525 1.2329 0.3289 254 126 254
-0.1525 1.2327 0.3891 254 126 254
-0.1525 1.2320 0.4500 254 126 253
-0.1525 1.2317 0.5102 254 124 253
-0.1525 1.2320 0.5696 254 123 253
-0.1525 1.2318 0.6297 254 122 253
-0.1525 1.2316 0.6897 253 117 252
-0.1522 1.2250 0.7596 216 67 218
-0.1522 1.2271 0.8103 209 64 213
-0.1522 1.2271 0.8700 205 63 211
-0.1522 1.2272 0.9300 205 63 210
-0.1522 1.2273 0.9902 203 62 209
-0.1522 1.2276 1.0499 204 63 209
-0.1522 1.2283 1.1086 204 64 210
-0.1522 1.2425 1.1503 205 64 210
-0.1525 1.2300 1.2302 223 76 223
-0.1525 1.2349 1.2789 218 74 220
-0.1513 1.2304 1.3334 158 68 179
-0.1526 1.2890 0.0092 251 120 247
-0.1526 1.2884 0.0904 254 123 253
-0.1526 1.2885 0.1501 254 121 253
-0.1526 1.2877 0.2107 254 123 253
-0.1526 1.2880 0.2695 254 123 253
-0.1526 1.2878 0.3292 254 123 253
-0.1526 1.2871 0.3906 254 123 253
-0.1526 1.2922 0.4525 254 121 253
-0.1526 1.2943 0.5100 254 120 253
-0.1526 1.2945 0.5697 254 120 253
-0.1526 1.2944 0.6301 253 118 252
-0.1526 1.2944 0.6904 253 115 252
-0.1523 1.2843 0.7682 223 71 224
-0.1523 1.2877 0.8099 217 68 219
-0.1523 1.2879 0.8703 210 65 214
-0.1523 1.2882 0.9305 206 63 211
-0.1523 1.2879 0.9898 204 63 210
-0.1523 1.2879 1.0500 204 63 209
-0.1523 1.2887 1.1105 203 63 209
-0.1523 1.2921 1.1657 204 64 210
-0.1524 1.3086 1.2112 207 67 212
-0.1526 1.2924 1.2899 208 75 213
-0.1525 1.3038 1.3321 77 80 127
-0.1543 1.3488 -0.0024 247 157 229
-0.1527 1.3474 0.0892 254 151 245
-0.1527 1.3473 0.1498 254 154 244
-0.1527 1.3470 0.2102 254 152 245
-0.1527 1.3470 0.2699 254 150 245
-0.1527 1.3457 0.3308 254 150 245
-0.1527 1.3462 0.3911 254 151 243
-0.1527 1.3488 0.4483 254 154 241
-0.1527 1.3536 0.5106 254 160 240
-0.1527 1.3539 0.5705 254 158 235
-0.1527 1.3536 0.6304 253 155 232
-0.1527 1.3534 0.6903 252 150 223
-0.1525 1.3356 0.7713 231 88 226
-0.1524 1.3507 0.8108 224 72 224
-0.1524 1.3512 0.8698 217 68 219
-0.1524 1.3514 0.9296 210 65 214
-0.1524 1.3508 0.9890 205 63 210
-0.1524 1.3516 1.0488 205 64 210
-0.1524 1.3516 1.1096 204 64 210
-0.1524 1.3508 1.1701 203 63 208
-0.1525 1.3580 1.2208 202 64 208
-0.1527 1.3509 1.2898 215 76 219
-0.1527 1.3517 1.3333 69 82 124
-0.1546 1.4111 -0.0040 254 252 226
-0.1528 1.4107 0.0902 254 248 219
-0.1528 1.4097 0.1504 254 248 217
-0.1528 1.4101 0.2105 254 248 221
-0.1528 1.4098 0.2716 254 249 225
-0.1528 1.4089 0.3308 254 249 223
-0.1528 1.4099 0.3888 254 247 212
-0.1528 1.4090 0.4488 254 245 208
-0.1528 1.4087 0.5097 254 245 206
-0.1528 1.4078 0.5695 254 244 201
-0.1528 1.4081 0.6294 254 246 209
-0.1528 1.4078 0.6902 252 231 181
-0.1528 1.4075 0.7499 252 227 168
-0.1526 1.4090 0.8175 228 77 226
-0.1526 1.4114 0.8695 223 72 224
-0.1526 1.4114 0.9293 217 68 219
-0.1526 1.4124 0.9891 210 66 214
-0.1526 1.4114 1.0502 206 64 211
-0.1526 1.4120 1.1105 206 65 211
-0.1526 1.4115 1.1698 207 66 212
-0.1526 1.4120 1.2296 203 64 209
-0.1526 1.4206 1.2741 204 65 209
-0.1527 1.4065 1.3343 68 83 125
-0.1532 1.4688 0.0005 254 250 220
-0.1529 1.4691 0.0898 254 248 217
-0.1528 1.4681 0.1509 254 247 214
-0.1528 1.4685 0.2100 254 246 212
-0.1528 1.4682 0.2700 254 247 213
-0.1528 1.4679 0.3300 254 246 211
-0.1528 1.4676 0.3900 254 246 209
-0.1528 1.4666 0.4509 254 244 205
-0.1528 1.4670 0.5097 254 243 200
-0.1528 1.4667 0.5695 254 239 191
-0.1528 1.4664 0.6293 254 243 198
-0.1528 1.4661 0.6890 253 236 187
-0.1528 1.4651 0.7496 250 219 157
-0.1527 1.4653 0.8268 230 81 226
-0.1527 1.4673 0.8703 226 74 226
-0.1527 1.4677 0.9307 221 71 222
-0.1527 1.4678 0.9916 215 68 218
-0.1527 1.4674 1.0504 208 65 213
-0.1527 1.4679 1.1092 205 65 211
-0.1527 1.4680 1.1701 205 65 210
-0.1527 1.4676 1.2306 205 65 210
-0.1527 1.4693 1.2885 204 65 209
-0.1527 1.4813 1.3279 91 80 139
-0.1526 1.5287 0.0132 253 115 250
-0.1526 1.5377 0.0904 252 115 250
-0.1526 1.5379 0.1489 253 115 250
-0.1526 1.5374 0.2098 253 115 250
-0.1526 1.5368 0.2698 253 116 250
-0.1526 1.5357 0.3289 253 116 250
-0.1526 1.5358 0.3888 252 115 250
-0.1526 1.5353 0.4494 252 114 250
-0.1526 1.5341 0.5091 252 115 250
-0.1526 1.5337 0.5696 252 112 249
-0.1526 1.5337 0.6310 251 110 247
-0.1526 1.5332 0.6913 249 105 246
-0.1526 1.5327 0.7516 248 102 243
-0.1527 1.5149 0.8316 232 78 230
-0.1528 1.5274 0.8707 228 75 227
-0.1528 1.5295 0.9298 224 73 225
-0.1528 1.5281 0.9906 219 70 221
-0.1528 1.5289 1.0504 215 68 217
-0.1528 1.5281 1.1098 209 66 213
-0.1528 1.5291 1.1696 204 64 209
-0.1528 1.5286 1.2294 203 64 208
-0.1528 1.5290 1.2902 204 65 209
-0.1528 1.5291 1.3341 78 82 131
-0.1526 1.5833 0.0067 250 118 242
-0.1526 1.5910 0.0876 251 112 249
-0.1527 1.5929 0.1490 251 112 249
-0.1526 1.5913 0.2093 251 112 248
-0.1526 1.5913 0.2709 252 113 248
-0.1526 1.5907 0.3309 252 114 248
-0.1526 1.5897 0.3897 251 112 248
-0.1526 1.5902 0.4496 252 114 248
-0.1526 1.5886 0.5095 251 110 247
-0.1526 1.5891 0.5693 251 110 246
-0.1526 1.5875 0.6290 250 108 245
-0.1526 1.5874 0.6900 248 105 244
-0.1526 1.5869 0.7496 246 102 241
-0.1526 1.5864 0.8091 244 97 237
-0.1529 1.5876 0.8764 230 78 228
-0.1529 1.5890 0.9303 227 74 226
-0.1529 1.5891 0.9907 222 72 223
-0.1529 1.5891 1.0510 218 70 220
-0.1529 1.5892 1.1113 213 68 216
-0.1529 1.5888 1.1709 209 67 213
-0.1529 1.5892 1.2297 204 65 209
-0.1529 1.5894 1.2893 205 66 210
-0.1529 1.5898 1.3339 82 82 134
-0.1550 1.6516 -0.0054 222 130 195
-0.1527 1.6521 0.0896 234 102 228
-0.1527 1.6511 0.1502 250 103 248
-0.1527 1.6506 0.2107 251 103 249
-0.1527 1.6493 0.2710 251 104 249
-0.1527 1.6495 0.3313 251 104 249
-0.1527 1.6489 0.3906 251 104 249
-0.1527 1.6484 0.4498 250 104 248
-0.1527 1.6471 0.5098 250 103 248
-0.1527 1.6473 0.5699 250 102 247
-0.1527 1.6467 0.6298 248 99 246
-0.1527 1.6454 0.6905 247 97 245
-0.1527 1.6456 0.7503 246 94 243
-0.1527 1.6443 0.8100 243 91 240
-0.1530 1.6433 0.8834 230 77 230
-0.1530 1.6481 0.9300 228 76 227
-0.1530 1.6471 0.9900 224 73 225
-0.1530 1.6472 1.0503 221 71 222
-0.1530 1.6489 1.1098 216 69 218
-0.1530 1.6473 1.1695 212 68 215
-0.1530 1.6482 1.2303 209 67 213
-0.1530 1.6477 1.2905 205 66 210
-0.1530 1.6484 1.3337 81 83 135
-0.1562 1.7135 -0.0099 174 141 132
-0.1528 1.7158 0.0897 223 141 218
-0.1528 1.7139 0.1499 253 159 252
-0.1528 1.7127 0.2101 253 160 252
-0.1528 1.7128 0.2702 253 160 252
-0.1528 1.7122 0.3318 253 160 252
-0.1528 1.7117 0.3902 253 159 252
-0.1528 1.7111 0.4486 253 157 251
-0.1528 1.7105 0.5098 253 155 251
-0.1528 1.7087 0.5694 253 153 251
-0.1528 1.7088 0.6291 253 147 250
-0.1528 1.7082 0.6902 252 140 249
-0.1528 1.7077 0.7512 250 133 247
-0.1528 1.7065 0.8106 248 126 244
-0.1531 1.7064 0.8912 226 83 222
-0.1531 1.7105 0.9308 216 78 212
-0.1531 1.7111 0.9901 210 74 206
-0.1531 1.7113 1.0489 167 78 187
-0.1531 1.7108 1.1093 146 80 178
-0.1531 1.7119 1.1704 139 78 172
-0.1531 1.7117 1.2300 139 77 171
-0.1531 1.7112 1.2897 139 76 171
-0.1532 1.7126 1.3346 76 84 132
-0.1628 1.7691 -0.0492 213 180 161
-0.1477 1.7418 0.1039 252 215 188
-0.1503 1.7415 0.1496 253 231 183
-0.1502 1.7424 0.2088 253 233 186
-0.1503 1.7432 0.2689 253 234 187
-0.1502 1.7441 0.3291 251 223 173
-0.1503 1.7449 0.3893 245 203 152
-0.1526 1.7505 0.4513 252 160 242
-0.1526 1.7499 0.5109 251 158 239
-0.1528 1.7489 0.5706 253 153 250
-0.1528 1.7483 0.6301 252 148 249
-0.1528 1.7479 0.6895 251 141 248
-0.1528 1.7473 0.7515 250 134 246
-0.1528 1.7468 0.8106 247 127 243
-0.1528 1.7463 0.8698 245 120 240
-0.1532 1.7481 0.9304 208 84 198
-0.1532 1.7481 0.9890 200 77 193
-0.1532 1.7481 1.0489 124 83 158
-0.1532 1.7485 1.1095 71 90 134
-0.1532 1.7485 1.1695 71 88 132
-0.1531 1.7469 1.2138 71 87 131
-0.1529 1.7417 1.2909 71 87 130
-0.1528 1.7416 1.3345 71 86 129
-0.1572 1.8301 -0.0517 223 194 174
-0.1529 1.8897 -0.0516 226 204 190
-0.1533 1.9498 -0.0515 234 220 209
-0.1476 2.0102 -0.0514 214 200 196
-0.1532 2.0699 -0.0513 235 230 227
-0.1502 2.1294 -0.0512 243 240 236
-0.1499 2.1893 -0.0511 243 240 235
-0.1495 2.2504 -0.0510 240 238 233
-0.1400 2.3091 -0.0509 233 229 225
-0.1372 2.3608 -0.0508 228 224 221
-0.1386 2.4184 -0.0507 224 218 214
-0.1290 2.4976 -0.0042 254 250 246
-0.1300 2.5021 0.0887 254 247 244
-0.1298 2.5021 0.1515 254 247 243
-0.1301 2.5022 0.2103 254 246 241
-0.1295 2.5021 0.2692 254 247 239
-0.1312 2.5021 0.3365 254 249 234
-0.1320 2.5021 0.3907 254 249 231
-0.1317 2.5021 0.4493 254 249 228
-0.1316 2.5021 0.5121 254 248 222
-0.1316 2.5021 0.5705 254 246 216
-0.1312 2.5021 0.6289 254 246 211
-0.1310 2.5021 0.6916 254 243 203
-0.1460 2.5009 0.7692 221 114 203
-0.1516 2.5004 0.8246 209 82 201
-0.1503 2.5003 0.8887 202 77 195
-0.1501 2.5003 0.9329 200 75 193
-0.1483 2.5003 1.0058 187 68 181
-0.1483 2.5003 1.0509 184 67 178
-0.1482 2.5003 1.1115 180 65 175
-0.1482 2.5003 1.1721 175 63 171
-0.1482 2.5003 1.2276 171 61 167
-0.1492 2.5003 1.2892 166 59 163
-0.1533 2.5003 1.3379 161 57 160
-0.0926 -2.4892 -0.0389 254 246 251
-0.0906 -2.4981 0.1005 254 202 254
-0.0878 -2.4987 0.1667 255 236 255
-0.0911 -2.4987 0.2100 255 237 255
-0.0910 -2.4987 0.2699 255 237 255
-0.0910 -2.4987 0.3299 255 235 255
-0.0910 -2.4987 0.3898 255 233 255
-0.0911 -2.4987 0.4498 255 229 255
-0.0910 -2.4987 0.5101 255 215 255
-0.0908 -2.4987 0.5701 255 196 255
-0.0914 -2.4987 0.6299 254 172 254
-0.0910 -2.4987 0.6900 253 144 252
-0.0912 -2.4987 0.7501 241 113 240
-0.0827 -2.4987 0.7967 222 91 224
-0.0926 -2.4981 0.8702 246 120 244
-0.0925 -2.4981 0.9303 237 105 236
-0.0859 -2.4981 0.9757 228 96 229
-0.0909 -2.4978 1.0507 241 110 240
-0.0909 -2.4978 1.1101 235 103 234
-0.0884 -2.4978 1.1669 229 96 229
-0.0726 -2.4977 1.2109 227 95 228
-0.0898 -2.4975 1.2898 228 100 229
-0.0902 -2.4976 1.3338 57 62 104
-0.0888 -2.4309 -0.0537 254 254 252
-0.0794 -2.3724 -0.0537 254 254 252
-0.0699 -2.3154 -0.0537 254 254 252
-0.0651 -2.2697 -0.0536 252 248 246
-0.0723 -2.2111 -0.0519 223 186 169
-0.1142 -2.1127 -0.0533 252 249 243
-0.1070 -2.0656 -0.0534 254 252 243
-0.0969 -2.0072 -0.0535 227 162 123
-0.0912 -1.9494 -0.0535 202 108 62
-0.0912 -1.8897 -0.0536 186 97 60
-0.0912 -1.8295 -0.0536 151 78 55
-0.0856 -1.7856 -0.0528 128 65 58
-0.0862 -1.7484 0.1084 252 118 250
-0.0892 -1.7484 0.1500 252 121 250
-0.0900 -1.7484 0.2099 252 119 249
-0.0904 -1.7484 0.2705 251 115 248
-0.0906 -1.7484 0.3304 249 110 246
-0.0911 -1.7484 0.3897 247 104 243
-0.0913 -1.7484 0.4498 243 96 238
-0.0915 -1.7484 0.5100 236 87 231
-0.0920 -1.7484 0.5701 225 76 219
-0.0924 -1.7484 0.6302 204 63 200
-0.0927 -1.7484 0.6903 160 45 165
-0.0929 -1.7484 0.7500 119 35 137
-0.0932 -1.7484 0.8100 117 35 136
-0.0938 -1.7484 0.8703 116 34 136
-0.0942 -1.7484 0.9303 118 35 137
-0.0818 -1.7484 0.9730 82 25 107
-0.0996 -1.7481 1.0494 225 69 225
-0.0916 -1.7480 1.1109 207 60 212
-0.0848 -1.7480 1.1669 207 60 212
-0.0775 -1.7480 1.2160 207 60 212
-0.0899 -1.7473 1.2814 238 79 236
-0.0823 -1.7468 1.3338 241 84 239
-0.0878 1.7603 -0.0383 254 173 244
-0.0899 1.7481 0.1019 254 150 254
-0.0928 1.7487 0.1667 254 156 254
-0.0898 1.7487 0.2100 254 153 254
-0.0899 1.7487 0.2700 254 148 254
-0.0897 1.7487 0.3298 254 138 254
-0.0897 1.7487 0.3899 254 126 254
-0.0897 1.7487 0.4501 253 110 251
-0.0896 1.7487 0.5100 244 90 242
-0.0896 1.7487 0.5700 220 69 222
-0.0897 1.7487 0.6300 211 64 216
-0.0894 1.7487 0.6895 210 65 215
-0.0896 1.7487 0.7495 210 65 215
-0.0980 1.7487 0.7964 210 66 215
-0.0897 1.7481 0.8702 224 76 225
-0.0895 1.7481 0.9301 211 69 216
-0.0904 1.7481 0.9880 209 69 214
-0.1071 1.7481 1.0303 210 70 215
-0.0902 1.7475 1.1097 220 77 222
-0.0895 1.7475 1.1692 213 74 217
-0.0969 1.7475 1.2168 209 73 214
-0.1099 1.7477 1.2735 217 77 220
-0.1052 1.7468 1.3328 236 79 231
-0.0886 1.8296 -0.0536 254 247 230
-0.1103 1.9059 -0.0521 231 209 182
-0.1122 1.9559 -0.0515 203 168 149
-0.1087 2.0074 -0.0514 130 89 94
-0.0980 2.0717 -0.0512 107 73 86
-0.0990 2.1301 -0.0511 144 122 131
-0.0848 2.1884 -0.0510 134 114 126
-0.0895 2.2480 -0.0509 167 155 163
-0.0897 2.3102 -0.0508 210 205 205
-0.0907 2.3734 -0.0507 238 235 229
-0.0927 2.4338 -0.0506 239 236 233
-0.0927 2.5013 0.0020 254 253 247
-0.0941 2.5021 0.0895 254 253 246
-0.0929 2.5021 0.1505 254 253 246
-0.0927 2.5021 0.2096 254 253 246
-0.0926 2.5021 0.2687 254 253 244
-0.0924 2.5021 0.3323 254 253 242
-0.0922 2.5021 0.3913 254 252 236
-0.0920 2.5021 0.4503 254 252 232
-0.0924 2.5021 0.5100 254 252 228
-0.0912 2.5021 0.5689 254 251 220
-0.0924 2.5021 0.6305 254 250 214
-0.0910 2.5021 0.6900 254 248 208
-0.0926 2.5009 0.7695 223 117 206
-0.0875 2.5004 0.8252 213 84 204
-0.0853 2.5003 0.8887 207 79 199
-0.0852 2.5003 0.9334 205 78 197
-0.0894 2.5003 1.0067 192 71 186
-0.0895 2.5003 1.0516 189 69 183
-0.0908 2.5003 1.1089 186 68 180
-0.0883 2.5003 1.1694 182 66 176
-0.0895 2.5003 1.2287 177 64 173
-0.0895 2.5003 1.2895 172 61 168
-0.0919 2.5003 1.3379 168 60 165
-0.0209 -2.4839 -0.0496 247 213 188
0.0281 -2.4982 0.1058 254 199 254
0.0021 -2.4985 0.1559 255 221 255
-0.0035 -2.4986 0.2100 255 223 255
-0.0035 -2.4986 0.2700 255 222 255
-0.0036 -2.4986 0.3300 255 221 255
-0.0035 -2.4986 0.3899 255 219 255
-0.0036 -2.4986 0.4499 255 216 255
-0.0037 -2.4986 0.5101 255 208 255
-0.0039 -2.4986 0.5699 255 192 255
-0.0034 -2.4986 0.6298 255 174 254
-0.0036 -2.4986 0.6901 254 154 253
-0.0035 -2.4986 0.7500 251 132 249
-0.0032 -2.4986 0.8097 240 109 238
0.0215 -2.4985 0.8627 229 97 230
0.0449 -2.4984 0.9083 226 95 227
-0.0020 -2.4980 0.9896 234 102 234
0.0250 -2.4979 1.0432 228 96 229
0.0380 -2.4978 1.0940 229 97 229
-0.0017 -2.4977 1.1698 232 100 232
0.0059 -2.4977 1.2256 227 95 228
0.0359 -2.4976 1.2734 224 92 226
-0.0051 -2.4974 1.3335 53 62 101
-0.0100 -2.4286 -0.0535 245 205 172
-0.0051 -2.3695 -0.0536 246 201 167
-0.0049 -2.3096 -0.0536 246 202 167
-0.0035 -2.2501 -0.0536 247 202 166
0.0063 -2.1908 -0.0537 244 189 147
0.0173 -2.1309 -0.0537 238 167 115
0.0275 -2.0713 -0.0537 227 133 72
0.0375 -2.0122 -0.0537 238 192 159
0.0467 -1.9537 -0.0537 252 238 212
0.0523 -1.9046 -0.0537 246 221 191
-0.0335 -1.8275 -0.0535 147 79 60
-0.0210 -1.7691 -0.0515 193 92 152
0.0449 -1.7483 0.1142 250 99 246
0.0145 -1.7484 0.1529 249 95 244
0.0110 -1.7485 0.2100 247 91 241
0.0115 -1.7485 0.2701 242 84 236
0.0126 -1.7485 0.3299 233 75 225
0.0130 -1.7484 0.3899 213 63 205
0.0134 -1.7484 0.4501 161 44 161
0.0143 -1.7484 0.5103 94 26 112
0.0149 -1.7484 0.5703 71 20 97
0.0154 -1.7484 0.6300 71 21 97
0.0161 -1.7484 0.6901 71 21 97
0.0144 -1.7485 0.7501 71 21 97
0.0142 -1.7485 0.8101 71 21 97
0.0303 -1.7484 0.8582 71 21 97
-0.0079 -1.7482 0.9297 71 22 98
-0.0048 -1.7482 0.9882 71 22 98
0.0236 -1.7482 1.0393 72 22 99
-0.0016 -1.7479 1.1090 112 32 124
-0.0017 -1.7479 1.1693 81 25 103
-0.0040 -1.7479 1.2292 73 23 99
0.0305 -1.7478 1.2872 75 24 101
0.0343 -1.7474 1.3286 108 32 123
-0.0511 1.7614 -0.0336 254 174 242
-0.0222 1.7483 0.1104 254 156 254
-0.0512 1.7487 0.1713 254 155 254
-0.0522 1.7488 0.2101 255 152 254
-0.0522 1.7488 0.2702 255 144 254
-0.0521 1.7488 0.3303 255 134 254
-0.0522 1.7488 0.3901 254 119 253
-0.0521 1.7488 0.4499 250 100 248
-0.0521 1.7488 0.5097 226 73 228
-0.0520 1.7488 0.5698 211 64 216
-0.0520 1.7488 0.6299 211 65 216
-0.0519 1.7488 0.6896 211 65 216
-0.0520 1.7488 0.7489 210 65 215
-0.0272 1.7485 0.7960 215 69 219
0.0048 1.7483 0.8700 211 68 215
-0.0063 1.7483 0.9254 209 68 215
-0.0378 1.7482 0.9737 210 69 215
0.0062 1.7477 1.0502 219 76 221
0.0032 1.7477 1.1086 212 73 216
-0.0265 1.7477 1.1615 209 72 214
-0.0360 1.7481 1.2159 211 74 215
0.0193 1.7471 1.2896 230 71 222
-0.0041 1.7470 1.3325 225 69 218
-0.0439 1.8316 -0.0537 254 248 231
-0.0381 1.8913 -0.0537 254 253 244
-0.0319 1.9510 -0.0537 254 254 249
-0.0258 2.0108 -0.0537 247 213 185
-0.0196 2.0707 -0.0537 241 168 114
-0.0133 2.1304 -0.0537 244 183 136
-0.0492 2.1998 -0.0513 174 150 131
-0.0497 2.2547 -0.0509 106 85 98
-0.0447 2.3053 -0.0508 97 76 93
-0.0369 2.3642 -0.0507 94 74 92
-0.0280 2.4270 -0.0505 108 92 108
-0.0242 2.5009 0.0019 250 188 247
-0.0219 2.5021 0.0902 254 189 251
-0.0247 2.5021 0.1502 254 195 250
-0.0216 2.5021 0.2100 254 190 251
-0.0244 2.5021 0.2697 254 195 251
-0.0238 2.5021 0.3290 254 194 250
-0.0216 2.5021 0.3888 254 190 248
-0.0245 2.5021 0.4496 254 194 245
-0.0253 2.5021 0.5098 254 191 243
-0.0278 2.5021 0.5700 254 195 239
-0.0250 2.5021 0.6297 254 189 240
-0.0274 2.5021 0.6902 254 192 235
-0.0031 2.5007 0.7724 223 98 214
0.0039 2.5004 0.8265 217 87 209
0.0037 2.5003 0.8906 213 83 204
0.0037 2.5003 0.9345 211 82 203
0.0047 2.5003 1.0012 195 87 169
0.0037 2.5003 1.0507 198 74 191
0.0011 2.5003 1.1084 194 72 187
0.0011 2.5003 1.1694 190 70 184
0.0011 2.5003 1.2304 186 68 180
0.0003 2.5003 1.2909 181 65 176
0.0032 2.5003 1.3350 178 64 173
0.0953 -2.4978 0.0463 254 173 254
0.0968 -2.4983 0.1129 254 202 254
0.0895 -2.4984 0.1498 254 205 254
0.0893 -2.4984 0.2099 254 206 254
0.0894 -2.4984 0.2702 254 206 254
0.0894 -2.4984 0.3303 254 205 254
0.0896 -2.4984 0.3900 254 203 254
0.0896 -2.4984 0.4501 254 200 254
0.0894 -2.4984 0.5102 254 197 254
0.0893 -2.4984 0.5705 254 185 254
0.0894 -2.4984 0.6306 254 171 254
0.0895 -2.4984 0.6899 254 156 253
0.0895 -2.4984 0.7497 252 140 251
0.0893 -2.4984 0.8098 248 123 246
0.0893 -2.4984 0.8693 239 108 238
0.0949 -2.4984 0.9197 228 96 229
0.0910 -2.4978 0.9905 239 108 238
0.0909 -2.4978 1.0500 232 100 232
0.0962 -2.4978 1.0982 226 94 227
0.0934 -2.4975 1.1700 235 102 234
0.0925 -2.4975 1.2289 230 98 230
0.0944 -2.4975 1.2874 201 89 208
0.1098 -2.4974 1.3298 49 61 98
0.0874 -2.4304 -0.0517 146 81 77
0.0668 -2.3569 -0.0533 229 135 72
0.0735 -2.3063 -0.0534 231 135 70
0.0817 -2.2478 -0.0535 229 134 71
0.0883 -2.1892 -0.0535 227 132 71
0.0888 -2.1293 -0.0535 222 126 69
0.0887 -2.0697 -0.0536 214 117 65
0.0887 -2.0100 -0.0536 234 192 161
0.0886 -1.9498 -0.0536 252 236 209
0.0889 -1.8896 -0.0537 246 220 189
0.0966 -1.8388 -0.0537 233 199 169
0.1006 -1.7482 0.0477 245 93 239
0.0968 -1.7483 0.1121 250 99 246
0.0893 -1.7483 0.1503 250 98 246
0.0862 -1.7483 0.2102 249 95 244
0.0872 -1.7483 0.2701 246 90 241
0.0871 -1.7483 0.3301 241 84 235
0.0885 -1.7483 0.3900 233 75 225
0.0886 -1.7483 0.4501 216 64 208
0.0896 -1.7483 0.5097 184 50 178
0.0901 -1.7483 0.5695 114 31 125
0.0908 -1.7483 0.6299 72 21 98
0.0913 -1.7483 0.6898 71 21 97
0.0892 -1.7483 0.7496 71 21 97
0.0876 -1.7483 0.8089 71 21 97
0.0870 -1.7483 0.8699 71 21 97
0.0991 -1.7483 0.9125 71 21 97
0.0894 -1.7481 0.9909 72 22 98
0.0886 -1.7481 1.0507 72 22 98
0.1002 -1.7480 1.0963 72 22 99
0.0847 -1.7477 1.1699 105 30 118
0.0817 -1.7477 1.2288 82 25 104
0.0869 -1.7477 1.2845 76 24 101
0.0929 -1.7476 1.3333 83 26 106
0.1021 1.7689 -0.0516 220 127 155
0.0960 1.7479 0.0906 254 180 254
0.0869 1.7485 0.1546 254 168 254
0.0889 1.7485 0.2101 254 166 254
0.0889 1.7485 0.2701 254 163 254
0.0897 1.7485 0.3300 254 156 254
0.0895 1.7485 0.3901 254 149 254
0.0900 1.7485 0.4501 254 138 254
0.0903 1.7485 0.5102 254 126 253
0.0906 1.7485 0.5701 253 112 251
0.0908 1.7485 0.6305 248 96 245
0.0910 1.7485 0.6903 227 77 227
0.0914 1.7485 0.7496 194 62 201
0.0917 1.7485 0.8096 178 56 188
0.0878 1.7485 0.8649 189 61 197
0.0716 1.7483 0.9095 214 69 217
0.0961 1.7479 0.9897 187 54 185
0.0958 1.7479 1.0494 110 33 129
0.0812 1.7479 1.0923 145 47 160
0.0748 1.7480 1.1509 106 35 126
0.0676 1.7467 1.2271 248 94 244
0.0675 1.7467 1.2874 244 86 238
0.0702 1.7467 1.3341 235 77 228
0.1066 1.8274 -0.0534 200 108 66
0.1118 1.8870 -0.0534 208 114 69
0.1156 1.9370 -0.0534 208 113 68
0.0689 2.0228 -0.0537 223 187 159
0.0786 2.0735 -0.0537 253 241 217
0.0897 2.1305 -0.0537 254 249 231
0.0913 2.1896 -0.0536 254 252 241
0.0912 2.2495 -0.0536 254 253 245
0.0642 2.3261 -0.0537 254 254 253
0.0675 2.3744 -0.0537 254 254 253
0.0730 2.4320 -0.0537 254 254 253
0.0784 2.4918 -0.0321 254 246 252
0.0863 2.4982 0.1063 254 203 254
0.0768 2.4987 0.1699 254 242 254
0.0782 2.4987 0.2099 254 243 254
0.0782 2.4987 0.2700 254 242 254
0.0781 2.4987 0.3300 254 241 254
0.0781 2.4987 0.3899 254 236 254
0.0783 2.4987 0.4501 254 225 254
0.0783 2.4987 0.5100 254 207 254
0.0782 2.4987 0.5700 254 183 254
0.0784 2.4987 0.6300 253 150 252
0.0783 2.4987 0.6899 234 105 228
0.0908 2.5006 0.7722 219 89 211
0.0894 2.5004 0.8264 221 90 213
0.0925 2.5003 0.8905 218 87 210
0.1036 2.5003 0.9488 187 127 102
0.0922 2.5003 0.9877 202 90 177
0.0921 2.5003 1.0488 205 78 198
0.0921 2.5003 1.1098 202 76 194
0.0921 2.5003 1.1709 198 74 191
0.0921 2.5003 1.2320 194 72 187
0.0921 2.5003 1.2877 190 70 184
0.0921 2.5003 1.3322 187 68 181
0.1539 -2.4895 -0.0374 244 173 133
0.1506 -2.4983 0.1066 254 193 254
0.1534 -2.4982 0.1674 255 234 254
0.1526 -2.4982 0.2091 255 235 255
0.1555 -2.4982 0.2700 255 234 255
0.1540 -2.4982 0.3301 255 233 255
0.1530 -2.4982 0.3899 255 231 254
0.1544 -2.4982 0.4492 255 225 254
0.1538 -2.4982 0.5100 255 209 254
0.1542 -2.4982 0.5710 255 187 254
0.1548 -2.4982 0.6299 254 162 254
0.1559 -2.4982 0.6892 251 133 249
0.1560 -2.4982 0.7493 231 100 231
0.1674 -2.4982 0.7888 216 87 220
0.1485 -2.4983 0.8702 243 114 241
0.1476 -2.4983 0.9301 233 101 233
0.1568 -2.4982 0.9733 226 94 227
0.1490 -2.4977 1.0492 235 103 234
0.1489 -2.4977 1.1094 228 96 229
0.1608 -2.4977 1.1527 224 93 226
0.1547 -2.4974 1.2288 232 99 232
0.1547 -2.4974 1.2895 196 89 205
0.1533 -2.4974 1.3348 48 61 97
0.1609 -2.4310 -0.0537 241 153 80
0.1674 -2.3730 -0.0537 241 153 80
0.1743 -2.3184 -0.0537 244 162 86
0.1531 -2.2511 -0.0517 145 82 78
0.1266 -2.1742 -0.0533 217 122 70
0.1318 -2.1258 -0.0534 220 124 68
0.1404 -2.0676 -0.0535 203 110 63
0.1478 -2.0090 -0.0535 232 192 161
0.1488 -1.9495 -0.0535 252 236 210
0.1487 -1.8891 -0.0536 246 221 191
0.1491 -1.8294 -0.0536 232 199 168
0.1630 -1.7904 -0.0513 219 177 152
0.1382 -1.7482 0.1069 250 99 246
0.1365 -1.7482 0.1514 250 98 246
0.1349 -1.7482 0.2102 249 95 244
0.1323 -1.7482 0.2702 247 92 242
0.1327 -1.7482 0.3302 243 86 237
0.1334 -1.7482 0.3900 237 79 230
0.1339 -1.7482 0.4501 225 70 217
0.1345 -1.7482 0.5099 206 59 198
0.1352 -1.7482 0.5698 169 46 166
0.1360 -1.7482 0.6301 96 26 113
0.1366 -1.7482 0.6904 72 21 98
0.1375 -1.7482 0.7508 72 21 98
0.1359 -1.7482 0.8119 72 21 97
0.1350 -1.7482 0.8700 71 21 97
0.1350 -1.7482 0.9228 71 21 97
0.1411 -1.7480 0.9906 73 22 99
0.1407 -1.7480 1.0510 73 22 99
0.1406 -1.7480 1.1084 73 22 99
0.1443 -1.7478 1.1555 95 27 112
0.1377 -1.7476 1.2308 99 29 114
0.1345 -1.7476 1.2882 80 25 103
0.1323 -1.7475 1.3316 83 26 106
0.1723 -1.7338 -0.0517 255 145 254
0.1491 -1.7028 0.1166 255 223 255
0.1494 -1.7102 0.1721 255 236 255
0.1495 -1.7101 0.2102 255 236 255
0.1495 -1.7099 0.2703 255 236 255
0.1495 -1.7097 0.3306 255 235 255
0.1495 -1.7098 0.3905 255 231 255
0.1495 -1.7101 0.4497 255 219 255
0.1495 -1.7105 0.5099 255 201 255
0.1495 -1.7105 0.5700 255 178 255
0.1495 -1.7103 0.6300 254 148 254
0.1559 -1.7021 0.7045 223 84 218
0.1551 -1.7057 0.7710 234 89 228
0.1545 -1.7089 0.8319 234 89 228
0.1527 -1.7094 0.8827 107 31 122
0.1527 -1.7093 0.9300 86 26 109
0.1527 -1.7092 0.9901 71 25 100
0.1527 -1.7096 1.0500 71 25 99
0.1527 -1.7091 1.1101 70 25 99
0.1527 -1.7095 1.1703 70 25 99
0.1527 -1.7094 1.2299 70 24 99
0.1527 -1.7170 1.2771 69 28 100
0.1533 -1.7105 1.3343 65 55 108
0.1533 -1.6507 -0.0288 254 234 254
0.1491 -1.6466 0.1145 255 221 255
0.1494 -1.6488 0.1711 255 236 255
0.1494 -1.6497 0.2098 255 236 255
0.1494 -1.6495 0.2697 255 236 255
0.1495 -1.6493 0.3304 255 233 255
0.1495 -1.6487 0.3902 255 225 255
0.1495 -1.6505 0.4500 255 212 255
0.1495 -1.6513 0.5101 255 194 255
0.1495 -1.6512 0.5699 254 170 255
0.1495 -1.6509 0.6300 254 140 254
0.1556 -1.6434 0.7119 221 67 213
0.1550 -1.6464 0.7667 228 70 220
0.1544 -1.6433 0.8285 228 70 220
0.1526 -1.6497 0.8828 72 19 98
0.1526 -1.6498 0.9299 71 19 97
0.1526 -1.6497 0.9900 71 19 97
0.1526 -1.6499 1.0498 71 19 97
0.1526 -1.6497 1.1098 71 19 97
0.1526 -1.6499 1.1698 71 19 97
0.1526 -1.6545 1.2233 70 19 97
0.1529 -1.6635 1.2759 71 20 98
0.1531 -1.6483 1.3338 67 45 105
0.1534 -1.5903 -0.0305 254 228 253
0.1491 -1.5872 0.1123 255 217 255
0.1494 -1.5898 0.1699 255 230 255
0.1494 -1.5906 0.2102 255 229 255
0.1494 -1.5901 0.2703 255 226 255
0.1494 -1.5899 0.3294 255 220 255
0.1494 -1.5897 0.3898 255 210 255
0.1494 -1.5901 0.4507 255 196 255
0.1494 -1.5907 0.5101 255 177 255
0.1494 -1.5904 0.5700 254 153 254
0.1494 -1.5900 0.6300 254 122 253
0.1554 -1.5839 0.7087 223 67 215
0.1548 -1.5879 0.7625 229 71 221
0.1542 -1.5864 0.8245 229 70 220
0.1525 -1.6127 0.8833 76 20 101
0.1525 -1.6132 0.9307 73 20 99
0.1525 -1.6132 0.9902 73 19 98
0.1525 -1.6132 1.0498 72 19 98
0.1525 -1.6132 1.1101 71 19 97
0.1525 -1.6132 1.1704 70 19 97
0.1525 -1.6120 1.2106 71 19 97
0.1530 -1.5891 1.2899 71 20 97
0.1530 -1.5887 1.3341 66 46 105
0.1536 -1.5300 -0.0325 255 218 252
0.1491 -1.5276 0.1096 255 212 255
0.1494 -1.5314 0.1690 255 216 255
0.1494 -1.5312 0.2098 255 215 255
0.1494 -1.5309 0.2696 255 211 255
0.1494 -1.5306 0.3294 255 204 255
0.1494 -1.5303 0.3894 255 193 255
0.1494 -1.5301 0.4495 255 178 255
0.1494 -1.5297 0.5098 254 158 254
0.1494 -1.5294 0.5700 254 133 254
0.1533 -1.5282 0.6484 194 63 191
0.1553 -1.5267 0.7062 225 69 217
0.1547 -1.5261 0.7569 229 71 221
0.1541 -1.5259 0.8179 229 71 221
0.1529 -1.5306 0.8766 174 45 170
0.1529 -1.5302 0.9297 151 38 151
0.1529 -1.5306 0.9898 116 29 125
0.1529 -1.5302 1.0499 79 21 102
0.1529 -1.5305 1.1097 72 20 98
0.1529 -1.5306 1.1698 71 20 97
0.1529 -1.5304 1.2303 71 19 97
0.1529 -1.5306 1.2904 71 20 97
0.1529 -1.5306 1.3341 66 47 105
0.1489 -1.4490 -0.0098 254 196 254
0.1491 -1.4698 0.1069 255 206 255
0.1488 -1.4530 0.1770 255 206 255
0.1488 -1.4529 0.2098 255 208 255
0.1488 -1.4534 0.2708 255 201 255
0.1488 -1.4533 0.3299 255 194 255
0.1488 -1.4561 0.3898 255 183 255
0.1488 -1.4566 0.4510 255 167 254
0.1488 -1.4572 0.5101 254 144 254
0.1488 -1.4579 0.5709 253 119 252
0.1542 -1.4648 0.6500 178 49 174
0.1552 -1.4728 0.7014 227 70 219
0.1545 -1.4668 0.7523 230 71 222
0.1539 -1.4685 0.8114 228 70 220
0.1528 -1.4712 0.8768 135 34 139
0.1528 -1.4706 0.9300 97 25 113
0.1528 -1.4708 0.9899 74 20 99
0.1528 -1.4709 1.0501 71 19 97
0.1528 -1.4706 1.1100 71 19 97
0.1528 -1.4706 1.1699 71 19 97
0.1528 -1.4707 1.2298 71 19 97
0.1528 -1.4730 1.2877 71 19 97
0.1528 -1.4898 1.3286 68 33 101
0.1519 -1.4096 -0.0244 246 173 226
0.1491 -1.4113 0.1046 255 201 255
0.1488 -1.4060 0.1752 255 191 255
0.1488 -1.4106 0.2095 255 193 255
0.1488 -1.4108 0.2700 255 190 255
0.1488 -1.4105 0.3299 255 181 255
0.1488 -1.4107 0.3904 255 168 254
0.1488 -1.4105 0.4500 254 152 254
0.1488 -1.4110 0.5095 254 133 254
0.1488 -1.4110 0.5700 251 108 249
0.1551 -1.4003 0.6537 207 61 201
0.1545 -1.4051 0.7123 230 72 222
0.1539 -1.4052 0.7707 230 71 222
0.1538 -1.4093 0.8093 227 69 219
0.1526 -1.4081 0.8766 77 20 100
0.1526 -1.4082 0.9303 71 19 97
0.1526 -1.4081 0.9901 71 19 97
0.1526 -1.4084 1.0499 71 19 97
0.1526 -1.4081 1.1100 71 19 97
0.1526 -1.4081 1.1702 71 19 97
0.1526 -1.4085 1.2297 70 19 97
0.1527 -1.4224 1.2728 70 19 96
0.1532 -1.4096 1.3341 67 45 106
0.1541 -1.3512 -0.0322 237 147 208
0.1490 -1.3495 0.1017 255 193 255
0.1487 -1.3476 0.1720 255 173 255
0.1487 -1.3503 0.2105 254 173 254
0.1487 -1.3505 0.2700 255 169 254
0.1487 -1.3512 0.3298 254 160 254
0.1487 -1.3510 0.3900 254 151 254
0.1487 -1.3498 0.4499 254 135 254
0.1487 -1.3504 0.5105 253 116 251
0.1487 -1.3505 0.5697 247 95 242
0.1552 -1.3410 0.6516 217 65 209
0.1543 -1.3458 0.7096 232 74 225
0.1537 -1.3447 0.7640 227 77 211
0.1537 -1.3491 0.8103 227 69 219
0.1525 -1.3604 0.8760 72 19 98
0.1525 -1.3607 0.9302 72 19 98
0.1525 -1.3605 0.9901 72 19 97
0.1525 -1.3607 1.0500 71 19 97
0.1525 -1.3608 1.1102 71 19 97
0.1525 -1.3605 1.1697 70 19 96
0.1526 -1.3623 1.2199 70 19 97
0.1531 -1.3511 1.2899 71 20 98
0.1531 -1.3509 1.3338 67 46 105
0.1554 -1.2911 -0.0387 229 130 195
0.1490 -1.2875 0.0989 255 187 255
0.1487 -1.2901 0.1689 254 157 254
0.1487 -1.2909 0.2101 254 156 254
0.1487 -1.2897 0.2696 254 150 254
0.1487 -1.2908 0.3299 254 142 254
0.1487 -1.2903 0.3895 254 132 254
0.1487 -1.2913 0.4501 253 119 252
0.1487 -1.2906 0.5100 251 105 248
0.1487 -1.2894 0.5703 240 84 234
0.1552 -1.2842 0.6481 220 67 213
0.1542 -1.2860 0.7050 234 74 226
0.1536 -1.2856 0.7557 226 74 212
0.1530 -1.2817 0.8301 187 56 175
0.1530 -1.2901 0.8699 183 48 177
0.1530 -1.2897 0.9305 163 42 161
0.1530 -1.2901 0.9907 138 35 141
0.1530 -1.2899 1.0500 101 26 116
0.1530 -1.2899 1.1096 74 20 99
0.1530 -1.2898 1.1702 72 20 98
0.1530 -1.2902 1.2305 71 20 97
0.1530 -1.2899 1.2901 71 20 97
0.1530 -1.2901 1.3338 66 46 105
0.1562 -1.2313 -0.0435 222 116 187
0.1490 -1.2280 0.0962 254 180 254
0.1487 -1.2303 0.1655 254 139 254
0.1487 -1.2305 0.2101 254 136 254
0.1487 -1.2306 0.2698 254 133 254
0.1487 -1.2308 0.3305 254 127 253
0.1487 -1.2303 0.3906 253 116 251
0.1487 -1.2312 0.4500 251 106 248
0.1487 -1.2301 0.5100 245 91 240
0.1487 -1.2313 0.5701 227 74 220
0.1547 -1.2312 0.6540 231 73 223
0.1535 -1.2155 0.7126 228 72 217
0.1534 -1.2253 0.7501 227 69 219
0.1529 -1.2275 0.8214 175 46 171
0.1529 -1.2309 0.8701 158 40 157
0.1529 -1.2309 0.9301 126 32 133
0.1529 -1.2302 0.9898 86 22 106
0.1529 -1.2309 1.0501 72 20 98
0.1529 -1.2306 1.1104 71 20 98
0.1529 -1.2307 1.1704 71 20 97
0.1529 -1.2307 1.2304 71 19 97
0.1529 -1.2306 1.2904 71 19 97
0.1529 -1.2335 1.3332 66 43 103
0.1582 -1.1716 -0.0481 209 102 168
0.1490 -1.1684 0.0936 254 174 254
0.1487 -1.1682 0.1618 254 122 252
0.1487 -1.1701 0.2093 254 121 252
0.1487 -1.1715 0.2708 253 117 252
0.1487 -1.1716 0.3301 253 112 251
0.1487 -1.1698 0.3900 251 104 248
0.1487 -1.1694 0.4494 245 92 240
0.1487 -1.1705 0.5100 236 80 229
0.1487 -1.1720 0.5700 212 64 205
0.1542 -1.1573 0.6553 233 74 225
0.1533 -1.1646 0.7103 227 69 219
0.1529 -1.1537 0.7685 172 46 170
0.1527 -1.1691 0.8119 144 36 146
0.1527 -1.1705 0.8700 106 27 119
0.1527 -1.1707 0.9298 76 20 100
0.1527 -1.1708 0.9897 71 19 97
0.1527 -1.1704 1.0498 71 19 98
0.1527 -1.1706 1.1099 71 19 97
0.1527 -1.1706 1.1703 71 19 97
0.1527 -1.1707 1.2304 71 19 97
0.1527 -1.1746 1.2847 70 19 97
0.1529 -1.1894 1.3256 70 26 99
0.1605 -1.1124 -0.0512 191 90 151
0.1490 -1.1092 0.0909 254 167 254
0.1486 -1.1076 0.1585 252 110 250
0.1486 -1.1110 0.2098 252 109 250
0.1486 -1.1123 0.2695 251 104 247
0.1486 -1.1105 0.3294 249 100 245
0.1486 -1.1092 0.3899 244 91 239
0.1486 -1.1090 0.4504 238 82 231
0.1486 -1.1127 0.5099 225 71 217
0.1486 -1.1113 0.5698 197 57 191
0.1538 -1.1061 0.6545 235 75 227
0.1532 -1.1084 0.7039 224 67 216
0.1526 -1.1036 0.7680 102 32 109
0.1526 -1.1107 0.8102 84 22 105
0.1526 -1.1104 0.8702 71 19 97
0.1526 -1.1106 0.9302 71 19 97
0.1526 -1.1109 0.9904 71 19 97
0.1526 -1.1103 1.0501 71 19 97
0.1526 -1.1107 1.1101 71 19 97
0.1526 -1.1105 1.1703 71 19 97
0.1526 -1.1123 1.2285 70 19 97
0.1527 -1.1282 1.2699 70 19 96
0.1532 -1.1110 1.3343 67 46 106
0.1663 -1.0558 -0.0519 147 75 103
0.1490 -1.0507 0.0899 255 156 254
0.1486 -1.0491 0.1552 249 100 245
0.1486 -1.0503 0.2109 247 95 243
0.1486 -1.0501 0.2702 246 92 241
0.1486 -1.0514 0.3299 244 88 238
0.1486 -1.0506 0.3905 237 81 231
0.1486 -1.0496 0.4503 227 72 219
0.1486 -1.0510 0.5099 210 62 202
0.1486 -1.0501 0.5693 174 48 170
0.1537 -1.0469 0.6497 234 74 226
0.1531 -1.0491 0.6972 219 64 210
0.1531 -1.0505 0.7503 212 60 204
0.1531 -1.0509 0.8100 202 56 195
0.1531 -1.0506 0.8697 190 51 183
0.1531 -1.0510 0.9297 174 45 169
0.1531 -1.0504 0.9897 152 39 152
0.1531 -1.0506 1.0498 125 31 131
0.1531 -1.0507 1.1098 89 23 108
0.1531 -1.0507 1.1702 72 20 98
0.1531 -1.0509 1.2302 72 20 97
0.1531 -1.0505 1.2899 71 20 97
0.1531 -1.0506 1.3339 66 46 106
0.1665 -1.0070 -0.0176 162 94 132
0.1489 -0.9894 0.0899 255 144 254
0.1486 -0.9903 0.1517 240 85 234
0.1486 -0.9892 0.2099 240 85 234
0.1486 -0.9889 0.2694 239 83 232
0.1486 -0.9924 0.3307 233 77 225
0.1486 -0.9915 0.3895 225 71 217
0.1486 -0.9900 0.4499 211 63 203
0.1486 -0.9883 0.5100 185 52 179
0.1486 -0.9912 0.5707 148 41 150
0.1531 -0.9717 0.6542 220 64 211
0.1529 -0.9880 0.6906 211 60 203
0.1529 -0.9889 0.7501 201 55 193
0.1529 -0.9888 0.8101 188 50 182
0.1529 -0.9888 0.8698 170 44 166
0.1529 -0.9887 0.9298 145 37 146
0.1529 -0.9886 0.9898 110 28 121
0.1529 -0.9891 1.0498 78 21 102
0.1529 -0.9887 1.1098 71 20 97
0.1529 -0.9890 1.1701 71 19 97
0.1529 -0.9889 1.2301 71 20 97
0.1529 -0.9885 1.2901 71 20 97
0.1529 -0.9892 1.3342 66 46 104
0.1489 -0.9283 0.0519 254 133 254
0.1486 -0.9318 0.1118 240 92 234
0.1486 -0.9398 0.1501 237 81 230
0.1486 -0.9381 0.2101 232 77 224
0.1486 -0.9376 0.2713 229 74 221
0.1486 -0.9383 0.3298 220 68 212
0.1486 -0.9365 0.3897 209 62 201
0.1486 -0.9347 0.4498 193 55 187
0.1486 -0.9334 0.5099 172 48 169
0.1530 -0.9213 0.5911 208 65 204
0.1528 -0.9236 0.6493 193 62 176
0.1528 -0.9289 0.6897 199 54 192
0.1528 -0.9292 0.7497 183 48 178
0.1528 -0.9291 0.8098 163 42 160
0.1528 -0.9289 0.8700 132 33 137
0.1528 -0.9291 0.9303 92 24 110
0.1528 -0.9289 0.9903 72 20 98
0.1528 -0.9290 1.0503 71 19 97
0.1528 -0.9290 1.1103 71 19 97
0.1528 -0.9290 1.1698 71 19 97
0.1528 -0.9291 1.2298 71 19 97
0.1528 -0.9290 1.2901 71 19 97
0.1529 -0.9384 1.3315 67 38 103
0.1538 -0.8558 0.5971 237 78 230
0.1527 -0.8663 0.6425 190 50 183
0.1527 -0.8689 0.6899 174 45 170
0.1527 -0.8688 0.7501 148 37 149
0.1527 -0.8689 0.8102 109 27 121
0.1527 -0.8690 0.8701 77 20 101
0.1527 -0.8685 0.9298 71 19 97
0.1527 -0.8688 0.9897 71 19 97
0.1527 -0.8692 1.0498 71 19 97
0.1527 -0.8688 1.1099 71 19 97
0.1527 -0.8689 1.1700 71 19 97
0.1527 -0.8688 1.2302 71 19 97
0.1527 -0.8762 1.2797 70 19 97
0.1533 -0.8679 1.3341 67 45 106
0.1532 -0.7992 0.5964 226 71 215
0.1526 -0.8275 0.6382 171 44 167
0.1526 -0.8280 0.6899 147 37 148
0.1526 -0.8279 0.7499 104 26 118
0.1526 -0.8280 0.8099 73 20 99
0.1526 -0.8279 0.8699 73 19 99
0.1526 -0.8279 0.9305 73 20 98
0.1526 -0.8281 0.9905 72 19 98
0.1526 -0.8279 1.0505 72 20 98
0.1526 -0.8279 1.1098 71 19 97
0.1526 -0.8280 1.1698 70 19 97
0.1526 -0.8279 1.2298 70 19 97
0.1528 -0.8279 1.2698 71 20 98
0.1532 -0.8091 1.3343 67 47 106
0.1530 -0.7483 0.5926 226 68 218
0.1530 -0.7509 0.6299 222 66 214
0.1530 -0.7513 0.6896 215 61 206
0.1530 -0.7512 0.7499 205 57 197
0.1530 -0.7510 0.8099 194 52 187
0.1530 -0.7513 0.8700 179 47 174
0.1530 -0.7508 0.9303 160 41 158
0.1530 -0.7510 0.9907 135 34 139
0.1530 -0.7512 1.0503 99 25 114
0.1530 -0.7513 1.1104 74 20 99
0.1530 -0.7511 1.1707 72 20 98
0.1530 -0.7511 1.2300 71 20 97
0.1530 -0.7513 1.2897 71 20 97
0.1530 -0.7507 1.3343 66 46 106
0.1529 -0.6740 0.0112 167 126 77
0.1529 -0.6743 0.0897 166 123 76
0.1529 -0.6739 0.1500 164 121 75
0.1529 -0.6741 0.2097 151 107 66
0.1529 -0.6741 0.2700 146 103 63
0.1529 -0.6741 0.3303 144 103 63
0.1529 -0.6739 0.3900 133 92 57
0.1529 -0.6743 0.4503 134 94 59
0.1529 -0.6738 0.5100 123 86 55
0.1529 -0.6844 0.5766 186 72 158
0.1529 -0.6915 0.6297 213 61 205
0.1529 -0.6917 0.6896 203 56 196
0.1529 -0.6915 0.7499 192 51 185
0.1529 -0.6917 0.8099 175 45 171
0.1529 -0.6914 0.8698 153 39 153
0.1529 -0.6915 0.9295 122 31 130
0.1529 -0.6916 0.9897 85 22 106
0.1529 -0.6914 1.0500 72 20 98
0.1529 -0.6915 1.1100 71 20 97
0.1529 -0.6915 1.1699 71 20 97
0.1529 -0.6917 1.2299 71 20 97
0.1529 -0.6914 1.2901 71 19 97
0.1529 -0.6915 1.3338 67 45 105
0.1528 -0.6319 0.0167 241 81 235
0.1528 -0.6313 0.0903 240 80 234
0.1528 -0.6310 0.1503 240 79 233
0.1528 -0.6311 0.2105 239 78 231
0.1528 -0.6314 0.2716 236 76 229
0.1528 -0.6311 0.3303 234 74 226
0.1528 -0.6314 0.3891 230 71 222
0.1528 -0.6312 0.4496 225 68 217
0.1528 -0.6311 0.5096 220 64 211
0.1528 -0.6311 0.5696 211 60 203
0.1528 -0.6311 0.6294 201 55 193
0.1528 -0.6313 0.6896 187 49 181
0.1528 -0.6310 0.7496 167 43 164
0.1528 -0.6312 0.8096 141 35 143
0.1528 -0.6310 0.8699 101 26 116
0.1528 -0.6313 0.9299 75 20 99
0.1528 -0.6310 0.9897 71 19 97
0.1528 -0.6312 1.0497 71 19 97
0.1528 -0.6310 1.1099 71 19 97
0.1528 -0.6313 1.1699 71 19 97
0.1528 -0.6309 1.2300 71 19 97
0.1528 -0.6323 1.2889 71 19 97
0.1528 -0.6470 1.3303 68 34 101
0.1527 -0.5788 0.0233 238 78 231
0.1527 -0.5782 0.0899 238 77 230
0.1527 -0.5780 0.1499 236 75 228
0.1527 -0.5783 0.2094 234 73 226
0.1527 -0.5785 0.2685 232 72 224
0.1527 -0.5781 0.3300 228 69 220
0.1527 -0.5783 0.3913 224 66 216
0.1527 -0.5781 0.4504 217 62 209
0.1527 -0.5781 0.5102 207 58 199
0.1527 -0.5783 0.5702 196 53 189
0.1527 -0.5781 0.6300 180 47 175
0.1527 -0.5781 0.6900 159 40 157
0.1527 -0.5781 0.7501 125 31 132
0.1527 -0.5782 0.8101 84 22 105
0.1527 -0.5783 0.8702 72 19 97
0.1527 -0.5780 0.9299 72 19 98
0.1527 -0.5781 0.9900 71 19 97
0.1527 -0.5785 1.0500 71 19 97
0.1527 -0.5780 1.1100 71 19 97
0.1527 -0.5782 1.1701 71 19 97
0.1527 -0.5781 1.2301 70 19 97
0.1527 -0.5830 1.2759 70 19 97
0.1532 -0.5710 1.3337 68 44 106
0.1540 -0.5115 0.0004 233 89 225
0.1531 -0.5113 0.0902 244 85 238
0.1531 -0.5114 0.1501 244 84 237
0.1531 -0.5106 0.2094 243 83 237
0.1531 -0.5113 0.2698 242 82 235
0.1531 -0.5107 0.3299 240 80 233
0.1531 -0.5118 0.3892 238 78 231
0.1531 -0.5105 0.4499 235 75 228
0.1531 -0.5112 0.5103 232 72 224
0.1531 -0.5108 0.5700 228 69 220
0.1531 -0.5110 0.6294 222 66 214
0.1531 -0.5110 0.6896 216 62 208
0.1531 -0.5110 0.7498 208 58 200
0.1531 -0.5112 0.8102 198 54 191
0.1531 -0.5107 0.8702 185 49 179
0.1531 -0.5113 0.9299 170 44 166
0.1531 -0.5106 0.9903 150 38 150
0.1531 -0.5107 1.0503 122 31 129
0.1531 -0.5110 1.1103 88 23 108
0.1531 -0.5106 1.1701 72 20 98
0.1531 -0.5106 1.2301 72 20 97
0.1531 -0.5107 1.2901 71 20 97
0.1531 -0.5105 1.3342 67 45 105
0.1533 -0.4501 0.0039 234 82 229
0.1529 -0.4496 0.0900 243 83 237
0.1529 -0.4495 0.1498 242 82 236
0.1529 -0.4492 0.2103 241 81 235
0.1529 -0.4489 0.2713 240 79 233
0.1529 -0.4494 0.3318 238 77 230
0.1529 -0.4488 0.3912 235 75 228
0.1529 -0.4492 0.4501 232 72 224
0.1529 -0.4493 0.5097 228 70 220
0.1529 -0.4489 0.5696 223 66 215
0.1529 -0.4490 0.6298 216 62 207
0.1529 -0.4491 0.6905 207 58 199
0.1529 -0.4488 0.7502 196 53 189
0.1529 -0.4488 0.8101 183 48 177
0.1529 -0.4488 0.8699 165 42 162
0.1529 -0.4487 0.9301 141 35 143
0.1529 -0.4490 0.9906 106 27 119
0.1529 -0.4486 1.0502 76 21 100
0.1530 -0.4485 1.1100 71 19 97
0.1530 -0.4487 1.1700 71 19 97
0.1530 -0.4488 1.2302 71 19 97
0.1530 -0.4484 1.2901 71 19 97
0.1530 -0.4486 1.3341 67 45 105
0.1528 -0.3901 0.0121 241 81 234
0.1528 -0.3894 0.0901 240 80 234
0.1528 -0.3892 0.1501 240 79 233
0.1528 -0.3887 0.2098 238 78 231
0.1528 -0.3900 0.2701 237 77 230
0.1528 -0.3886 0.3302 234 74 226
0.1528 -0.3886 0.3900 231 72 223
0.1528 -0.3894 0.4497 227 69 219
0.1528 -0.3890 0.5099 221 65 213
0.1528 -0.3887 0.5702 214 61 206
0.1528 -0.3891 0.6299 206 57 198
0.1528 -0.3889 0.6901 193 52 186
0.1528 -0.3889 0.7501 177 46 172
0.1528 -0.3887 0.8101 156 39 155
0.1528 -0.3887 0.8701 126 32 133
0.1528 -0.3886 0.9300 88 23 107
0.1528 -0.3890 0.9900 71 19 97
0.1528 -0.3887 1.0503 70 19 97
0.1529 -0.3883 1.1105 71 19 97
0.1529 -0.3886 1.1699 71 19 97
0.1529 -0.3887 1.2296 71 19 97
0.1529 -0.3883 1.2899 71 19 97
0.1529 -0.3903 1.3337 67 44 105
0.1499 -0.3133 -0.0196 254 137 253
0.1527 -0.3287 0.0900 237 77 230
0.1497 -0.3116 0.1704 254 138 254
0.1497 -0.3118 0.2097 254 133 254
0.1497 -0.3116 0.2697 254 121 253
0.1497 -0.3113 0.3299 252 105 250
0.1497 -0.3104 0.3903 233 77 227
0.1497 -0.3102 0.4501 112 30 126
0.1497 -0.3100 0.5100 71 19 97
0.1497 -0.3099 0.5700 70 19 97
0.1497 -0.3104 0.6295 70 19 97
0.1497 -0.3098 0.6897 71 19 97
0.1497 -0.3093 0.7465 70 19 97
0.1527 -0.3310 0.8099 105 27 118
0.1527 -0.3307 0.8699 75 20 99
0.1527 -0.3310 0.9299 70 19 97
0.1527 -0.3309 0.9899 70 19 97
0.1527 -0.3308 1.0499 70 19 97
0.1527 -0.3308 1.1100 71 19 97
0.1527 -0.3305 1.1698 71 19 97
0.1527 -0.3308 1.2301 71 19 97
0.1527 -0.3330 1.2868 70 19 97
0.1528 -0.3494 1.3266 70 22 98
0.1518 -0.2709 -0.0273 243 150 231
0.1523 -0.2935 0.0901 236 80 229
0.1497 -0.2688 0.1683 254 164 254
0.1496 -0.2706 0.2099 254 159 254
0.1497 -0.2710 0.2698 254 151 254
0.1497 -0.2710 0.3296 254 137 254
0.1497 -0.2706 0.3899 253 118 252
0.1497 -0.2706 0.4500 235 87 231
0.1497 -0.2704 0.5101 147 43 156
0.1497 -0.2703 0.5700 74 20 99
0.1497 -0.2709 0.6301 70 19 97
0.1497 -0.2710 0.6900 70 19 97
0.1497 -0.2706 0.7497 70 19 97
0.1497 -0.2557 0.7850 70 19 97
0.1525 -0.2960 0.8695 74 20 99
0.1525 -0.2959 0.9297 73 20 98
0.1525 -0.2959 0.9900 72 20 98
0.1525 -0.2960 1.0503 71 19 97
0.1527 -0.2960 1.1116 72 19 97
0.1527 -0.2959 1.1696 71 19 97
0.1527 -0.2958 1.2299 70 19 96
0.1527 -0.2949 1.2767 70 19 97
0.1531 -0.2691 1.3336 67 42 104
0.1532 -0.2113 -0.0343 242 168 220
0.1485 -0.2099 0.0901 255 159 255
0.1496 -0.2087 0.1651 255 191 254
0.1496 -0.2102 0.2103 254 188 254
0.1496 -0.2105 0.2702 254 182 254
0.1496 -0.2107 0.3303 254 172 254
0.1496 -0.2106 0.3903 254 157 254
0.1496 -0.2103 0.4501 254 137 254
0.1496 -0.2102 0.5099 251 110 249
0.1496 -0.2112 0.5699 201 66 201
0.1496 -0.2111 0.6300 90 24 111
0.1496 -0.2109 0.6900 70 19 96
0.1496 -0.2108 0.7500 70 19 97
0.1496 -0.2068 0.7921 70 19 97
0.1488 -0.2094 0.8698 140 37 143
0.1488 -0.2092 0.9298 122 33 130
0.1488 -0.2088 0.9898 101 28 115
0.1488 -0.2091 1.0498 77 23 102
0.1527 -0.2076 1.1342 70 19 96
0.1530 -0.2071 1.1703 71 19 97
0.1530 -0.2069 1.2304 70 19 97
0.1530 -0.2068 1.2905 71 19 97
0.1530 -0.2081 1.3346 66 46 105
0.1541 -0.1520 -0.0400 243 182 212
0.1484 -0.1496 0.0901 255 167 255
0.1496 -0.1496 0.1620 255 211 255
0.1496 -0.1504 0.2100 255 209 254
0.1496 -0.1505 0.2703 254 204 254
0.1496 -0.1503 0.3300 254 196 254
0.1496 -0.1500 0.3897 254 184 254
0.1496 -0.1500 0.4499 254 168 254
0.1496 -0.1499 0.5101 254 147 254
0.1496 -0.1510 0.5702 253 119 252
0.1496 -0.1509 0.6301 225 78 222
0.1496 -0.1508 0.6900 104 28 121
0.1496 -0.1506 0.7500 70 19 97
0.1496 -0.1482 0.8009 70 19 97
0.1488 -0.1386 0.8492 71 19 98
0.1488 -0.1509 0.9303 110 30 121
0.1488 -0.1508 0.9902 87 25 107
0.1488 -0.1506 1.0502 74 23 100
0.1526 -0.1479 1.1346 71 19 97
0.1529 -0.1474 1.1700 70 19 97
0.1529 -0.1470 1.2299 70 19 97
0.1529 -0.1481 1.2890 70 19 97
0.1528 -0.1495 1.3341 66 45 105
0.1553 -0.0923 -0.0453 244 189 202
0.1487 -0.0707 0.1149 254 124 253
0.1496 -0.0898 0.1586 255 224 255
0.1496 -0.0902 0.2099 255 223 255
0.1496 -0.0904 0.2699 255 219 254
0.1496 -0.0900 0.3301 254 212 254
0.1496 -0.0902 0.3902 254 203 254
0.1496 -0.0899 0.4500 254 189 254
0.1496 -0.0898 0.5099 254 171 254
0.1496 -0.0901 0.5698 254 149 254
0.1496 -0.0909 0.6301 254 119 252
0.1496 -0.0909 0.6900 229 79 224
0.1496 -0.0907 0.7500 101 27 119
0.1496 -0.0897 0.8089 70 19 97
0.1495 -0.0712 0.8439 70 19 96
0.1488 -0.0671 0.9075 71 19 94
0.1488 -0.0912 0.9904 77 24 102
0.1488 -0.0907 1.0507 74 23 100
0.1522 -0.0865 1.1342 71 20 98
0.1528 -0.0895 1.1700 70 19 97
0.1528 -0.0889 1.2301 70 19 97
0.1528 -0.0899 1.2906 70 19 97
0.1527 -0.0925 1.3333 67 42 104
0.1601 -0.0128 -0.0512 244 197 192
0.1487 0.0460 0.1176 255 197 254
0.1495 0.0001 0.1539 255 230 255
0.1496 -0.0019 0.2100 255 230 255
0.1496 -0.0015 0.2699 255 229 255
0.1496 -0.0022 0.3298 255 226 255
0.1496 -0.0021 0.3899 255 219 255
0.1496 -0.0017 0.4500 255 208 254
0.1496 -0.0017 0.5100 254 194 254
0.1496 -0.0020 0.5701 254 175 254
0.1496 -0.0029 0.6299 254 152 254
0.1496 -0.0028 0.6900 254 124 253
0.1496 -0.0027 0.7500 233 86 229
0.1496 -0.0027 0.8101 135 39 146
0.1495 0.0114 0.8553 74 20 99
0.1487 0.0220 0.9163 70 19 96
0.1487 0.0442 0.9685 70 19 97
0.1488 -0.0230 1.0502 73 23 99
0.1517 -0.0374 1.1314 71 20 97
0.1527 -0.0433 1.1701 70 19 97
0.1527 -0.0429 1.2302 70 19 97
0.1527 -0.0431 1.2889 70 19 97
0.1522 -0.0505 1.3263 71 20 97
0.1729 0.0748 -0.0493 254 246 244
0.1494 0.1043 0.1181 254 227 254
0.1495 0.0896 0.1501 255 229 255
0.1495 0.0894 0.2100 255 230 255
0.1495 0.0898 0.2703 255 230 255
0.1495 0.0895 0.3305 255 229 255
0.1495 0.0900 0.3901 255 227 255
0.1495 0.0898 0.4500 255 220 255
0.1495 0.0900 0.5100 255 207 255
0.1495 0.0900 0.5700 255 192 254
0.1495 0.0899 0.6298 254 172 254
0.1495 0.0886 0.6901 254 149 254
0.1495 0.0885 0.7500 254 122 253
0.1495 0.0887 0.8099 243 87 238
0.1495 0.0902 0.8671 142 39 150
0.1491 0.1030 0.9150 71 20 99
0.1486 0.1053 0.9664 70 19 97
0.1477 0.1149 1.0496 76 22 102
0.1477 0.1148 1.1099 76 22 101
0.1468 0.1046 1.1554 147 45 157
0.1457 0.0924 1.2305 219 66 210
0.1458 0.0924 1.2908 214 63 206
0.1460 0.0924 1.3327 206 62 200
0.1477 0.1522 0.0437 246 88 240
0.1495 0.1536 0.1155 254 227 254
0.1495 0.1507 0.1498 255 228 255
0.1495 0.1504 0.2101 255 228 255
0.1495 0.1507 0.2702 255 228 255
0.1495 0.1508 0.3298 255 227 255
0.1495 0.1505 0.3897 255 225 255
0.1495 0.1509 0.4500 255 222 255
0.1495 0.1508 0.5100 255 212 255
0.1495 0.1509 0.5701 255 198 255
0.1495 0.1508 0.6303 255 180 254
0.1495 0.1493 0.6900 254 158 254
0.1495 0.1493 0.7500 254 134 254
0.1495 0.1494 0.8100 252 105 249
0.1495 0.1494 0.8700 217 67 211
0.1495 0.1574 0.9078 138 36 144
0.1486 0.1535 0.9771 71 20 98
0.1485 0.1599 1.0310 70 19 97
0.1477 0.1498 1.1100 71 20 98
0.1476 0.1577 1.1575 72 21 99
0.1457 0.1503 1.2298 220 67 212
0.1456 0.1513 1.2886 213 63 205
0.1458 0.1485 1.3357 207 62 200
0.1481 0.2273 0.0514 253 150 251
0.1495 0.2121 0.1125 255 225 255
0.1495 0.2103 0.1501 255 226 255
0.1495 0.2106 0.2100 255 226 255
0.1495 0.2101 0.2697 255 226 255
0.1495 0.2106 0.3300 255 225 255
0.1495 0.2102 0.3903 255 223 255
0.1495 0.2107 0.4500 255 221 255
0.1495 0.2104 0.5101 255 214 255
0.1495 0.2106 0.5701 255 201 255
0.1495 0.2107 0.6300 255 184 255
0.1495 0.2105 0.6900 254 164 254
0.1495 0.2106 0.7500 254 141 254
0.1495 0.2107 0.8099 254 116 252
0.1495 0.2106 0.8700 242 85 237
0.1495 0.2136 0.9160 202 56 195
0.1485 0.2110 0.9884 129 34 138
0.1485 0.2285 1.0260 71 20 99
0.1481 0.2272 1.0915 71 20 97
0.1475 0.2102 1.1696 71 20 98
0.1475 0.2230 1.2122 75 22 101
0.1456 0.2111 1.2924 214 64 207
0.1458 0.2110 1.3362 205 61 199
0.1483 0.2755 0.0539 254 180 254
0.1494 0.2719 0.1092 255 222 255
0.1495 0.2700 0.1501 255 223 255
0.1495 0.2702 0.2099 255 223 255
0.1495 0.2701 0.2692 255 223 255
0.1495 0.2699 0.3293 255 222 255
0.1495 0.2704 0.3900 255 221 255
0.1495 0.2704 0.4500 255 218 255
0.1495 0.2702 0.5098 255 213 255
0.1495 0.2703 0.5700 255 201 255
0.1495 0.2704 0.6300 255 185 255
0.1495 0.2702 0.6898 255 167 255
0.1495 0.2703 0.7499 254 147 254
0.1495 0.2704 0.8100 254 123 253
0.1495 0.2703 0.8701 249 96 245
0.1495 0.2721 0.9249 221 67 213
0.1485 0.2701 0.9901 210 61 203
0.1485 0.2749 1.0356 144 37 148
0.1484 0.2778 1.0942 70 20 97
0.1474 0.2683 1.1698 72 21 98
0.1474 0.2709 1.2270 72 21 98
0.1472 0.2881 1.2683 85 25 109
0.1457 0.2746 1.3336 203 61 197
0.1478 0.3429 0.0013 218 66 210
0.1469 0.3421 0.0903 219 66 211
0.1469 0.3419 0.1504 217 66 209
0.1469 0.3438 0.2096 216 64 208
0.1469 0.3440 0.2707 212 62 204
0.1469 0.3427 0.3301 208 60 200
0.1469 0.3427 0.3907 203 58 196
0.1469 0.3420 0.4508 197 56 190
0.1469 0.3418 0.5098 190 53 184
0.1469 0.3412 0.5698 181 50 176
0.1469 0.3408 0.6299 169 46 166
0.1469 0.3405 0.6899 155 41 154
0.1469 0.3398 0.7500 136 36 140
0.1469 0.3396 0.8105 110 29 121
0.1469 0.3392 0.8701 80 23 103
0.1469 0.3387 0.9296 73 21 99
0.1469 0.3389 0.9906 73 21 99
0.1468 0.3409 1.0502 72 21 98
0.1468 0.3408 1.1096 72 20 98
0.1468 0.3400 1.1697 70 20 97
0.1468 0.3396 1.2302 70 20 97
0.1468 0.3390 1.2902 70 20 97
0.1468 0.3385 1.3338 75 22 100
0.1477 0.3892 0.0017 222 69 214
0.1468 0.3894 0.0901 223 67 215
0.1468 0.3890 0.1496 222 67 213
0.1468 0.3924 0.2094 219 66 211
0.1468 0.3909 0.2707 217 65 209
0.1468 0.3909 0.3314 214 63 206
0.1468 0.3905 0.3896 210 61 202
0.1468 0.3893 0.4492 205 59 198
0.1468 0.3897 0.5095 200 56 192
0.1468 0.3890 0.5698 192 53 185
0.1468 0.3885 0.6301 183 49 177
0.1468 0.3883 0.6901 172 45 168
0.1468 0.3877 0.7501 158 40 157
0.1468 0.3872 0.8101 139 35 142
0.1468 0.3878 0.8712 119 31 128
0.1467 0.3897 0.9303 92 25 110
0.1467 0.3897 0.9895 74 21 100
0.1467 0.3916 1.0498 72 21 98
0.1467 0.3915 1.1099 72 20 98
0.1467 0.3912 1.1702 71 20 97
0.1467 0.3906 1.2302 70 20 97
0.1467 0.3901 1.2898 70 20 97
0.1467 0.3896 1.3334 71 20 97
0.1479 0.4494 -0.0009 225 71 217
0.1466 0.4499 0.0902 227 70 219
0.1466 0.4495 0.1506 225 69 216
0.1466 0.4494 0.2110 224 69 216
0.1466 0.4489 0.2713 222 68 214
0.1466 0.4485 0.3316 219 66 211
0.1466 0.4486 0.3921 216 64 208
0.1466 0.4509 0.4503 213 62 204
0.1466 0.4507 0.5100 207 60 199
0.1466 0.4502 0.5701 202 57 194
0.1466 0.4498 0.6302 196 54 189
0.1466 0.4490 0.6903 187 50 181
0.1466 0.4487 0.7500 177 47 173
0.1466 0.4480 0.8099 163 42 161
0.1466 0.4492 0.8694 151 39 151
0.1466 0.4507 0.9296 134 34 138
0.1466 0.4506 0.9897 111 29 122
0.1466 0.4498 1.0496 83 23 105
0.1466 0.4497 1.1094 73 21 98
0.1466 0.4491 1.1694 72 21 98
0.1466 0.4489 1.2291 71 21 98
0.1466 0.4481 1.2900 71 20 97
0.1466 0.4481 1.3343 71 20 97
0.1478 0.5084 0.0000 226 72 218
0.1465 0.5077 0.0903 229 72 221
0.1465 0.5089 0.1503 229 72 221
0.1465 0.5068 0.2091 227 71 219
0.1465 0.5072 0.2694 225 70 217
0.1465 0.5061 0.3311 223 68 215
0.1465 0.5078 0.3894 220 67 212
0.1465 0.5092 0.4498 217 65 209
0.1465 0.5123 0.5107 215 64 207
0.1465 0.5122 0.5700 210 61 202
0.1465 0.5122 0.6297 204 58 197
0.1465 0.5110 0.6899 197 55 190
0.1465 0.5114 0.7501 189 51 183
0.1465 0.5105 0.8093 179 47 174
0.1465 0.5103 0.8692 171 45 168
0.1465 0.5091 0.9298 157 41 156
0.1465 0.5095 0.9900 141 36 143
0.1465 0.5090 1.0490 121 31 128
0.1465 0.5081 1.1096 95 25 112
0.1465 0.5080 1.1699 75 21 100
0.1465 0.5074 1.2299 72 21 98
0.1465 0.5072 1.2898 71 20 97
0.1465 0.5074 1.3339 71 20 97
0.1727 0.5812 -0.0432 100 74 118
0.1464 0.5706 0.0900 232 74 224
0.1464 0.5711 0.1505 231 74 223
0.1464 0.5693 0.2110 230 73 222
0.1464 0.5697 0.2709 229 72 221
0.1464 0.5693 0.3286 227 71 219
0.1464 0.5685 0.3894 224 69 216
0.1464 0.5688 0.4506 222 67 214
0.1464 0.5707 0.5097 218 66 210
0.1464 0.5714 0.5700 215 63 206
0.1464 0.5708 0.6299 211 61 203
0.1464 0.5706 0.6897 205 58 198
0.1464 0.5705 0.7496 199 55 191
0.1464 0.5694 0.8094 190 51 183
0.1464 0.5695 0.8689 180 48 175
0.1464 0.5686 0.9297 173 45 169
0.1464 0.5682 0.9900 161 41 159
0.1464 0.5685 1.0501 146 37 147
0.1464 0.5671 1.1103 129 33 134
0.1464 0.5669 1.1696 106 28 119
0.1464 0.5704 1.2297 83 23 105
0.1464 0.5707 1.2901 72 21 98
0.1463 0.5701 1.3352 71 21 97
0.1483 0.6391 -0.0008 199 59 193
0.1466 0.6389 0.0895 204 57 196
0.1466 0.6393 0.1499 202 56 194
0.1466 0.6396 0.2109 199 55 192
0.1466 0.6383 0.2694 197 54 190
0.1466 0.6386 0.3293 193 52 187
0.1466 0.6381 0.3908 189 51 183
0.1466 0.6382 0.4500 183 49 177
0.1466 0.6383 0.5092 177 46 172
0.1466 0.6372 0.5696 168 44 165
0.1466 0.6374 0.6300 160 41 158
0.1466 0.6370 0.6903 149 38 150
0.1466 0.6371 0.7501 137 35 140
0.1466 0.6371 0.8099 120 31 128
0.1466 0.6364 0.8697 99 26 114
0.1466 0.6362 0.9301 76 21 100
0.1466 0.6360 0.9899 70 20 97
0.1466 0.6360 1.0503 70 20 97
0.1466 0.6359 1.1106 70 20 97
0.1466 0.6351 1.1699 70 20 97
0.1466 0.6353 1.2296 70 21 97
0.1466 0.6348 1.2895 71 21 97
0.1466 0.6353 1.3343 71 21 97
0.1480 0.6897 -0.0005 203 60 196
0.1465 0.6885 0.0899 208 59 200
0.1465 0.6899 0.1498 207 58 199
0.1465 0.6881 0.2101 205 57 197
0.1465 0.6886 0.2691 202 56 194
0.1465 0.6884 0.3295 199 54 191
0.1465 0.6897 0.3908 195 53 188
0.1465 0.6910 0.4492 191 51 184
0.1465 0.6921 0.5102 186 49 180
0.1465 0.6909 0.5703 180 47 174
0.1465 0.6910 0.6299 171 45 168
0.1465 0.6908 0.6896 164 42 161
0.1465 0.6907 0.7497 153 39 153
0.1465 0.6902 0.8097 141 36 143
0.1465 0.6899 0.8699 126 32 132
0.1465 0.6904 0.9300 108 28 120
0.1465 0.6893 0.9900 85 23 106
0.1465 0.6894 1.0506 72 21 98
0.1465 0.6893 1.1107 70 20 97
0.1465 0.6890 1.1703 70 20 97
0.1465 0.6890 1.2299 70 20 97
0.1465 0.6883 1.2900 70 20 97
0.1465 0.6887 1.3345 71 21 97
0.1479 0.7475 -0.0008 208 62 201
0.1463 0.7455 0.0900 212 60 204
0.1463 0.7492 0.1502 211 60 203
0.1463 0.7504 0.2087 209 59 201
0.1463 0.7500 0.2686 207 58 199
0.1463 0.7487 0.3305 204 57 196
0.1463 0.7506 0.3914 201 55 194
0.1463 0.7531 0.4514 197 54 190
0.1463 0.7529 0.5104 193 52 186
0.1463 0.7522 0.5700 187 50 181
0.1463 0.7521 0.6300 182 48 176
0.1463 0.7520 0.6901 175 46 171
0.1463 0.7520 0.7502 166 43 163
0.1463 0.7513 0.8102 157 40 156
0.1463 0.7512 0.8703 147 37 147
0.1463 0.7514 0.9304 133 34 137
0.1463 0.7510 0.9905 117 30 126
0.1463 0.7504 1.0505 97 26 112
0.1463 0.7507 1.1101 77 22 101
0.1463 0.7501 1.1696 70 20 97
0.1463 0.7502 1.2297 70 20 97
0.1463 0.7495 1.2897 70 20 97
0.1463 0.7498 1.3345 71 21 97
0.1470 0.8072 0.0018 213 62 205
0.1462 0.8069 0.0896 214 62 206
0.1462 0.8098 0.1499 212 61 204
0.1462 0.8108 0.2119 211 60 203
0.1462 0.8105 0.2727 210 60 202
0.1462 0.8098 0.3306 207 58 199
0.1462 0.8106 0.3877 205 57 197
0.1462 0.8099 0.4480 201 56 194
0.1462 0.8097 0.5089 196 54 189
0.1462 0.8094 0.5697 193 52 186
0.1462 0.8088 0.6300 188 51 182
0.1462 0.8088 0.6896 182 48 176
0.1462 0.8087 0.7493 176 46 171
0.1462 0.8086 0.8095 167 43 164
0.1462 0.8079 0.8698 158 41 156
0.1462 0.8101 0.9306 148 38 149
0.1462 0.8122 0.9896 138 35 141
0.1462 0.8117 1.0495 123 32 130
0.1462 0.8119 1.1100 106 28 118
0.1462 0.8114 1.1705 85 23 105
0.1462 0.8115 1.2305 72 21 98
0.1462 0.8108 1.2904 71 21 97
0.1462 0.8114 1.3346 71 21 97
0.1665 0.8903 -0.0390 109 71 123
0.1461 0.8679 0.0902 215 62 207
0.1461 0.8675 0.1504 216 62 207
0.1461 0.8662 0.2098 213 61 205
0.1461 0.8667 0.2713 212 60 204
0.1461 0.8681 0.3310 209 59 201
0.1461 0.8710 0.3892 206 58 198
0.1461 0.8697 0.4504 204 57 196
0.1461 0.8711 0.5099 201 56 194
0.1461 0.8700 0.5695 196 54 189
0.1461 0.8699 0.6296 192 52 185
0.1461 0.8695 0.6902 186 50 180
0.1461 0.8695 0.7503 179 47 174
0.1461 0.8694 0.8099 174 46 169
0.1461 0.8690 0.8700 167 43 164
0.1461 0.8703 0.9290 157 41 156
0.1461 0.8733 0.9898 149 38 149
0.1461 0.8729 1.0497 138 35 141
0.1461 0.8728 1.1095 125 32 132
0.1461 0.8728 1.1699 111 29 122
0.1461 0.8728 1.2303 93 25 110
0.1461 0.8716 1.2901 75 21 100
0.1461 0.8733 1.3341 71 21 97
0.1481 0.9383 -0.0002 198 58 192
0.1465 0.9383 0.0899 203 56 195
0.1465 0.9375 0.1497 202 56 194
0.1465 0.9380 0.2112 199 54 191
0.1465 0.9380 0.2704 196 53 189
0.1465 0.9380 0.3296 193 52 186
0.1465 0.9373 0.3907 188 50 181
0.1465 0.9386 0.4498 183 48 177
0.1465 0.9373 0.5096 177 46 172
0.1465 0.9379 0.5700 169 44 165
0.1465 0.9381 0.6298 160 41 158
0.1465 0.9375 0.6896 150 38 150
0.1465 0.9376 0.7500 136 35 140
0.1465 0.9378 0.8103 121 31 128
0.1465 0.9377 0.8701 100 26 115
0.1465 0.9376 0.9299 78 22 102
0.1465 0.9375 0.9897 72 21 98
0.1465 0.9379 1.0489 72 21 98
0.1465 0.9376 1.1099 72 21 98
0.1465 0.9374 1.1708 72 21 98
0.1465 0.9374 1.2306 71 21 98
0.1465 0.9374 1.2904 71 21 97
0.1465 0.9373 1.3340 71 21 97
0.1473 0.9880 0.0010 206 59 198
0.1464 0.9887 0.0900 207 58 199
0.1464 0.9884 0.1505 204 57 197
0.1464 0.9877 0.2105 202 56 194
0.1464 0.9883 0.2690 200 55 193
0.1464 0.9883 0.3299 197 54 190
0.1464 0.9882 0.3908 194 52 187
0.1464 0.9874 0.4498 189 51 182
0.1464 0.9886 0.5103 183 49 177
0.1464 0.9879 0.5707 176 46 171
0.1464 0.9880 0.6307 170 44 166
0.1464 0.9878 0.6901 161 41 159
0.1464 0.9880 0.7501 152 39 152
0.1464 0.9881 0.8106 140 35 142
0.1464 0.9879 0.8705 124 32 131
0.1464 0.9877 0.9305 106 28 119
0.1464 0.9877 0.9904 84 23 105
0.1464 0.9894 1.0517 73 21 99
0.1464 0.9918 1.1101 72 21 98
0.1464 0.9920 1.1695 71 21 98
0.1464 0.9912 1.2301 71 21 98
0.1464 0.9916 1.2903 71 21 98
0.1464 0.9918 1.3344 72 21 98
0.1477 1.0453 0.0001 209 62 200
0.1463 1.0459 0.0903 210 60 202
0.1463 1.0458 0.1496 209 59 201
0.1463 1.0453 0.2084 207 58 199
0.1463 1.0458 0.2672 205 57 197
0.1463 1.0476 0.3298 202 56 195
0.1463 1.0499 0.3905 199 55 192
0.1463 1.0500 0.4505 195 53 188
0.1463 1.0498 0.5104 191 51 185
0.1463 1.0498 0.5698 186 50 180
0.1463 1.0493 0.6297 180 47 174
0.1463 1.0494 0.6901 173 45 169
0.1463 1.0497 0.7500 165 43 162
0.1463 1.0494 0.8099 155 40 154
0.1463 1.0496 0.8698 145 37 146
0.1463 1.0491 0.9298 132 34 136
0.1463 1.0494 0.9901 116 30 125
0.1463 1.0505 1.0496 97 26 113
0.1463 1.0535 1.1107 79 22 102
0.1463 1.0535 1.1703 72 21 98
0.1463 1.0532 1.2304 72 21 98
0.1463 1.0530 1.2900 72 21 98
0.1463 1.0533 1.3341 72 21 98
0.1475 1.1077 0.0000 212 64 203
0.1462 1.1063 0.0900 213 61 205
0.1462 1.1071 0.1502 212 61 204
0.1462 1.1070 0.2115 211 60 202
0.1462 1.1075 0.2724 208 59 200
0.1462 1.1093 0.3290 207 58 199
0.1462 1.1113 0.3882 204 57 196
0.1462 1.1113 0.4496 200 55 193
0.1462 1.1108 0.5105 197 54 190
0.1462 1.1108 0.5700 192 52 185
0.1462 1.1113 0.6296 187 50 181
0.1462 1.1111 0.6905 181 48 176
0.1462 1.1109 0.7507 174 46 170
0.1462 1.1108 0.8103 166 43 163
0.1462 1.1109 0.8705 159 41 157
0.1462 1.1110 0.9300 148 38 149
0.1462 1.1110 0.9896 136 35 140
0.1462 1.1106 1.0498 123 31 130
0.1462 1.1109 1.1107 105 28 118
0.1462 1.1105 1.1702 85 23 105
0.1462 1.1108 1.2298 73 21 99
0.1462 1.1105 1.2907 72 21 98
0.1461 1.1097 1.3349 73 21 99
0.1465 1.1682 0.0027 215 63 207
0.1460 1.1671 0.0904 215 62 207
0.1460 1.1689 0.1506 213 61 205
0.1460 1.1670 0.2099 212 61 204
0.1460 1.1678 0.2713 211 60 203
0.1460 1.1678 0.3307 208 59 200
0.1460 1.1678 0.3902 207 58 199
0.1460 1.1672 0.4502 203 56 195
0.1460 1.1682 0.5096 199 55 191
0.1460 1.1667 0.5704 196 53 189
0.1460 1.1680 0.6304 192 52 185
0.1460 1.1673 0.6905 186 50 180
0.1460 1.1670 0.7499 181 48 176
0.1460 1.1675 0.8100 174 46 169
0.1460 1.1673 0.8701 165 43 162
0.1460 1.1672 0.9301 158 41 156
0.1460 1.1670 0.9902 148 38 149
0.1460 1.1676 1.0496 137 35 140
0.1460 1.1670 1.1090 126 32 132
0.1460 1.1669 1.1697 109 29 120
0.1460 1.1673 1.2304 90 25 109
0.1460 1.1671 1.2898 75 22 100
0.1460 1.1663 1.3341 73 21 99
0.1460 1.2042 0.0040 217 63 208
0.1459 1.2057 0.0891 217 63 208
0.1459 1.2054 0.1494 214 62 206
0.1459 1.2058 0.2099 212 61 204
0.1459 1.2053 0.2704 212 61 204
0.1459 1.2056 0.3310 211 60 202
0.1459 1.2052 0.3915 207 59 199
0.1459 1.2054 0.4516 206 58 198
0.1459 1.2056 0.5086 201 56 193
0.1459 1.2050 0.5690 198 55 191
0.1464 1.2324 0.6523 158 41 157
0.1465 1.2368 0.6893 149 38 149
0.1465 1.2370 0.7491 136 35 140
0.1465 1.2366 0.8095 122 31 129
0.1465 1.2369 0.8704 103 27 116
0.1465 1.2369 0.9303 80 22 103
0.1465 1.2369 0.9901 72 21 98
0.1465 1.2368 1.0504 72 21 98
0.1465 1.2368 1.1108 72 21 98
0.1465 1.2367 1.1712 72 21 98
0.1465 1.2368 1.2304 71 20 97
0.1465 1.2368 1.2897 71 21 98
0.1465 1.2367 1.3337 71 21 97
0.1460 1.2876 0.0007 217 66 209
0.1452 1.2896 0.0895 219 65 211
0.1452 1.2871 0.1515 218 64 210
0.1452 1.2880 0.2116 218 64 210
0.1452 1.2880 0.2694 217 64 208
0.1452 1.2879 0.3271 215 63 207
0.1452 1.2876 0.3894 214 62 206
0.1452 1.2874 0.4518 212 61 204
0.1452 1.2871 0.5094 210 60 202
0.1452 1.2858 0.5693 209 60 201
0.1462 1.2747 0.6538 174 46 169
0.1464 1.2876 0.6902 162 42 159
0.1464 1.2873 0.7497 152 39 151
0.1464 1.2876 0.8097 140 36 142
0.1464 1.2879 0.8698 126 32 132
0.1464 1.2873 0.9298 109 28 120
0.1464 1.2879 0.9898 87 24 107
0.1464 1.2873 1.0504 73 21 99
0.1464 1.2877 1.1099 72 21 98
0.1464 1.2877 1.1695 72 21 98
0.1464 1.2872 1.2300 71 21 98
0.1464 1.2876 1.2900 71 21 97
0.1464 1.2878 1.3346 72 21 98
0.1451 1.3249 0.0077 233 77 226
0.1496 1.3545 0.1039 252 103 249
0.1496 1.3538 0.1505 251 101 248
0.1496 1.3538 0.2109 250 98 247
0.1496 1.3540 0.2710 249 93 244
0.1496 1.3540 0.3309 245 87 240
0.1496 1.3540 0.3907 238 78 232
0.1496 1.3541 0.4506 225 68 217
0.1496 1.3541 0.5105 197 54 190
0.1497 1.3541 0.5703 131 34 138
0.1456 1.3506 0.6491 198 55 191
0.1463 1.3447 0.6942 170 44 166
0.1463 1.3453 0.7495 164 42 161
0.1463 1.3458 0.8099 154 40 154
0.1463 1.3458 0.8698 142 36 144
0.1463 1.3455 0.9302 130 33 135
0.1463 1.3453 0.9901 115 30 125
0.1463 1.3458 1.0495 97 26 113
0.1463 1.3457 1.1094 78 22 102
0.1463 1.3458 1.1693 72 21 98
0.1463 1.3453 1.2297 72 21 98
0.1463 1.3457 1.2901 72 21 98
0.1462 1.3452 1.3345 72 21 98
0.1479 1.4143 0.0523 253 137 253
0.1496 1.4097 0.1023 254 119 253
0.1496 1.4092 0.1496 254 118 253
0.1496 1.4094 0.2099 254 115 252
0.1496 1.4094 0.2705 253 111 252
0.1496 1.4094 0.3310 252 105 250
0.1496 1.4089 0.3907 250 98 247
0.1496 1.4095 0.4499 247 89 241
0.1496 1.4096 0.5096 238 78 231
0.1496 1.4095 0.5697 217 64 210
0.1455 1.4087 0.6532 200 56 193
0.1461 1.4056 0.7002 179 47 174
0.1461 1.4075 0.7498 173 45 169
0.1461 1.4076 0.8096 165 43 162
0.1461 1.4073 0.8693 157 40 156
0.1461 1.4078 0.9302 146 38 147
0.1461 1.4070 0.9904 135 34 138
0.1461 1.4076 1.0496 122 31 129
0.1461 1.4076 1.1099 106 28 118
0.1461 1.4071 1.1702 85 23 106
0.1461 1.4078 1.2294 73 21 99
0.1461 1.4076 1.2897 72 21 98
0.1461 1.4070 1.3340 73 21 99
0.1476 1.4837 0.0543 253 118 252
0.1496 1.4693 0.1012 254 135 254
0.1496 1.4698 0.1504 254 134 254
0.1496 1.4689 0.2097 254 132 254
0.1496 1.4693 0.2698 254 128 254
0.1496 1.4691 0.3308 254 123 253
0.1496 1.4696 0.3902 254 116 253
0.1496 1.4693 0.4499 253 108 251
0.1496 1.4689 0.5103 250 98 247
0.1496 1.4696 0.5700 245 86 239
0.1454 1.4611 0.6531 205 58 197
0.1460 1.4671 0.7061 185 49 179
0.1460 1.4684 0.7503 180 48 175
0.1460 1.4690 0.8097 174 46 169
0.1460 1.4690 0.8697 167 43 164
0.1460 1.4689 0.9297 159 41 157
0.1460 1.4690 0.9897 149 38 149
0.1460 1.4688 1.0503 138 35 141
0.1460 1.4682 1.1103 126 32 132
0.1460 1.4688 1.1703 112 29 122
0.1460 1.4690 1.2296 94 25 111
0.1460 1.4689 1.2896 77 22 100
0.1460 1.4681 1.3350 74 21 99
0.1475 1.5360 0.0482 252 111 250
0.1496 1.5298 0.0996 254 151 254
0.1496 1.5286 0.1500 254 150 254
0.1496 1.5295 0.2098 254 148 254
0.1496 1.5287 0.2699 254 144 254
0.1496 1.5291 0.3293 254 140 254
0.1496 1.5291 0.3894 254 133 254
0.1496 1.5287 0.4499 254 125 254
0.1496 1.5294 0.5100 254 116 253
0.1496 1.5287 0.5702 252 104 250
0.1457 1.5279 0.6487 213 64 205
0.1458 1.5255 0.7103 188 51 182
0.1464 1.5338 0.7647 135 34 139
0.1464 1.5355 0.8098 122 31 129
0.1464 1.5351 0.8697 104 27 117
0.1464 1.5354 0.9295 82 22 104
0.1464 1.5355 0.9898 72 21 98
0.1464 1.5354 1.0502 72 21 98
0.1464 1.5351 1.1094 72 21 98
0.1464 1.5353 1.1692 72 21 98
0.1464 1.5354 1.2302 71 21 98
0.1464 1.5352 1.2900 71 21 97
0.1464 1.5353 1.3338 71 21 97
0.1524 1.5955 -0.0338 231 116 219
0.1496 1.5885 0.0979 254 165 254
0.1496 1.5943 0.1662 254 128 254
0.1496 1.5942 0.2104 254 124 253
0.1496 1.5943 0.2704 254 116 252
0.1496 1.5936 0.3297 251 104 249
0.1496 1.5945 0.3900 242 86 237
0.1496 1.5945 0.4501 190 56 189
0.1496 1.5945 0.5101 95 25 114
0.1496 1.5943 0.5701 70 19 97
0.1463 1.5824 0.6480 158 44 162
0.1456 1.5782 0.7112 193 53 186
0.1463 1.5849 0.7705 148 38 149
0.1463 1.5905 0.8096 142 36 144
0.1463 1.5902 0.8696 128 33 134
0.1463 1.5907 0.9301 112 29 122
0.1463 1.5908 0.9902 92 24 109
0.1463 1.5901 1.0502 75 21 100
0.1463 1.5907 1.1098 72 21 98
0.1463 1.5904 1.1694 71 21 98
0.1463 1.5905 1.2298 71 21 98
0.1463 1.5906 1.2899 71 21 98
0.1463 1.5907 1.3343 72 21 98
0.1536 1.6495 -0.0372 227 131 208
0.1496 1.6497 0.0971 254 178 254
0.1496 1.6502 0.1649 254 156 254
0.1496 1.6495 0.2098 254 152 254
0.1496 1.6495 0.2702 254 146 254
0.1496 1.6494 0.3305 254 135 254
0.1496 1.6497 0.3896 254 122 253
0.1496 1.6504 0.4500 251 103 248
0.1496 1.6501 0.5102 226 75 221
0.1496 1.6499 0.5701 127 35 138
0.1496 1.6497 0.6300 71 19 97
0.1450 1.6497 0.7023 200 56 193
0.1459 1.6357 0.7660 173 46 170
0.1462 1.6486 0.8102 155 40 154
0.1462 1.6493 0.8696 146 37 147
0.1462 1.6493 0.9302 134 34 138
0.1462 1.6492 0.9902 120 31 127
0.1462 1.6489 1.0495 102 27 116
0.1462 1.6493 1.1095 81 23 103
0.1462 1.6494 1.1701 72 21 98
0.1462 1.6491 1.2301 72 21 98
0.1462 1.6494 1.2901 72 21 98
0.1462 1.6485 1.3344 73 21 99
0.1543 1.7092 -0.0399 230 150 202
0.1496 1.7102 0.0950 254 189 254
0.1496 1.7101 0.1635 254 182 254
0.1496 1.7097 0.2107 254 179 254
0.1496 1.7105 0.2706 254 173 254
0.1496 1.7105 0.3306 254 164 254
0.1496 1.7103 0.3905 254 152 254
0.1496 1.7101 0.4503 254 136 254
0.1496 1.7099 0.5100 253 115 252
0.1496 1.7098 0.5699 241 87 236
0.1496 1.7097 0.6300 151 42 157
0.1449 1.7106 0.7068 200 56 193
0.1455 1.7034 0.7594 191 52 185
0.1461 1.7056 0.8166 164 43 161
0.1461 1.7071 0.8694 156 40 155
0.1461 1.7078 0.9297 147 38 148
0.1461 1.7076 0.9900 135 35 139
0.1461 1.7074 1.0503 123 32 130
0.1461 1.7073 1.1106 107 28 119
0.1461 1.7071 1.1704 88 24 107
0.1461 1.7078 1.2302 74 21 100
0.1461 1.7075 1.2899 72 21 98
0.1461 1.7073 1.3346 73 21 99
0.1494 1.7639 -0.0486 218 137 143
0.1442 1.7457 0.0943 254 193 254
0.1400 1.7466 0.1612 254 195 254
0.1405 1.7467 0.2091 254 193 254
0.1401 1.7472 0.2701 254 188 254
0.1402 1.7472 0.3302 254 180 254
0.1403 1.7471 0.3904 254 169 254
0.1404 1.7471 0.4500 254 155 254
0.1407 1.7470 0.5097 254 137 254
0.1409 1.7470 0.5699 253 112 251
0.1409 1.7469 0.6299 236 80 230
0.1436 1.7417 0.6943 183 51 180
0.1451 1.7418 0.7613 191 52 185
0.1459 1.7446 0.8213 172 45 168
0.1458 1.7448 0.8712 163 43 161
0.1459 1.7449 0.9314 155 40 155
0.1459 1.7448 0.9911 147 38 148
0.1459 1.7449 1.0512 135 35 139
0.1460 1.7449 1.1112 124 32 130
0.1460 1.7449 1.1709 109 28 120
0.1460 1.7449 1.2307 91 25 110
0.1460 1.7449 1.2905 77 22 102
0.1459 1.7446 1.3347 83 24 106
0.1511 1.8298 -0.0535 209 115 67
0.1516 1.8896 -0.0535 219 124 70
0.1509 1.9497 -0.0535 220 125 71
0.1548 2.0088 -0.0535 235 175 136
0.1599 2.0685 -0.0535 254 253 246
0.1650 2.1283 -0.0534 254 254 247
0.1700 2.1867 -0.0534 254 254 248
0.1748 2.2410 -0.0534 254 253 246
0.1512 2.3091 -0.0536 254 254 249
0.1643 2.3706 -0.0526 244 220 180
0.1557 2.4234 -0.0516 242 207 138
0.1491 2.4978 0.0460 254 172 253
0.1439 2.4983 0.1128 254 212 254
0.1505 2.4983 0.1499 254 215 254
0.1506 2.4983 0.2102 254 215 254
0.1509 2.4983 0.2698 254 215 254
0.1509 2.4983 0.3297 254 214 254
0.1507 2.4983 0.3900 254 213 254
0.1512 2.4983 0.4501 254 209 254
0.1511 2.4983 0.5100 254 200 254
0.1514 2.4983 0.5701 254 186 254
0.1516 2.4983 0.6300 254 170 254
0.1517 2.4983 0.6897 254 152 253
0.1484 2.5006 0.7727 224 93 216
0.1481 2.5004 0.8272 224 92 216
0.1520 2.5003 0.8911 221 89 213
0.1536 2.5003 0.9447 192 109 132
0.1512 2.5003 0.9884 213 83 205
0.1512 2.5003 1.0496 210 81 202
0.1512 2.5003 1.1108 207 79 199
0.1505 2.5003 1.1710 203 77 195
0.1520 2.5003 1.2319 199 75 192
0.1513 2.5003 1.2889 195 72 188
0.1513 2.5003 1.3334 192 71 185
0.2074 -2.4856 -0.0472 230 140 90
0.2103 -2.4981 0.1001 254 184 254
0.2096 -2.4981 0.1604 255 225 254
0.2065 -2.4981 0.2100 255 226 254
0.2087 -2.4981 0.2698 255 225 254
0.2103 -2.4981 0.3306 255 224 254
0.2100 -2.4981 0.3900 255 221 254
0.2088 -2.4981 0.4501 255 218 254
0.2072 -2.4981 0.5101 254 205 254
0.2078 -2.4981 0.5690 254 187 254
0.2086 -2.4981 0.6301 254 165 254
0.2102 -2.4981 0.6907 253 142 251
0.2095 -2.4981 0.7501 244 117 243
0.2133 -2.4981 0.8034 227 95 228
0.2267 -2.4981 0.8514 227 97 228
0.2086 -2.4982 0.9305 238 106 237
0.2098 -2.4982 0.9879 229 96 229
0.2277 -2.4981 1.0310 225 93 226
0.2121 -2.4976 1.1105 231 98 231
0.2149 -2.4976 1.1672 225 93 226
0.2291 -2.4975 1.2107 224 92 225
0.2116 -2.4973 1.2884 206 92 213
0.2137 -2.4973 1.3334 49 61 97
0.2087 -2.4295 -0.0536 232 138 74
0.2086 -2.3695 -0.0536 237 144 76
0.2087 -2.3096 -0.0536 242 153 80
0.2118 -2.2513 -0.0537 241 152 80
0.2200 -2.1918 -0.0537 239 148 77
0.2256 -2.1325 -0.0537 234 141 73
0.2330 -2.0758 -0.0537 226 134 70
0.2288 -2.0263 -0.0536 222 144 93
0.1904 -1.9460 -0.0534 251 233 206
0.1992 -1.8869 -0.0535 246 221 191
0.2074 -1.8280 -0.0535 233 200 170
0.2129 -1.7788 -0.0535 219 182 154
0.2244 -1.7288 -0.0526 244 133 225
0.1846 -1.6392 -0.0537 254 254 252
0.1868 -1.5868 -0.0537 254 254 246
0.1906 -1.5279 -0.0537 254 252 241
0.1948 -1.4683 -0.0537 200 133 106
0.1859 -1.3888 -0.0537 190 103 68
0.1931 -1.3432 -0.0537 184 98 67
0.2075 -1.2879 -0.0537 167 88 65
0.2111 -1.2309 -0.0536 152 80 65
0.2044 -1.1727 -0.0536 138 75 66
0.1948 -1.1140 -0.0535 128 71 68
0.1868 -1.0607 -0.0534 127 72 69
0.1820 -1.0161 -0.0535 225 131 78
0.1817 -0.6796 -0.0515 180 137 82
0.2030 -0.6299 -0.0518 174 136 103
0.2133 -0.5699 -0.0518 167 135 126
0.2066 -0.5078 -0.0520 132 107 111
0.2126 -0.4660 -0.0521 87 65 81
0.2252 -0.3670 -0.0534 107 60 62
0.2327 -0.3479 -0.0534 114 63 62
0.1857 -0.2490 -0.0537 170 90 59
0.1929 -0.2043 -0.0537 185 98 61
0.2062 -0.1477 -0.0537 202 109 64
0.2115 -0.0905 -0.0537 217 122 69
0.2113 -0.0021 -0.0536 236 175 135
0.2118 0.0892 -0.0535 255 254 248
0.2203 0.1464 -0.0535 255 254 248
0.2314 0.1986 -0.0535 254 254 249
0.2125 0.2705 -0.0535 254 254 247
0.2117 0.3505 -0.0520 150 131 136
0.2086 0.3916 -0.0519 145 124 129
0.2099 0.4462 -0.0518 149 127 131
0.2264 0.5194 -0.0517 88 83 103
0.2161 0.5728 -0.0517 75 75 99
0.2101 0.6278 -0.0516 76 75 100
0.2111 0.6900 -0.0514 78 75 99
0.2121 0.7563 -0.0513 79 76 99
0.2261 0.8324 -0.0516 76 74 98
0.2131 0.8805 -0.0516 76 74 98
0.2102 0.9408 -0.0515 77 75 98
0.2105 0.9900 -0.0513 87 79 99
0.2106 1.0419 -0.0513 132 113 123
0.2033 1.1068 -0.0511 131 113 123
0.2074 1.1631 -0.0505 138 119 127
0.1966 1.2162 -0.0503 138 118 127
0.2102 1.2719 -0.0508 179 153 150
0.2023 1.3296 -0.0509 181 159 157
0.1979 1.3962 -0.0519 206 193 191
0.2111 1.4699 -0.0537 254 254 251
0.2115 1.5298 -0.0537 240 174 127
0.1942 1.6095 -0.0537 121 63 53
0.2023 1.6512 -0.0537 138 70 53
0.2085 1.7113 -0.0537 169 86 57
0.2115 1.7699 -0.0537 192 102 61
0.2114 1.8299 -0.0536 208 113 65
0.2112 1.8899 -0.0536 221 126 70
0.2115 1.9497 -0.0536 229 135 74
0.2113 2.0097 -0.0536 239 183 145
0.2113 2.0695 -0.0536 254 254 250
0.2114 2.1299 -0.0535 254 254 250
0.2111 2.1900 -0.0535 254 254 250
0.2112 2.2496 -0.0535 254 254 249
0.2133 2.3085 -0.0535 254 254 248
0.2185 2.3683 -0.0534 254 254 248
0.2239 2.4280 -0.0534 254 253 245
0.2282 2.4802 -0.0511 254 252 246
0.1952 2.4981 0.1045 254 201 254
0.2083 2.4984 0.1522 254 224 254
0.2097 2.4984 0.2102 254 225 254
0.2098 2.4984 0.2703 254 224 254
0.2102 2.4984 0.3302 254 224 254
0.2101 2.4984 0.3900 254 222 254
0.2102 2.4984 0.4500 254 215 254
0.2105 2.4984 0.5100 254 203 254
0.2103 2.4984 0.5702 254 188 254
0.2106 2.4984 0.6302 254 169 254
0.2110 2.4984 0.6905 253 148 252
0.2075 2.5009 0.7735 210 86 204
0.2130 2.5004 0.8277 226 94 218
0.2078 2.5003 0.8886 224 92 216
0.2131 2.5003 0.9346 203 98 167
0.2105 2.5003 0.9893 217 86 209
0.2105 2.5003 1.0505 214 84 206
0.2105 2.5003 1.1117 211 82 203
0.2105 2.5003 1.1676 208 80 200
0.2105 2.5003 1.2288 204 77 196
0.2105 2.5003 1.2900 200 75 192
0.2105 2.5003 1.3346 197 73 190
0.2588 -2.4810 -0.0519 219 122 69
0.2854 -2.4980 0.1058 254 191 254
0.2716 -2.4980 0.1527 254 213 254
0.2690 -2.4980 0.2100 254 214 254
0.2675 -2.4980 0.2702 254 214 254
0.2688 -2.4980 0.3292 254 213 254
0.2690 -2.4980 0.3901 254 211 254
0.2676 -2.4980 0.4501 254 208 254
0.2704 -2.4980 0.5098 254 199 254
0.2695 -2.4980 0.5700 254 183 254
0.2673 -2.4980 0.6303 254 166 254
0.2697 -2.4980 0.6893 253 147 252
0.2688 -2.4980 0.7500 249 127 247
0.2679 -2.4980 0.8099 238 107 237
0.2774 -2.4980 0.8586 225 93 227
0.2699 -2.4980 0.9303 241 110 239
0.2702 -2.4980 0.9896 233 101 233
0.2739 -2.4980 1.0442 226 94 227
0.2736 -2.4975 1.1110 233 100 232
0.2745 -2.4975 1.1698 227 95 228
0.2768 -2.4975 1.2216 223 92 225
0.2739 -2.4972 1.2883 207 93 213
0.2725 -2.4972 1.3342 50 62 99
0.2662 -2.4286 -0.0535 222 126 68
0.2687 -2.3697 -0.0535 231 137 72
0.2687 -2.3097 -0.0535 237 143 73
0.2686 -2.2498 -0.0536 238 146 75
0.2688 -2.1898 -0.0536 232 138 71
0.2687 -2.1297 -0.0536 228 133 71
0.2686 -2.0698 -0.0536 217 121 66
0.2704 -2.0109 -0.0537 234 192 163
0.2780 -1.9517 -0.0537 254 246 226
0.2850 -1.8913 -0.0537 250 230 202
0.2911 -1.8340 -0.0537 238 205 173
0.2739 -1.7812 -0.0536 222 185 157
0.2624 -1.7352 -0.0532 211 161 154
0.2773 -1.6628 -0.0535 250 166 232
0.2731 -1.5917 -0.0535 254 254 248
0.2831 -1.5333 -0.0534 254 254 246
0.2927 -1.4811 -0.0534 233 184 153
0.2625 -1.3988 -0.0537 239 150 84
0.2706 -1.3511 -0.0537 240 150 83
0.2461 -1.2685 -0.0537 164 90 65
0.2454 -1.2431 -0.0537 148 78 63
0.2898 -1.1920 -0.0534 229 134 77
0.2762 -1.1283 -0.0534 219 125 76
0.2443 -1.0754 -0.0536 235 144 79
0.2627 -0.5603 -0.0519 173 135 105
0.2695 -0.5080 -0.0520 143 112 110
0.2725 -0.4702 -0.0521 90 65 79
0.2523 -0.3669 -0.0535 117 65 62
0.2716 -0.3305 -0.0535 121 65 61
0.2848 -0.2775 -0.0535 141 73 62
0.2905 -0.2303 -0.0535 175 96 66
0.2481 -0.1310 -0.0537 184 100 63
0.2504 -0.0822 -0.0537 223 128 72
0.2676 0.0049 -0.0537 240 186 150
0.2712 0.0896 -0.0536 255 254 252
0.2712 0.1494 -0.0536 255 254 250
0.2712 0.2096 -0.0535 255 254 250
0.2773 0.2673 -0.0535 255 254 249
0.2732 0.3513 -0.0520 159 137 139
0.2703 0.3911 -0.0519 154 130 132
0.2850 0.4684 -0.0518 134 114 122
0.2718 0.5137 -0.0518 86 80 101
0.2720 0.5673 -0.0517 77 75 99
0.2685 0.6249 -0.0516 78 75 98
0.2698 0.6862 -0.0514 80 74 97
0.2882 0.7550 -0.0517 78 73 96
0.2737 0.8131 -0.0517 77 73 97
0.2688 0.8783 -0.0516 77 74 98
0.2697 0.9377 -0.0515 78 76 99
0.2711 0.9951 -0.0513 98 88 106
0.2556 1.0386 -0.0512 139 118 124
0.2611 1.1056 -0.0506 143 122 129
0.2470 1.1606 -0.0504 149 127 132
0.2556 1.2219 -0.0511 185 160 155
0.2481 1.2805 -0.0520 211 196 190
0.2519 1.3481 -0.0537 254 254 249
0.2502 1.4085 -0.0537 254 254 252
0.2483 1.4685 -0.0537 254 254 252
0.2462 1.5293 -0.0537 239 173 129
0.2448 1.5900 -0.0537 237 145 80
0.2441 1.6480 -0.0537 242 153 84
0.2581 1.7294 -0.0535 212 115 64
0.2439 1.7790 -0.0537 197 104 60
0.2493 1.8326 -0.0537 212 117 66
0.2547 1.8919 -0.0537 224 129 71
0.2609 1.9515 -0.0537 232 139 76
0.2667 2.0109 -0.0537 242 187 150
0.2712 2.0695 -0.0537 254 254 253
0.2716 2.1293 -0.0537 254 254 252
0.2713 2.1897 -0.0536 254 254 252
0.2713 2.2494 -0.0536 254 254 252
0.2714 2.3096 -0.0536 254 254 251
0.2713 2.3699 -0.0536 254 254 250
0.2714 2.4299 -0.0535 254 254 250
0.2737 2.4873 -0.0476 254 249 246
0.2698 2.4980 0.0921 254 192 254
0.2696 2.4986 0.1595 254 233 254
0.2715 2.4986 0.2101 254 233 254
0.2719 2.4986 0.2700 254 233 254
0.2718 2.4986 0.3299 254 232 254
0.2720 2.4986 0.3900 254 229 254
0.2722 2.4986 0.4500 254 219 254
0.2722 2.4986 0.5099 254 206 254
0.2725 2.4986 0.5700 254 188 254
0.2705 2.4986 0.6296 254 165 254
0.2703 2.4986 0.6895 252 138 249
0.2705 2.5008 0.7748 216 90 210
0.2726 2.5004 0.8279 229 96 221
0.2785 2.5003 0.8888 186 117 108
0.2699 2.5003 0.9287 214 95 192
0.2699 2.5003 0.9900 221 89 213
0.2699 2.5003 1.0514 218 87 210
0.2699 2.5003 1.1127 215 84 207
0.2699 2.5003 1.1686 212 82 204
0.2699 2.5003 1.2299 208 80 200
0.2699 2.5003 1.2912 204 77 197
0.2701 2.5003 1.3357 201 76 194
0.3398 -2.4979 0.0511 254 163 254
0.3372 -2.4978 0.1127 254 198 254
0.3291 -2.4978 0.1500 254 202 254
0.3285 -2.4978 0.2105 254 203 254
0.3311 -2.4978 0.2695 254 202 254
0.3298 -2.4978 0.3295 254 202 254
0.3282 -2.4979 0.3901 254 200 254
0.3265 -2.4979 0.4500 254 198 254
0.3300 -2.4978 0.5103 254 192 254
0.3287 -2.4979 0.5699 254 179 254
0.3296 -2.4978 0.6310 254 164 254
0.3303 -2.4978 0.6898 253 149 252
0.3285 -2.4979 0.7499 251 132 249
0.3271 -2.4979 0.8102 244 116 242
0.3299 -2.4979 0.8687 233 101 232
0.3408 -2.4978 0.9110 225 93 226
0.3319 -2.4979 0.9906 236 104 235
0.3317 -2.4979 1.0500 229 97 229
0.3393 -2.4979 1.0980 224 92 225
0.3318 -2.4974 1.1696 229 97 229
0.3316 -2.4974 1.2299 224 93 226
0.3396 -2.4973 1.2754 218 90 221
0.3286 -2.4971 1.3340 52 63 100
0.3310 -2.4304 -0.0518 148 81 77
0.3062 -2.3617 -0.0534 219 123 70
0.3128 -2.3067 -0.0534 222 127 69
0.3197 -2.2476 -0.0534 227 132 70
0.3267 -2.1881 -0.0535 223 128 69
0.3287 -2.1298 -0.0535 221 125 67
0.3287 -2.0698 -0.0535 217 122 67
0.3287 -2.0097 -0.0535 236 195 165
0.3286 -1.9498 -0.0536 254 245 224
0.3288 -1.8899 -0.0536 250 229 199
0.3285 -1.8300 -0.0536 239 204 171
0.3373 -1.7865 -0.0536 226 188 158
0.3556 -1.7284 -0.0518 231 89 219
0.3090 -1.6515 -0.0535 246 186 209
0.3203 -1.6087 -0.0535 255 181 254
0.3313 -1.5304 -0.0535 255 254 249
0.3310 -1.4705 -0.0535 232 164 121
0.3366 -1.4125 -0.0535 220 125 76
0.3468 -1.3550 -0.0534 219 122 75
0.3537 -1.3080 -0.0534 216 120 73
0.3307 -1.2308 -0.0535 238 147 82
0.3353 -1.1760 -0.0535 231 139 80
0.3328 -1.1322 0.0506 244 162 188
0.3307 -1.1316 0.1131 247 173 188
0.3353 -1.1316 0.1500 245 181 174
0.3354 -1.1316 0.2100 239 169 163
0.3357 -1.1316 0.2704 239 167 162
0.3361 -1.1316 0.3307 238 167 163
0.3362 -1.1316 0.3902 236 162 160
0.3364 -1.1316 0.4500 229 151 154
0.3367 -1.1316 0.5102 218 131 148
0.3380 -1.1315 0.5403 247 94 242
0.3368 -0.5302 0.0310 170 129 78
0.3368 -0.5302 0.0900 165 124 74
0.3368 -0.5302 0.1511 161 120 71
0.3368 -0.5302 0.2097 152 111 65
0.3368 -0.5302 0.2682 145 103 61
0.3368 -0.5302 0.3294 142 101 60
0.3368 -0.5302 0.3905 136 97 58
0.3368 -0.5302 0.4516 130 92 55
0.3368 -0.5302 0.5102 120 84 51
0.3376 -0.5303 0.5407 123 86 52
0.3317 -0.4742 -0.0521 102 67 76
0.3190 -0.3897 -0.0537 213 117 65
0.3293 -0.3223 -0.0536 123 65 58
0.3310 -0.2706 -0.0535 143 75 60
0.3352 -0.2135 -0.0535 169 88 63
0.3488 -0.1619 -0.0535 187 100 66
0.3111 -0.0746 -0.0537 174 91 61
0.3082 0.0415 -0.0537 254 251 247
0.3197 0.0931 -0.0537 254 254 253
0.3303 0.1502 -0.0537 255 254 252
0.3314 0.2094 -0.0536 255 254 251
0.3312 0.2692 -0.0536 255 254 252
0.3311 0.3539 -0.0520 169 143 140
0.3307 0.3950 -0.0519 162 136 136
0.3297 0.4579 -0.0519 135 114 122
0.3298 0.5092 -0.0518 94 83 101
0.3316 0.5643 -0.0517 79 74 98
0.3299 0.6212 -0.0516 80 75 98
0.3445 0.7008 -0.0519 77 73 97
0.3356 0.7528 -0.0518 78 73 96
0.3270 0.8132 -0.0517 79 74 97
0.3278 0.8744 -0.0516 79 75 98
0.3281 0.9314 -0.0515 81 76 99
0.3117 0.9841 -0.0513 86 79 100
0.3117 1.0519 -0.0509 164 143 143
0.3243 1.0895 -0.0534 254 250 235
0.3312 1.1700 -0.0535 247 222 190
0.3307 1.2300 -0.0535 252 236 210
0.3325 1.2892 -0.0535 254 247 227
0.3301 1.3501 -0.0535 254 251 237
0.3318 1.4100 -0.0535 254 253 246
0.3376 1.4765 -0.0535 216 178 152
0.3452 1.5275 -0.0535 167 106 86
0.3504 1.5866 -0.0534 177 89 61
0.3550 1.6417 -0.0534 189 95 62
0.3340 1.7092 -0.0535 231 137 75
0.3339 1.7699 -0.0535 234 142 77
0.3294 1.8402 -0.0521 139 84 82
0.3127 1.9129 -0.0532 107 62 65
0.3305 1.9501 -0.0535 123 66 60
0.3080 2.0251 -0.0537 233 203 175
0.3036 2.0852 -0.0537 254 254 252
0.3079 2.1337 -0.0537 254 254 253
0.3134 2.1920 -0.0537 254 254 252
0.3191 2.2511 -0.0537 254 254 253
0.3253 2.3109 -0.0537 254 254 252
0.3307 2.3705 -0.0537 254 254 253
0.3315 2.4301 -0.0537 254 254 252
0.3338 2.4912 -0.0366 254 246 250
0.3284 2.4981 0.0990 254 201 254
0.3284 2.4987 0.1670 254 240 254
0.3310 2.4987 0.2102 254 241 254
0.3311 2.4987 0.2701 254 241 254
0.3316 2.4987 0.3300 254 239 254
0.3315 2.4987 0.3900 254 232 254
0.3317 2.4987 0.4500 254 222 254
0.3318 2.4987 0.5100 254 205 254
0.3319 2.4987 0.5701 254 183 254
0.3304 2.4987 0.6304 254 154 253
0.3302 2.4987 0.6904 243 116 237
0.3343 2.5009 0.7744 216 91 209
0.3324 2.5004 0.8286 231 99 223
0.3328 2.5003 0.8815 194 106 140
0.3294 2.5003 0.9295 227 94 219
0.3294 2.5003 0.9909 224 92 216
0.3281 2.5003 1.0488 222 89 214
0.3306 2.5003 1.1098 219 87 211
0.3294 2.5003 1.1696 216 85 208
0.3294 2.5003 1.2310 212 82 204
0.3294 2.5003 1.2922 208 80 200
0.3295 2.5003 1.3367 205 78 198
0.4180 -2.4996 -0.0169 250 199 188
0.3904 -2.4977 0.1065 254 190 254
0.3859 -2.4977 0.1499 254 192 254
0.4147 -2.4999 0.2093 254 236 254
0.4132 -2.4999 0.2751 255 236 254
0.4142 -2.4999 0.3304 255 235 254
0.4130 -2.4999 0.3893 254 234 254
0.4120 -2.4999 0.4493 254 229 254
0.4113 -2.4999 0.5102 254 214 254
0.4119 -2.4999 0.5695 254 194 254
0.4089 -2.4999 0.6302 254 168 254
0.4098 -2.4999 0.6918 252 138 250
0.4097 -2.4999 0.7496 237 106 236
0.4087 -2.4999 0.7927 213 85 218
0.3887 -2.4977 0.8698 239 108 238
0.3901 -2.4977 0.9262 228 96 229
0.4049 -2.4977 0.9699 225 94 226
0.3915 -2.4978 1.0498 232 99 232
0.3924 -2.4978 1.1097 225 94 227
0.4034 -2.4977 1.1526 222 91 224
0.3946 -2.4972 1.2298 226 94 227
0.3951 -2.4972 1.2875 176 83 191
0.4085 -2.4972 1.3285 48 61 97
0.3907 -2.4319 -0.0517 151 83 77
0.3895 -2.3693 -0.0517 140 78 76
0.3907 -2.3099 -0.0518 119 70 75
0.3880 -2.2517 -0.0518 116 69 75
0.3890 -2.1937 -0.0519 114 69 75
0.3667 -2.1234 -0.0534 208 113 64
0.3735 -2.0673 -0.0534 209 115 66
0.3799 -2.0081 -0.0534 237 199 171
0.3871 -1.9486 -0.0535 253 244 222
0.3886 -1.8895 -0.0535 249 228 199
0.3891 -1.8294 -0.0535 240 206 173
0.3906 -1.7719 -0.0535 224 184 153
0.4095 -1.7341 -0.0534 208 157 136
0.3944 -1.6646 -0.0518 196 107 180
0.3904 -1.5899 -0.0537 255 254 253
0.3913 -1.5307 -0.0536 255 254 250
0.3912 -1.4704 -0.0536 241 173 124
0.3915 -1.4105 -0.0536 226 130 76
0.3910 -1.3504 -0.0535 216 120 74
0.3920 -1.2907 -0.0535 201 110 73
0.4001 -1.2330 -0.0534 182 98 72
0.4103 -1.1770 -0.0534 166 90 72
0.4044 -1.1351 -0.0235 187 121 87
0.3711 -1.1315 0.1149 239 205 133
0.3903 -1.1314 0.1512 231 189 119
0.3912 -1.1314 0.2099 227 182 113
0.3918 -1.1314 0.2696 226 183 113
0.3918 -1.1314 0.3297 223 181 112
0.3918 -1.1314 0.3900 216 172 105
0.3923 -1.1314 0.4500 209 165 101
0.3917 -1.1315 0.5097 186 132 89
0.3849 -1.1315 0.5402 238 83 231
0.3886 -0.5302 0.0320 159 114 66
0.3886 -0.5302 0.0907 162 116 67
0.3886 -0.5302 0.1516 163 118 69
0.3886 -0.5302 0.2100 166 122 72
0.3886 -0.5302 0.2684 168 125 74
0.3886 -0.5302 0.3293 171 130 78
0.3886 -0.5302 0.3903 164 124 74
0.3886 -0.5302 0.4512 163 124 75
0.3892 -0.5302 0.5108 131 91 55
0.3780 -0.5302 0.5404 129 90 53
0.3814 -0.4692 -0.0519 96 64 78
0.4129 -0.3981 -0.0525 164 99 75
0.3888 -0.3148 -0.0537 134 68 56
0.3912 -0.2706 -0.0536 153 79 59
0.3912 -0.2107 -0.0536 171 89 62
0.3913 -0.1512 -0.0535 186 99 65
0.3900 -0.0759 -0.0537 133 70 59
0.3821 0.0308 -0.0537 246 225 208
0.3912 0.0891 -0.0536 254 254 250
0.3665 0.1673 -0.0537 255 254 252
0.3765 0.2142 -0.0537 255 254 252
0.3886 0.2712 -0.0537 255 254 252
0.3909 0.3553 -0.0520 178 149 143
0.3902 0.3962 -0.0519 169 143 140
0.3899 0.4555 -0.0519 142 119 125
0.3905 0.5062 -0.0518 103 86 101
0.3910 0.5613 -0.0517 84 73 94
0.3900 0.6173 -0.0516 85 74 94
0.3903 0.7006 -0.0519 80 72 94
0.3902 0.7509 -0.0519 80 73 95
0.3901 0.8152 -0.0517 81 74 97
0.3834 0.8685 -0.0516 82 75 98
0.3729 0.9176 -0.0513 85 76 98
0.3729 0.9713 -0.0517 137 112 113
0.3889 1.0479 -0.0534 254 253 245
0.3719 1.0864 -0.0534 254 252 240
0.4039 1.1454 -0.0535 254 251 243
0.3910 1.2301 -0.0537 252 232 202
0.4097 1.3073 -0.0536 228 200 175
0.4141 1.3553 -0.0535 219 184 159
0.4087 1.3876 -0.0535 215 182 161
0.3747 1.4905 -0.0535 214 173 146
0.3903 1.5310 -0.0535 176 107 84
0.3913 1.5899 -0.0535 175 90 61
0.3917 1.6498 -0.0535 190 99 64
0.3931 1.7086 -0.0535 191 101 63
0.3986 1.7685 -0.0535 203 111 66
0.4037 1.8281 -0.0534 212 119 70
0.4091 1.8873 -0.0534 219 125 73
0.4136 1.9449 -0.0534 221 128 73
0.4099 1.9917 -0.0535 213 132 87
0.3912 2.0695 -0.0535 252 238 214
0.3687 2.1440 -0.0537 254 251 236
0.3888 2.1893 -0.0520 215 187 146
0.3900 2.2521 -0.0519 172 141 137
0.3898 2.3063 -0.0518 171 139 136
0.3654 2.3876 -0.0535 245 242 240
0.3665 2.4358 -0.0537 254 254 252
0.3728 2.4934 -0.0278 254 246 251
0.3864 2.4982 0.1064 254 210 254
0.3715 2.4988 0.1718 254 244 254
0.3722 2.4988 0.2100 254 245 254
0.3724 2.4988 0.2703 254 245 254
0.3725 2.4988 0.3301 254 241 254
0.3726 2.4988 0.3899 254 234 254
0.3728 2.4988 0.4500 254 222 254
0.3729 2.4988 0.5099 254 203 254
0.3731 2.4988 0.5697 254 177 254
0.3733 2.4988 0.6299 252 140 249
0.3733 2.4988 0.6895 204 84 200
0.3927 2.5009 0.7742 215 93 207
0.3916 2.5004 0.8288 233 101 225
0.3906 2.5003 0.8708 214 107 178
0.3891 2.5003 0.9302 230 97 222
0.3891 2.5003 0.9916 228 95 220
0.3891 2.5003 1.0477 225 92 217
0.3891 2.5003 1.1092 223 90 214
0.3891 2.5003 1.1706 219 88 211
0.3879 2.5003 1.2300 216 85 208
0.3903 2.5003 1.2908 213 83 204
0.3892 2.5003 1.3379 209 81 202
0.4480 -2.4914 -0.0295 246 181 150
0.4475 -2.4976 0.0997 254 180 254
0.4642 -2.4995 0.1734 254 221 254
0.4479 -2.4999 0.2115 254 232 254
0.4483 -2.4999 0.2699 254 232 254
0.4503 -2.4999 0.3300 254 230 254
0.4475 -2.4999 0.3908 254 229 254
0.4478 -2.4999 0.4498 254 225 254
0.4498 -2.4999 0.5099 254 212 254
0.4490 -2.4999 0.5692 254 194 254
0.4472 -2.4999 0.6294 254 172 254
0.4495 -2.4999 0.6900 253 147 252
0.4501 -2.4999 0.7494 246 120 244
0.4497 -2.4999 0.8066 224 93 226
0.4695 -2.4997 0.8481 215 86 220
0.4464 -2.4976 0.9296 234 101 233
0.4500 -2.4976 0.9797 225 94 227
0.4498 -2.4977 1.0496 233 101 233
0.4497 -2.4977 1.1100 228 96 228
0.4516 -2.4977 1.1663 223 92 224
0.4641 -2.4975 1.2127 222 91 224
0.4512 -2.4971 1.2903 167 82 184
0.4516 -2.4971 1.3349 48 61 97
0.4543 -2.4314 -0.0537 244 158 80
0.4597 -2.3711 -0.0537 244 159 83
0.4657 -2.3128 -0.0537 242 153 79
0.4713 -2.2533 -0.0537 240 152 78
0.4749 -2.2034 -0.0537 235 147 79
0.4491 -2.1291 -0.0518 113 68 75
0.4506 -2.0705 -0.0519 110 67 75
0.4570 -2.0143 -0.0519 159 119 112
0.4439 -1.9387 -0.0526 233 209 187
0.4271 -1.8840 -0.0534 247 223 192
0.4339 -1.8271 -0.0534 239 205 172
0.4408 -1.7678 -0.0534 225 183 152
0.4524 -1.7194 -0.0534 207 161 135
0.4621 -1.6640 -0.0537 235 202 172
0.4529 -1.5957 -0.0529 254 194 253
0.4336 -1.5255 -0.0537 255 254 251
0.4452 -1.4678 -0.0537 239 167 117
0.4513 -1.4104 -0.0537 224 130 76
0.4515 -1.3503 -0.0536 207 114 71
0.4512 -1.2902 -0.0536 193 104 71
0.4510 -1.2305 -0.0535 173 93 70
0.4512 -1.1705 -0.0535 159 85 69
0.4591 -1.1321 -0.0454 188 133 94
0.4501 -1.1318 0.0975 221 172 103
0.4493 -1.1313 0.1577 215 165 100
0.4510 -1.1313 0.2101 212 163 99
0.4513 -1.1313 0.2702 208 159 97
0.4517 -1.1313 0.3301 211 167 102
0.4518 -1.1313 0.3900 194 147 88
0.4520 -1.1313 0.4501 176 131 78
0.4516 -1.1313 0.5103 153 105 71
0.4423 -1.1314 0.5402 214 68 208
0.4482 -0.5302 0.0330 177 131 77
0.4482 -0.5302 0.0915 187 144 86
0.4476 -0.5302 0.1507 173 126 74
0.4487 -0.5302 0.2088 176 130 77
0.4482 -0.5302 0.2686 174 128 76
0.4482 -0.5302 0.3293 178 135 81
0.4482 -0.5302 0.3900 180 139 84
0.4482 -0.5302 0.4507 177 136 83
0.4482 -0.5302 0.5114 146 104 61
0.4470 -0.5304 0.5410 171 127 76
0.4491 -0.4377 -0.0516 94 67 82
0.4587 -0.3835 -0.0518 94 67 81
0.4732 -0.3398 -0.0523 110 72 77
0.4391 -0.2651 -0.0537 160 82 58
0.4508 -0.2103 -0.0537 181 94 61
0.4511 -0.1508 -0.0536 202 110 66
0.4283 -0.0678 -0.0537 147 77 60
0.4309 0.0391 -0.0537 237 220 210
0.4380 0.0977 -0.0537 254 254 252
0.4507 0.1493 -0.0537 254 254 250
0.4508 0.2093 -0.0536 254 254 247
0.4254 0.2905 -0.0537 255 254 252
0.4321 0.3547 -0.0522 192 163 157
0.4527 0.3890 -0.0519 177 146 140
0.4501 0.4531 -0.0519 151 126 128
0.4496 0.5026 -0.0518 111 91 104
0.4530 0.5681 -0.0517 87 75 96
0.4492 0.6296 -0.0515 87 75 96
0.4501 0.6978 -0.0519 84 73 94
0.4495 0.7477 -0.0519 83 74 95
0.4384 0.8088 -0.0517 83 74 96
0.4309 0.8702 -0.0513 109 87 97
0.4494 0.9288 -0.0536 236 145 79
0.4496 0.9889 -0.0535 239 181 142
0.4480 1.0407 -0.0534 255 253 247
0.4504 1.1090 -0.0535 254 254 247
0.4635 1.1836 -0.0537 234 193 162
0.4566 1.2300 -0.0537 230 189 158
0.4505 1.2896 -0.0536 225 183 154
0.4440 1.3434 -0.0535 230 197 169
0.4317 1.4116 -0.0537 254 254 250
0.4328 1.4699 -0.0537 254 254 252
0.4433 1.5443 -0.0537 157 81 59
0.4515 1.5898 -0.0537 169 87 59
0.4514 1.6501 -0.0536 183 95 61
0.4512 1.7101 -0.0536 192 101 62
0.4514 1.7697 -0.0536 206 112 66
0.4514 1.8302 -0.0536 221 125 70
0.4513 1.8901 -0.0535 227 133 74
0.4510 1.9499 -0.0535 225 131 73
0.4522 2.0098 -0.0535 237 180 142
0.4572 2.0692 -0.0535 254 254 250
0.4621 2.1282 -0.0535 254 254 246
0.4676 2.1876 -0.0534 253 252 244
0.4727 2.2454 -0.0534 253 250 237
0.4742 2.2936 -0.0532 245 240 231
0.4494 2.3653 -0.0517 187 156 147
0.4525 2.4366 -0.0537 236 206 176
0.4521 2.4865 -0.0482 244 194 196
0.4437 2.4984 0.1132 254 217 254
0.4510 2.4983 0.1500 254 221 254
0.4511 2.4983 0.2100 254 221 254
0.4511 2.4983 0.2698 254 221 254
0.4508 2.4983 0.3299 254 220 254
0.4509 2.4983 0.3902 254 218 254
0.4511 2.4983 0.4501 254 210 254
0.4510 2.4983 0.5102 254 199 254
0.4511 2.4983 0.5701 254 185 254
0.4509 2.4983 0.6301 253 168 253
0.4510 2.4983 0.6902 252 148 251
0.4505 2.5009 0.7749 221 95 214
0.4549 2.5003 0.8320 187 120 107
0.4489 2.5003 0.8694 232 102 222
0.4489 2.5003 0.9310 233 100 225
0.4489 2.5003 0.9925 231 97 223
0.4489 2.5003 1.0486 228 95 220
0.4489 2.5003 1.1101 226 93 218
0.4489 2.5003 1.1716 223 90 215
0.4489 2.5003 1.2276 220 88 212
0.4489 2.5003 1.2889 216 85 208
0.4460 2.5003 1.3369 213 83 205
0.5074 -2.4895 -0.0391 250 221 218
0.5062 -2.4975 0.0921 254 164 254
0.5130 -2.4997 0.1716 254 219 254
0.5089 -2.4998 0.2097 254 221 254
0.5078 -2.4998 0.2700 254 221 254
0.5101 -2.4998 0.3298 254 220 254
0.5082 -2.4998 0.3897 254 218 254
0.5080 -2.4998 0.4491 254 215 254
0.5092 -2.4998 0.5101 254 207 254
0.5087 -2.4998 0.5705 254 191 254
0.5087 -2.4998 0.6288 254 173 254
0.5086 -2.4997 0.6898 254 153 253
0.5090 -2.4997 0.7506 250 132 249
0.5092 -2.4997 0.8097 241 110 239
0.5128 -2.4997 0.8621 224 93 226
0.5069 -2.4975 0.9299 237 105 236
0.5045 -2.4975 0.9904 229 97 229
0.5164 -2.4975 1.0347 224 92 225
0.5127 -2.4976 1.1104 230 98 230
0.5121 -2.4976 1.1697 225 93 226
0.5181 -2.4976 1.2222 221 90 223
0.5136 -2.4970 1.2906 168 83 184
0.5114 -2.4970 1.3338 49 62 98
0.5089 -2.4299 -0.0536 247 217 193
0.5086 -2.3696 -0.0536 249 219 194
0.5088 -2.3097 -0.0536 249 221 194
0.5084 -2.2497 -0.0537 250 221 191
0.5087 -2.1897 -0.0537 251 224 195
0.5121 -2.1307 -0.0537 252 231 209
0.5175 -2.0715 -0.0537 253 247 236
0.5240 -2.0114 -0.0537 230 174 138
0.5289 -1.9521 -0.0537 196 104 59
0.5352 -1.8955 -0.0537 175 91 56
0.5362 -1.8513 -0.0534 150 80 58
0.5289 -1.7869 -0.0518 105 71 81
0.4928 -1.7011 -0.0525 194 125 158
0.5093 -1.6506 -0.0536 168 116 96
0.5235 -1.6048 -0.0536 124 67 59
0.5224 -1.5331 -0.0535 228 141 92
0.5319 -1.4786 -0.0534 238 199 173
0.4875 -1.3995 -0.0537 202 111 72
0.4977 -1.3471 -0.0537 203 137 109
0.5087 -1.2889 -0.0537 218 174 149
0.5111 -1.2305 -0.0537 212 167 141
0.5068 -1.1732 -0.0536 194 146 124
0.4985 -1.1317 -0.0368 202 158 107
0.5086 -1.1317 0.1047 221 174 106
0.4965 -1.1313 0.1632 204 155 93
0.4973 -1.1313 0.2100 203 155 94
0.4977 -1.1313 0.2698 199 152 92
0.4977 -1.1313 0.3297 192 147 89
0.4982 -1.1313 0.3900 172 128 77
0.4984 -1.1313 0.4499 141 102 61
0.4986 -1.1313 0.5099 89 59 45
0.5017 -1.1313 0.5401 185 57 183
0.5096 -0.5302 0.0338 186 138 81
0.5141 -0.5301 0.0993 166 123 73
0.5141 -0.5301 0.1496 165 122 73
0.5141 -0.5301 0.2095 163 121 73
0.5141 -0.5301 0.2694 167 128 78
0.5141 -0.5301 0.3293 151 112 67
0.5141 -0.5301 0.3892 138 101 61
0.5145 -0.5301 0.4500 121 86 53
0.5137 -0.5301 0.5099 102 72 45
0.5115 -0.5302 0.5405 177 127 81
0.5100 -0.4408 -0.0516 182 145 130
0.5087 -0.3825 -0.0517 181 144 130
0.5135 -0.3272 -0.0518 195 159 141
0.5265 -0.2784 -0.0520 203 166 147
0.5293 -0.1884 -0.0535 206 159 133
0.5048 -0.1465 -0.0537 224 168 137
0.5113 -0.0907 -0.0537 238 196 168
0.5061 0.0259 -0.0537 217 163 134
0.5105 0.0891 -0.0536 235 188 157
0.4930 0.1630 -0.0537 254 251 244
0.5087 0.2109 -0.0537 250 211 172
0.5113 0.2690 -0.0536 248 203 164
0.5110 0.3292 -0.0535 245 198 162
0.5090 0.3884 -0.0519 147 119 120
0.5087 0.4489 -0.0519 128 105 113
0.5107 0.5096 -0.0518 119 97 108
0.5090 0.5765 -0.0516 115 97 109
0.5106 0.6409 -0.0515 119 101 112
0.5115 0.6992 -0.0519 114 95 107
0.4932 0.7320 -0.0518 85 75 96
0.4922 0.7873 -0.0533 173 96 74
0.5124 0.8813 -0.0537 248 202 162
0.5096 0.9286 -0.0536 242 187 147
0.5096 0.9892 -0.0535 238 188 157
0.5060 1.0328 -0.0534 244 215 194
0.5104 1.1087 -0.0535 245 206 177
0.4898 1.1724 -0.0537 243 211 179
0.4858 1.2246 -0.0536 239 201 168
0.4864 1.2783 -0.0535 235 192 158
0.5266 1.3559 -0.0534 232 137 73
0.5141 1.4126 -0.0535 239 157 96
0.5114 1.4705 -0.0535 242 168 111
0.4932 1.5561 -0.0537 156 99 86
0.4902 1.5933 -0.0537 149 76 58
0.4958 1.6518 -0.0537 190 127 101
0.5015 1.7112 -0.0537 216 166 137
0.5080 1.7710 -0.0537 235 196 167
0.5115 1.8298 -0.0537 243 211 185
0.5114 1.8899 -0.0537 246 215 191
0.5114 1.9499 -0.0536 245 213 190
0.5113 2.0105 -0.0536 244 202 172
0.5114 2.0705 -0.0536 244 186 141
0.5111 2.1300 -0.0536 244 186 140
0.5112 2.1900 -0.0535 244 187 140
0.5115 2.2501 -0.0535 242 183 136
0.5115 2.3097 -0.0535 239 179 135
0.5156 2.3694 -0.0535 237 168 121
0.5209 2.4295 -0.0535 231 143 89
0.5264 2.4824 -0.0525 223 127 77
0.4963 2.4990 0.1096 254 196 254
0.5111 2.4985 0.1526 254 229 254
0.5125 2.4985 0.2101 254 230 254
0.5123 2.4985 0.2702 254 230 254
0.5127 2.4985 0.3302 254 228 254
0.5124 2.4985 0.3901 254 223 254
0.5124 2.4985 0.4500 254 214 254
0.5126 2.4985 0.5100 254 201 254
0.5123 2.4985 0.5701 254 184 254
0.5124 2.4985 0.6300 254 164 253
0.5124 2.4985 0.6898 252 140 249
0.5083 2.5009 0.7755 222 96 216
0.5109 2.5003 0.8226 215 114 175
0.5089 2.5003 0.8700 237 105 230
0.5081 2.5003 0.9307 235 103 228
0.5097 2.5003 0.9920 233 100 226
0.5089 2.5003 1.0495 231 98 223
0.5089 2.5003 1.1111 229 96 221
0.5088 2.5003 1.1725 226 93 218
0.5089 2.5003 1.2285 223 90 215
0.5089 2.5003 1.2901 220 88 211
0.5091 2.5003 1.3351 217 86 209
0.5675 -2.4857 -0.0485 254 251 248
0.5709 -2.4974 0.0894 254 154 253
0.5713 -2.4996 0.1654 254 208 254
0.5707 -2.4996 0.2105 254 210 254
0.5686 -2.4996 0.2694 254 210 254
0.5669 -2.4996 0.3299 254 209 254
0.5701 -2.4996 0.3898 254 207 254
0.5692 -2.4996 0.4509 254 204 254
0.5678 -2.4996 0.5089 254 200 254
0.5687 -2.4996 0.5697 254 187 254
0.5699 -2.4996 0.6309 254 171 254
0.5688 -2.4996 0.6896 254 155 253
0.5674 -2.4996 0.7501 252 138 250
0.5704 -2.4996 0.8098 247 121 245
0.5686 -2.4996 0.8702 235 103 234
0.5768 -2.4996 0.9158 225 93 226
0.5651 -2.4974 0.9900 232 100 232
0.5719 -2.4974 1.0487 225 94 227
0.5888 -2.4974 1.0928 222 91 224
0.5707 -2.4975 1.1699 226 95 227
0.5704 -2.4975 1.2297 222 91 224
0.5772 -2.4974 1.2745 214 88 218
0.5792 -2.4969 1.3345 49 62 98
0.5689 -2.4297 -0.0535 254 254 249
0.5688 -2.3700 -0.0535 254 254 248
0.5685 -2.3100 -0.0535 254 253 247
0.5689 -2.2500 -0.0535 254 254 247
0.5687 -2.1897 -0.0536 254 254 248
0.5688 -2.1297 -0.0536 254 254 248
0.5688 -2.0697 -0.0536 254 253 245
0.5686 -2.0097 -0.0536 223 164 129
0.5686 -1.9498 -0.0536 194 103 59
0.5686 -1.8898 -0.0537 175 90 55
0.5697 -1.8305 -0.0537 153 77 52
0.5782 -1.7801 -0.0537 132 66 50
0.5797 -1.7150 -0.0519 97 64 80
0.5899 -1.6660 -0.0520 153 76 141
0.5585 -1.5914 -0.0535 124 64 56
0.5686 -1.5520 -0.0535 124 65 57
0.5892 -1.4821 -0.0535 243 216 192
0.5755 -1.4123 -0.0535 254 251 237
0.5858 -1.3542 -0.0535 254 244 223
0.5509 -1.2735 -0.0537 250 233 207
0.5468 -1.2320 -0.0537 244 216 187
0.5513 -1.1771 -0.0537 246 229 211
0.5716 -1.1311 -0.0228 254 251 214
0.5662 -1.1316 0.1118 220 174 107
0.5706 -1.1316 0.1503 218 173 105
0.5706 -1.1316 0.2101 218 173 106
0.5705 -1.1316 0.2698 214 169 102
0.5709 -1.1316 0.3300 211 166 101
0.5707 -1.1316 0.3902 196 149 89
0.5705 -1.1316 0.4501 185 138 81
0.5705 -1.1316 0.5101 168 117 78
0.5731 -1.1314 0.5403 214 67 207
0.5713 -0.5302 0.0327 203 156 94
0.5703 -0.5301 0.1002 179 133 78
0.5703 -0.5301 0.1503 183 139 83
0.5703 -0.5301 0.2100 183 140 84
0.5703 -0.5301 0.2696 172 128 76
0.5707 -0.5301 0.3298 164 120 71
0.5699 -0.5301 0.3894 157 115 68
0.5703 -0.5301 0.4505 141 101 60
0.5703 -0.5301 0.5101 127 90 55
0.5832 -0.5302 0.5405 151 106 73
0.5704 -0.4484 -0.0515 192 156 140
0.5703 -0.3873 -0.0516 195 158 140
0.5705 -0.3303 -0.0518 203 166 146
0.5925 -0.2473 -0.0532 215 180 157
0.5756 -0.2045 -0.0535 220 181 154
0.5866 -0.1772 -0.0534 233 201 172
0.5540 -0.0820 -0.0537 255 254 248
0.5539 0.0472 -0.0537 210 118 70
0.5696 0.0902 -0.0537 221 128 73
0.5706 0.1492 -0.0536 228 134 76
0.5492 0.2287 -0.0537 244 160 87
0.5655 0.2736 -0.0537 246 165 92
0.5709 0.3292 -0.0536 243 157 84
0.5694 0.3886 -0.0519 104 77 92
0.5691 0.4465 -0.0519 92 74 93
0.5694 0.5098 -0.0518 139 113 117
0.5714 0.5784 -0.0516 168 138 134
0.5846 0.5986 0.1121 254 162 244
0.5861 0.5986 0.1501 254 168 240
0.5860 0.5986 0.2101 254 168 241
0.5862 0.5986 0.2703 254 169 241
0.5860 0.5986 0.3300 254 169 242
0.5862 0.5986 0.3896 254 168 240
0.5860 0.5986 0.4499 254 164 240
0.5861 0.5986 0.5099 253 158 237
0.5852 0.5985 0.5404 254 139 254
0.5700 0.6379 -0.0515 167 137 134
0.5826 0.6001 0.0908 204 115 147
0.5823 0.6001 0.1481 213 115 157
0.5821 0.6001 0.2092 210 110 153
0.5818 0.6001 0.2704 211 111 154
0.5815 0.6001 0.3278 213 113 157
0.5813 0.6001 0.3891 210 110 154
0.5810 0.6001 0.4504 211 111 154
0.5807 0.6001 0.5079 207 102 155
0.5804 0.6001 0.5407 212 86 180
0.5822 0.6669 0.0050 141 104 90
0.5820 0.6671 0.0881 183 94 129
0.5819 0.6672 0.1475 184 95 129
0.5818 0.6673 0.2098 177 88 125
0.5817 0.6674 0.2720 175 87 123
0.5816 0.6674 0.3314 175 88 123
0.5815 0.6675 0.3908 171 85 121
0.5814 0.6676 0.4503 168 83 118
0.5813 0.6677 0.5097 157 75 112
0.5716 0.6679 0.5402 207 68 190
0.5603 0.8739 -0.0453 253 249 245
0.5729 0.8730 0.1728 112 82 56
0.5728 0.8702 0.2051 111 81 56
0.5731 0.8779 0.2702 106 77 54
0.5729 0.8734 0.3294 134 100 66
0.5727 0.8687 0.3892 148 110 72
0.5725 0.8641 0.4495 125 91 70
0.5728 0.8717 0.5153 253 148 251
0.5602 0.9282 -0.0507 254 252 247
0.5752 0.9281 0.1670 109 80 55
0.5750 0.9245 0.2114 112 82 56
0.5748 0.9196 0.2710 116 85 58
0.5748 0.9187 0.3321 95 71 52
0.5754 0.9329 0.3894 80 62 49
0.5751 0.9278 0.4501 115 83 70
0.5752 0.9299 0.5055 254 153 252
0.5591 0.9890 -0.0532 244 209 182
0.5772 0.9767 0.1607 178 143 133
0.5770 0.9725 0.2098 195 136 194
0.5772 0.9760 0.2731 254 178 254
0.5777 0.9900 0.3284 205 146 185
0.5786 1.0105 0.3912 254 173 253
0.5784 1.0050 0.4507 254 164 253
0.5781 0.9996 0.5095 254 155 252
0.5780 0.9968 0.5402 254 152 252
0.5561 1.0264 -0.0529 220 126 73
0.5796 1.0337 0.1544 163 130 123
0.5794 1.0285 0.2095 216 150 211
0.5792 1.0245 0.2637 249 175 243
0.5814 1.0763 0.3393 247 175 241
0.5812 1.0721 0.3898 248 171 243
0.5809 1.0666 0.4490 248 163 244
0.5807 1.0609 0.5092 251 156 248
0.5659 1.1083 -0.0499 231 137 76
0.5823 1.1002 0.1163 223 187 162
0.5822 1.0975 0.1512 140 109 110
0.5820 1.0919 0.2092 242 167 235
0.5818 1.0863 0.2690 251 177 245
0.5817 1.0847 0.3120 245 176 231
0.5829 1.1054 0.3897 188 146 96
0.5838 1.1350 0.4637 245 162 236
0.5836 1.1318 0.5105 251 157 247
0.5656 1.1598 -0.0527 225 129 72
0.5855 1.1767 0.1058 220 184 160
0.5853 1.1716 0.1511 138 99 123
0.5851 1.1654 0.2107 252 174 249
0.5848 1.1595 0.2700 253 179 250
0.5846 1.1534 0.3303 253 179 250
0.5843 1.1474 0.3900 252 174 250
0.5842 1.1440 0.4360 251 168 246
0.5852 1.1634 0.5102 237 142 221
0.5685 1.1886 0.5403 237 109 229
0.5686 1.2530 -0.0534 246 227 171
0.5892 1.2505 0.1150 216 177 154
0.5889 1.2546 0.1670 233 159 229
0.5887 1.2530 0.2105 254 176 253
0.5885 1.2465 0.2692 255 180 254
0.5882 1.2401 0.3291 255 181 254
0.5879 1.2333 0.3902 254 176 253
0.5876 1.2268 0.4506 254 169 253
0.5873 1.2202 0.5102 253 161 252
0.5739 1.2920 -0.0527 237 159 94
0.5899 1.2663 0.1060 163 129 120
0.5898 1.2628 0.1422 128 100 116
0.5959 1.2657 0.2094 252 233 163
0.5961 1.2658 0.2702 250 223 147
0.5963 1.2658 0.3308 250 222 147
0.5965 1.2659 0.3902 250 221 146
0.5967 1.2660 0.4496 249 219 145
0.5969 1.2661 0.5104 241 207 137
0.5709 1.3505 -0.0535 238 145 77
0.5715 1.4105 -0.0536 240 148 78
0.5872 1.4902 -0.0535 243 200 163
0.5719 1.5337 -0.0535 248 226 203
0.5677 1.5890 -0.0535 251 232 208
0.5613 1.6484 -0.0535 252 237 213
0.5541 1.7081 -0.0534 252 238 214
0.5692 1.7831 -0.0535 223 185 156
0.5445 1.8418 -0.0537 254 252 247
0.5486 1.8932 -0.0537 254 254 252
0.5544 1.9519 -0.0537 254 254 252
0.5599 2.0112 -0.0537 248 212 181
0.5663 2.0710 -0.0537 242 156 83
0.5709 2.1301 -0.0537 244 158 84
0.5715 2.1897 -0.0537 243 157 84
0.5714 2.2496 -0.0536 243 155 82
0.5714 2.3096 -0.0536 241 151 81
0.5710 2.3694 -0.0536 238 146 80
0.5715 2.4293 -0.0536 234 140 79
0.5737 2.4880 -0.0465 234 157 120
0.5709 2.4996 0.1023 254 183 254
0.5704 2.4986 0.1599 254 236 254
0.5721 2.4986 0.2098 254 237 254
0.5723 2.4986 0.2698 254 237 254
0.5720 2.4986 0.3298 254 233 254
0.5720 2.4986 0.3899 254 226 254
0.5721 2.4986 0.4497 254 216 254
0.5722 2.4986 0.5098 254 200 254
0.5719 2.4986 0.5700 254 180 254
0.5722 2.4986 0.6301 253 155 252
0.5720 2.4986 0.6900 246 123 242
0.5673 2.5009 0.7756 223 97 216
0.5704 2.5003 0.8117 226 116 196
0.5690 2.5003 0.8707 239 108 232
0.5690 2.5003 0.9270 238 106 231
0.5689 2.5003 0.9886 236 103 228
0.5690 2.5003 1.0503 234 101 226
0.5675 2.5003 1.1095 231 98 223
0.5704 2.5003 1.1706 229 96 221
0.5690 2.5003 1.2296 226 93 218
0.5690 2.5003 1.2912 223 90 215
0.5692 2.5003 1.3363 220 88 212
0.6149 -2.4812 -0.0514 254 252 248
0.6362 -2.4972 0.0889 253 144 251
0.6307 -2.4995 0.1573 254 198 254
0.6280 -2.4995 0.2099 254 199 254
0.6298 -2.4995 0.2706 254 198 254
0.6290 -2.4995 0.3300 254 198 254
0.6281 -2.4995 0.3891 254 196 254
0.6295 -2.4995 0.4502 254 193 254
0.6284 -2.4995 0.5113 254 190 254
0.6301 -2.4995 0.5698 254 182 254
0.6280 -2.4995 0.6301 254 169 254
0.6297 -2.4995 0.6904 254 155 253
0.6281 -2.4995 0.7499 252 140 251
0.6292 -2.4995 0.8089 249 126 247
0.6286 -2.4995 0.8700 242 112 240
0.6293 -2.4995 0.9309 230 98 230
0.6438 -2.4994 0.9741 224 92 225
0.6355 -2.4973 1.0530 229 97 229
0.6384 -2.4973 1.1069 223 92 225
0.6444 -2.4973 1.1524 223 92 224
0.6220 -2.4974 1.2295 224 93 225
0.6233 -2.4973 1.2879 136 76 161
0.6359 -2.4971 1.3294 49 62 98
0.6190 -2.4289 -0.0534 254 252 244
0.6230 -2.3691 -0.0534 254 253 244
0.6269 -2.3089 -0.0534 254 252 241
0.6292 -2.2493 -0.0534 254 253 242
0.6288 -2.1897 -0.0534 254 253 244
0.6284 -2.1299 -0.0535 254 253 244
0.6290 -2.0699 -0.0535 254 252 241
0.6288 -2.0101 -0.0535 220 163 130
0.6288 -1.9499 -0.0535 186 98 60
0.6287 -1.8898 -0.0535 169 86 56
0.6289 -1.8295 -0.0536 146 74 54
0.6288 -1.7701 -0.0536 127 65 52
0.6416 -1.7282 -0.0536 113 59 52
0.6324 -1.6549 -0.0519 162 77 155
0.6222 -1.5904 -0.0517 141 83 124
0.6295 -1.5473 -0.0522 248 136 211
0.6380 -1.4724 -0.0535 234 201 173
0.6491 -1.4311 -0.0536 236 211 185
0.6316 -1.3503 -0.0535 253 242 218
0.6314 -1.2909 -0.0535 251 232 205
0.6391 -1.2333 -0.0535 246 221 192
0.6489 -1.1762 -0.0535 237 206 176
0.6469 -1.1336 -0.0459 238 210 180
0.6129 -1.1315 0.1164 216 172 106
0.6310 -1.1315 0.1508 215 172 106
0.6316 -1.1315 0.2100 213 170 105
0.6316 -1.1315 0.2701 203 158 96
0.6315 -1.1315 0.3301 190 144 87
0.6313 -1.1315 0.3900 179 135 81
0.6315 -1.1315 0.4499 158 116 69
0.6315 -1.1315 0.5100 126 85 58
0.6243 -1.1313 0.5402 190 57 185
0.6295 -0.5302 0.0337 212 165 100
0.6300 -0.5301 0.1013 200 153 91
0.6296 -0.5301 0.1506 199 153 91
0.6305 -0.5301 0.2099 199 153 92
0.6300 -0.5301 0.2699 194 148 88
0.6300 -0.5301 0.3311 190 144 86
0.6300 -0.5301 0.3905 179 133 79
0.6300 -0.5301 0.4498 176 131 80
0.6305 -0.5301 0.5105 161 116 72
0.6118 -0.5304 0.5402 162 119 75
0.6295 -0.4502 -0.0515 194 158 142
0.6303 -0.3907 -0.0516 196 159 140
0.6314 -0.3340 -0.0517 200 163 144
0.6387 -0.2597 -0.0536 227 191 163
0.6302 -0.2115 -0.0535 234 200 170
0.6346 -0.1744 -0.0534 241 214 185
0.6493 -0.1050 -0.0534 255 253 243
0.6180 0.0302 -0.0537 240 170 122
0.6172 0.1052 -0.0537 228 135 77
0.6306 0.1493 -0.0537 231 138 78
0.6311 0.2093 -0.0536 226 132 77
0.6066 0.2928 -0.0537 246 166 88
0.6204 0.3362 -0.0537 245 162 87
0.6300 0.3922 -0.0519 106 79 93
0.6331 0.4491 -0.0519 94 75 94
0.6282 0.5112 -0.0518 149 120 121
0.6303 0.5763 -0.0516 174 142 136
0.6184 0.5986 0.1147 252 235 168
0.6320 0.5986 0.1499 252 235 168
0.6321 0.5986 0.2100 250 226 153
0.6318 0.5986 0.2702 251 228 156
0.6324 0.5986 0.3303 251 231 161
0.6320 0.5986 0.3901 252 233 164
0.6320 0.5986 0.4500 251 230 160
0.6322 0.5986 0.5098 248 211 154
0.6327 0.5986 0.5402 254 138 254
0.6295 0.6350 -0.0515 172 140 135
0.6297 0.6001 0.0917 198 153 92
0.6295 0.6001 0.1486 201 157 95
0.6292 0.6001 0.2096 192 145 88
0.6289 0.6001 0.2706 195 148 90
0.6287 0.6001 0.3277 198 153 92
0.6285 0.6001 0.3888 200 156 94
0.6282 0.6001 0.4500 201 156 95
0.6289 0.6001 0.5097 193 146 88
0.6136 0.6002 0.5403 194 136 105
0.6502 0.6640 0.0418 136 98 57
0.6503 0.6641 0.0905 133 95 55
0.6502 0.6642 0.1501 126 88 52
0.6501 0.6642 0.2097 121 85 49
0.6501 0.6643 0.2693 119 84 50
0.6500 0.6644 0.3312 115 82 48
0.6499 0.6645 0.3908 111 80 48
0.6498 0.6646 0.4504 105 76 46
0.6497 0.6647 0.5100 83 58 37
0.6429 0.6650 0.5408 96 64 47
0.6328 1.2809 -0.0464 246 200 137
0.6276 1.2639 0.1087 243 210 138
0.6293 1.2642 0.1619 254 243 183
0.6314 1.2642 0.2099 253 243 186
0.6293 1.2644 0.2699 253 242 184
0.6296 1.2645 0.3299 253 243 189
0.6301 1.2645 0.3899 253 241 183
0.6299 1.2646 0.4500 253 239 183
0.6302 1.2647 0.5097 244 210 139
0.6331 1.2638 0.5403 214 168 104
0.6310 1.3508 -0.0536 239 151 79
0.6309 1.4101 -0.0537 243 157 82
0.6136 1.4894 -0.0535 224 185 158
0.6077 1.5245 -0.0534 248 224 199
0.6027 1.5755 -0.0535 251 231 205
0.6127 1.6567 -0.0537 254 251 237
0.6391 1.7288 -0.0518 204 170 152
0.6280 1.7891 -0.0536 228 192 162
0.6310 1.8291 -0.0536 240 209 179
0.6312 1.8892 -0.0535 251 234 208
0.6309 1.9491 -0.0535 253 239 213
0.6403 2.0207 -0.0535 120 75 75
0.6551 2.0438 -0.0533 143 81 70
0.6039 2.1464 -0.0536 232 148 82
0.6072 2.1939 -0.0537 240 151 82
0.6125 2.2522 -0.0537 241 154 83
0.6187 2.3114 -0.0537 241 155 83
0.6244 2.3709 -0.0537 239 152 83
0.6300 2.4306 -0.0537 237 147 82
0.6325 2.4916 -0.0350 243 187 165
0.6294 2.4996 0.1047 254 196 254
0.6275 2.4987 0.1674 255 242 254
0.6307 2.4987 0.2101 255 242 254
0.6305 2.4987 0.2700 255 240 254
0.6307 2.4987 0.3298 254 236 254
0.6306 2.4987 0.3899 254 227 254
0.6307 2.4987 0.4501 254 215 254
0.6306 2.4987 0.5101 254 196 254
0.6306 2.4987 0.5699 254 170 254
0.6306 2.4987 0.6300 250 135 247
0.6306 2.4987 0.6901 196 81 194
0.6348 2.5003 0.7672 192 124 120
0.6292 2.5003 0.8096 243 113 236
0.6292 2.5003 0.8714 241 111 235
0.6292 2.5003 0.9277 240 109 233
0.6292 2.5003 0.9895 238 106 231
0.6292 2.5003 1.0512 236 104 229
0.6292 2.5003 1.1074 234 101 226
0.6293 2.5003 1.1689 232 99 224
0.6293 2.5003 1.2306 229 96 221
0.6293 2.5003 1.2870 226 93 218
0.6292 2.5003 1.3321 223 91 215
0.6920 -2.4971 0.0357 251 134 247
0.6893 -2.4971 0.0893 252 137 249
0.6890 -2.4994 0.1530 254 187 254
0.6876 -2.4994 0.2101 254 188 254
0.6912 -2.4994 0.2705 254 188 254
0.7172 -2.4998 0.3421 254 231 254
0.6869 -2.4994 0.3908 254 186 254
0.7158 -2.4998 0.4635 254 216 254
0.7176 -2.4998 0.5019 254 206 254
0.7142 -2.4998 0.5825 254 177 254
0.7167 -2.4998 0.6297 254 157 253
0.7157 -2.4998 0.6900 248 126 246
0.7153 -2.4998 0.7490 223 93 225
0.7126 -2.4998 0.7898 217 90 222
0.6869 -2.4994 0.8698 245 116 243
0.6901 -2.4993 0.9301 237 105 236
0.6930 -2.4993 0.9873 228 96 228
0.7027 -2.4990 1.0305 223 92 225
0.6902 -2.4972 1.1098 225 94 227
0.6913 -2.4972 1.1576 221 91 224
0.6895 -2.4972 1.2300 225 94 226
0.6904 -2.4972 1.2897 131 76 158
0.6908 -2.4972 1.3331 48 61 97
0.6847 -2.4291 -0.0516 210 173 151
0.6884 -2.3702 -0.0517 210 171 148
0.6903 -2.3091 -0.0517 209 170 148
0.6647 -2.2416 -0.0532 251 247 235
0.6674 -2.1876 -0.0533 253 250 239
0.6712 -2.1277 -0.0534 254 250 237
0.6757 -2.0681 -0.0534 254 250 234
0.6794 -2.0086 -0.0534 220 159 124
0.6835 -1.9493 -0.0534 191 101 61
0.6882 -1.8890 -0.0534 172 89 58
0.6889 -1.8296 -0.0534 153 78 56
0.6884 -1.7697 -0.0535 134 69 55
0.6916 -1.7129 -0.0535 115 60 54
0.7104 -1.6728 -0.0533 109 58 62
0.6859 -1.6038 -0.0517 173 79 160
0.6863 -1.5419 -0.0516 220 116 215
0.6898 -1.4675 -0.0535 241 211 181
0.6985 -1.4186 -0.0536 237 206 175
0.6914 -1.3507 -0.0537 252 236 209
0.6911 -1.2907 -0.0536 247 223 194
0.6892 -1.2321 -0.0536 241 211 181
0.6768 -1.1748 -0.0535 232 199 171
0.6694 -1.1332 -0.0506 231 198 170
0.6915 -1.1304 0.1016 248 223 152
0.6671 -1.1314 0.1541 197 150 90
0.6672 -1.1314 0.2097 201 157 95
0.6671 -1.1315 0.2702 184 137 82
0.6671 -1.1314 0.3304 173 128 77
0.6671 -1.1314 0.3899 153 111 66
0.6670 -1.1315 0.4501 124 87 52
0.6671 -1.1314 0.5099 86 59 43
0.6706 -1.1310 0.5402 177 59 180
0.6899 -0.5302 0.0348 215 167 101
0.6909 -0.5301 0.1022 208 160 95
0.6915 -0.5301 0.1499 208 161 96
0.6912 -0.5301 0.2092 209 163 98
0.6912 -0.5301 0.2701 205 158 95
0.6912 -0.5301 0.3311 205 160 98
0.6913 -0.5301 0.3901 199 151 93
0.6913 -0.5301 0.4492 190 142 87
0.6913 -0.5301 0.5101 184 138 85
0.6961 -0.5303 0.5408 197 147 90
0.6908 -0.4559 -0.0515 195 158 141
0.7021 -0.3660 -0.0533 221 183 154
0.6983 -0.3087 -0.0537 234 200 171
0.6903 -0.2713 -0.0536 239 208 178
0.6900 -0.2113 -0.0535 246 222 192
0.6924 -0.1714 -0.0534 249 230 204
0.7105 -0.0817 -0.0534 222 185 157
0.7033 -0.0351 -0.0534 254 253 243
0.6694 0.1035 -0.0537 243 157 85
0.6801 0.1629 -0.0537 238 148 82
0.6910 0.2090 -0.0537 238 148 82
0.6906 0.2690 -0.0536 233 140 80
0.6934 0.3266 -0.0535 229 136 79
0.6881 0.3917 -0.0519 109 80 93
0.6907 0.4520 -0.0519 98 76 94
0.6898 0.5163 -0.0517 165 131 126
0.6909 0.5732 -0.0516 182 150 141
0.6896 0.5984 0.0919 236 194 120
0.6901 0.5987 0.1543 251 227 153
0.6914 0.5987 0.2101 251 227 154
0.6916 0.5987 0.2698 251 229 158
0.6915 0.5987 0.3298 252 235 170
0.6914 0.5987 0.3900 250 228 159
0.6915 0.5987 0.4500 251 230 163
0.6915 0.5987 0.5097 248 208 150
0.6920 0.5987 0.5402 254 128 251
0.6904 0.6311 -0.0515 178 145 137
0.7159 0.6597 0.0921 242 204 130
0.7166 0.6598 0.1487 246 213 139
0.7172 0.6598 0.2046 247 214 140
0.7188 0.6599 0.2690 248 220 147
0.7187 0.6599 0.3250 252 237 173
0.7130 0.6556 0.3907 236 198 125
0.7129 0.6553 0.4497 234 194 122
0.7104 0.6500 0.4932 231 194 124
0.6669 0.6003 0.5407 212 97 184
0.6908 0.6622 0.0425 132 92 53
0.6907 0.6623 0.0905 130 90 52
0.6907 0.6624 0.1501 129 90 52
0.6906 0.6625 0.2097 126 88 51
0.6905 0.6626 0.2692 124 87 52
0.6904 0.6627 0.3312 129 94 56
0.6903 0.6628 0.3908 115 82 49
0.6902 0.6629 0.4504 110 78 47
0.6902 0.6630 0.5101 97 68 41
0.6904 0.6630 0.5411 91 61 39
0.7120 1.2598 0.0954 245 218 150
0.7147 1.2598 0.1497 230 184 114
0.7153 1.2599 0.2106 236 196 126
0.7158 1.2599 0.2715 232 191 121
0.7162 1.2600 0.3120 235 196 126
0.6922 1.2751 -0.0380 249 213 155
0.6794 1.2618 0.1150 239 200 127
0.6891 1.2617 0.1686 254 244 185
0.6922 1.2617 0.2100 254 245 188
0.6906 1.2618 0.2702 254 246 190
0.6904 1.2619 0.3303 254 248 196
0.6909 1.2620 0.3901 254 248 196
0.6910 1.2621 0.4500 254 245 189
0.6912 1.2622 0.5098 247 216 145
0.6795 1.3465 -0.0537 245 160 85
0.6683 1.3952 -0.0537 245 161 86
0.7108 1.4712 -0.0535 224 128 72
0.7068 1.5314 -0.0535 248 224 203
0.7030 1.5910 -0.0535 254 254 249
0.7149 1.6669 -0.0537 243 215 183
0.7091 1.7137 -0.0537 249 228 198
0.6749 1.7939 -0.0537 232 198 168
0.6874 1.8326 -0.0537 243 217 188
0.6911 1.8892 -0.0536 252 237 212
0.7088 1.9736 -0.0536 225 189 160
0.6920 2.0105 -0.0535 169 119 105
0.6970 2.0487 -0.0534 142 79 70
0.6960 2.1362 -0.0516 226 197 141
0.6961 2.2120 -0.0537 128 69 62
0.6904 2.2485 -0.0536 140 75 64
0.6905 2.3089 -0.0535 154 82 67
0.6941 2.3539 -0.0534 164 88 70
0.6630 2.4545 -0.0537 225 142 83
0.6643 2.4947 -0.0262 247 201 187
0.6902 2.4996 0.1069 255 210 254
0.6651 2.4988 0.1718 255 242 255
0.6645 2.4988 0.2097 255 243 255
0.6644 2.4988 0.2699 255 241 254
0.6644 2.4988 0.3304 254 235 254
0.6644 2.4988 0.3902 254 226 254
0.6644 2.4988 0.4499 254 212 254
0.6644 2.4988 0.5105 254 190 254
0.6644 2.4988 0.5702 253 159 252
0.6644 2.4988 0.6299 239 113 234
0.6923 2.5025 0.7014 129 50 136
0.6935 2.5003 0.7569 216 118 180
0.6896 2.5003 0.8102 244 116 238
0.6896 2.5003 0.8721 243 114 237
0.6896 2.5003 0.9284 242 111 235
0.6896 2.5003 0.9903 240 109 233
0.6896 2.5003 1.0521 238 107 231
0.6896 2.5003 1.1083 236 104 229
0.6896 2.5003 1.1699 234 101 226
0.6896 2.5003 1.2317 231 98 223
0.6896 2.5003 1.2881 228 95 221
0.6897 2.5003 1.3331 226 93 218
0.7500 -2.4916 -0.0303 254 242 252
0.7503 -2.4991 0.1121 254 171 254
0.7616 -2.4998 0.1740 254 226 254
0.7480 -2.4998 0.2103 254 231 254
0.7485 -2.4998 0.2700 254 231 254
0.7506 -2.4998 0.3301 254 229 254
0.7467 -2.4998 0.3897 254 228 254
0.7487 -2.4998 0.4498 254 219 254
0.7501 -2.4998 0.5104 254 203 254
0.7469 -2.4998 0.5696 254 184 254
0.7490 -2.4998 0.6295 254 160 254
0.7493 -2.4998 0.6903 251 133 249
0.7473 -2.4998 0.7500 234 104 234
0.7552 -2.4998 0.8008 215 86 219
0.7465 -2.4992 0.8701 246 119 244
0.7506 -2.4992 0.9297 240 109 239
0.7515 -2.4992 0.9908 233 100 232
0.7527 -2.4992 1.0424 225 93 226
0.7493 -2.4970 1.1091 227 96 228
0.7479 -2.4970 1.1694 222 92 224
0.7606 -2.4970 1.2147 220 90 223
0.7498 -2.4971 1.2895 139 78 164
0.7501 -2.4970 1.3348 49 62 98
0.7546 -2.4307 -0.0537 254 254 253
0.7567 -2.3703 -0.0537 254 254 252
0.7599 -2.3102 -0.0537 254 254 252
0.7620 -2.2508 -0.0537 254 254 253
0.7660 -2.1911 -0.0537 254 254 253
0.7678 -2.1308 -0.0537 254 254 252
0.7711 -2.0712 -0.0537 254 254 250
0.7730 -2.0106 -0.0537 242 184 139
0.7754 -1.9572 -0.0537 222 124 64
0.7768 -1.9039 -0.0536 200 104 57
0.7249 -1.8236 -0.0533 143 73 59
0.7278 -1.7671 -0.0534 134 69 57
0.7324 -1.7079 -0.0534 118 62 57
0.7378 -1.6645 -0.0534 106 57 56
0.7480 -1.6108 -0.0520 225 86 209
0.7738 -1.5301 -0.0519 129 89 96
0.7684 -1.4895 -0.0522 224 171 186
0.7501 -1.4085 -0.0536 245 219 189
0.7578 -1.3660 -0.0537 242 209 175
0.7328 -1.2946 -0.0537 242 212 181
0.7260 -1.2505 -0.0536 240 210 181
0.7682 -1.1900 -0.0535 255 254 248
0.7516 -1.1307 -0.0265 254 252 217
0.7511 -1.1304 0.1031 250 230 165
0.7511 -1.1304 0.1501 248 219 147
0.7511 -1.1304 0.2104 250 225 154
0.7511 -1.1304 0.2707 251 231 164
0.7511 -1.1304 0.3309 252 235 171
0.7512 -1.1304 0.3911 252 238 177
0.7514 -1.1304 0.4507 250 231 166
0.7511 -1.1304 0.5101 240 201 129
0.7466 -1.1305 0.5403 230 83 226
0.7499 -0.5302 0.0359 221 173 105
0.7518 -0.5301 0.1016 218 168 100
0.7518 -0.5301 0.1491 218 168 100
0.7518 -0.5301 0.2097 217 167 100
0.7519 -0.5301 0.2704 219 171 106
0.7519 -0.5301 0.3310 225 183 117
0.7522 -0.5301 0.3902 216 171 106
0.7516 -0.5301 0.4489 209 162 101
0.7519 -0.5301 0.5092 196 147 91
0.7430 -0.5301 0.5404 196 146 89
0.7502 -0.4596 -0.0515 196 159 142
0.7498 -0.3673 -0.0534 233 196 166
0.7468 -0.3066 -0.0537 245 218 186
0.7505 -0.2713 -0.0537 249 228 198
0.7499 -0.2108 -0.0535 252 238 213
0.7515 -0.1681 -0.0535 253 242 219
0.7505 -0.0757 -0.0535 231 196 166
0.7631 -0.0439 -0.0535 232 199 170
0.7725 0.0743 -0.0516 185 128 78
0.7591 0.1537 -0.0509 167 123 81
0.7424 0.2197 -0.0537 243 157 85
0.7508 0.2690 -0.0537 241 154 84
0.7510 0.3289 -0.0536 237 145 81
0.7494 0.3830 -0.0519 116 80 91
0.7499 0.4486 -0.0519 101 75 93
0.7499 0.5126 -0.0517 164 129 124
0.7507 0.5698 -0.0516 188 155 144
0.7497 0.5985 0.0981 238 195 120
0.7497 0.5988 0.1606 252 232 161
0.7513 0.5988 0.2100 253 234 165
0.7513 0.5988 0.2700 253 236 170
0.7517 0.5988 0.3301 254 242 182
0.7514 0.5988 0.3900 253 239 175
0.7515 0.5988 0.4501 252 233 164
0.7515 0.5988 0.5103 247 204 149
0.7463 0.5985 0.5406 252 118 248
0.7592 0.6592 0.0420 157 115 67
0.7613 0.6592 0.0900 153 110 64
0.7614 0.6593 0.1499 151 109 64
0.7631 0.6593 0.2088 152 111 65
0.7636 0.6594 0.2692 150 110 65
0.7647 0.6594 0.3298 148 108 64
0.7665 0.6595 0.3919 138 99 58
0.7689 0.6594 0.4492 133 94 55
0.7704 0.6595 0.5102 127 90 53
0.7703 0.6595 0.5413 130 87 60
0.7309 0.6605 0.0417 137 94 53
0.7330 0.6605 0.0908 137 95 54
0.7331 0.6605 0.1500 137 95 54
0.7349 0.6606 0.2106 134 93 53
0.7353 0.6606 0.2692 132 92 53
0.7366 0.6607 0.3324 137 99 58
0.7375 0.6607 0.3909 132 95 56
0.7384 0.6608 0.4515 123 87 52
0.7397 0.6608 0.5102 109 75 45
0.7388 0.6609 0.5412 110 75 45
0.7338 1.2596 -0.0155 253 243 190
0.7466 1.2584 0.1034 235 196 127
0.7379 1.2597 0.1733 253 244 185
0.7379 1.2597 0.2093 254 247 194
0.7397 1.2597 0.2697 254 248 198
0.7404 1.2598 0.3269 254 252 216
0.7418 1.2598 0.3898 254 250 210
0.7430 1.2599 0.4450 253 244 190
0.7442 1.2599 0.5099 244 209 138
0.7250 1.2684 -0.0391 252 229 172
0.7249 1.2602 0.1718 254 242 179
0.7257 1.2602 0.2111 254 248 198
0.7273 1.2603 0.2696 254 250 206
0.7283 1.2603 0.3313 254 253 223
0.7295 1.2604 0.3902 254 254 229
0.7309 1.2604 0.4512 254 252 216
0.7316 1.2605 0.5097 246 214 142
0.7514 1.3501 -0.0535 211 116 66
0.7510 1.4101 -0.0535 223 127 70
0.7517 1.4704 -0.0535 229 133 73
0.7510 1.5303 -0.0536 249 225 204
0.7704 1.6114 -0.0536 249 232 215
0.7525 1.6558 -0.0537 244 216 185
0.7485 1.7098 -0.0536 249 228 199
0.7488 1.7697 -0.0536 254 245 226
0.7257 1.8517 -0.0537 250 235 210
0.7389 1.8957 -0.0537 253 241 217
0.7557 1.9630 -0.0537 232 198 169
0.7504 2.0090 -0.0536 189 136 115
0.7530 2.0576 -0.0535 154 83 69
0.7486 2.1346 -0.0516 122 89 97
0.7335 2.2149 -0.0537 143 76 63
0.7500 2.2493 -0.0537 163 86 64
0.7503 2.3084 -0.0536 175 92 68
0.7524 2.3627 -0.0534 184 98 70
0.7591 2.4235 -0.0502 161 123 91
0.7501 2.4998 0.0002 208 137 146
0.7500 2.5003 0.0913 208 133 148
0.7499 2.5003 0.1534 205 130 147
0.7499 2.5003 0.2089 202 126 144
0.7500 2.5003 0.2707 203 127 144
0.7500 2.5003 0.3326 204 128 146
0.7500 2.5003 0.3890 199 122 143
0.7500 2.5003 0.4508 200 122 143
0.7500 2.5003 0.5126 201 122 143
0.7500 2.5003 0.5690 203 125 145
0.7500 2.5003 0.6309 186 112 135
0.7506 2.5003 0.6938 199 124 141
0.7502 2.5003 0.7491 237 121 221
0.7502 2.5003 0.8108 246 119 240
0.7502 2.5003 0.8727 245 117 239
0.7502 2.5003 0.9292 243 115 237
0.7502 2.5003 0.9911 242 112 235
0.7501 2.5003 1.0529 240 109 233
0.7500 2.5003 1.1092 238 106 231
0.7500 2.5003 1.1709 236 103 229
0.7500 2.5003 1.2328 233 100 226
0.7500 2.5003 1.2893 231 98 223
0.7500 2.5003 1.3343 229 96 221
0.8077 -2.4883 -0.0425 254 245 250
0.8069 -2.4991 0.1071 254 167 254
0.8126 -2.4997 0.1687 254 218 254
0.8084 -2.4997 0.2104 254 220 254
0.8089 -2.4997 0.2690 254 220 254
0.8090 -2.4997 0.3299 254 219 254
0.8080 -2.4997 0.3901 254 217 254
0.8094 -2.4997 0.4491 254 212 254
0.8090 -2.4997 0.5101 254 199 254
0.8079 -2.4997 0.5705 254 183 254
0.8094 -2.4997 0.6297 254 164 254
0.8088 -2.4997 0.6904 253 143 252
0.8077 -2.4997 0.7500 247 121 245
0.8100 -2.4997 0.8100 231 99 231
0.8173 -2.4996 0.8550 216 86 220
0.8105 -2.4991 0.9297 242 112 240
0.8120 -2.4991 0.9880 236 104 235
0.8076 -2.4991 1.0522 228 96 229
0.8134 -2.4990 1.0994 223 92 224
0.8114 -2.4969 1.1697 224 93 226
0.8106 -2.4969 1.2268 221 90 223
0.8137 -2.4969 1.2728 190 85 201
0.8004 -2.4970 1.3341 49 62 98
0.8087 -2.4298 -0.0536 254 254 251
0.8091 -2.3699 -0.0536 254 254 250
0.8084 -2.3103 -0.0536 254 254 251
0.8089 -2.2496 -0.0536 254 254 252
0.8084 -2.1894 -0.0536 254 254 252
0.8087 -2.1303 -0.0536 254 254 251
0.8090 -2.0700 -0.0537 254 254 250
0.8081 -2.0099 -0.0537 239 179 136
0.8087 -1.9499 -0.0537 219 122 64
0.8087 -1.8894 -0.0537 201 107 59
0.8102 -1.8308 -0.0537 185 94 55
0.8136 -1.7704 -0.0537 160 80 53
0.8186 -1.7166 -0.0537 135 69 52
0.8295 -1.6677 -0.0531 110 62 60
0.8122 -1.5916 -0.0520 87 62 82
0.8263 -1.5356 -0.0521 118 68 109
0.8265 -1.4853 -0.0520 232 119 212
0.8114 -1.4104 -0.0520 211 150 177
0.8282 -1.3719 -0.0523 253 164 242
0.8116 -1.2968 -0.0535 255 253 242
0.8285 -1.2260 -0.0535 254 249 236
0.8159 -1.1853 -0.0535 255 254 249
0.8112 -1.1305 -0.0198 254 251 217
0.8100 -1.1304 0.1047 251 228 159
0.8105 -1.1304 0.1498 250 225 154
0.8107 -1.1304 0.2101 250 227 158
0.8111 -1.1304 0.2707 251 229 161
0.8107 -1.1304 0.3308 251 232 167
0.8106 -1.1304 0.3902 251 233 166
0.8106 -1.1304 0.4497 251 233 167
0.8110 -1.1304 0.5096 244 208 136
0.8136 -1.1305 0.5402 205 89 215
0.8164 -0.5284 -0.0262 213 165 105
0.8118 -0.5301 0.1027 234 192 120
0.8154 -0.5301 0.1695 209 161 99
0.8154 -0.5301 0.2099 206 158 97
0.8154 -0.5301 0.2696 202 155 95
0.8154 -0.5301 0.3294 196 151 93
0.8154 -0.5301 0.3891 176 132 82
0.8157 -0.5301 0.4495 152 114 73
0.8154 -0.5301 0.5101 105 77 56
0.8141 -0.5301 0.5404 201 148 100
0.8081 -0.4530 -0.0515 199 163 144
0.8107 -0.3687 -0.0534 244 215 182
0.8050 -0.3035 -0.0537 252 236 208
0.8101 -0.2714 -0.0537 253 243 220
0.8104 -0.2117 -0.0536 254 247 230
0.8107 -0.1651 -0.0534 253 246 228
0.8103 -0.0769 -0.0534 243 216 186
0.8145 -0.0201 -0.0536 220 181 152
0.8120 0.0830 -0.0510 125 90 90
0.8069 0.1424 -0.0508 112 82 93
0.7865 0.2372 -0.0537 237 164 92
0.8042 0.2767 -0.0537 247 168 90
0.8108 0.3291 -0.0536 242 157 86
0.8245 0.4107 -0.0519 107 77 91
0.8068 0.4484 -0.0519 103 76 92
0.8098 0.5103 -0.0517 167 131 126
0.8120 0.5655 -0.0516 194 160 147
0.8090 0.5986 0.1045 245 211 137
0.8094 0.5989 0.1670 254 244 183
0.8119 0.5989 0.2100 254 246 189
0.8121 0.5989 0.2700 254 245 187
0.8119 0.5989 0.3300 254 246 189
0.8120 0.5989 0.3900 254 240 176
0.8120 0.5989 0.4499 252 231 160
0.8120 0.5989 0.5100 249 209 159
0.8031 0.5986 0.5403 253 112 251
0.8088 0.6571 0.0422 163 118 68
0.8087 0.6572 0.0902 164 119 69
0.8087 0.6573 0.1499 164 119 69
0.8086 0.6573 0.2095 165 122 71
0.8085 0.6574 0.2692 161 118 69
0.8084 0.6575 0.3312 160 118 69
0.8089 0.6576 0.3905 149 108 63
0.8107 0.6576 0.4506 141 100 58
0.8106 0.6577 0.5103 135 97 57
0.8119 0.6577 0.5414 134 88 61
0.8153 1.2560 -0.0329 242 212 142
0.8052 1.2560 0.1106 238 203 132
0.8097 1.2564 0.1626 240 208 140
0.8118 1.2564 0.2099 241 209 140
0.8118 1.2565 0.2701 237 203 136
0.8115 1.2566 0.3301 229 190 123
0.8115 1.2567 0.3899 217 173 109
0.8114 1.2568 0.4499 195 147 91
0.8113 1.2569 0.5098 169 124 78
0.8113 1.2904 -0.0536 211 131 79
0.8115 1.3505 -0.0536 211 117 66
0.8112 1.4102 -0.0537 221 127 70
0.8116 1.4699 -0.0537 234 141 75
0.8104 1.5295 -0.0537 250 225 202
0.8172 1.6060 -0.0536 245 214 186
0.8088 1.6498 -0.0536 245 217 187
0.8089 1.7099 -0.0535 250 229 201
0.8083 1.7698 -0.0535 253 244 224
0.8039 1.8282 -0.0535 254 249 233
0.8224 1.9084 -0.0522 245 222 158
0.8073 1.9601 -0.0537 243 216 186
0.8105 2.0087 -0.0536 204 148 122
0.8121 2.0657 -0.0535 174 92 69
0.8106 2.1377 -0.0515 116 82 94
0.8239 2.1977 -0.0509 158 115 91
0.8188 2.2669 -0.0508 189 134 83
0.8258 2.3292 -0.0510 123 88 91
0.8036 2.3467 -0.0504 169 125 88
0.8098 2.4135 -0.0501 115 93 96
0.8106 2.4996 0.0012 236 125 230
0.8109 2.5003 0.0904 247 129 240
0.8110 2.5003 0.1523 246 129 239
0.8110 2.5003 0.2088 246 129 239
0.8109 2.5003 0.2707 247 129 240
0.8110 2.5003 0.3327 246 129 239
0.8110 2.5003 0.3891 246 128 239
0.8109 2.5003 0.4509 246 128 240
0.8110 2.5003 0.5128 245 127 239
0.8110 2.5003 0.5693 245 127 239
0.8109 2.5003 0.6313 245 126 239
0.8108 2.5003 0.6935 247 126 240
0.8107 2.5003 0.7496 248 125 243
0.8099 2.5003 0.8106 247 123 242
0.8115 2.5003 0.8723 246 120 240
0.8107 2.5003 0.9299 245 117 239
0.8092 2.5003 0.9894 243 115 237
0.8121 2.5003 1.0507 242 112 235
0.8105 2.5003 1.1100 240 109 233
0.8091 2.5003 1.1685 238 106 231
0.8118 2.5003 1.2301 236 103 228
0.8105 2.5003 1.2905 233 100 225
0.8104 2.5003 1.3355 231 98 223
0.8669 -2.4853 -0.0498 254 252 247
0.8665 -2.4990 0.1006 254 160 253
0.8699 -2.4995 0.1609 254 208 254
0.8686 -2.4996 0.2098 254 209 254
0.8695 -2.4995 0.2709 254 209 254
0.8687 -2.4995 0.3291 254 208 254
0.8683 -2.4995 0.3898 254 206 254
0.8694 -2.4995 0.4511 254 203 254
0.8693 -2.4995 0.5101 254 194 254
0.8677 -2.4995 0.5691 254 180 254
0.8692 -2.4995 0.6304 254 164 254
0.8687 -2.4995 0.6902 253 147 252
0.8689 -2.4995 0.7490 250 130 248
0.8692 -2.4995 0.8099 242 112 240
0.8691 -2.4995 0.8686 227 95 228
0.8874 -2.4995 0.9123 219 89 222
0.8710 -2.4990 0.9922 237 106 236
0.8698 -2.4990 1.0502 232 100 232
0.8665 -2.4990 1.1086 225 94 227
0.8763 -2.4988 1.1544 221 91 224
0.8680 -2.4968 1.2299 222 91 224
0.8677 -2.4968 1.2817 128 74 156
0.8703 -2.4969 1.3335 50 63 99
0.8692 -2.4299 -0.0535 254 253 247
0.8686 -2.3699 -0.0535 254 254 247
0.8690 -2.3101 -0.0535 254 254 248
0.8686 -2.2499 -0.0535 254 254 248
0.8691 -2.1902 -0.0535 254 254 248
0.8681 -2.1290 -0.0535 254 254 249
0.8698 -2.0701 -0.0535 254 253 247
0.8679 -2.0096 -0.0535 237 174 130
0.8694 -1.9495 -0.0536 218 120 64
0.8684 -1.8899 -0.0536 205 108 60
0.8686 -1.8300 -0.0536 187 97 58
0.8686 -1.7694 -0.0536 168 85 55
0.8690 -1.7106 -0.0536 143 72 53
0.8777 -1.6616 -0.0536 124 63 53
0.8691 -1.5910 -0.0519 87 61 79
0.8697 -1.5304 -0.0520 98 70 88
0.8771 -1.4842 -0.0519 236 106 225
0.8735 -1.4107 -0.0519 185 149 136
0.8773 -1.3572 -0.0519 235 153 221
0.8735 -1.2922 -0.0515 202 164 144
0.8725 -1.2146 -0.0534 253 245 224
0.8854 -1.1797 -0.0535 254 247 230
0.8857 -1.1356 -0.0484 254 253 242
0.8696 -1.1304 0.1064 252 232 166
0.8710 -1.1304 0.1503 252 236 170
0.8705 -1.1304 0.2098 252 235 169
0.8705 -1.1304 0.2703 252 232 166
0.8705 -1.1304 0.3307 252 234 169
0.8708 -1.1304 0.3897 252 232 166
0.8704 -1.1304 0.4499 252 232 167
0.8706 -1.1304 0.5102 247 213 143
0.8826 -1.1305 0.5402 182 85 197
0.8697 -0.5282 -0.0261 224 178 114
0.8713 -0.5301 0.1037 246 219 149
0.8693 -0.5301 0.1703 230 190 121
0.8699 -0.5301 0.2104 225 180 111
0.8698 -0.5301 0.2700 221 177 110
0.8698 -0.5301 0.3293 216 172 107
0.8698 -0.5301 0.3900 202 157 98
0.8698 -0.5301 0.4506 181 137 85
0.8698 -0.5301 0.5100 142 103 67
0.8750 -0.5315 0.5402 235 196 125
0.8713 -0.4393 -0.0515 202 166 146
0.8926 -0.3660 -0.0534 214 178 154
0.8701 -0.3287 -0.0535 251 232 203
0.8694 -0.2705 -0.0537 254 250 233
0.8703 -0.2113 -0.0536 254 251 237
0.8707 -0.1618 -0.0534 254 251 238
0.8841 -0.0880 -0.0534 231 205 181
0.8707 0.0009 -0.0536 202 150 122
0.8712 0.0942 -0.0510 120 85 92
0.8892 0.1661 -0.0526 116 75 79
0.8901 0.1884 -0.0534 124 71 69
0.8468 0.2933 -0.0537 248 170 88
0.8659 0.3343 -0.0537 248 167 88
0.8695 0.4146 -0.0519 115 77 90
0.8702 0.4539 -0.0519 112 76 89
0.8686 0.5068 -0.0517 168 130 123
0.8726 0.5623 -0.0516 199 164 150
0.8684 0.5987 0.1105 248 220 147
0.8539 0.5990 0.1715 254 249 198
0.8545 0.5990 0.2100 254 249 199
0.8543 0.5990 0.2701 254 249 199
0.8545 0.5990 0.3300 254 250 201
0.8546 0.5990 0.3897 254 241 179
0.8545 0.5990 0.4499 252 233 164
0.8546 0.5990 0.5100 243 193 140
0.8748 0.5987 0.5405 251 106 246
0.8702 0.6544 0.0420 184 138 81
0.8702 0.6545 0.0901 184 138 82
0.8701 0.6546 0.1498 186 142 84
0.8701 0.6547 0.2095 186 142 84
0.8700 0.6548 0.2692 179 134 79
0.8699 0.6549 0.3312 173 128 75
0.8699 0.6550 0.3909 169 125 74
0.8698 0.6551 0.4507 161 118 69
0.8697 0.6551 0.5104 143 100 58
0.8709 0.6551 0.5414 147 98 66
0.8592 1.2543 -0.0224 235 199 129
0.8522 1.2541 0.1166 238 202 132
0.8560 1.2545 0.1686 240 207 137
0.8569 1.2546 0.2100 237 202 132
0.8568 1.2547 0.2698 228 187 119
0.8568 1.2548 0.3298 215 170 106
0.8566 1.2549 0.3901 204 159 100
0.8564 1.2549 0.4499 173 128 80
0.8563 1.2550 0.5097 123 89 61
0.8549 1.2886 -0.0537 209 126 74
0.8510 1.3481 -0.0537 215 115 61
0.8469 1.4080 -0.0537 230 131 66
0.8443 1.4664 -0.0537 234 136 69
0.8877 1.5517 -0.0535 244 214 189
0.8661 1.5911 -0.0535 245 217 190
0.8570 1.6476 -0.0534 246 218 189
0.8501 1.7058 -0.0534 248 226 196
0.8453 1.7548 -0.0533 250 236 213
0.8719 1.8310 -0.0516 208 172 151
0.8712 1.9093 -0.0521 221 186 164
0.8642 1.9696 -0.0537 251 234 207
0.8707 2.0087 -0.0536 219 161 128
0.8816 2.0753 -0.0513 193 134 84
0.8793 2.1334 -0.0507 159 118 90
0.8718 2.2003 -0.0502 124 98 95
0.8683 2.2675 -0.0504 106 83 94
0.8722 2.3307 -0.0498 103 85 94
0.8750 2.3787 -0.0498 133 101 87
0.8747 2.4115 -0.0497 99 82 94
0.8711 2.4990 -0.0009 232 125 228
0.8713 2.5003 0.0900 249 130 245
0.8713 2.5003 0.1520 249 131 245
0.8713 2.5003 0.2086 249 131 245
0.8713 2.5003 0.2707 249 131 245
0.8713 2.5003 0.3327 249 131 245
0.8713 2.5003 0.3891 249 131 245
0.8713 2.5003 0.4510 249 130 245
0.8713 2.5003 0.5130 249 130 244
0.8713 2.5003 0.5696 249 129 244
0.8706 2.5003 0.6307 248 128 244
0.8721 2.5003 0.6923 248 128 244
0.8713 2.5003 0.7499 248 127 244
0.8713 2.5003 0.8065 248 126 243
0.8713 2.5003 0.8686 247 123 242
0.8713 2.5003 0.9306 246 120 241
0.8713 2.5003 0.9873 245 118 239
0.8713 2.5003 1.0491 243 115 237
0.8713 2.5003 1.1109 242 112 235
0.8713 2.5003 1.1675 240 109 233
0.8713 2.5003 1.2296 237 105 230
0.8713 2.5003 1.2916 235 102 227
0.8712 2.5003 1.3367 233 100 225
0.9078 -2.4808 -0.0509 254 249 246
0.9238 -2.4989 0.0936 253 153 253
0.9301 -2.4994 0.1554 254 197 254
0.9296 -2.4994 0.2098 254 198 254
0.9275 -2.4994 0.2702 254 198 254
0.9296 -2.4994 0.3315 254 197 254
0.9286 -2.4994 0.3901 254 195 254
0.9292 -2.4994 0.4486 254 193 254
0.9298 -2.4994 0.5099 254 188 254
0.9277 -2.4994 0.5702 254 176 254
0.9300 -2.4994 0.6297 254 163 254
0.9285 -2.4994 0.6904 253 148 252
0.9281 -2.4994 0.7518 251 133 249
0.9296 -2.4994 0.8096 246 119 244
0.9292 -2.4994 0.8680 237 106 236
0.9322 -2.4994 0.9267 225 93 226
0.9485 -2.4993 0.9698 222 92 224
0.9363 -2.4988 1.0501 234 102 233
0.9253 -2.4988 1.1088 228 96 229
0.9264 -2.4988 1.1680 223 92 225
0.9416 -2.4985 1.2127 220 90 223
0.9270 -2.4967 1.2913 104 71 138
0.9313 -2.4967 1.3331 48 61 97
0.9085 -2.4275 -0.0534 254 252 244
0.9092 -2.3700 -0.0534 254 253 245
0.9115 -2.3079 -0.0534 254 253 245
0.9118 -2.2492 -0.0534 254 253 246
0.9144 -2.1892 -0.0534 254 253 247
0.9146 -2.1301 -0.0534 254 253 247
0.9171 -2.0696 -0.0534 254 253 245
0.9172 -2.0102 -0.0534 236 175 134
0.9199 -1.9496 -0.0534 218 121 66
0.9203 -1.8905 -0.0535 205 111 64
0.9222 -1.8296 -0.0535 188 99 61
0.9230 -1.7699 -0.0535 169 87 59
0.9248 -1.7090 -0.0535 149 77 58
0.9260 -1.6503 -0.0535 137 71 58
0.9388 -1.6060 -0.0535 140 72 60
0.9318 -1.5288 -0.0518 144 96 99
0.9317 -1.4749 -0.0519 203 109 185
0.9281 -1.4114 -0.0517 182 142 136
0.9322 -1.3510 -0.0518 199 148 166
0.9429 -1.3039 -0.0516 246 152 236
0.9312 -1.2164 -0.0534 254 251 238
0.9294 -1.1687 -0.0536 254 252 243
0.9214 -1.1054 -0.0347 251 238 208
0.9119 -1.1054 0.1023 165 129 104
0.9113 -1.1068 0.1688 201 171 132
0.9113 -1.1045 0.2099 235 180 159
0.9113 -1.1045 0.2698 244 173 175
0.9113 -1.1046 0.3298 243 172 176
0.9113 -1.1045 0.3900 238 165 169
0.9113 -1.1046 0.4499 227 149 158
0.9113 -1.1045 0.5100 210 124 154
0.9120 -1.1061 0.5403 250 138 242
0.9124 -1.0790 -0.0201 247 225 172
0.9118 -1.0534 0.1091 239 203 131
0.9113 -1.0755 0.1693 243 209 134
0.9113 -1.0786 0.2101 239 198 123
0.9113 -1.0786 0.2702 240 201 126
0.9113 -1.0786 0.3303 234 194 121
0.9113 -1.0786 0.3905 229 188 117
0.9113 -1.0786 0.4506 211 167 101
0.9113 -1.0786 0.5107 181 124 93
0.9121 -1.0548 0.5406 249 129 246
0.9123 -0.9914 0.0493 204 153 90
0.9117 -1.0016 0.1144 231 186 113
0.9116 -0.9884 0.1500 234 190 116
0.9116 -0.9881 0.2100 232 188 115
0.9116 -0.9881 0.2700 230 187 116
0.9116 -0.9885 0.3299 233 198 128
0.9116 -0.9882 0.3899 222 178 110
0.9116 -0.9881 0.4499 217 173 106
0.9116 -0.9882 0.5100 209 151 108
0.9121 -1.0069 0.5404 248 127 246
0.9297 -0.9224 -0.0508 213 122 71
0.9121 -0.9305 0.0904 213 163 97
0.9115 -0.9305 0.1553 237 196 122
0.9115 -0.9288 0.2101 237 197 124
0.9115 -0.9291 0.2699 236 195 122
0.9115 -0.9288 0.3298 234 195 123
0.9115 -0.9288 0.3900 227 183 113
0.9115 -0.9289 0.4499 216 169 101
0.9115 -0.9288 0.5099 205 146 105
0.9118 -0.9410 0.5404 245 120 243
0.9226 -0.8665 -0.0420 223 154 96
0.9120 -0.8731 0.0958 222 176 107
0.9114 -0.8712 0.1629 240 203 129
0.9114 -0.8688 0.2100 240 204 131
0.9114 -0.8687 0.2701 238 200 127
0.9114 -0.8689 0.3303 235 196 123
0.9114 -0.8688 0.3901 222 176 107
0.9114 -0.8689 0.4500 209 160 95
0.9114 -0.8687 0.5100 196 138 101
0.9119 -0.8636 0.5403 242 116 241
0.9197 -0.8169 -0.0321 226 167 106
0.9119 -0.8122 0.1038 232 192 121
0.9113 -0.8197 0.1695 242 213 142
0.9113 -0.8177 0.2100 241 210 140
0.9113 -0.8176 0.2698 236 200 129
0.9113 -0.8178 0.3298 228 188 118
0.9113 -0.8178 0.3900 221 178 110
0.9113 -0.8178 0.4501 202 156 93
0.9113 -0.8177 0.5101 170 110 82
0.9121 -0.8054 0.5405 246 123 243
0.9123 -0.7499 0.0449 211 166 101
0.9118 -0.7542 0.1110 238 201 128
0.9117 -0.7504 0.1501 238 203 132
0.9117 -0.7505 0.2101 239 205 134
0.9117 -0.7502 0.2696 237 202 132
0.9117 -0.7501 0.3296 231 191 121
0.9117 -0.7505 0.3899 224 180 111
0.9117 -0.7504 0.4499 211 162 96
0.9117 -0.7502 0.5099 207 149 106
0.9120 -0.7508 0.5404 244 119 242
0.9378 -0.6653 -0.0492 205 111 66
0.9117 -0.7078 0.1144 231 187 115
0.9116 -0.6898 0.1509 236 196 123
0.9116 -0.6890 0.2100 238 201 128
0.9116 -0.6889 0.2702 240 208 137
0.9116 -0.6890 0.3303 239 205 135
0.9116 -0.6892 0.3900 235 201 131
0.9116 -0.6891 0.4500 225 185 117
0.9116 -0.6890 0.5101 201 140 101
0.9120 -0.6977 0.5405 244 118 241
0.9266 -0.6263 -0.0490 208 125 76
0.9121 -0.6300 0.0912 224 181 112
0.9115 -0.6299 0.1575 237 196 123
0.9115 -0.6283 0.2099 235 195 123
0.9115 -0.6281 0.2697 233 193 122
0.9115 -0.6282 0.3297 232 194 124
0.9115 -0.6284 0.3900 225 185 117
0.9115 -0.6283 0.4500 216 174 108
0.9115 -0.6283 0.5100 193 132 96
0.9120 -0.6164 0.5402 233 93 227
0.9213 -0.5664 -0.0382 217 150 94
0.9120 -0.5700 0.0986 227 183 113
0.9114 -0.5709 0.1653 240 203 130
0.9114 -0.5681 0.2101 237 200 127
0.9114 -0.5682 0.2701 232 191 120
0.9114 -0.5679 0.3300 227 186 116
0.9114 -0.5682 0.3899 217 173 105
0.9114 -0.5681 0.4499 204 158 96
0.9114 -0.5681 0.5099 176 116 85
0.9118 -0.5785 0.5403 233 92 227
0.9178 -0.5292 -0.0344 215 150 94
0.9080 -0.5312 0.1038 238 203 132
0.9082 -0.5320 0.1696 240 204 131
0.9080 -0.5318 0.2099 230 184 112
0.9081 -0.5319 0.2700 223 172 102
0.9081 -0.5319 0.3293 216 165 97
0.9081 -0.5319 0.3897 200 147 85
0.9081 -0.5319 0.4500 185 136 79
0.9081 -0.5319 0.5098 157 103 75
0.9508 -0.4263 -0.0531 240 210 186
0.9368 -0.3834 -0.0534 229 195 170
0.9302 -0.3287 -0.0535 254 248 231
0.9293 -0.2669 -0.0537 254 253 245
0.9299 -0.2118 -0.0536 254 253 245
0.9459 -0.1339 -0.0535 240 214 192
0.9346 -0.1057 -0.0534 233 205 182
0.9298 0.0001 -0.0536 223 173 142
0.9347 0.0940 -0.0510 136 91 94
0.9386 0.1577 -0.0535 140 81 76
0.9313 0.1852 -0.0534 134 79 75
0.9281 0.2808 -0.0537 223 131 81
0.9092 0.3522 -0.0537 245 160 86
0.9322 0.4137 -0.0521 114 76 89
0.9305 0.4508 -0.0519 113 77 90
0.9302 0.5028 -0.0517 165 127 122
0.9323 0.5587 -0.0516 201 167 151
0.9197 0.5987 0.1150 251 231 161
0.9307 0.5988 0.1499 251 231 162
0.9310 0.5988 0.2101 252 235 169
0.9313 0.5988 0.2706 251 230 161
0.9311 0.5988 0.3304 250 226 155
0.9317 0.5988 0.3899 250 225 154
0.9314 0.5988 0.4504 247 216 142
0.9299 0.5988 0.5099 244 203 141
0.9289 0.5987 0.5403 248 94 243
0.9294 0.6518 0.0418 198 151 90
0.9397 0.6515 0.1086 163 121 71
0.9397 0.6515 0.1503 159 117 69
0.9396 0.6516 0.2098 159 118 70
0.9396 0.6517 0.2711 151 112 67
0.9395 0.6518 0.3306 138 101 60
0.9394 0.6519 0.3901 124 89 53
0.9393 0.6520 0.4496 100 70 43
0.9393 0.6521 0.5091 76 53 35
0.9124 0.6533 0.5413 158 111 67
0.9436 1.2518 -0.0493 236 201 130
0.9304 1.2509 0.1564 233 191 121
0.9307 1.2509 0.2100 234 193 122
0.9315 1.2510 0.2703 230 189 119
0.9310 1.2511 0.3298 228 186 118
0.9304 1.2512 0.3901 217 170 105
0.9310 1.2513 0.4500 205 158 97
0.9316 1.2514 0.5100 191 144 89
0.9376 1.2909 -0.0534 190 109 71
0.9354 1.3503 -0.0534 196 104 65
0.9331 1.4100 -0.0534 210 114 67
0.9311 1.4707 -0.0535 221 124 70
0.9317 1.5306 -0.0535 248 223 200
0.9312 1.5899 -0.0535 254 254 247
0.9376 1.6672 -0.0518 207 177 160
0.9326 1.7107 -0.0515 197 159 141
0.9391 1.7780 -0.0516 218 182 138
0.9468 1.8395 -0.0518 232 198 139
0.9420 1.9123 -0.0510 200 161 114
0.9365 1.9670 -0.0510 193 161 128
0.9312 2.0184 -0.0508 152 119 100
0.9313 2.0742 -0.0504 117 92 95
0.9340 2.1339 -0.0502 99 83 97
0.9316 2.1991 -0.0499 92 81 98
0.9283 2.2657 -0.0504 104 85 97
0.9293 2.3281 -0.0496 86 79 101
0.9368 2.3747 -0.0493 97 84 96
0.9329 2.4086 -0.0494 88 80 98
0.9273 2.4989 -0.0002 235 127 231
0.9269 2.5003 0.0899 249 132 245
0.9269 2.5003 0.1518 249 132 245
0.9269 2.5003 0.2085 249 133 245
0.9269 2.5003 0.2706 249 133 245
0.9269 2.5003 0.3328 249 133 245
0.9269 2.5003 0.3892 249 132 245
0.9269 2.5003 0.4511 249 132 245
0.9269 2.5003 0.5132 249 131 245
0.9269 2.5003 0.5699 249 131 245
0.9269 2.5003 0.6266 249 130 245
0.9269 2.5003 0.6885 249 129 244
0.9269 2.5003 0.7504 248 128 244
0.9269 2.5003 0.8071 248 127 244
0.9269 2.5003 0.8692 248 126 243
0.9269 2.5003 0.9313 247 123 242
0.9269 2.5003 0.9879 246 120 240
0.9270 2.5003 1.0498 244 117 239
0.9269 2.5003 1.1118 243 114 237
0.9269 2.5003 1.1685 241 111 235
0.9269 2.5003 1.2306 239 108 232
0.9269 2.5003 1.2927 237 104 229
0.9270 2.5003 1.3378 235 102 227
0.9989 -2.4970 0.0377 247 142 238
1.0002 -2.4992 0.1132 254 181 254
0.9918 -2.4993 0.1497 254 186 254
1.0173 -2.4999 0.2122 254 232 254
0.9868 -2.4993 0.2696 254 188 254
1.0169 -2.4999 0.3336 254 231 254
1.0156 -2.4998 0.3696 254 225 254
1.0160 -2.4999 0.4504 254 215 254
1.0170 -2.4999 0.5007 254 201 254
1.0153 -2.4999 0.5696 254 177 254
1.0171 -2.4999 0.6319 253 150 252
1.0142 -2.4999 0.6901 245 120 244
1.0160 -2.4999 0.7540 217 88 221
1.0143 -2.4998 0.7874 215 87 220
0.9859 -2.4993 0.8721 241 111 239
0.9876 -2.4993 0.9297 232 100 232
0.9956 -2.4993 0.9825 223 92 225
1.0036 -2.4989 1.0343 227 96 228
0.9849 -2.4987 1.1112 230 98 230
0.9866 -2.4987 1.1694 225 94 226
0.9949 -2.4987 1.2263 221 90 223
1.0114 -2.4982 1.2719 193 85 203
0.9929 -2.4966 1.3341 49 61 98
0.9999 -2.4301 -0.0520 196 142 122
1.0035 -2.3710 -0.0520 173 109 93
1.0128 -2.3249 -0.0519 162 95 85
0.9861 -2.2492 -0.0516 216 172 150
0.9909 -2.1884 -0.0517 204 161 145
0.9916 -2.1307 -0.0517 205 161 143
0.9870 -2.0719 -0.0518 212 170 151
0.9916 -2.0088 -0.0518 186 134 120
0.9900 -1.9497 -0.0518 184 131 118
0.9886 -1.8934 -0.0519 180 128 116
0.9884 -1.8319 -0.0519 178 127 115
0.9981 -1.7704 -0.0519 191 141 126
1.0044 -1.7092 -0.0519 217 175 155
1.0082 -1.6649 -0.0518 213 176 160
0.9890 -1.5902 -0.0517 173 124 116
0.9926 -1.5287 -0.0517 172 118 116
0.9881 -1.4674 -0.0518 157 95 141
1.0049 -1.4254 -0.0517 231 102 220
0.9908 -1.3506 -0.0517 147 113 109
0.9986 -1.2919 -0.0516 204 126 194
1.0153 -1.2173 -0.0523 108 78 86
1.0155 -1.1695 -0.0522 95 71 84
1.0137 -1.1088 -0.0522 106 79 99
1.0103 -1.0612 -0.0520 241 143 234
0.9888 -1.0000 -0.0515 155 113 106
0.9909 -0.9267 -0.0535 239 203 179
0.9899 -0.8685 -0.0536 238 201 177
0.9894 -0.8195 -0.0537 238 199 173
0.9913 -0.7547 -0.0515 162 121 112
0.9903 -0.6676 -0.0534 238 200 171
0.9903 -0.6291 -0.0535 240 202 174
0.9905 -0.5686 -0.0536 237 200 173
1.0041 -0.5064 -0.0537 205 156 133
0.9968 -0.4432 -0.0536 239 208 184
0.9902 -0.3913 -0.0535 242 210 184
1.0045 -0.3199 -0.0534 231 197 175
0.9892 -0.2634 -0.0537 254 251 244
1.0079 -0.1911 -0.0536 235 203 180
0.9921 -0.1495 -0.0535 244 221 199
0.9905 -0.1058 -0.0535 246 224 201
1.0104 -0.0352 -0.0535 223 183 161
0.9994 0.0990 -0.0536 165 105 92
0.9896 0.1494 -0.0535 165 100 87
0.9946 0.1855 -0.0534 171 107 92
1.0067 0.2629 -0.0535 213 153 120
1.0105 0.3487 -0.0537 159 104 88
0.9937 0.4096 -0.0519 133 91 97
0.9910 0.4481 -0.0518 124 84 92
0.9949 0.5041 -0.0517 158 119 115
0.9909 0.5660 -0.0516 193 156 142
0.9911 0.5985 0.0931 247 218 146
0.9893 0.5989 0.1535 252 235 170
0.9908 0.5989 0.2099 253 237 173
0.9912 0.5989 0.2695 254 244 190
0.9912 0.5989 0.3297 253 242 183
0.9915 0.5989 0.3902 253 239 177
0.9914 0.5989 0.4498 250 229 162
0.9901 0.5989 0.5101 241 197 137
0.9904 0.5986 0.5403 247 101 234
0.9887 0.6493 0.0417 201 152 90
0.9897 0.6493 0.1086 180 136 80
0.9897 0.6494 0.1502 176 130 76
0.9896 0.6495 0.2097 176 131 77
0.9896 0.6496 0.2710 180 138 83
0.9895 0.6496 0.3306 171 130 78
0.9894 0.6497 0.3901 160 121 72
0.9893 0.6498 0.4497 144 107 64
0.9893 0.6499 0.5093 108 75 45
1.0016 0.6505 0.5410 99 69 43
1.0110 1.2507 0.0437 143 101 62
1.0118 1.2510 0.0898 133 92 55
1.0109 1.2510 0.1510 135 94 57
1.0110 1.2511 0.2102 133 93 57
1.0108 1.2512 0.2704 131 91 56
1.0106 1.2513 0.3305 136 97 61
1.0103 1.2514 0.3900 131 94 59
1.0105 1.2515 0.4501 125 89 56
1.0100 1.2516 0.5102 126 82 68
0.9913 1.2899 -0.0535 214 157 122
0.9910 1.3503 -0.0536 222 162 129
1.0105 1.4295 -0.0535 244 208 144
1.0015 1.4714 -0.0535 238 207 151
0.9915 1.5309 -0.0536 246 205 169
1.0052 1.6043 -0.0528 196 148 132
1.0085 1.6518 -0.0519 155 103 92
1.0111 1.7232 -0.0512 200 160 102
1.0005 1.7720 -0.0510 198 157 104
0.9963 1.8199 -0.0508 181 143 106
0.9879 1.8888 -0.0506 174 140 119
0.9930 1.9628 -0.0506 160 132 130
0.9914 2.0123 -0.0503 110 88 98
0.9915 2.0698 -0.0502 100 84 100
0.9916 2.1308 -0.0500 98 84 101
0.9916 2.1960 -0.0499 97 84 102
0.9925 2.2575 -0.0496 98 84 98
0.9926 2.3247 -0.0496 97 84 102
0.9944 2.3714 -0.0489 95 84 101
0.9925 2.4058 -0.0495 99 86 102
0.9879 2.4988 0.0003 237 130 234
0.9880 2.5003 0.0896 250 134 246
0.9880 2.5003 0.1517 250 134 246
0.9880 2.5003 0.2084 250 135 246
0.9880 2.5003 0.2706 250 135 246
0.9880 2.5003 0.3328 250 135 246
0.9880 2.5003 0.3893 250 134 246
0.9880 2.5003 0.4513 250 134 246
0.9880 2.5003 0.5135 249 133 245
0.9880 2.5003 0.5702 249 133 245
0.9880 2.5003 0.6269 249 132 245
0.9880 2.5003 0.6889 249 131 245
0.9880 2.5003 0.7509 249 130 245
0.9880 2.5003 0.8077 249 129 244
0.9880 2.5003 0.8699 248 128 244
0.9880 2.5003 0.9321 248 125 243
0.9880 2.5003 0.9886 247 123 242
0.9880 2.5003 1.0506 246 119 240
0.9880 2.5003 1.1128 244 116 238
0.9880 2.5003 1.1695 242 113 236
0.9866 2.5003 1.2292 241 110 234
0.9895 2.5003 1.2908 238 107 231
0.9856 2.5003 1.3374 236 104 229
1.0478 -2.4910 -0.0319 246 177 143
1.0545 -2.4991 0.1084 254 174 254
1.0580 -2.4998 0.1737 254 226 254
1.0493 -2.4999 0.2096 254 229 254
1.0473 -2.4999 0.2700 254 229 254
1.0503 -2.4998 0.3300 254 227 254
1.0473 -2.4999 0.3903 254 225 254
1.0489 -2.4999 0.4500 254 214 254
1.0490 -2.4999 0.5102 254 198 254
1.0475 -2.4999 0.5701 254 178 254
1.0504 -2.4998 0.6301 254 155 253
1.0471 -2.4999 0.6893 249 128 247
1.0490 -2.4998 0.7497 231 100 231
1.0566 -2.4998 0.7995 213 85 218
1.0492 -2.4991 0.8704 244 115 242
1.0462 -2.4991 0.9306 237 105 236
1.0498 -2.4991 0.9906 228 96 229
1.0589 -2.4991 1.0382 222 91 224
1.0512 -2.4986 1.1094 231 99 231
1.0481 -2.4985 1.1661 227 96 228
1.0495 -2.4985 1.2296 223 92 225
1.0558 -2.4985 1.2834 127 73 155
1.0497 -2.4965 1.3330 49 62 98
1.0515 -2.4305 -0.0537 245 158 78
1.0526 -2.3699 -0.0537 245 159 79
1.0546 -2.3103 -0.0537 245 157 76
1.0537 -2.2499 -0.0537 247 161 79
1.0557 -2.1904 -0.0537 245 159 80
1.0568 -2.1300 -0.0537 241 153 79
1.0589 -2.0704 -0.0537 239 148 76
1.0597 -2.0101 -0.0537 248 215 187
1.0621 -1.9503 -0.0537 254 253 246
1.0625 -1.8899 -0.0537 254 252 240
1.0654 -1.8300 -0.0537 254 247 230
1.0658 -1.7702 -0.0537 252 237 213
1.0684 -1.7106 -0.0537 248 225 199
1.0737 -1.6730 -0.0536 246 223 201
1.0565 -1.5903 -0.0519 230 196 178
1.0633 -1.5325 -0.0519 204 162 149
1.0704 -1.4840 -0.0519 80 60 77
1.0586 -1.4252 -0.0517 173 82 170
1.0476 -1.3502 -0.0520 97 64 77
1.0473 -1.2898 -0.0520 93 63 77
1.0497 -1.2334 -0.0520 95 65 83
1.0541 -1.1691 -0.0521 89 65 79
1.0521 -1.1096 -0.0521 86 65 79
1.0509 -1.0509 -0.0520 191 116 191
1.0564 -1.0026 -0.0519 233 146 214
1.0505 -0.9286 -0.0535 254 253 244
1.0503 -0.8689 -0.0536 254 254 248
1.0489 -0.8221 -0.0537 254 254 250
1.0506 -0.7608 -0.0515 203 163 143
1.0494 -0.6688 -0.0534 254 251 237
1.0500 -0.6282 -0.0535 254 253 244
1.0499 -0.5685 -0.0537 254 253 245
1.0581 -0.5003 -0.0537 208 160 140
1.0498 -0.4521 -0.0536 173 99 81
1.0626 -0.3801 -0.0536 160 92 80
1.0497 -0.3328 -0.0535 160 92 81
1.0638 -0.2432 -0.0537 174 101 80
1.0522 -0.2085 -0.0537 168 96 80
1.0507 -0.1506 -0.0535 173 99 81
1.0611 -0.0814 -0.0535 154 89 80
1.0498 -0.0439 -0.0535 157 92 82
1.0496 0.0894 -0.0536 250 229 206
1.0706 0.1716 -0.0528 234 207 191
1.0610 0.2176 -0.0535 242 213 188
1.0500 0.2459 -0.0534 241 209 184
1.0515 0.3302 -0.0517 129 112 122
1.0502 0.4057 -0.0519 210 177 159
1.0649 0.4610 -0.0527 211 171 148
1.0622 0.5131 -0.0534 137 88 84
1.0496 0.5811 -0.0516 113 77 91
1.0487 0.5985 0.0980 251 231 165
1.0500 0.5990 0.1599 252 233 165
1.0518 0.5990 0.2100 253 236 170
1.0522 0.5990 0.2703 253 236 171
1.0518 0.5990 0.3299 253 238 176
1.0508 0.5989 0.3899 252 236 174
1.0510 0.5989 0.4502 250 228 162
1.0500 0.5989 0.5100 239 193 134
1.0406 0.5989 0.5402 233 97 225
1.0503 0.6466 0.0415 214 167 100
1.0505 0.6467 0.1084 206 162 98
1.0504 0.6467 0.1501 194 146 85
1.0504 0.6468 0.2096 193 146 86
1.0503 0.6469 0.2710 189 143 85
1.0502 0.6470 0.3306 188 144 87
1.0502 0.6471 0.3902 183 140 84
1.0501 0.6472 0.4498 171 130 77
1.0500 0.6473 0.5094 140 98 57
1.0284 0.6489 0.5416 114 68 65
1.0523 1.2492 0.0452 140 99 60
1.0500 1.2494 0.0902 136 96 58
1.0497 1.2495 0.1498 138 97 59
1.0495 1.2496 0.2099 136 96 59
1.0494 1.2497 0.2706 136 97 60
1.0495 1.2498 0.3309 144 107 68
1.0491 1.2499 0.3905 131 94 60
1.0487 1.2500 0.4501 131 94 60
1.0487 1.2501 0.5100 129 86 68
1.0595 1.2497 0.5402 223 91 224
1.0515 1.2900 -0.0537 250 229 201
1.0717 1.3721 -0.0537 251 233 170
1.0574 1.4153 -0.0536 252 236 189
1.0500 1.4668 -0.0535 253 237 211
1.0694 1.5433 -0.0527 196 134 85
1.0684 1.5933 -0.0513 191 148 98
1.0585 1.6465 -0.0510 174 129 94
1.0517 1.7060 -0.0509 129 99 94
1.0496 1.7699 -0.0508 103 79 94
1.0525 1.8315 -0.0507 97 78 96
1.0443 1.8988 -0.0505 95 77 96
1.0503 1.9607 -0.0504 94 78 97
1.0513 2.0129 -0.0502 145 117 118
1.0490 2.0667 -0.0502 161 133 131
1.0502 2.1276 -0.0500 159 131 131
1.0520 2.1926 -0.0499 155 128 130
1.0535 2.2534 -0.0496 148 123 127
1.0508 2.3207 -0.0496 150 126 129
1.0538 2.3676 -0.0488 137 118 126
1.0523 2.4030 -0.0495 150 129 133
1.0492 2.4979 -0.0018 236 132 231
1.0493 2.5003 0.0894 250 136 246
1.0493 2.5003 0.1514 250 137 246
1.0493 2.5003 0.2082 250 137 246
1.0493 2.5003 0.2705 250 137 246
1.0493 2.5003 0.3328 250 137 246
1.0493 2.5003 0.3894 250 136 246
1.0493 2.5003 0.4515 250 136 246
1.0493 2.5003 0.5137 250 135 246
1.0493 2.5003 0.5705 250 135 246
1.0493 2.5003 0.6274 249 134 245
1.0493 2.5003 0.6894 249 133 245
1.0493 2.5003 0.7514 249 131 245
1.0493 2.5003 0.8083 249 130 245
1.0493 2.5003 0.8705 249 129 244
1.0493 2.5003 0.9328 248 128 244
1.0493 2.5003 0.9894 248 125 243
1.0482 2.5003 1.0495 247 122 241
1.0505 2.5003 1.1113 245 119 240
1.0493 2.5003 1.1705 244 115 238
1.0493 2.5003 1.2274 242 112 235
1.0493 2.5003 1.2894 240 109 233
1.0494 2.5003 1.3346 238 106 231
1.1065 -2.4886 -0.0428 233 148 108
1.1140 -2.4990 0.1010 254 166 254
1.1115 -2.4997 0.1676 254 217 254
1.1090 -2.4997 0.2110 254 218 254
1.1084 -2.4997 0.2689 254 218 254
1.1094 -2.4997 0.3299 254 217 254
1.1085 -2.4997 0.3901 254 215 254
1.1085 -2.4997 0.4491 254 208 254
1.1087 -2.4997 0.5109 254 194 254
1.1094 -2.4997 0.5699 254 178 254
1.1084 -2.4997 0.6298 254 159 254
1.1081 -2.4997 0.6906 252 138 251
1.1095 -2.4997 0.7495 245 118 243
1.1085 -2.4997 0.8113 226 95 228
1.1201 -2.4997 0.8556 214 85 219
1.1051 -2.4990 0.9301 239 108 238
1.1091 -2.4990 0.9901 233 101 232
1.1130 -2.4990 1.0501 225 94 227
1.1214 -2.4989 1.0911 222 91 224
1.1100 -2.4984 1.1737 228 96 229
1.1084 -2.4984 1.2276 225 93 226
1.1042 -2.4984 1.2899 113 71 145
1.1133 -2.4982 1.3330 47 59 96
1.1082 -2.4299 -0.0536 231 138 72
1.1087 -2.3700 -0.0536 233 140 73
1.1092 -2.3100 -0.0536 235 142 73
1.1065 -2.2501 -0.0536 238 147 77
1.1069 -2.1901 -0.0536 239 148 77
1.1074 -2.1298 -0.0536 238 146 76
1.1076 -2.0698 -0.0536 234 139 73
1.1080 -2.0099 -0.0536 247 213 185
1.1083 -1.9500 -0.0536 254 253 245
1.1084 -1.8899 -0.0536 254 252 240
1.1090 -1.8300 -0.0536 254 248 232
1.1090 -1.7700 -0.0536 253 240 218
1.1094 -1.7100 -0.0536 250 229 203
1.1154 -1.6568 -0.0536 246 221 196
1.1309 -1.6114 -0.0532 240 212 189
1.1093 -1.5306 -0.0519 203 165 153
1.1107 -1.4679 -0.0519 75 60 80
1.1127 -1.4103 -0.0519 76 61 84
1.1236 -1.3542 -0.0519 70 61 82
1.1315 -1.3011 -0.0520 69 60 81
1.1081 -1.2304 -0.0519 91 66 85
1.1061 -1.1711 -0.0520 90 66 80
1.1033 -1.1111 -0.0520 85 66 81
1.1023 -1.0493 -0.0519 93 70 97
1.1127 -0.9899 -0.0520 242 148 240
1.1310 -0.9464 -0.0523 254 172 253
1.1104 -0.8686 -0.0536 254 254 250
1.1086 -0.8243 -0.0537 254 254 252
1.1093 -0.7514 -0.0515 224 189 167
1.1115 -0.6710 -0.0534 254 252 241
1.1097 -0.6286 -0.0535 254 253 245
1.1096 -0.5687 -0.0537 254 254 250
1.1099 -0.5031 -0.0537 221 180 158
1.1201 -0.4411 -0.0537 158 91 78
1.1093 -0.3921 -0.0536 166 95 80
1.1101 -0.3353 -0.0535 170 96 80
1.0973 -0.2416 -0.0537 180 104 81
1.1287 -0.1928 -0.0537 169 97 79
1.1198 -0.1438 -0.0537 158 91 79
1.1102 -0.0917 -0.0535 158 90 79
1.1082 -0.0456 -0.0535 162 93 81
1.1352 0.1156 -0.0535 243 216 194
1.1187 0.1563 -0.0536 246 222 200
1.1103 0.2090 -0.0535 247 223 199
1.1071 0.2456 -0.0534 247 226 204
1.1078 0.3305 -0.0516 134 116 124
1.1330 0.4144 -0.0534 225 190 163
1.1191 0.4559 -0.0536 226 189 161
1.1091 0.5042 -0.0535 168 119 105
1.1096 0.5770 -0.0516 110 77 91
1.1082 0.5986 0.1034 250 223 150
1.1097 0.5990 0.1661 254 241 178
1.1110 0.5990 0.2098 254 242 182
1.1114 0.5990 0.2698 254 242 182
1.1109 0.5990 0.3301 253 241 180
1.1102 0.5990 0.3900 252 234 168
1.1106 0.5990 0.4500 249 226 159
1.1109 0.5990 0.5100 232 180 124
1.1136 0.5990 0.5402 228 100 217
1.1097 0.6440 0.0414 225 182 113
1.1113 0.6440 0.1083 214 167 101
1.1112 0.6441 0.1500 216 171 104
1.1112 0.6442 0.2096 216 171 104
1.1111 0.6443 0.2710 212 167 101
1.1110 0.6444 0.3306 210 166 101
1.1110 0.6444 0.3902 201 155 93
1.1109 0.6445 0.4499 195 151 91
1.1109 0.6446 0.5095 163 117 68
1.1252 0.6453 0.5407 121 85 54
1.1120 1.2467 0.0379 148 107 66
1.1103 1.2469 0.0899 150 110 68
1.1098 1.2470 0.1506 150 110 68
1.1098 1.2471 0.2104 142 102 62
1.1093 1.2472 0.2701 144 104 64
1.1091 1.2473 0.3296 144 105 66
1.1094 1.2474 0.3895 144 106 67
1.1090 1.2475 0.4498 139 102 65
1.1089 1.2476 0.5101 134 90 71
1.1129 1.2475 0.5405 227 94 227
1.0850 1.2866 -0.0537 248 226 199
1.1124 1.3608 -0.0537 253 240 203
1.1286 1.4250 -0.0517 200 163 114
1.1206 1.4837 -0.0514 193 151 119
1.1075 1.5291 -0.0513 160 115 94
1.1113 1.5851 -0.0512 143 94 97
1.1122 1.6492 -0.0510 129 87 97
1.1057 1.7047 -0.0509 100 77 95
1.1107 1.7668 -0.0508 97 77 97
1.1110 1.8333 -0.0507 95 77 97
1.1105 1.9050 -0.0505 92 77 98
1.1095 1.9577 -0.0504 92 77 98
1.1119 2.0095 -0.0502 141 113 116
1.1108 2.0647 -0.0501 161 132 132
1.1087 2.1245 -0.0500 158 131 131
1.1124 2.1895 -0.0499 156 130 131
1.1120 2.2563 -0.0497 151 125 128
1.1073 2.3191 -0.0496 149 125 129
1.1126 2.3932 -0.0494 147 124 129
1.1134 2.4115 -0.0484 129 114 126
1.1107 2.4982 -0.0004 240 135 235
1.1107 2.5003 0.0891 250 138 246
1.1107 2.5003 0.1512 250 139 247
1.1107 2.5003 0.2081 250 139 247
1.1107 2.5003 0.2704 250 139 247
1.1107 2.5003 0.3328 250 139 247
1.1107 2.5003 0.3895 250 139 246
1.1107 2.5003 0.4461 250 138 246
1.1107 2.5003 0.5085 250 138 246
1.1107 2.5003 0.5708 250 137 246
1.1107 2.5003 0.6277 250 136 246
1.1107 2.5003 0.6898 250 134 246
1.1107 2.5003 0.7520 249 133 245
1.1107 2.5003 0.8088 249 132 245
1.1107 2.5003 0.8712 249 130 245
1.1107 2.5003 0.9335 249 129 244
1.1107 2.5003 0.9902 248 127 244
1.1107 2.5003 1.0469 248 125 243
1.1107 2.5003 1.1092 246 121 241
1.1107 2.5003 1.1716 245 118 239
1.1107 2.5003 1.2284 243 114 237
1.1108 2.5003 1.2905 241 111 234
1.1108 2.5003 1.3358 239 108 232
1.1645 -2.4845 -0.0503 219 124 71
1.1748 -2.4989 0.0948 254 158 253
1.1696 -2.4996 0.1595 254 206 254
1.1686 -2.4996 0.2101 254 207 254
1.1696 -2.4996 0.2715 254 207 254
1.1682 -2.4996 0.3291 254 206 254
1.1691 -2.4996 0.3901 254 204 254
1.1691 -2.4996 0.4510 254 200 254
1.1681 -2.4996 0.5089 254 190 254
1.1696 -2.4996 0.5699 254 176 254
1.1690 -2.4996 0.6302 254 160 254
1.1682 -2.4996 0.6894 253 144 252
1.1691 -2.4996 0.7511 249 126 247
1.1690 -2.4996 0.8104 240 109 238
1.1693 -2.4996 0.8686 224 93 226
1.1846 -2.4995 0.9106 216 87 220
1.1675 -2.4989 0.9900 235 103 234
1.1713 -2.4989 1.0498 229 97 230
1.1720 -2.4989 1.1082 223 92 225
1.1903 -2.4987 1.1529 221 90 223
1.1755 -2.4983 1.2330 225 94 227
1.1615 -2.4983 1.2896 114 73 145
1.1641 -2.4981 1.3342 47 60 97
1.1664 -2.4299 -0.0535 221 126 69
1.1665 -2.3700 -0.0535 222 126 68
1.1666 -2.3101 -0.0535 226 131 70
1.1668 -2.2501 -0.0535 232 139 73
1.1668 -2.1900 -0.0535 233 139 72
1.1670 -2.1299 -0.0535 230 135 71
1.1671 -2.0700 -0.0535 228 132 70
1.1671 -2.0100 -0.0535 244 209 182
1.1672 -1.9500 -0.0535 254 253 245
1.1673 -1.8899 -0.0535 254 251 239
1.1675 -1.8300 -0.0535 254 248 232
1.1675 -1.7700 -0.0535 253 242 221
1.1677 -1.7099 -0.0535 251 233 208
1.1680 -1.6499 -0.0535 248 224 200
1.1747 -1.5988 -0.0535 243 215 190
1.1703 -1.5288 -0.0517 201 163 151
1.1717 -1.4671 -0.0518 73 61 81
1.1682 -1.4105 -0.0518 72 61 83
1.1693 -1.3499 -0.0519 74 62 87
1.1736 -1.2883 -0.0519 67 61 82
1.1815 -1.2440 -0.0518 77 63 83
1.1619 -1.1711 -0.0518 91 67 87
1.1592 -1.1099 -0.0519 88 67 81
1.1651 -1.0463 -0.0518 78 63 82
1.1759 -0.9919 -0.0518 143 115 122
1.1821 -0.9335 -0.0519 242 149 239
1.1934 -0.8534 -0.0536 233 202 175
1.1840 -0.8051 -0.0536 236 202 172
1.1758 -0.7500 -0.0537 245 217 185
1.1856 -0.6942 -0.0537 251 234 207
1.1941 -0.6474 -0.0537 253 244 221
1.1697 -0.5686 -0.0537 254 254 251
1.1699 -0.5031 -0.0537 232 199 179
1.1699 -0.4474 -0.0537 170 97 78
1.1699 -0.3909 -0.0536 173 98 78
1.1702 -0.3358 -0.0535 175 98 78
1.1686 -0.2526 -0.0537 245 162 90
1.1715 -0.1859 -0.0537 172 99 80
1.1693 -0.1512 -0.0537 175 99 79
1.1702 -0.0915 -0.0535 178 101 80
1.1704 -0.0471 -0.0535 178 102 81
1.1726 0.1051 -0.0537 249 228 205
1.1702 0.1486 -0.0536 251 233 211
1.1695 0.2084 -0.0535 251 233 210
1.1712 0.2432 -0.0533 250 235 214
1.1662 0.3314 -0.0516 140 121 128
1.1753 0.3976 -0.0537 235 202 172
1.1697 0.4482 -0.0536 241 214 185
1.1701 0.5025 -0.0535 188 138 120
1.1695 0.5748 -0.0516 107 76 92
1.1542 0.5986 0.1073 254 242 182
1.1543 0.5991 0.1706 254 243 183
1.1541 0.5991 0.2103 252 233 166
1.1543 0.5991 0.2705 250 223 154
1.1544 0.5991 0.3303 248 218 148
1.1549 0.5991 0.3899 244 208 137
1.1551 0.5991 0.4500 238 196 126
1.1554 0.5991 0.5101 225 172 119
1.1589 0.5993 0.5403 236 125 206
1.1537 0.6444 0.0404 242 211 140
1.1562 0.6449 0.1076 235 198 126
1.1561 0.6448 0.1500 232 192 121
1.1559 0.6447 0.2096 219 171 103
1.1560 0.6449 0.2708 211 159 94
1.1560 0.6449 0.3306 207 156 92
1.1558 0.6449 0.3901 199 147 86
1.1560 0.6452 0.4499 194 144 85
1.1557 0.6450 0.5098 183 134 79
1.1573 0.6470 0.5408 158 113 70
1.1645 0.6890 0.0346 209 165 101
1.1651 0.6899 0.1016 225 185 115
1.1650 0.6877 0.1501 221 179 111
1.1650 0.6877 0.2100 210 163 97
1.1650 0.6876 0.2703 209 162 97
1.1650 0.6876 0.3304 207 162 98
1.1650 0.6881 0.3902 200 155 93
1.1650 0.6877 0.4501 194 149 90
1.1650 0.6876 0.5100 180 134 79
1.1647 0.6867 0.5407 194 150 90
1.1671 0.7506 0.0267 191 145 87
1.1676 0.7493 0.0939 211 163 98
1.1675 0.7484 0.1502 210 162 97
1.1675 0.7483 0.2102 208 160 95
1.1675 0.7480 0.2697 208 160 96
1.1675 0.7485 0.3297 211 166 100
1.1675 0.7481 0.3899 204 158 94
1.1675 0.7483 0.4501 202 157 95
1.1675 0.7482 0.5103 180 133 78
1.1674 0.7508 0.5408 183 137 81
1.1705 0.8213 0.0525 199 146 85
1.1701 0.8098 0.0897 203 152 88
1.1701 0.8098 0.1496 204 152 89
1.1701 0.8100 0.2098 201 150 87
1.1701 0.8102 0.2700 200 151 89
1.1700 0.8091 0.3299 207 163 99
1.1701 0.8103 0.3899 196 150 90
1.1700 0.8099 0.4498 190 144 86
1.1700 0.8099 0.5098 180 132 77
1.1698 0.8113 0.5406 180 132 76
1.1728 0.8750 0.0465 201 154 92
1.1726 0.8715 0.0896 201 153 91
1.1726 0.8717 0.1497 202 155 93
1.1726 0.8719 0.2102 203 158 96
1.1726 0.8715 0.2706 200 154 93
1.1726 0.8720 0.3307 199 154 94
1.1726 0.8717 0.3905 191 144 87
1.1726 0.8715 0.4503 182 135 81
1.1726 0.8719 0.5100 181 135 80
1.1719 0.8629 0.5409 170 122 71
1.1750 0.9294 0.0394 204 156 93
1.1749 0.9275 0.0896 207 159 95
1.1750 0.9279 0.1497 208 161 97
1.1749 0.9278 0.2098 208 162 98
1.1749 0.9274 0.2699 205 158 95
1.1749 0.9274 0.3300 206 160 97
1.1750 0.9285 0.3900 196 148 88
1.1749 0.9274 0.4501 191 143 85
1.1749 0.9277 0.5098 178 130 76
1.1747 0.9286 0.5405 178 132 78
1.1774 0.9860 0.0325 204 159 96
1.1773 0.9845 0.0899 205 160 97
1.1773 0.9849 0.1500 210 167 103
1.1773 0.9849 0.2102 210 167 103
1.1773 0.9844 0.2694 203 158 96
1.1773 0.9849 0.3291 196 150 90
1.1773 0.9850 0.3897 196 151 91
1.1773 0.9843 0.4502 189 143 85
1.1773 0.9848 0.5103 172 124 73
1.1772 0.9886 0.5411 170 124 73
1.1800 1.0486 0.0244 192 144 85
1.1799 1.0474 0.0898 197 151 90
1.1799 1.0476 0.1495 201 156 94
1.1799 1.0471 0.2092 205 161 98
1.1799 1.0482 0.2689 207 165 103
1.1799 1.0474 0.3299 198 153 93
1.1799 1.0478 0.3905 191 145 87
1.1799 1.0472 0.4498 182 135 80
1.1799 1.0473 0.5099 174 127 75
1.1795 1.0528 0.5405 153 114 69
1.1826 1.1117 0.0165 184 138 83
1.1825 1.1112 0.0903 196 153 94
1.1825 1.1110 0.1505 182 135 80
1.1825 1.1108 0.2106 190 144 86
1.1825 1.1113 0.2713 195 150 90
1.1825 1.1108 0.3304 200 156 96
1.1825 1.1117 0.3889 202 161 100
1.1825 1.1109 0.4491 201 160 99
1.1825 1.1111 0.5093 170 123 73
1.1821 1.1076 0.5407 171 128 76
1.1849 1.1686 0.0091 183 138 82
1.1849 1.1682 0.0899 181 134 79
1.1849 1.1679 0.1494 180 133 79
1.1849 1.1690 0.2097 182 135 80
1.1849 1.1678 0.2706 185 139 83
1.1849 1.1684 0.3302 191 147 89
1.1849 1.1678 0.3898 190 146 88
1.1849 1.1686 0.4500 189 146 89
1.1849 1.1684 0.5103 163 118 70
1.1847 1.1710 0.5413 170 128 78
1.1873 1.2169 0.0003 180 135 81
1.1869 1.2163 0.0901 173 127 75
1.1869 1.2162 0.1503 179 134 80
1.1869 1.2163 0.2103 184 140 84
1.1869 1.2163 0.2704 187 143 86
1.1869 1.2163 0.3305 191 148 91
1.1869 1.2163 0.3906 189 146 89
1.1869 1.2163 0.4507 190 148 92
1.1869 1.2164 0.5108 156 111 67
1.1863 1.2289 0.5420 120 87 56
1.1846 1.2969 -0.0518 209 172 133
1.1712 1.3594 -0.0517 220 186 153
1.1698 1.4172 -0.0515 236 206 185
1.1697 1.4791 -0.0514 224 188 171
1.1695 1.5291 -0.0513 137 88 96
1.1713 1.5821 -0.0512 134 88 98
1.1691 1.6562 -0.0510 116 82 97
1.1692 1.7190 -0.0509 97 77 96
1.1691 1.7638 -0.0508 98 77 96
1.1708 1.8300 -0.0507 97 77 96
1.1722 1.9016 -0.0505 94 77 97
1.1687 1.9544 -0.0504 92 77 98
1.1702 2.0089 -0.0502 140 112 115
1.1713 2.0611 -0.0501 163 135 133
1.1678 2.1215 -0.0500 159 132 132
1.1726 2.1863 -0.0499 157 130 131
1.1678 2.2548 -0.0497 152 126 129
1.1721 2.3172 -0.0495 149 125 129
1.1729 2.3900 -0.0494 147 124 129
1.1732 2.4486 -0.0487 131 114 123
1.1717 2.4976 -0.0015 239 137 234
1.1723 2.5003 0.0888 250 141 247
1.1723 2.5003 0.1510 250 141 247
1.1723 2.5003 0.2080 250 142 247
1.1723 2.5003 0.2704 250 142 247
1.1723 2.5003 0.3328 250 142 247
1.1723 2.5003 0.3896 250 141 247
1.1723 2.5003 0.4463 250 141 247
1.1723 2.5003 0.5087 250 140 247
1.1723 2.5003 0.5711 250 139 246
1.1723 2.5003 0.6281 250 137 246
1.1723 2.5003 0.6903 250 136 246
1.1723 2.5003 0.7525 250 135 246
1.1723 2.5003 0.8094 249 133 245
1.1715 2.5003 0.8677 249 132 245
1.1730 2.5003 0.9296 249 130 245
1.1723 2.5003 0.9908 249 129 244
1.1723 2.5003 1.0478 248 127 244
1.1723 2.5003 1.1102 247 123 242
1.1723 2.5003 1.1726 246 119 240
1.1723 2.5003 1.2293 244 116 238
1.1711 2.5003 1.2885 242 113 236
1.1747 2.5003 1.3335 241 110 234
1.2040 -2.4805 -0.0456 205 107 78
1.2338 -2.4988 0.0890 253 151 253
1.2309 -2.4995 0.1538 254 194 254
1.2281 -2.4995 0.2084 254 196 254
1.2292 -2.4995 0.2697 254 196 254
1.2288 -2.4995 0.3310 254 195 254
1.2291 -2.4995 0.3884 254 193 254
1.2288 -2.4995 0.4498 254 191 254
1.2287 -2.4995 0.5111 254 184 254
1.2294 -2.4995 0.5686 254 172 254
1.2289 -2.4995 0.6297 254 159 253
1.2280 -2.4995 0.6905 253 145 252
1.2297 -2.4995 0.7492 250 131 249
1.2289 -2.4995 0.8103 245 117 243
1.2280 -2.4995 0.8709 235 102 234
1.2334 -2.4994 0.9263 223 91 225
1.2405 -2.4992 0.9728 223 93 225
1.2280 -2.4988 1.0498 232 99 231
1.2320 -2.4987 1.1108 226 94 227
1.2395 -2.4987 1.1660 221 91 224
1.2525 -2.4985 1.2109 221 91 224
1.2193 -2.4982 1.2918 101 71 136
1.2209 -2.4981 1.3337 48 61 97
1.2025 -2.4299 -0.0533 200 104 64
1.2025 -2.3697 -0.0533 201 104 63
1.2023 -2.3100 -0.0533 206 111 65
1.2026 -2.2504 -0.0533 208 111 66
1.2020 -2.1898 -0.0533 211 116 68
1.2025 -2.1296 -0.0533 218 124 70
1.2022 -2.0699 -0.0533 210 118 70
1.2022 -2.0105 -0.0533 238 202 177
1.2023 -1.9500 -0.0534 254 251 241
1.2022 -1.8901 -0.0534 254 249 236
1.2023 -1.8302 -0.0534 254 246 230
1.2021 -1.7694 -0.0534 253 242 222
1.2021 -1.7093 -0.0534 251 234 211
1.2022 -1.6491 -0.0534 248 226 202
1.2022 -1.5897 -0.0534 243 215 191
1.2142 -1.5496 -0.0529 231 198 176
1.2487 -1.4701 -0.0519 115 71 82
1.2439 -1.4242 -0.0518 106 70 83
1.2303 -1.3485 -0.0517 96 68 88
1.2318 -1.2889 -0.0518 98 69 83
1.2344 -1.2452 -0.0518 95 69 83
1.2513 -1.1705 -0.0521 124 75 82
1.2476 -1.1034 -0.0537 141 74 61
1.2430 -1.0499 -0.0536 132 71 63
1.2387 -0.9902 -0.0535 212 175 152
1.2331 -0.9309 -0.0534 222 187 161
1.2167 -0.8892 -0.0533 210 170 151
1.2290 -0.8096 -0.0535 242 214 183
1.2288 -0.7495 -0.0536 250 231 203
1.2290 -0.6893 -0.0536 253 242 219
1.2295 -0.6303 -0.0537 254 248 229
1.2397 -0.5730 -0.0537 254 252 241
1.2300 -0.5012 -0.0537 232 192 170
1.2301 -0.4488 -0.0537 182 101 77
1.2303 -0.3914 -0.0536 185 102 78
1.2292 -0.3381 -0.0535 190 106 79
1.2280 -0.2490 -0.0537 246 165 91
1.2319 -0.1875 -0.0537 185 105 79
1.2297 -0.1513 -0.0537 186 104 79
1.2299 -0.0910 -0.0535 188 105 79
1.2286 -0.0482 -0.0534 187 106 80
1.2300 0.1031 -0.0537 253 239 218
1.2302 0.1486 -0.0536 253 243 224
1.2298 0.2090 -0.0535 253 242 222
1.2254 0.2652 -0.0526 202 184 175
1.2441 0.3322 -0.0519 131 112 121
1.2301 0.3936 -0.0537 247 224 194
1.2303 0.4493 -0.0536 250 230 203
1.2292 0.5016 -0.0535 199 148 126
1.2310 0.5718 -0.0516 106 75 92
1.2288 0.6552 -0.0519 120 77 87
1.2307 0.6942 -0.0519 120 77 88
1.2306 0.7436 -0.0518 118 77 89
1.2313 0.8026 -0.0516 114 77 90
1.2288 0.8587 -0.0515 109 76 91
1.2325 0.9439 -0.0519 121 78 87
1.2272 0.9907 -0.0518 156 117 115
1.2293 1.0496 -0.0517 217 182 160
1.2301 1.1047 -0.0516 210 173 155
1.2308 1.1645 -0.0515 207 173 155
1.2295 1.2290 -0.0519 233 204 180
1.2302 1.2907 -0.0518 243 217 196
1.2310 1.3568 -0.0517 241 214 194
1.2296 1.4146 -0.0515 240 211 191
1.2299 1.4776 -0.0514 227 191 172
1.2340 1.5291 -0.0513 132 86 97
1.2278 1.5802 -0.0512 132 86 97
1.2298 1.6552 -0.0510 115 81 96
1.2297 1.7158 -0.0509 99 76 95
1.2310 1.7602 -0.0508 97 76 96
1.2305 1.8269 -0.0507 95 77 97
1.2301 1.8990 -0.0505 92 76 97
1.2316 1.9511 -0.0504 91 77 98
1.2287 2.0071 -0.0502 138 110 114
1.2298 2.0645 -0.0500 163 135 134
1.2264 2.1186 -0.0500 160 133 133
1.2321 2.1830 -0.0499 157 131 132
1.2290 2.2516 -0.0497 154 129 131
1.2311 2.3141 -0.0495 151 127 131
1.2325 2.3881 -0.0494 148 124 129
1.2287 2.4479 -0.0487 130 114 124
1.2288 2.4969 -0.0015 237 139 233
1.2276 2.5003 0.0895 250 143 247
1.2284 2.5003 0.1508 251 144 247
1.2284 2.5003 0.2078 251 144 247
1.2284 2.5003 0.2703 251 144 247
1.2284 2.5003 0.3328 251 144 247
1.2284 2.5003 0.3896 250 144 247
1.2284 2.5003 0.4464 250 143 247
1.2284 2.5003 0.5089 250 142 247
1.2284 2.5003 0.5714 250 141 247
1.2284 2.5003 0.6282 250 139 246
1.2284 2.5003 0.6905 250 138 246
1.2284 2.5003 0.7530 250 136 246
1.2284 2.5003 0.8100 250 135 246
1.2284 2.5003 0.8670 249 133 245
1.2284 2.5003 0.9293 249 132 245
1.2284 2.5003 0.9915 249 130 245
1.2284 2.5003 1.0486 249 128 244
1.2284 2.5003 1.1111 248 125 243
1.2284 2.5003 1.1735 246 121 241
1.2284 2.5003 1.2303 245 118 239
1.2284 2.5003 1.2871 243 114 237
1.2284 2.5003 1.3329 241 112 235
1.3135 -2.4909 -0.0278 243 175 149
1.2983 -2.4993 0.1129 254 180 254
1.3114 -2.4997 0.1731 254 226 254
1.3113 -2.4998 0.2096 254 232 254
1.3120 -2.4998 0.2729 254 231 254
1.3119 -2.4998 0.3272 254 230 254
1.3111 -2.4998 0.3931 254 225 254
1.3122 -2.4998 0.4497 254 213 254
1.3102 -2.4998 0.5135 254 194 254
1.3112 -2.4998 0.5706 254 173 254
1.3108 -2.4998 0.6297 253 147 252
1.3100 -2.4998 0.6900 244 117 243
1.3115 -2.4998 0.7511 217 88 221
1.3079 -2.4998 0.7874 214 86 219
1.2903 -2.4993 0.8698 240 109 239
1.2916 -2.4993 0.9287 231 99 231
1.2912 -2.4993 0.9807 221 90 223
1.2898 -2.4986 1.0497 233 101 233
1.2953 -2.4986 1.1106 228 97 229
1.2891 -2.4986 1.1707 223 92 225
1.2944 -2.4986 1.2194 220 90 223
1.2817 -2.4980 1.2897 108 73 141
1.2839 -2.4979 1.3349 49 62 98
1.3148 -2.4297 -0.0537 235 142 76
1.3142 -2.3700 -0.0537 234 138 75
1.3151 -2.3108 -0.0537 237 149 77
1.3147 -2.2499 -0.0537 238 148 80
1.3148 -2.1920 -0.0537 235 143 79
1.3171 -2.1298 -0.0537 240 153 81
1.3171 -2.0742 -0.0537 240 155 82
1.3170 -2.0093 -0.0537 249 219 190
1.3143 -1.9676 -0.0535 253 250 246
1.2895 -1.8919 -0.0516 238 206 185
1.3155 -1.8371 -0.0534 251 241 223
1.2864 -1.7722 -0.0517 238 206 186
1.2916 -1.7082 -0.0517 234 199 178
1.2882 -1.6510 -0.0517 235 205 186
1.2896 -1.5913 -0.0518 233 202 184
1.2896 -1.5270 -0.0518 197 155 143
1.2901 -1.4715 -0.0518 119 73 83
1.2893 -1.4099 -0.0519 119 73 83
1.2949 -1.3497 -0.0519 119 74 83
1.3028 -1.2941 -0.0519 120 75 84
1.3113 -1.2364 -0.0519 122 76 84
1.3020 -1.1536 -0.0537 178 94 65
1.2892 -1.1109 -0.0537 167 88 65
1.2892 -1.0510 -0.0536 160 84 66
1.2895 -0.9910 -0.0535 234 204 181
1.2809 -0.9442 -0.0534 249 230 208
1.2943 -0.8769 -0.0520 221 182 170
1.3062 -0.8213 -0.0517 254 152 249
1.2888 -0.7495 -0.0535 252 237 211
1.2885 -0.6898 -0.0535 253 243 219
1.2889 -0.6295 -0.0536 254 251 237
1.2888 -0.5694 -0.0536 254 253 244
1.2895 -0.5007 -0.0537 238 201 179
1.2901 -0.4507 -0.0537 196 108 77
1.2891 -0.3912 -0.0536 200 112 78
1.2898 -0.3393 -0.0535 206 116 79
1.2869 -0.2460 -0.0537 249 170 90
1.2906 -0.1893 -0.0537 204 117 80
1.2900 -0.1518 -0.0537 203 115 79
1.2897 -0.0920 -0.0535 200 112 79
1.2899 -0.0504 -0.0534 196 110 80
1.2905 0.1013 -0.0537 254 249 233
1.2894 0.1488 -0.0536 254 247 229
1.2902 0.2082 -0.0535 254 248 232
1.2950 0.2758 -0.0519 201 170 162
1.3033 0.3447 -0.0519 161 133 131
1.2906 0.3916 -0.0537 253 242 220
1.2893 0.4482 -0.0536 253 242 220
1.2898 0.4990 -0.0535 214 168 143
1.2893 0.5687 -0.0516 105 75 91
1.2890 0.6520 -0.0519 124 78 86
1.2893 0.6898 -0.0519 124 78 86
1.2917 0.7448 -0.0518 122 78 87
1.2870 0.8103 -0.0516 116 77 89
1.2907 0.8815 -0.0515 109 76 91
1.2882 0.9431 -0.0519 119 77 87
1.2910 0.9926 -0.0518 160 119 115
1.2908 1.0449 -0.0517 221 185 162
1.2905 1.1015 -0.0516 213 177 157
1.2900 1.1607 -0.0515 230 197 178
1.2901 1.2258 -0.0519 245 219 197
1.2891 1.2867 -0.0518 244 217 196
1.2904 1.3536 -0.0517 243 216 196
1.2912 1.4114 -0.0515 241 214 195
1.2901 1.4726 -0.0514 231 196 176
1.2894 1.5392 -0.0513 131 85 96
1.2874 1.5936 -0.0511 131 86 97
1.2905 1.6532 -0.0510 116 81 95
1.2903 1.7124 -0.0509 100 76 94
1.2952 1.7732 -0.0508 99 76 94
1.2856 1.8360 -0.0506 95 77 96
1.2878 1.8958 -0.0505 92 76 97
1.2906 1.9482 -0.0503 90 76 98
1.2888 2.0043 -0.0502 135 107 112
1.2871 2.0615 -0.0500 166 137 134
1.2895 2.1157 -0.0500 161 133 132
1.2925 2.1798 -0.0499 157 130 131
1.2907 2.2480 -0.0497 156 130 131
1.2893 2.3119 -0.0495 151 126 129
1.2923 2.3842 -0.0494 150 127 130
1.2918 2.4484 -0.0496 155 139 146
1.2901 2.4978 0.0042 242 142 238
1.2900 2.5003 0.0938 251 146 247
1.2900 2.5003 0.1506 251 147 247
1.2900 2.5003 0.2077 251 147 247
1.2901 2.5003 0.2703 251 147 247
1.2900 2.5003 0.3328 251 147 247
1.2900 2.5003 0.3897 251 146 247
1.2900 2.5003 0.4466 251 146 247
1.2901 2.5003 0.5091 251 144 247
1.2900 2.5003 0.5717 250 143 247
1.2900 2.5003 0.6286 250 141 247
1.2901 2.5003 0.6910 250 140 247
1.2900 2.5003 0.7535 250 138 246
1.2900 2.5003 0.8106 250 136 246
1.2900 2.5003 0.8676 250 135 246
1.2901 2.5003 0.9300 249 133 245
1.2900 2.5003 0.9924 249 131 245
1.2900 2.5003 1.0494 249 129 244
1.2892 2.5003 1.1076 248 127 244
1.2908 2.5003 1.1698 247 123 242
1.2901 2.5003 1.2313 246 120 240
1.2900 2.5003 1.2883 244 116 238
1.2899 2.5003 1.3340 242 113 236
1.3477 -2.4901 -0.0367 244 167 128
1.3564 -2.4992 0.1065 254 172 254
1.3542 -2.4997 0.1713 254 224 254
1.3484 -2.4997 0.2099 254 226 254
1.3485 -2.4997 0.2694 254 226 254
1.3483 -2.4997 0.3309 254 224 254
1.3492 -2.4997 0.3895 254 221 254
1.3485 -2.4997 0.4500 254 210 254
1.3480 -2.4997 0.5098 254 194 254
1.3492 -2.4997 0.5690 254 175 254
1.3478 -2.4997 0.6308 254 152 253
1.3492 -2.4997 0.6900 249 127 247
1.3492 -2.4997 0.7496 232 101 232
1.3533 -2.4997 0.8020 213 84 218
1.3500 -2.4992 0.8698 243 113 241
1.3506 -2.4992 0.9319 235 103 234
1.3476 -2.4992 0.9881 227 95 228
1.3551 -2.4992 1.0353 221 90 223
1.3522 -2.4985 1.1111 230 98 230
1.3459 -2.4985 1.1703 225 94 227
1.3508 -2.4985 1.2302 221 91 223
1.3648 -2.4984 1.2736 188 84 199
1.3541 -2.4978 1.3347 49 62 98
1.3493 -2.4298 -0.0537 242 150 74
1.3483 -2.3699 -0.0537 244 154 75
1.3481 -2.3098 -0.0537 242 153 77
1.3488 -2.2500 -0.0537 244 158 80
1.3482 -2.1900 -0.0537 243 157 81
1.3494 -2.1300 -0.0537 242 153 78
1.3486 -2.0701 -0.0537 240 151 79
1.3478 -2.0100 -0.0537 248 215 187
1.3489 -1.9498 -0.0537 254 254 250
1.3484 -1.8900 -0.0537 254 252 241
1.3490 -1.8303 -0.0537 254 247 228
1.3487 -1.7698 -0.0537 253 243 223
1.3488 -1.7105 -0.0537 250 229 203
1.3590 -1.6589 -0.0537 249 228 205
1.3656 -1.6032 -0.0526 239 211 191
1.3485 -1.5291 -0.0517 205 161 146
1.3481 -1.4709 -0.0517 131 76 80
1.3521 -1.4073 -0.0517 131 76 80
1.3477 -1.3529 -0.0518 129 76 81
1.3498 -1.2907 -0.0518 125 75 83
1.3688 -1.2087 -0.0537 205 112 68
1.3510 -1.1689 -0.0537 195 105 67
1.3491 -1.1114 -0.0536 187 100 67
1.3495 -1.0510 -0.0535 182 97 69
1.3446 -0.9978 -0.0534 233 200 176
1.3571 -0.9313 -0.0536 246 222 199
1.3588 -0.8713 -0.0535 241 210 185
1.3572 -0.8176 -0.0534 239 205 180
1.3405 -0.7601 -0.0524 253 190 234
1.3704 -0.6842 -0.0534 242 215 192
1.3482 -0.6290 -0.0535 254 252 239
1.3488 -0.5694 -0.0535 254 253 243
1.3631 -0.4823 -0.0537 233 142 89
1.3490 -0.4518 -0.0537 221 128 80
1.3504 -0.3918 -0.0536 220 126 79
1.3486 -0.3410 -0.0535 217 123 80
1.3682 -0.2910 -0.0534 158 89 76
1.3495 -0.1908 -0.0537 220 129 82
1.3502 -0.1515 -0.0536 218 127 81
1.3504 -0.0904 -0.0535 216 125 80
1.3479 -0.0513 -0.0534 215 124 82
1.3505 0.0994 -0.0537 254 252 241
1.3500 0.1488 -0.0536 254 251 237
1.3495 0.2069 -0.0535 254 250 236
1.3494 0.2702 -0.0519 200 169 160
1.3514 0.3452 -0.0520 190 155 143
1.3503 0.3894 -0.0537 254 250 236
1.3496 0.4491 -0.0536 254 249 233
1.3504 0.4988 -0.0534 229 180 147
1.3478 0.5657 -0.0516 114 75 88
1.3493 0.6488 -0.0519 128 78 85
1.3497 0.6871 -0.0519 124 77 86
1.3494 0.7497 -0.0517 122 78 87
1.3480 0.8193 -0.0516 116 77 89
1.3486 0.8795 -0.0515 112 76 90
1.3476 0.9407 -0.0519 127 79 86
1.3507 0.9892 -0.0518 157 112 106
1.3507 1.0424 -0.0517 223 189 167
1.3509 1.0982 -0.0516 236 206 185
1.3510 1.1582 -0.0515 238 206 185
1.3516 1.2333 -0.0519 244 217 196
1.3488 1.2948 -0.0518 242 212 189
1.3512 1.3496 -0.0517 244 219 199
1.3511 1.4073 -0.0515 242 216 197
1.3489 1.4704 -0.0514 234 200 181
1.3484 1.5363 -0.0513 143 87 92
1.3481 1.5905 -0.0511 140 87 94
1.3493 1.6476 -0.0510 121 81 93
1.3505 1.7092 -0.0509 99 76 94
1.3503 1.7737 -0.0508 99 76 94
1.3498 1.8416 -0.0506 95 77 96
1.3494 1.8925 -0.0505 94 76 96
1.3491 1.9450 -0.0504 93 77 97
1.3489 2.0006 -0.0502 131 102 108
1.3487 2.0575 -0.0501 167 139 136
1.3525 2.1119 -0.0500 160 132 132
1.3529 2.1765 -0.0499 155 127 129
1.3528 2.2443 -0.0497 155 129 131
1.3519 2.3081 -0.0495 150 125 128
1.3522 2.3815 -0.0494 152 128 130
1.3535 2.4471 -0.0488 132 115 125
1.3521 2.4964 0.0021 240 144 234
1.3520 2.5003 0.0935 251 148 248
1.3520 2.5003 0.1504 251 149 248
1.3520 2.5003 0.2076 251 150 248
1.3520 2.5003 0.2702 251 150 248
1.3520 2.5003 0.3329 251 150 248
1.3520 2.5003 0.3898 251 149 248
1.3520 2.5003 0.4467 251 148 248
1.3520 2.5003 0.5094 251 147 247
1.3520 2.5003 0.5720 251 145 247
1.3520 2.5003 0.6290 250 144 247
1.3508 2.5003 0.6883 250 142 247
1.3532 2.5003 0.7505 250 140 247
1.3520 2.5003 0.8112 250 138 246
1.3520 2.5003 0.8683 250 136 246
1.3520 2.5003 0.9308 249 134 245
1.3520 2.5003 0.9932 249 132 245
1.3520 2.5003 1.0503 249 130 245
1.3520 2.5003 1.1075 249 129 244
1.3520 2.5003 1.1699 248 125 243
1.3520 2.5003 1.2323 246 121 241
1.3520 2.5003 1.2895 245 117 239
1.3519 2.5003 1.3349 243 115 237
1.4064 -2.4876 -0.0456 235 146 94
1.4095 -2.4991 0.1004 254 165 254
1.4102 -2.4996 0.1646 254 214 254
1.4103 -2.4996 0.2100 254 214 254
1.4082 -2.4996 0.2696 254 215 254
1.4079 -2.4996 0.3300 254 214 254
1.4102 -2.4996 0.3905 254 211 254
1.4075 -2.4996 0.4492 254 204 254
1.4085 -2.4996 0.5101 254 191 254
1.4101 -2.4996 0.5713 254 174 254
1.4076 -2.4996 0.6294 254 157 253
1.4093 -2.4996 0.6902 252 137 250
1.4092 -2.4996 0.7509 244 116 243
1.4077 -2.4996 0.8098 227 96 228
1.4175 -2.4996 0.8571 213 85 218
1.4122 -2.4991 0.9281 239 107 237
1.4064 -2.4991 0.9925 231 99 231
1.4079 -2.4991 1.0493 224 92 225
1.4247 -2.4990 1.0932 220 90 223
1.4087 -2.4984 1.1693 227 95 228
1.4136 -2.4983 1.2301 223 92 225
1.4135 -2.4983 1.2908 98 69 134
1.4307 -2.4982 1.3328 47 60 96
1.4081 -2.4302 -0.0535 235 141 72
1.4074 -2.3698 -0.0535 236 143 72
1.4087 -2.3104 -0.0535 237 144 74
1.4103 -2.2499 -0.0535 235 142 73
1.4093 -2.1900 -0.0536 236 144 75
1.4081 -2.1300 -0.0536 236 144 76
1.4071 -2.0699 -0.0536 236 145 76
1.4087 -2.0099 -0.0536 247 213 185
1.4102 -1.9500 -0.0536 254 254 249
1.4094 -1.8899 -0.0536 254 252 239
1.4081 -1.8299 -0.0536 254 246 228
1.4072 -1.7699 -0.0536 253 241 218
1.4086 -1.7100 -0.0536 251 231 205
1.4102 -1.6500 -0.0536 250 231 209
1.4184 -1.6002 -0.0536 245 220 197
1.4052 -1.5304 -0.0516 205 162 148
1.4104 -1.4702 -0.0516 132 77 82
1.4092 -1.4112 -0.0516 129 77 82
1.4080 -1.3505 -0.0516 128 77 83
1.4327 -1.2662 -0.0534 212 122 74
1.4140 -1.2250 -0.0537 215 122 71
1.4091 -1.1712 -0.0536 206 114 70
1.4092 -1.1108 -0.0535 199 109 70
1.4073 -1.0535 -0.0534 195 106 71
1.3898 -1.0115 -0.0534 210 145 114
1.4322 -0.9065 -0.0537 250 230 205
1.4215 -0.8688 -0.0537 247 220 194
1.4168 -0.8099 -0.0536 245 214 188
1.4124 -0.7503 -0.0535 243 212 187
1.4000 -0.7054 -0.0534 239 202 177
1.3867 -0.6136 -0.0534 254 252 241
1.4287 -0.5572 -0.0537 248 227 204
1.4144 -0.4834 -0.0537 239 150 87
1.4096 -0.4512 -0.0537 237 145 84
1.4096 -0.3911 -0.0535 233 140 82
1.4098 -0.3426 -0.0534 228 134 81
1.3913 -0.2921 -0.0534 167 96 75
1.4102 -0.1922 -0.0537 229 138 83
1.4104 -0.1510 -0.0536 228 137 82
1.4095 -0.0918 -0.0535 225 133 82
1.4103 -0.0537 -0.0534 224 133 84
1.4101 0.0977 -0.0537 254 254 248
1.4102 0.1483 -0.0536 254 253 244
1.4101 0.2049 -0.0535 254 251 239
1.4100 0.2710 -0.0518 197 162 153
1.4301 0.3553 -0.0535 245 239 232
1.4096 0.3888 -0.0537 254 253 246
1.4105 0.4484 -0.0536 254 252 242
1.4095 0.4963 -0.0534 241 200 166
1.4092 0.5624 -0.0516 118 76 87
1.4098 0.6454 -0.0519 132 79 84
1.4122 0.6866 -0.0519 130 79 85
1.4089 0.7504 -0.0517 121 77 87
1.4087 0.8160 -0.0516 115 76 88
1.4097 0.8753 -0.0515 112 76 89
1.4083 0.9381 -0.0519 128 79 86
1.4103 0.9869 -0.0518 158 109 102
1.4122 1.0475 -0.0517 240 215 194
1.4088 1.1132 -0.0516 241 212 192
1.4081 1.1667 -0.0514 237 205 185
1.4108 1.2301 -0.0519 244 213 189
1.4106 1.2932 -0.0518 241 207 184
1.4123 1.3470 -0.0517 245 220 199
1.4090 1.4058 -0.0515 243 217 197
1.4090 1.4673 -0.0514 236 203 183
1.4093 1.5332 -0.0513 149 90 92
1.4084 1.5894 -0.0511 145 88 94
1.4099 1.6455 -0.0510 125 82 93
1.4111 1.7059 -0.0509 103 76 93
1.4089 1.7705 -0.0508 98 76 94
1.4101 1.8384 -0.0506 95 76 96
1.4112 1.8892 -0.0505 94 76 96
1.4126 1.9422 -0.0504 94 76 96
1.4095 1.9978 -0.0502 128 99 106
1.4103 2.0549 -0.0500 166 139 136
1.4112 2.1090 -0.0500 161 133 133
1.4126 2.1733 -0.0499 156 127 129
1.4098 2.2428 -0.0497 153 125 128
1.4087 2.3073 -0.0495 149 123 127
1.4121 2.3776 -0.0494 153 128 130
1.4225 2.4558 -0.0492 141 119 125
1.4082 2.4988 0.0057 247 148 244
1.4087 2.5003 0.0932 251 151 248
1.4087 2.5003 0.1502 251 152 248
1.4087 2.5003 0.2074 251 153 248
1.4087 2.5003 0.2701 251 153 248
1.4087 2.5003 0.3329 251 152 248
1.4087 2.5003 0.3899 251 152 248
1.4087 2.5003 0.4469 251 151 248
1.4087 2.5003 0.5096 251 149 248
1.4087 2.5003 0.5723 251 147 247
1.4087 2.5003 0.6293 251 145 247
1.4087 2.5003 0.6863 250 143 247
1.4087 2.5003 0.7490 250 141 247
1.4087 2.5003 0.8117 250 139 246
1.4087 2.5003 0.8688 250 137 246
1.4076 2.5003 0.9293 250 135 246
1.4099 2.5003 0.9915 249 133 245
1.4087 2.5003 1.0512 249 131 245
1.4087 2.5003 1.1084 249 129 244
1.4087 2.5003 1.1709 248 126 243
1.4087 2.5003 1.2333 247 122 241
1.4087 2.5003 1.2906 245 119 240
1.4088 2.5003 1.3361 244 116 238
1.4595 -2.4833 -0.0514 218 122 68
1.4696 -2.4990 0.0907 254 157 253
1.4687 -2.4995 0.1572 254 203 254
1.4701 -2.4995 0.2099 254 203 254
1.4695 -2.4995 0.2701 254 203 254
1.4672 -2.4995 0.3299 254 203 254
1.4698 -2.4995 0.3900 254 200 254
1.4695 -2.4995 0.4502 254 196 254
1.4669 -2.4995 0.5097 254 186 254
1.4702 -2.4995 0.5695 254 172 254
1.4694 -2.4995 0.6303 254 157 253
1.4672 -2.4995 0.6898 253 141 251
1.4700 -2.4995 0.7497 249 125 247
1.4695 -2.4995 0.8112 239 108 238
1.4674 -2.4995 0.8701 223 92 225
1.4837 -2.4994 0.9124 216 86 220
1.4697 -2.4989 0.9896 234 102 233
1.4669 -2.4989 1.0496 228 96 228
1.4710 -2.4989 1.1078 222 91 224
1.4843 -2.4987 1.1518 221 90 223
1.4687 -2.4982 1.2287 224 93 226
1.4742 -2.4982 1.2897 109 72 142
1.4769 -2.4982 1.3344 48 61 97
1.4595 -2.4300 -0.0534 223 128 69
1.4589 -2.3704 -0.0534 224 129 69
1.4605 -2.3102 -0.0534 225 129 70
1.4592 -2.2502 -0.0534 227 133 70
1.4581 -2.1899 -0.0534 233 140 73
1.4570 -2.1300 -0.0535 230 136 73
1.4557 -2.0698 -0.0535 224 129 70
1.4578 -2.0100 -0.0535 241 206 181
1.4564 -1.9502 -0.0535 254 253 247
1.4548 -1.8902 -0.0535 254 251 237
1.4540 -1.8300 -0.0535 254 245 225
1.4526 -1.7698 -0.0535 253 238 214
1.4545 -1.7101 -0.0535 251 232 207
1.4533 -1.6499 -0.0535 251 233 211
1.4521 -1.5901 -0.0535 245 220 197
1.4556 -1.5517 -0.0534 239 209 186
1.4706 -1.4696 -0.0515 140 92 94
1.4677 -1.4100 -0.0515 130 82 88
1.4699 -1.3495 -0.0515 137 91 94
1.4768 -1.2786 -0.0537 232 139 76
1.4692 -1.2312 -0.0536 227 133 74
1.4692 -1.1711 -0.0535 222 127 73
1.4691 -1.1115 -0.0534 209 116 72
1.4559 -1.0690 -0.0534 204 113 72
1.4692 -0.9912 -0.0535 244 224 202
1.4757 -0.9214 -0.0537 253 241 220
1.4689 -0.8711 -0.0536 251 233 208
1.4692 -0.8112 -0.0535 249 224 197
1.4637 -0.7594 -0.0534 247 219 192
1.4860 -0.6957 -0.0517 198 151 147
1.4951 -0.6107 -0.0537 245 222 199
1.4719 -0.5681 -0.0537 252 236 215
1.4699 -0.4851 -0.0537 240 152 87
1.4704 -0.4518 -0.0537 239 149 84
1.4697 -0.3909 -0.0535 232 140 81
1.4688 -0.3437 -0.0534 228 133 79
1.4690 -0.2693 -0.0535 233 147 86
1.4710 -0.1940 -0.0537 241 153 86
1.4695 -0.1516 -0.0536 239 150 85
1.4703 -0.0911 -0.0535 228 135 81
1.4693 -0.0530 -0.0533 222 132 83
1.4705 0.0964 -0.0537 254 254 251
1.4702 0.1492 -0.0536 254 254 248
1.4695 0.2039 -0.0535 254 252 240
1.4766 0.2884 -0.0520 198 157 142
1.4702 0.3566 -0.0537 252 251 247
1.4705 0.3887 -0.0537 254 254 250
1.4694 0.4491 -0.0535 254 253 246
1.4700 0.4953 -0.0534 243 208 177
1.4706 0.5592 -0.0516 116 76 88
1.4701 0.6424 -0.0519 128 78 84
1.4704 0.6926 -0.0519 127 78 85
1.4711 0.7573 -0.0517 121 77 86
1.4690 0.8133 -0.0516 119 76 87
1.4691 0.8738 -0.0515 115 76 88
1.4690 0.9348 -0.0519 132 80 85
1.4714 0.9830 -0.0518 170 113 104
1.4696 1.0481 -0.0517 245 221 201
1.4689 1.1205 -0.0515 240 209 188
1.4714 1.1796 -0.0514 238 203 182
1.4698 1.2281 -0.0519 243 208 184
1.4696 1.2893 -0.0518 241 208 185
1.4719 1.3443 -0.0517 245 220 199
1.4687 1.4022 -0.0515 243 217 197
1.4710 1.4631 -0.0514 237 206 187
1.4699 1.5310 -0.0513 148 92 94
1.4691 1.5868 -0.0511 140 87 94
1.4706 1.6414 -0.0510 122 81 93
1.4717 1.7027 -0.0509 101 75 93
1.4696 1.7658 -0.0508 99 75 94
1.4708 1.8351 -0.0506 98 76 94
1.4690 1.8861 -0.0505 94 76 96
1.4717 1.9395 -0.0503 92 76 97
1.4696 1.9940 -0.0503 121 95 104
1.4683 2.0539 -0.0501 169 140 136
1.4670 2.1094 -0.0503 169 141 140
1.4729 2.1700 -0.0499 157 128 129
1.4664 2.2390 -0.0497 151 122 126
1.4695 2.3072 -0.0494 149 123 127
1.4720 2.3750 -0.0494 153 127 129
1.4698 2.4549 -0.0492 142 120 126
1.4710 2.5003 0.0074 251 151 248
1.4710 2.5003 0.0929 251 153 248
1.4710 2.5003 0.1500 251 155 248
1.4710 2.5003 0.2073 251 155 248
1.4710 2.5003 0.2701 251 156 248
1.4710 2.5003 0.3329 251 155 248
1.4710 2.5003 0.3899 251 155 248
1.4710 2.5003 0.4470 251 153 248
1.4710 2.5003 0.5098 251 152 248
1.4710 2.5003 0.5726 251 149 248
1.4710 2.5003 0.6297 251 147 247
1.4710 2.5003 0.6867 251 145 247
1.4710 2.5003 0.7495 250 143 247
1.4710 2.5003 0.8123 250 140 247
1.4710 2.5003 0.8694 250 138 246
1.4710 2.5003 0.9265 250 136 246
1.4710 2.5003 0.9893 249 134 246
1.4710 2.5003 1.0520 249 132 245
1.4710 2.5003 1.1092 249 130 245
1.4702 2.5003 1.1673 248 128 244
1.4718 2.5003 1.2298 247 124 242
1.4710 2.5003 1.2918 246 120 240
1.4710 2.5003 1.3373 244 117 238
1.5438 -2.4987 0.0475 253 146 251
1.5458 -2.4992 0.1129 254 182 254
1.5269 -2.4993 0.1503 254 192 254
1.5290 -2.4993 0.2099 254 192 254
1.5311 -2.4993 0.2714 254 192 254
1.5269 -2.4993 0.3288 254 192 254
1.5286 -2.4993 0.3898 254 190 254
1.5307 -2.4993 0.4509 254 187 254
1.5284 -2.4993 0.5090 254 181 254
1.5279 -2.4993 0.5704 254 169 254
1.5305 -2.4993 0.6305 254 156 253
1.5292 -2.4993 0.6897 253 143 252
1.5269 -2.4993 0.7501 250 129 248
1.5309 -2.4993 0.8105 244 116 242
1.5285 -2.4993 0.8705 234 102 234
1.5302 -2.4993 0.9258 222 91 224
1.5468 -2.4992 0.9701 219 89 222
1.5229 -2.4988 1.0496 230 98 230
1.5262 -2.4988 1.1098 225 93 226
1.5348 -2.4988 1.1643 220 90 223
1.5290 -2.4981 1.2298 225 94 227
1.5339 -2.4981 1.2888 114 73 145
1.5404 -2.4980 1.3338 48 61 98
1.5257 -2.4305 -0.0515 234 200 178
1.5320 -2.3681 -0.0515 238 209 189
1.5375 -2.3102 -0.0515 238 208 188
1.5338 -2.2518 -0.0516 233 198 176
1.5208 -2.1919 -0.0516 231 195 172
1.5260 -2.1306 -0.0516 237 205 184
1.5327 -2.0697 -0.0516 240 210 189
1.5387 -2.0112 -0.0516 184 136 125
1.5258 -1.9542 -0.0517 158 100 92
1.5236 -1.8911 -0.0517 148 88 84
1.5288 -1.8292 -0.0517 141 81 80
1.5365 -1.7699 -0.0517 139 79 80
1.5406 -1.7103 -0.0518 140 79 80
1.5384 -1.6532 -0.0518 140 79 80
1.5401 -1.5877 -0.0518 141 80 79
1.5463 -1.5274 -0.0518 164 113 107
1.5512 -1.4699 -0.0518 232 198 180
1.5540 -1.4249 -0.0518 228 194 177
1.5425 -1.3329 -0.0537 254 253 250
1.5294 -1.2908 -0.0537 249 228 209
1.5291 -1.2311 -0.0536 248 225 205
1.5294 -1.1710 -0.0535 248 225 206
1.5219 -1.1233 -0.0534 241 205 180
1.5388 -1.0535 -0.0516 222 187 173
1.5394 -0.9752 -0.0537 205 119 77
1.5293 -0.9313 -0.0537 210 138 104
1.5292 -0.8713 -0.0536 204 133 102
1.5265 -0.8147 -0.0535 203 134 105
1.5114 -0.7724 -0.0534 236 209 185
1.5533 -0.6920 -0.0535 146 77 66
1.5365 -0.6117 -0.0537 206 126 90
1.5296 -0.5711 -0.0537 210 140 109
1.5301 -0.4861 -0.0537 250 225 206
1.5298 -0.4516 -0.0537 248 223 205
1.5300 -0.3924 -0.0535 246 221 203
1.5300 -0.3461 -0.0534 245 220 204
1.5153 -0.2662 -0.0534 254 253 244
1.5309 -0.1958 -0.0537 251 229 208
1.5296 -0.1510 -0.0536 250 226 207
1.5300 -0.0912 -0.0535 248 223 204
1.5287 -0.0554 -0.0533 243 216 199
1.5306 0.0944 -0.0537 244 180 129
1.5297 0.1484 -0.0536 241 177 130
1.5294 0.2017 -0.0535 238 171 126
1.5321 0.2781 -0.0520 153 100 100
1.5307 0.3558 -0.0537 243 179 128
1.5303 0.3886 -0.0537 245 182 131
1.5300 0.4483 -0.0535 241 174 127
1.5283 0.4933 -0.0534 240 186 148
1.5288 0.5612 -0.0515 206 175 163
1.5303 0.6391 -0.0519 213 184 170
1.5307 0.6893 -0.0519 213 182 167
1.5295 0.7543 -0.0517 207 173 159
1.5298 0.8105 -0.0516 204 170 156
1.5286 0.8699 -0.0515 202 169 157
1.5296 0.9316 -0.0519 223 189 172
1.5318 0.9917 -0.0518 206 162 146
1.5278 1.0567 -0.0517 176 125 119
1.5288 1.1164 -0.0515 171 119 114
1.5470 1.1929 -0.0518 158 97 94
1.5283 1.2267 -0.0519 178 120 111
1.5302 1.2873 -0.0518 171 116 110
1.5311 1.3417 -0.0517 171 116 111
1.5304 1.3996 -0.0515 172 119 113
1.5313 1.4616 -0.0514 167 112 110
1.5289 1.5278 -0.0513 210 170 154
1.5314 1.5976 -0.0511 218 183 169
1.5269 1.6540 -0.0510 197 165 157
1.5285 1.6997 -0.0509 165 133 129
1.5299 1.7639 -0.0508 164 131 128
1.5316 1.8318 -0.0506 166 135 130
1.5268 1.8829 -0.0505 153 125 124
1.5307 1.9359 -0.0504 155 127 126
1.5298 1.9915 -0.0502 140 111 113
1.5293 2.0498 -0.0501 108 90 105
1.5304 2.1098 -0.0499 101 85 102
1.5333 2.1667 -0.0499 97 82 100
1.5277 2.2359 -0.0497 102 86 103
1.5318 2.3035 -0.0494 95 83 102
1.5318 2.3712 -0.0494 93 81 100
1.5306 2.4518 -0.0493 96 85 103
1.5334 2.5003 0.0071 251 153 248
1.5335 2.5003 0.0927 251 156 248
1.5334 2.5003 0.1499 251 157 248
1.5335 2.5003 0.2071 251 158 248
1.5335 2.5003 0.2700 251 158 248
1.5335 2.5003 0.3329 251 158 248
1.5335 2.5003 0.3900 251 157 248
1.5335 2.5003 0.4472 251 156 248
1.5335 2.5003 0.5100 251 154 248
1.5335 2.5003 0.5729 251 151 248
1.5335 2.5003 0.6301 251 149 248
1.5335 2.5003 0.6872 251 146 247
1.5335 2.5003 0.7501 250 144 247
1.5335 2.5003 0.8129 250 141 247
1.5335 2.5003 0.8701 250 139 246
1.5335 2.5003 0.9272 250 137 246
1.5335 2.5003 0.9901 250 134 246
1.5335 2.5003 1.0529 249 132 245
1.5335 2.5003 1.1101 249 131 245
1.5335 2.5003 1.1672 249 129 244
1.5335 2.5003 1.2301 248 125 243
1.5335 2.5003 1.2929 246 121 241
1.5335 2.5003 1.3386 245 118 239
1.6045 -2.4909 -0.0324 254 241 251
1.5952 -2.4992 0.1099 254 178 254
1.6072 -2.4997 0.1730 254 227 254
1.6014 -2.4997 0.2101 254 231 254
1.6038 -2.4997 0.2702 254 230 254
1.6031 -2.4997 0.3299 254 229 254
1.6022 -2.4997 0.3896 254 224 254
1.6033 -2.4997 0.4512 254 211 254
1.6020 -2.4997 0.5086 254 195 254
1.6027 -2.4997 0.5703 254 173 254
1.6024 -2.4997 0.6298 253 147 252
1.6019 -2.4997 0.6898 245 118 243
1.6014 -2.4997 0.7504 219 89 222
1.6080 -2.4997 0.7903 212 84 217
1.5898 -2.4992 0.8691 240 109 238
1.5868 -2.4992 0.9309 230 98 230
1.5941 -2.4992 0.9831 221 90 223
1.6009 -2.4989 1.0364 224 93 226
1.5878 -2.4987 1.1098 227 96 228
1.5937 -2.4987 1.1695 223 92 225
1.5957 -2.4986 1.2139 220 89 222
1.5975 -2.4979 1.2884 115 74 146
1.5875 -2.4978 1.3353 49 62 99
1.6050 -2.4311 -0.0537 254 254 251
1.6051 -2.3701 -0.0537 254 254 252
1.6049 -2.3114 -0.0537 254 254 252
1.6057 -2.2500 -0.0537 254 254 252
1.6064 -2.1890 -0.0537 254 254 253
1.6082 -2.1299 -0.0537 254 254 253
1.6074 -2.0700 -0.0537 254 254 252
1.6080 -2.0110 -0.0537 241 186 148
1.6078 -1.9498 -0.0537 225 130 71
1.6092 -1.8902 -0.0537 212 117 65
1.6103 -1.8299 -0.0537 195 104 60
1.6098 -1.7705 -0.0537 181 93 57
1.6109 -1.7098 -0.0537 162 84 56
1.6107 -1.6700 -0.0537 143 74 56
1.5831 -1.5894 -0.0517 134 78 80
1.5893 -1.5305 -0.0517 153 103 101
1.5948 -1.4712 -0.0517 232 198 180
1.6093 -1.3881 -0.0537 254 253 250
1.5915 -1.3486 -0.0537 254 254 252
1.5891 -1.2910 -0.0536 254 254 250
1.5891 -1.2310 -0.0535 254 254 247
1.5852 -1.1773 -0.0534 254 253 246
1.5814 -1.1267 -0.0526 238 220 210
1.6063 -1.0304 -0.0537 254 253 248
1.5904 -0.9899 -0.0537 218 140 97
1.5893 -0.9308 -0.0536 206 114 70
1.5882 -0.8715 -0.0535 199 108 69
1.5737 -0.8289 -0.0534 194 104 69
1.5890 -0.7508 -0.0535 161 84 65
1.5858 -0.6940 -0.0535 156 82 67
1.5926 -0.6243 -0.0537 210 116 71
1.5895 -0.5714 -0.0536 207 114 72
1.5917 -0.4878 -0.0537 254 253 252
1.5894 -0.4509 -0.0537 255 254 253
1.5899 -0.3902 -0.0535 254 254 250
1.5896 -0.3465 -0.0534 255 254 249
1.6043 -0.2663 -0.0528 247 232 220
1.5901 -0.1975 -0.0537 254 254 252
1.5906 -0.1517 -0.0536 254 254 253
1.5893 -0.0909 -0.0535 254 254 249
1.5969 0.0412 -0.0519 134 85 93
1.5900 0.0922 -0.0537 243 157 87
1.5900 0.1485 -0.0536 237 146 82
1.5900 0.2010 -0.0535 231 138 79
1.5896 0.2689 -0.0520 149 88 89
1.5922 0.3544 -0.0537 245 163 87
1.5895 0.3888 -0.0537 242 154 84
1.5900 0.4489 -0.0535 236 144 81
1.5898 0.4920 -0.0534 235 163 119
1.5905 0.5812 -0.0515 241 213 192
1.5905 0.6372 -0.0519 246 220 196
1.5899 0.6862 -0.0519 245 219 197
1.5896 0.7504 -0.0517 244 216 195
1.5904 0.8072 -0.0516 242 213 192
1.5895 0.8676 -0.0515 243 217 198
1.5901 0.9283 -0.0519 247 222 198
1.5901 0.9889 -0.0518 213 176 161
1.5897 1.0549 -0.0517 145 86 89
1.5888 1.1134 -0.0515 145 87 90
1.5914 1.1956 -0.0519 156 89 85
1.5897 1.2329 -0.0519 157 90 86
1.5905 1.2830 -0.0518 155 89 87
1.5932 1.3455 -0.0516 151 88 88
1.5877 1.4028 -0.0515 147 87 89
1.5900 1.4576 -0.0514 146 87 90
1.5897 1.5254 -0.0513 231 196 176
1.5894 1.5969 -0.0511 237 206 187
1.5884 1.6545 -0.0509 234 203 184
1.5897 1.7149 -0.0509 188 153 141
1.5873 1.7803 -0.0507 183 148 139
1.5919 1.8285 -0.0506 183 150 140
1.5885 1.8796 -0.0505 179 147 140
1.5895 1.9333 -0.0503 174 142 135
1.5944 1.9980 -0.0502 139 112 116
1.5902 2.0688 -0.0501 88 76 97
1.5775 2.1075 -0.0497 88 76 97
1.5929 2.1636 -0.0499 88 76 97
1.5897 2.2324 -0.0497 87 76 97
1.5899 2.3013 -0.0494 87 76 97
1.5918 2.3687 -0.0494 85 76 97
1.5922 2.4482 -0.0492 84 76 98
1.5903 2.5003 0.0067 251 154 248
1.5904 2.5003 0.0926 251 157 248
1.5904 2.5003 0.1498 251 159 248
1.5904 2.5003 0.2070 251 160 248
1.5904 2.5003 0.2700 251 160 248
1.5904 2.5003 0.3329 251 160 248
1.5904 2.5003 0.3901 251 159 248
1.5904 2.5003 0.4473 251 157 248
1.5904 2.5003 0.5103 251 155 248
1.5904 2.5003 0.5732 251 153 248
1.5904 2.5003 0.6304 251 150 248
1.5904 2.5003 0.6876 251 147 247
1.5904 2.5003 0.7505 251 145 247
1.5904 2.5003 0.8135 250 142 247
1.5904 2.5003 0.8707 250 140 246
1.5904 2.5003 0.9279 250 137 246
1.5904 2.5003 0.9908 250 135 246
1.5904 2.5003 1.0538 249 133 245
1.5904 2.5003 1.1110 249 131 245
1.5904 2.5003 1.1682 249 129 244
1.5896 2.5003 1.2301 248 126 243
1.5912 2.5003 1.2928 246 122 241
1.5904 2.5003 1.3344 245 119 240
1.6485 -2.4894 -0.0402 254 243 249
1.6503 -2.4991 0.1037 254 171 254
1.6547 -2.4996 0.1682 254 221 254
1.6464 -2.4996 0.2102 254 223 254
1.6490 -2.4996 0.2699 254 222 254
1.6498 -2.4996 0.3305 254 221 254
1.6470 -2.4996 0.3899 254 218 254
1.6494 -2.4996 0.4498 254 207 254
1.6490 -2.4996 0.5102 254 192 254
1.6474 -2.4996 0.5701 254 174 254
1.6502 -2.4996 0.6302 254 153 253
1.6482 -2.4996 0.6895 250 130 248
1.6480 -2.4996 0.7499 236 105 235
1.6536 -2.4996 0.8058 215 86 220
1.6720 -2.4995 0.8492 215 87 220
1.6461 -2.4991 0.9302 235 103 234
1.6500 -2.4991 0.9899 227 95 227
1.6595 -2.4990 1.0389 220 90 223
1.6462 -2.4985 1.1107 229 97 229
1.6510 -2.4985 1.1702 225 94 226
1.6484 -2.4985 1.2306 220 90 223
1.6630 -2.4985 1.2753 155 78 175
1.6405 -2.4978 1.3330 49 62 98
1.6483 -2.4300 -0.0536 254 254 250
1.6496 -2.3700 -0.0536 254 254 251
1.6489 -2.3098 -0.0536 254 254 251
1.6479 -2.2499 -0.0536 254 254 252
1.6488 -2.1904 -0.0536 254 254 253
1.6484 -2.1299 -0.0536 254 254 252
1.6495 -2.0697 -0.0536 254 254 251
1.6489 -2.0099 -0.0536 242 185 142
1.6481 -1.9499 -0.0537 227 133 71
1.6485 -1.8906 -0.0537 215 120 66
1.6487 -1.8301 -0.0537 198 105 62
1.6493 -1.7695 -0.0537 185 97 59
1.6490 -1.7100 -0.0537 170 87 57
1.6519 -1.6541 -0.0537 155 80 57
1.6695 -1.6112 -0.0535 143 75 59
1.6479 -1.5300 -0.0516 157 105 101
1.6714 -1.4496 -0.0532 249 241 236
1.6542 -1.4046 -0.0537 254 254 253
1.6494 -1.3511 -0.0536 254 254 251
1.6489 -1.2913 -0.0535 254 254 249
1.6474 -1.2330 -0.0534 254 253 246
1.6316 -1.1917 -0.0533 253 249 239
1.6724 -1.0861 -0.0536 252 250 246
1.6530 -1.0466 -0.0537 254 254 251
1.6494 -0.9909 -0.0536 227 152 107
1.6494 -0.9310 -0.0535 214 120 72
1.6400 -0.8850 -0.0534 205 112 70
1.6491 -0.8107 -0.0535 172 90 65
1.6445 -0.7551 -0.0535 167 88 66
1.6610 -0.6688 -0.0537 225 132 76
1.6495 -0.6311 -0.0537 220 127 74
1.6496 -0.5711 -0.0536 216 122 74
1.6515 -0.4897 -0.0537 254 253 252
1.6498 -0.4513 -0.0536 255 254 253
1.6495 -0.3921 -0.0535 255 254 250
1.6495 -0.3492 -0.0534 255 254 249
1.6559 -0.2609 -0.0519 241 214 194
1.6503 -0.1989 -0.0537 254 254 252
1.6497 -0.1511 -0.0536 254 254 253
1.6499 -0.0923 -0.0535 254 254 250
1.6531 0.0215 -0.0519 148 99 101
1.6499 0.0911 -0.0537 242 157 86
1.6507 0.1490 -0.0536 234 142 80
1.6488 0.1992 -0.0535 226 131 77
1.6501 0.2696 -0.0519 144 86 89
1.6520 0.3526 -0.0537 244 163 88
1.6498 0.3885 -0.0537 241 154 84
1.6501 0.4490 -0.0535 237 146 81
1.6475 0.4909 -0.0534 235 155 99
1.6512 0.5785 -0.0515 242 214 193
1.6507 0.6459 -0.0519 246 220 197
1.6499 0.6941 -0.0518 245 218 196
1.6498 0.7479 -0.0517 244 217 195
1.6493 0.8033 -0.0516 242 214 192
1.6490 0.8643 -0.0515 243 218 199
1.6505 0.9262 -0.0519 246 221 197
1.6492 0.9886 -0.0518 212 174 159
1.6510 1.0529 -0.0517 143 85 88
1.6485 1.1110 -0.0515 143 85 89
1.6514 1.1925 -0.0519 149 85 85
1.6496 1.2306 -0.0519 150 86 86
1.6521 1.2864 -0.0518 148 86 87
1.6481 1.3522 -0.0516 146 87 88
1.6501 1.4211 -0.0515 145 86 89
1.6497 1.4706 -0.0513 148 90 92
1.6501 1.5219 -0.0513 227 189 169
1.6508 1.5936 -0.0511 237 206 187
1.6482 1.6514 -0.0510 234 202 183
1.6490 1.7129 -0.0508 188 153 142
1.6504 1.7772 -0.0507 184 149 139
1.6521 1.8253 -0.0506 182 150 141
1.6502 1.8762 -0.0505 180 148 140
1.6525 1.9397 -0.0504 172 139 133
1.6458 2.0143 -0.0502 117 97 108
1.6463 2.0953 -0.0500 88 75 97
1.6554 2.1506 -0.0497 86 76 98
1.6394 2.1639 -0.0496 84 76 99
1.6516 2.2290 -0.0497 85 76 98
1.6493 2.3008 -0.0496 85 76 98
1.6513 2.3694 -0.0493 84 77 99
1.6494 2.4452 -0.0492 84 76 99
1.6474 2.5003 0.0064 251 155 248
1.6474 2.5003 0.0924 251 158 248
1.6474 2.5003 0.1496 251 160 248
1.6474 2.5003 0.2069 251 161 248
1.6474 2.5003 0.2699 251 162 249
1.6474 2.5003 0.3329 251 161 248
1.6474 2.5003 0.3902 251 160 248
1.6474 2.5003 0.4475 251 159 248
1.6474 2.5003 0.5105 251 156 248
1.6474 2.5003 0.5735 251 154 248
1.6474 2.5003 0.6307 251 151 248
1.6474 2.5003 0.6880 251 148 247
1.6474 2.5003 0.7510 251 145 247
1.6474 2.5003 0.8140 250 142 247
1.6474 2.5003 0.8713 250 140 247
1.6474 2.5003 0.9286 250 138 246
1.6465 2.5003 0.9873 250 135 246
1.6481 2.5003 1.0500 249 133 245
1.6474 2.5003 1.1118 249 131 245
1.6474 2.5003 1.1691 249 129 244
1.6474 2.5003 1.2266 248 127 244
1.6474 2.5003 1.2896 247 122 242
1.6474 2.5003 1.3355 245 119 240
1.7071 -2.4850 -0.0494 254 251 245
1.7109 -2.4989 0.0943 254 162 253
1.7104 -2.4995 0.1611 254 210 254
1.7069 -2.4995 0.2098 254 212 254
1.7101 -2.4995 0.2697 254 211 254
1.7094 -2.4995 0.3291 254 210 254
1.7071 -2.4995 0.3899 254 208 254
1.7097 -2.4995 0.4501 254 201 254
1.7096 -2.4995 0.5098 254 188 254
1.7070 -2.4995 0.5700 254 173 254
1.7096 -2.4995 0.6297 254 156 253
1.7098 -2.4995 0.6896 252 138 250
1.7068 -2.4995 0.7499 246 118 244
1.7097 -2.4995 0.8102 231 99 231
1.7168 -2.4994 0.8603 216 86 220
1.7077 -2.4989 0.9299 238 106 236
1.7113 -2.4989 0.9901 231 99 231
1.7105 -2.4989 1.0487 224 92 225
1.7181 -2.4989 1.0935 220 89 222
1.7038 -2.4984 1.1697 226 95 227
1.7068 -2.4984 1.2303 222 92 224
1.7136 -2.4984 1.2891 102 70 137
1.7263 -2.4982 1.3299 47 60 96
1.7078 -2.4300 -0.0535 254 254 247
1.7093 -2.3699 -0.0535 254 254 246
1.7083 -2.3101 -0.0535 254 253 246
1.7097 -2.2500 -0.0535 254 254 249
1.7090 -2.1899 -0.0535 254 254 252
1.7078 -2.1299 -0.0535 254 254 250
1.7090 -2.0703 -0.0535 254 254 247
1.7086 -2.0101 -0.0535 239 181 140
1.7095 -1.9495 -0.0535 225 130 71
1.7089 -1.8900 -0.0535 215 121 68
1.7081 -1.8301 -0.0535 202 108 64
1.7088 -1.7707 -0.0535 188 99 61
1.7086 -1.7101 -0.0535 173 89 60
1.7091 -1.6495 -0.0535 160 82 60
1.7134 -1.5942 -0.0535 148 76 60
1.7312 -1.5505 -0.0534 149 79 64
1.7174 -1.4578 -0.0537 254 254 253
1.7091 -1.4109 -0.0536 254 254 252
1.7093 -1.3510 -0.0535 254 254 250
1.7090 -1.2910 -0.0534 254 254 247
1.6961 -1.2477 -0.0534 254 253 246
1.7108 -1.1699 -0.0520 230 198 182
1.7160 -1.1012 -0.0537 254 254 251
1.7094 -1.0511 -0.0536 254 254 251
1.7093 -0.9910 -0.0535 234 160 110
1.7042 -0.9393 -0.0534 223 129 75
1.7095 -0.8706 -0.0535 198 107 68
1.7030 -0.8163 -0.0534 186 99 67
1.6882 -0.7720 -0.0532 172 93 70
1.7137 -0.6795 -0.0537 236 144 80
1.7099 -0.6312 -0.0536 229 136 79
1.7089 -0.5726 -0.0535 224 129 77
1.7105 -0.4915 -0.0537 254 253 248
1.7096 -0.4520 -0.0536 255 254 253
1.7102 -0.3908 -0.0535 255 254 251
1.7093 -0.3490 -0.0534 254 253 247
1.7095 -0.2727 -0.0518 241 212 191
1.7108 -0.2010 -0.0537 254 254 253
1.7098 -0.1511 -0.0536 254 254 253
1.7093 -0.0929 -0.0535 254 254 249
1.7111 0.0012 -0.0519 184 138 130
1.7106 0.0892 -0.0537 245 162 88
1.7091 0.1488 -0.0536 238 149 82
1.7102 0.1975 -0.0535 230 137 78
1.7089 0.2698 -0.0519 142 85 88
1.7106 0.3509 -0.0537 246 164 89
1.7100 0.3882 -0.0536 241 155 86
1.7100 0.4480 -0.0535 237 146 82
1.7100 0.4887 -0.0534 232 141 83
1.7108 0.5757 -0.0515 242 215 194
1.7113 0.6431 -0.0519 246 220 197
1.7114 0.6921 -0.0518 245 218 195
1.7085 0.7447 -0.0517 244 217 196
1.7084 0.8009 -0.0516 243 217 195
1.7083 0.8612 -0.0515 243 218 199
1.7085 0.9335 -0.0519 246 219 196
1.7109 0.9958 -0.0518 208 163 145
1.7106 1.0498 -0.0517 150 87 88
1.7099 1.1078 -0.0515 146 87 89
1.7116 1.1893 -0.0519 151 87 85
1.7112 1.2273 -0.0519 152 87 85
1.7100 1.2906 -0.0518 147 85 86
1.7120 1.3587 -0.0516 147 86 88
1.7110 1.4187 -0.0515 144 86 89
1.7149 1.4749 -0.0513 161 104 101
1.7068 1.5219 -0.0512 227 187 167
1.7119 1.5903 -0.0511 238 207 187
1.7111 1.6480 -0.0510 234 201 182
1.7103 1.7101 -0.0509 189 153 141
1.7128 1.7735 -0.0507 186 151 140
1.7125 1.8221 -0.0506 183 151 142
1.7118 1.8729 -0.0505 180 148 140
1.7111 1.9502 -0.0504 169 136 131
1.7102 2.0314 -0.0501 93 76 95
1.7093 2.0921 -0.0500 89 75 96
1.7155 2.1545 -0.0499 87 76 97
1.7118 2.1641 -0.0492 83 76 99
1.7128 2.2258 -0.0497 86 76 98
1.7124 2.2975 -0.0496 84 76 98
1.7108 2.3660 -0.0494 84 76 99
1.7109 2.4421 -0.0493 84 76 99
1.7102 2.5003 0.0060 251 156 248
1.7103 2.5003 0.0921 251 159 248
1.7103 2.5003 0.1494 251 161 248
1.7103 2.5003 0.2067 251 162 249
1.7103 2.5003 0.2698 251 162 249
1.7103 2.5003 0.3329 251 162 249
1.7103 2.5003 0.3903 251 161 248
1.7103 2.5003 0.4476 251 159 248
1.7103 2.5003 0.5107 251 157 248
1.7103 2.5003 0.5738 251 154 248
1.7103 2.5003 0.6311 251 151 248
1.7103 2.5003 0.6885 251 149 248
1.7094 2.5003 0.7471 251 146 247
1.7110 2.5003 0.8098 250 143 247
1.7103 2.5003 0.8718 250 140 247
1.7103 2.5003 0.9293 250 138 246
1.7103 2.5003 0.9869 250 136 246
1.7102 2.5003 1.0498 249 133 245
1.7103 2.5003 1.1127 249 131 245
1.7103 2.5003 1.1702 249 129 244
1.7103 2.5003 1.2277 248 127 244
1.7103 2.5003 1.2906 247 123 242
1.7103 2.5003 1.3363 246 120 240
1.7504 -2.4826 -0.0506 254 250 242
1.7709 -2.4988 0.0915 254 155 253
1.7678 -2.4993 0.1540 254 200 254
1.7694 -2.4993 0.2103 254 200 254
1.7704 -2.4993 0.2689 254 200 254
1.7669 -2.4993 0.3311 254 199 254
1.7687 -2.4993 0.3900 254 197 254
1.7715 -2.4993 0.4500 254 193 254
1.7669 -2.4993 0.5114 254 183 254
1.7675 -2.4993 0.5698 254 171 254
1.7712 -2.4993 0.6300 254 156 253
1.7681 -2.4993 0.6904 253 141 251
1.7673 -2.4993 0.7498 249 126 247
1.7701 -2.4993 0.8103 241 110 239
1.7703 -2.4993 0.8704 227 95 228
1.7774 -2.4993 0.9145 216 87 220
1.7725 -2.4988 0.9898 234 102 233
1.7695 -2.4988 1.0514 227 95 228
1.7699 -2.4988 1.1058 221 91 224
1.7776 -2.4986 1.1545 221 91 223
1.7626 -2.4983 1.2301 224 93 225
1.7692 -2.4983 1.2897 103 71 137
1.7712 -2.4982 1.3330 48 61 97
1.7497 -2.4302 -0.0534 254 252 243
1.7485 -2.3698 -0.0534 254 252 242
1.7472 -2.3092 -0.0534 254 252 242
1.7492 -2.2496 -0.0534 254 253 245
1.7482 -2.1893 -0.0534 254 253 249
1.7471 -2.1300 -0.0534 254 253 247
1.7458 -2.0702 -0.0534 254 252 245
1.7448 -2.0101 -0.0534 238 181 140
1.7457 -1.9549 -0.0534 225 128 70
1.7461 -1.8901 -0.0534 213 119 68
1.7449 -1.8293 -0.0534 205 111 66
1.7438 -1.7688 -0.0534 194 103 64
1.7426 -1.7086 -0.0534 179 92 61
1.7440 -1.6648 -0.0533 172 88 61
1.7746 -1.5903 -0.0518 138 79 80
1.7836 -1.5122 -0.0537 246 201 162
1.7697 -1.4706 -0.0537 254 254 253
1.7693 -1.4110 -0.0536 254 254 251
1.7692 -1.3508 -0.0535 254 254 249
1.7623 -1.3022 -0.0534 254 253 245
1.7762 -1.2304 -0.0518 230 199 182
1.7801 -1.1552 -0.0537 254 254 254
1.7692 -1.1113 -0.0537 254 254 252
1.7694 -1.0513 -0.0536 254 254 250
1.7664 -0.9944 -0.0535 235 163 113
1.7502 -0.9526 -0.0533 212 122 74
1.7879 -0.8901 -0.0519 126 79 84
1.7536 -0.8263 -0.0528 175 98 74
1.7873 -0.7257 -0.0537 241 157 83
1.7707 -0.6903 -0.0537 241 152 81
1.7701 -0.6312 -0.0536 234 141 78
1.7664 -0.5824 -0.0535 227 132 76
1.7702 -0.4926 -0.0537 252 241 229
1.7702 -0.4511 -0.0536 255 254 253
1.7702 -0.3913 -0.0535 254 254 250
1.7679 -0.3519 -0.0534 254 253 246
1.7686 -0.2695 -0.0518 241 214 194
1.7703 -0.2028 -0.0537 254 254 254
1.7696 -0.1522 -0.0536 254 254 253
1.7702 -0.0958 -0.0535 254 254 250
1.7804 0.0553 -0.0536 245 169 93
1.7698 0.0883 -0.0537 247 164 87
1.7700 0.1485 -0.0536 241 151 81
1.7690 0.1961 -0.0534 237 144 78
1.7698 0.2688 -0.0518 150 87 87
1.7700 0.3494 -0.0537 247 166 87
1.7701 0.3889 -0.0536 244 158 84
1.7706 0.4496 -0.0535 237 144 79
1.7682 0.4882 -0.0534 232 140 81
1.7703 0.5728 -0.0515 242 214 194
1.7706 0.6393 -0.0519 246 220 196
1.7712 0.6889 -0.0518 245 218 194
1.7686 0.7407 -0.0517 245 219 197
1.7689 0.7976 -0.0516 244 219 199
1.7710 0.8577 -0.0515 243 219 199
1.7695 0.9302 -0.0519 246 221 199
1.7700 0.9919 -0.0518 218 173 152
1.7699 1.0466 -0.0517 152 87 86
1.7714 1.1045 -0.0515 151 87 87
1.7718 1.1860 -0.0519 163 91 83
1.7720 1.2276 -0.0519 160 90 84
1.7694 1.2894 -0.0517 155 88 85
1.7724 1.3555 -0.0516 150 87 87
1.7703 1.4154 -0.0515 146 86 88
1.7713 1.4798 -0.0513 169 113 106
1.7718 1.5326 -0.0512 238 206 186
1.7714 1.5859 -0.0511 238 207 188
1.7704 1.6448 -0.0509 233 200 182
1.7714 1.7067 -0.0509 189 153 141
1.7724 1.7706 -0.0507 186 154 143
1.7727 1.8188 -0.0506 185 153 142
1.7739 1.8808 -0.0505 179 148 140
1.7676 1.9519 -0.0503 169 138 133
1.7718 2.0271 -0.0501 95 75 93
1.7729 2.0885 -0.0500 91 74 94
1.7749 2.1531 -0.0498 89 74 95
1.7688 2.2099 -0.0497 88 74 95
1.7704 2.2466 -0.0491 84 76 97
1.7707 2.2952 -0.0495 86 75 96
1.7707 2.3631 -0.0493 85 75 97
1.7726 2.4386 -0.0492 83 76 98
1.7733 2.5003 0.0056 251 156 248
1.7733 2.5003 0.0918 251 159 248
1.7733 2.5003 0.1492 251 161 249
1.7733 2.5003 0.2066 251 162 249
1.7733 2.5003 0.2698 251 162 249
1.7733 2.5003 0.3329 251 162 249
1.7733 2.5003 0.3903 251 161 248
1.7733 2.5003 0.4478 251 159 248
1.7733 2.5003 0.5109 251 157 248
1.7733 2.5003 0.5739 251 154 248
1.7733 2.5003 0.6313 251 151 248
1.7733 2.5003 0.6889 251 149 248
1.7733 2.5003 0.7466 251 146 247
1.7733 2.5003 0.8095 250 143 247
1.7733 2.5003 0.8724 250 140 247
1.7733 2.5003 0.9301 250 138 246
1.7733 2.5003 0.9877 250 136 246
1.7733 2.5003 1.0506 249 133 245
1.7733 2.5003 1.1136 249 131 245
1.7733 2.5003 1.1712 249 129 244
1.7733 2.5003 1.2288 248 127 244
1.7733 2.5003 1.2862 247 124 242
1.7733 2.5003 1.3322 246 120 241
1.8363 -2.4986 0.0466 253 146 252
1.8372 -2.4992 0.1129 254 183 254
1.8276 -2.4992 0.1498 254 189 254
1.8310 -2.4992 0.2098 254 189 254
1.8297 -2.4992 0.2699 254 189 254
1.8259 -2.4992 0.3300 254 189 254
1.8295 -2.4992 0.3901 254 187 254
1.8331 -2.4992 0.4500 254 184 254
1.8251 -2.4992 0.5090 254 179 254
1.8284 -2.4992 0.5697 254 167 254
1.8312 -2.4992 0.6300 254 155 253
1.8289 -2.4992 0.6902 253 142 251
1.8264 -2.4992 0.7501 250 129 248
1.8299 -2.4992 0.8103 245 116 243
1.8314 -2.4992 0.8717 236 104 235
1.8279 -2.4992 0.9275 224 92 225
1.8430 -2.4991 0.9711 218 88 222
1.8357 -2.4987 1.0495 230 98 230
1.8262 -2.4987 1.1096 224 93 226
1.8287 -2.4987 1.1630 220 90 222
1.8217 -2.4982 1.2301 225 94 226
1.8276 -2.4981 1.2893 107 72 140
1.8316 -2.4981 1.3342 48 61 98
1.8304 -2.4303 -0.0515 238 207 186
1.8324 -2.3701 -0.0515 237 203 181
1.8301 -2.3104 -0.0515 238 206 184
1.8314 -2.2493 -0.0515 241 213 192
1.8318 -2.1902 -0.0515 241 213 192
1.8315 -2.1315 -0.0515 240 212 192
1.8314 -2.0695 -0.0515 239 211 190
1.8310 -2.0099 -0.0516 185 131 118
1.8322 -1.9506 -0.0516 147 81 78
1.8317 -1.8898 -0.0516 145 80 78
1.8319 -1.8297 -0.0516 144 80 78
1.8322 -1.7698 -0.0516 146 81 78
1.8326 -1.7102 -0.0516 144 81 79
1.8314 -1.6495 -0.0516 141 80 80
1.8504 -1.5676 -0.0537 245 164 86
1.8318 -1.5282 -0.0537 246 176 111
1.8294 -1.4709 -0.0536 254 254 252
1.8293 -1.4110 -0.0535 254 254 248
1.8252 -1.3566 -0.0534 254 253 246
1.8127 -1.3084 -0.0528 246 234 221
1.8464 -1.2099 -0.0537 254 253 253
1.8304 -1.1698 -0.0537 254 254 253
1.8290 -1.1112 -0.0536 254 254 252
1.8290 -1.0518 -0.0535 254 254 250
1.8142 -1.0100 -0.0534 243 207 177
1.8339 -0.9304 -0.0518 126 77 84
1.8356 -0.8750 -0.0518 124 77 86
1.8448 -0.8335 -0.0516 125 77 85
1.8342 -0.7350 -0.0537 247 165 85
1.8293 -0.6911 -0.0536 242 154 83
1.8294 -0.6313 -0.0535 232 141 78
1.8171 -0.5924 -0.0535 225 133 77
1.8307 -0.4942 -0.0537 252 232 212
1.8300 -0.4514 -0.0536 254 254 253
1.8295 -0.3912 -0.0535 254 254 248
1.8301 -0.3524 -0.0534 254 252 244
1.8262 -0.2690 -0.0517 241 213 193
1.8299 -0.2042 -0.0537 254 254 254
1.8298 -0.1506 -0.0536 254 254 253
1.8301 -0.0959 -0.0535 254 254 250
1.8351 0.0554 -0.0537 248 171 89
1.8294 0.0888 -0.0537 246 163 85
1.8300 0.1486 -0.0535 240 150 79
1.8302 0.1941 -0.0534 237 143 77
1.8311 0.2679 -0.0518 153 88 87
1.8306 0.3480 -0.0537 247 168 90
1.8300 0.3888 -0.0536 242 156 84
1.8295 0.4482 -0.0535 237 146 80
1.8298 0.4854 -0.0534 232 140 79
1.8307 0.5684 -0.0515 241 213 193
1.8299 0.6366 -0.0519 245 217 192
1.8294 0.6851 -0.0518 245 218 194
1.8320 0.7482 -0.0517 245 219 198
1.8271 0.8163 -0.0515 244 219 198
1.8310 0.8701 -0.0514 242 216 197
1.8297 0.9261 -0.0519 247 224 202
1.8304 0.9899 -0.0518 223 178 154
1.8292 1.0434 -0.0517 154 87 85
1.8313 1.1004 -0.0515 151 87 87
1.8319 1.1827 -0.0519 161 89 82
1.8290 1.2329 -0.0519 161 90 84
1.8296 1.2965 -0.0517 155 89 86
1.8311 1.3515 -0.0516 149 87 87
1.8294 1.4123 -0.0515 144 86 88
1.8294 1.4766 -0.0513 166 107 101
1.8315 1.5294 -0.0512 238 209 190
1.8290 1.5851 -0.0511 236 205 185
1.8301 1.6416 -0.0510 233 197 179
1.8289 1.7036 -0.0509 189 153 140
1.8319 1.7676 -0.0507 187 155 143
1.8330 1.8156 -0.0506 183 150 141
1.8284 1.8902 -0.0505 179 147 139
1.8317 1.9669 -0.0503 169 138 133
1.8294 2.0247 -0.0501 98 75 92
1.8317 2.0853 -0.0500 91 74 94
1.8336 2.1504 -0.0499 89 73 94
1.8272 2.2116 -0.0496 88 74 94
1.8283 2.2433 -0.0491 84 74 96
1.8291 2.2910 -0.0496 87 74 95
1.8311 2.3604 -0.0494 85 75 97
1.8295 2.4354 -0.0492 83 75 97
1.8307 2.5003 0.0052 251 156 248
1.8307 2.5003 0.0915 251 159 248
1.8307 2.5003 0.1490 251 160 248
1.8307 2.5003 0.2065 251 161 249
1.8307 2.5003 0.2697 251 162 249
1.8307 2.5003 0.3330 251 161 248
1.8307 2.5003 0.3904 251 160 248
1.8307 2.5003 0.4479 251 159 248
1.8307 2.5003 0.5111 251 156 248
1.8307 2.5003 0.5741 251 154 248
1.8307 2.5003 0.6316 251 151 248
1.8307 2.5003 0.6893 251 148 247
1.8307 2.5003 0.7470 251 146 247
1.8307 2.5003 0.8100 250 143 247
1.8307 2.5003 0.8730 250 140 247
1.8307 2.5003 0.9307 250 138 246
1.8307 2.5003 0.9884 250 135 246
1.8299 2.5003 1.0472 249 133 245
1.8315 2.5003 1.1099 249 131 245
1.8307 2.5003 1.1721 249 129 244
1.8307 2.5003 1.2299 248 127 244
1.8307 2.5003 1.2873 247 124 242
1.8307 2.5003 1.3333 246 120 241
1.8935 -2.4905 -0.0344 254 242 251
1.8941 -2.4991 0.1069 254 177 254
1.8962 -2.4996 0.1723 254 227 254
1.8934 -2.4996 0.2097 254 229 254
1.8941 -2.4996 0.2687 254 229 254
1.8924 -2.4996 0.3306 254 228 254
1.8941 -2.4996 0.3900 254 223 254
1.8929 -2.4996 0.4501 254 211 254
1.8924 -2.4996 0.5097 254 194 254
1.8946 -2.4996 0.5698 254 173 254
1.8911 -2.4996 0.6296 253 148 252
1.8930 -2.4996 0.6900 246 120 244
1.8932 -2.4996 0.7508 222 92 225
1.8994 -2.4996 0.7931 211 83 217
1.8895 -2.4991 0.8706 240 109 238
1.8880 -2.4991 0.9311 231 99 231
1.8932 -2.4991 0.9856 222 91 224
1.9121 -2.4989 1.0303 220 90 223
1.8854 -2.4986 1.1119 227 95 228
1.8877 -2.4986 1.1693 222 91 224
1.9001 -2.4985 1.2207 219 89 222
1.8933 -2.4980 1.2900 107 72 140
1.8978 -2.4979 1.3339 49 62 98
1.8947 -2.4300 -0.0537 254 254 252
1.8940 -2.3700 -0.0537 254 254 252
1.8969 -2.3102 -0.0537 254 254 252
1.8968 -2.2502 -0.0537 254 254 253
1.8971 -2.1907 -0.0537 254 254 253
1.8973 -2.1300 -0.0537 254 254 253
1.8969 -2.0704 -0.0537 254 254 253
1.8987 -2.0091 -0.0537 247 188 138
1.8993 -1.9499 -0.0537 237 142 72
1.9002 -1.8905 -0.0537 223 127 67
1.8997 -1.8298 -0.0537 205 112 63
1.8998 -1.7708 -0.0537 187 98 59
1.9152 -1.6961 -0.0537 230 134 71
1.9153 -1.6297 -0.0537 238 155 86
1.8948 -1.5837 -0.0537 245 159 80
1.8893 -1.5311 -0.0536 244 168 103
1.8894 -1.4708 -0.0535 254 254 250
1.8876 -1.4129 -0.0534 254 254 247
1.8717 -1.3711 -0.0534 254 252 244
1.9141 -1.2678 -0.0537 253 251 249
1.8929 -1.2264 -0.0537 254 254 253
1.8893 -1.1709 -0.0536 254 254 253
1.8893 -1.1108 -0.0535 254 254 251
1.8809 -1.0649 -0.0534 254 254 250
1.8998 -0.9905 -0.0521 139 85 87
1.8995 -0.9360 -0.0521 126 76 83
1.8938 -0.8710 -0.0516 124 77 86
1.9111 -0.7885 -0.0533 221 146 86
1.8917 -0.7476 -0.0537 247 164 84
1.8894 -0.6913 -0.0536 241 151 79
1.8867 -0.6384 -0.0535 238 144 76
1.8894 -0.5710 -0.0535 235 140 75
1.8912 -0.4960 -0.0537 251 224 196
1.8896 -0.4512 -0.0536 254 254 252
1.8907 -0.3912 -0.0535 254 254 248
1.8860 -0.3547 -0.0534 254 252 245
1.8891 -0.2695 -0.0515 239 210 189
1.8905 -0.2058 -0.0537 254 254 253
1.8899 -0.1513 -0.0536 254 254 253
1.8890 -0.0983 -0.0535 254 254 250
1.8919 0.0543 -0.0537 248 168 87
1.8901 0.0886 -0.0537 247 161 82
1.8897 0.1492 -0.0535 241 151 79
1.8891 0.1935 -0.0534 235 141 77
1.8892 0.2702 -0.0517 152 87 86
1.8913 0.3461 -0.0537 247 164 84
1.8893 0.3882 -0.0536 246 160 82
1.8902 0.4490 -0.0535 238 146 77
1.8890 0.4855 -0.0534 234 142 79
1.8903 0.5673 -0.0515 241 213 192
1.8907 0.6334 -0.0519 246 219 196
1.8903 0.6857 -0.0518 245 218 195
1.8887 0.7498 -0.0517 244 218 197
1.8900 0.8202 -0.0515 243 216 196
1.9023 0.8962 -0.0519 247 227 207
1.8869 0.9289 -0.0519 247 224 203
1.8909 0.9855 -0.0518 230 188 164
1.8903 1.0395 -0.0517 156 87 84
1.8895 1.0990 -0.0515 154 87 86
1.8921 1.1795 -0.0519 162 90 83
1.8901 1.2287 -0.0519 160 89 83
1.8896 1.2936 -0.0517 155 88 84
1.8899 1.3501 -0.0516 153 87 85
1.8903 1.4081 -0.0515 152 87 87
1.8890 1.4725 -0.0513 161 100 95
1.8911 1.5261 -0.0512 238 207 188
1.8887 1.5807 -0.0511 237 205 185
1.8937 1.6540 -0.0509 218 183 166
1.8826 1.7082 -0.0508 187 152 140
1.8908 1.7643 -0.0507 187 153 142
1.8900 1.8123 -0.0506 181 148 139
1.8888 1.8850 -0.0505 180 148 139
1.8922 1.9631 -0.0503 169 139 134
1.8908 2.0214 -0.0501 101 76 91
1.8905 2.0821 -0.0500 91 73 92
1.8939 2.1470 -0.0499 90 73 94
1.8886 2.2078 -0.0496 87 74 95
1.8861 2.2402 -0.0491 83 74 96
1.8922 2.2877 -0.0496 86 74 95
1.8910 2.3576 -0.0493 84 74 95
1.8903 2.4325 -0.0493 84 74 96
1.8883 2.5003 0.0049 251 155 248
1.8883 2.5003 0.0913 251 157 248
1.8883 2.5003 0.1488 251 159 248
1.8883 2.5003 0.2064 251 160 248
1.8883 2.5003 0.2697 251 160 248
1.8883 2.5003 0.3330 251 160 248
1.8883 2.5003 0.3905 251 159 248
1.8883 2.5003 0.4480 251 157 248
1.8883 2.5003 0.5058 251 155 248
1.8883 2.5003 0.5689 251 153 248
1.8883 2.5003 0.6320 251 150 248
1.8883 2.5003 0.6897 251 148 247
1.8883 2.5003 0.7475 251 145 247
1.8883 2.5003 0.8106 250 142 247
1.8883 2.5003 0.8737 250 140 246
1.8883 2.5003 0.9314 250 137 246
1.8883 2.5003 0.9892 250 135 246
1.8883 2.5003 1.0467 249 133 245
1.8883 2.5003 1.1098 249 131 245
1.8883 2.5003 1.1731 249 129 244
1.8882 2.5003 1.2307 248 127 244
1.8883 2.5003 1.2882 247 123 242
1.8883 2.5003 1.3344 246 120 241
1.9470 -2.4885 -0.0431 254 241 242
1.9507 -2.4989 0.1007 254 168 254
1.9524 -2.4995 0.1658 254 218 254
1.9489 -2.4995 0.2094 254 219 254
1.9478 -2.4995 0.2710 254 219 254
1.9493 -2.4995 0.3299 254 218 254
1.9492 -2.4995 0.3891 254 215 254
1.9475 -2.4995 0.4507 254 206 254
1.9493 -2.4995 0.5101 254 191 254
1.9498 -2.4995 0.5693 254 174 254
1.9470 -2.4995 0.6303 254 154 253
1.9494 -2.4995 0.6899 251 133 249
1.9500 -2.4995 0.7493 240 110 239
1.9485 -2.4995 0.8078 219 88 222
1.9671 -2.4995 0.8493 212 84 218
1.9495 -2.4989 0.9301 236 104 235
1.9530 -2.4989 0.9904 228 96 228
1.9566 -2.4989 1.0394 221 90 223
1.9495 -2.4984 1.1072 229 97 229
1.9475 -2.4984 1.1710 224 93 226
1.9522 -2.4984 1.2310 220 90 223
1.9610 -2.4983 1.2758 150 77 171
1.9537 -2.4977 1.3319 50 63 99
1.9478 -2.4300 -0.0536 254 254 248
1.9471 -2.3700 -0.0536 254 254 249
1.9493 -2.3095 -0.0536 254 254 250
1.9503 -2.2495 -0.0536 254 254 251
1.9491 -2.1898 -0.0536 254 254 253
1.9483 -2.1299 -0.0536 254 254 253
1.9475 -2.0699 -0.0536 254 254 252
1.9473 -2.0106 -0.0536 244 189 144
1.9752 -1.9302 -0.0537 248 167 84
1.9711 -1.8850 -0.0537 246 165 84
1.9631 -1.8271 -0.0537 244 160 82
1.9545 -1.7681 -0.0537 240 150 79
1.9487 -1.7101 -0.0537 233 139 74
1.9577 -1.6368 -0.0537 240 148 76
1.9491 -1.5913 -0.0536 238 145 75
1.9497 -1.5308 -0.0535 239 160 102
1.9492 -1.4709 -0.0534 254 254 248
1.9371 -1.4266 -0.0534 254 253 245
1.9449 -1.3518 -0.0535 248 226 202
1.9559 -1.2810 -0.0537 254 254 253
1.9493 -1.2313 -0.0536 254 254 253
1.9493 -1.1712 -0.0535 254 254 252
1.9441 -1.1190 -0.0534 254 254 251
1.9526 -1.0502 -0.0520 224 189 174
1.9489 -0.9906 -0.0520 137 87 89
1.9468 -0.9302 -0.0520 125 76 84
1.9500 -0.8821 -0.0520 124 77 85
1.9561 -0.7910 -0.0537 247 168 88
1.9495 -0.7513 -0.0536 243 157 84
1.9495 -0.6914 -0.0535 236 143 78
1.9429 -0.6497 -0.0535 231 137 75
1.9479 -0.5738 -0.0534 230 134 74
1.9506 -0.4979 -0.0537 250 216 182
1.9504 -0.4516 -0.0536 254 254 251
1.9494 -0.3910 -0.0535 254 253 246
1.9491 -0.3550 -0.0533 254 251 243
1.9687 -0.2530 -0.0518 243 215 192
1.9504 -0.2080 -0.0537 254 254 253
1.9496 -0.1516 -0.0536 254 254 252
1.9500 -0.0995 -0.0535 254 254 251
1.9501 0.0531 -0.0537 246 164 84
1.9500 0.0883 -0.0537 244 158 82
1.9500 0.1479 -0.0535 238 147 79
1.9492 0.1909 -0.0534 232 140 77
1.9494 0.2684 -0.0517 144 84 87
1.9507 0.3445 -0.0537 243 156 82
1.9499 0.3888 -0.0536 240 150 79
1.9498 0.4484 -0.0535 234 139 76
1.9496 0.4827 -0.0533 232 140 80
1.9498 0.5626 -0.0515 240 212 191
1.9515 0.6301 -0.0519 245 218 194
1.9491 0.6924 -0.0518 245 218 195
1.9498 0.7587 -0.0516 244 218 197
1.9501 0.8176 -0.0515 243 217 197
1.9494 0.8953 -0.0519 248 229 208
1.9502 0.9330 -0.0519 247 224 203
1.9499 0.9829 -0.0518 233 196 172
1.9532 1.0465 -0.0516 154 88 85
1.9497 1.1085 -0.0515 149 86 87
1.9517 1.1765 -0.0519 159 89 82
1.9502 1.2263 -0.0519 155 88 83
1.9496 1.2910 -0.0517 147 85 85
1.9503 1.3468 -0.0516 146 84 86
1.9495 1.4078 -0.0515 145 84 86
1.9504 1.4722 -0.0513 155 94 92
1.9493 1.5397 -0.0512 238 207 187
1.9517 1.5942 -0.0510 234 199 180
1.9489 1.6532 -0.0509 216 182 165
1.9501 1.7170 -0.0508 186 149 138
1.9502 1.7643 -0.0507 185 151 141
1.9510 1.8286 -0.0506 183 150 140
1.9438 1.8961 -0.0504 179 148 139
1.9481 1.9602 -0.0502 170 139 134
1.9525 2.0175 -0.0501 105 80 95
1.9492 2.0789 -0.0500 90 73 94
1.9535 2.1437 -0.0499 88 74 94
1.9506 2.2050 -0.0496 86 74 96
1.9504 2.2717 -0.0496 84 75 97
1.9511 2.3185 -0.0488 80 75 98
1.9508 2.3540 -0.0494 83 74 96
1.9511 2.4290 -0.0492 83 74 95
1.9461 2.5003 0.0045 251 153 248
1.9462 2.5003 0.0910 251 156 248
1.9462 2.5003 0.1486 251 157 248
1.9462 2.5003 0.2062 251 158 248
1.9462 2.5003 0.2696 251 159 248
1.9462 2.5003 0.3330 251 158 248
1.9462 2.5003 0.3906 251 157 248
1.9462 2.5003 0.4482 251 156 248
1.9462 2.5003 0.5060 251 154 248
1.9462 2.5003 0.5692 251 152 248
1.9462 2.5003 0.6323 251 149 248
1.9462 2.5003 0.6902 251 147 247
1.9462 2.5003 0.7480 250 144 247
1.9450 2.5003 0.8091 250 142 247
1.9474 2.5003 0.8718 250 139 246
1.9462 2.5003 0.9321 250 137 246
1.9461 2.5003 0.9898 250 135 246
1.9463 2.5003 1.0474 249 133 245
1.9462 2.5003 1.1107 249 131 245
1.9462 2.5003 1.1741 249 129 244
1.9462 2.5003 1.2317 248 127 244
1.9462 2.5003 1.2893 247 123 242
1.9463 2.5003 1.3356 246 120 241
2.0072 -2.4837 -0.0511 237 173 129
2.0100 -2.4988 0.0925 254 160 253
2.0111 -2.4994 0.1585 254 207 254
2.0087 -2.4994 0.2109 254 208 254
2.0089 -2.4994 0.2690 254 208 254
2.0087 -2.4994 0.3302 254 207 254
2.0086 -2.4994 0.3912 254 205 254
2.0096 -2.4994 0.4498 254 199 254
2.0080 -2.4994 0.5099 254 187 254
2.0087 -2.4994 0.5708 254 172 254
2.0091 -2.4994 0.6295 254 156 253
2.0090 -2.4994 0.6889 252 139 251
2.0082 -2.4994 0.7512 247 120 245
2.0088 -2.4994 0.8096 235 103 234
2.0132 -2.4994 0.8632 219 89 222
2.0241 -2.4992 0.9106 220 91 223
2.0094 -2.4988 0.9894 231 99 231
2.0084 -2.4988 1.0513 224 93 226
2.0192 -2.4988 1.0969 220 89 222
2.0066 -2.4983 1.1680 226 95 227
2.0038 -2.4983 1.2302 222 91 224
2.0098 -2.4983 1.2888 102 70 137
2.0225 -2.4981 1.3296 48 61 97
2.0076 -2.4300 -0.0535 238 181 140
2.0068 -2.3698 -0.0535 237 180 141
2.0071 -2.3110 -0.0535 238 181 141
2.0077 -2.2502 -0.0535 241 184 140
2.0335 -2.1706 -0.0537 247 172 96
2.0318 -2.1247 -0.0537 245 160 83
2.0256 -2.0682 -0.0537 246 162 83
2.0174 -2.0083 -0.0537 249 208 172
2.0099 -1.9495 -0.0537 250 216 184
2.0087 -1.8902 -0.0537 249 212 179
2.0086 -1.8301 -0.0536 248 210 176
2.0086 -1.7702 -0.0536 248 209 173
2.0246 -1.6917 -0.0537 251 235 215
2.0094 -1.6504 -0.0537 246 193 149
2.0093 -1.5910 -0.0536 245 192 150
2.0098 -1.5306 -0.0535 241 189 148
2.0021 -1.4806 -0.0534 248 225 203
1.9861 -1.4213 -0.0534 249 229 202
2.0204 -1.3348 -0.0537 248 191 136
2.0095 -1.2912 -0.0537 250 214 180
2.0093 -1.2308 -0.0536 249 212 180
2.0066 -1.1741 -0.0535 247 216 192
1.9892 -1.1321 -0.0533 246 242 237
2.0047 -1.0495 -0.0519 173 129 124
2.0012 -0.9894 -0.0519 172 129 124
2.0055 -0.9271 -0.0519 178 137 131
2.0086 -0.8708 -0.0519 180 140 133
2.0128 -0.8037 -0.0537 250 207 166
2.0094 -0.7512 -0.0536 247 194 149
2.0075 -0.6947 -0.0535 243 184 139
1.9952 -0.6452 -0.0535 237 161 110
2.0239 -0.5547 -0.0522 241 200 171
2.0099 -0.4995 -0.0537 248 208 172
2.0099 -0.4518 -0.0536 248 213 184
2.0107 -0.3921 -0.0535 244 205 175
1.9986 -0.3568 -0.0533 251 247 236
2.0158 -0.2644 -0.0519 190 136 123
2.0099 -0.2096 -0.0537 250 217 188
2.0108 -0.1511 -0.0536 247 210 183
2.0086 -0.1010 -0.0535 245 211 187
2.0111 0.0523 -0.0537 246 194 151
2.0098 0.0890 -0.0537 245 191 147
2.0098 0.1495 -0.0535 240 184 144
2.0105 0.1905 -0.0534 237 181 143
2.0113 0.2693 -0.0516 190 140 129
2.0099 0.3428 -0.0537 249 197 149
2.0105 0.3885 -0.0536 247 195 150
2.0094 0.4492 -0.0535 242 184 141
2.0128 0.5003 -0.0516 198 148 133
2.0103 0.5602 -0.0515 202 156 142
2.0109 0.6274 -0.0519 208 163 145
2.0103 0.6882 -0.0518 207 163 147
2.0092 0.7555 -0.0516 209 165 149
2.0083 0.8129 -0.0515 208 166 152
2.0096 0.8921 -0.0519 211 170 154
2.0091 0.9288 -0.0519 211 171 154
2.0128 0.9884 -0.0518 208 160 143
2.0067 1.0560 -0.0516 181 130 122
2.0092 1.1215 -0.0515 184 136 128
2.0131 1.1851 -0.0519 198 149 134
2.0087 1.2325 -0.0518 189 136 124
2.0095 1.2884 -0.0517 190 138 126
2.0106 1.3436 -0.0516 192 142 130
2.0088 1.4027 -0.0515 189 138 128
2.0117 1.4670 -0.0513 187 138 128
2.0095 1.5364 -0.0512 200 154 141
2.0097 1.5908 -0.0510 195 150 139
2.0111 1.6521 -0.0509 171 133 127
2.0108 1.7159 -0.0508 148 115 115
2.0095 1.7649 -0.0507 148 116 116
2.0104 1.8333 -0.0506 143 114 116
2.0089 1.9023 -0.0504 143 114 117
2.0080 1.9574 -0.0503 136 110 115
2.0100 2.0146 -0.0501 124 97 105
2.0080 2.0758 -0.0500 118 96 106
2.0137 2.1406 -0.0499 123 101 111
2.0119 2.2018 -0.0496 117 97 108
2.0094 2.2697 -0.0496 113 94 106
2.0104 2.3155 -0.0489 109 93 106
2.0115 2.3504 -0.0493 113 95 107
2.0080 2.4259 -0.0492 108 92 105
2.0096 2.5003 0.0041 251 151 248
2.0096 2.5003 0.0907 251 154 248
2.0096 2.5003 0.1484 251 155 248
2.0096 2.5003 0.2061 251 156 248
2.0096 2.5003 0.2695 251 156 248
2.0096 2.5003 0.3330 251 156 248
2.0096 2.5003 0.3907 251 155 248
2.0096 2.5003 0.4483 251 154 248
2.0096 2.5003 0.5062 251 152 248
2.0096 2.5003 0.5695 251 150 248
2.0096 2.5003 0.6327 251 147 247
2.0096 2.5003 0.6906 251 145 247
2.0096 2.5003 0.7485 250 143 247
2.0096 2.5003 0.8062 250 141 247
2.0096 2.5003 0.8694 250 138 246
2.0096 2.5003 0.9329 250 136 246
2.0096 2.5003 0.9905 249 134 246
2.0096 2.5003 1.0482 249 132 245
2.0096 2.5003 1.1061 249 130 245
2.0096 2.5003 1.1695 249 128 244
2.0096 2.5003 1.2328 248 126 244
2.0096 2.5003 1.2905 247 123 242
2.0095 2.5003 1.3367 246 119 240
2.0762 -2.4986 0.0488 253 148 251
2.0883 -2.4991 0.1114 254 181 254
2.0708 -2.4993 0.1514 254 196 254
2.0676 -2.4993 0.2102 254 197 254
2.0694 -2.4993 0.2713 254 196 254
2.0684 -2.4993 0.3299 254 196 254
2.0696 -2.4993 0.3888 254 194 254
2.0692 -2.4993 0.4505 254 191 254
2.0673 -2.4993 0.5101 254 182 254
2.0707 -2.4993 0.5703 254 169 254
2.0687 -2.4993 0.6306 254 156 253
2.0676 -2.4993 0.6914 253 141 251
2.0690 -2.4993 0.7500 249 127 247
2.0702 -2.4993 0.8084 242 113 241
2.0677 -2.4993 0.8711 229 97 230
2.0751 -2.4992 0.9196 218 88 221
2.0639 -2.4987 0.9888 234 102 233
2.0679 -2.4987 1.0504 228 96 228
2.0721 -2.4987 1.1101 222 91 224
2.0861 -2.4986 1.1534 219 89 222
2.0605 -2.4982 1.2301 223 92 225
2.0666 -2.4982 1.2899 103 71 138
2.0688 -2.4981 1.3330 48 61 97
2.0716 -2.4295 -0.0516 149 82 78
2.0939 -2.3603 -0.0537 221 125 66
2.0867 -2.3069 -0.0537 234 139 70
2.0783 -2.2481 -0.0537 240 150 75
2.0702 -2.1895 -0.0537 241 151 76
2.0687 -2.1306 -0.0537 239 148 76
2.0688 -2.0703 -0.0536 237 144 74
2.0689 -2.0104 -0.0536 248 212 181
2.0684 -1.9504 -0.0536 254 254 249
2.0692 -1.8904 -0.0535 254 254 250
2.0684 -1.8309 -0.0535 254 254 249
2.0904 -1.7475 -0.0537 254 248 230
2.0721 -1.7078 -0.0537 254 252 239
2.0691 -1.6511 -0.0536 254 253 245
2.0693 -1.5911 -0.0535 254 254 247
2.0654 -1.5361 -0.0534 253 245 231
2.0510 -1.4922 -0.0530 211 120 72
2.0873 -1.3903 -0.0537 242 154 79
2.0707 -1.3497 -0.0537 244 156 79
2.0692 -1.2910 -0.0536 240 147 74
2.0687 -1.2318 -0.0535 236 142 74
2.0541 -1.1894 -0.0534 230 136 73
2.0651 -1.1103 -0.0517 125 76 84
2.0613 -1.0504 -0.0517 125 78 85
2.0582 -0.9894 -0.0518 218 180 164
2.0695 -0.9311 -0.0517 221 183 168
2.0816 -0.8479 -0.0537 254 253 252
2.0696 -0.8112 -0.0537 254 254 252
2.0699 -0.7512 -0.0535 254 254 250
2.0644 -0.7057 -0.0534 254 253 248
2.0797 -0.6452 -0.0517 225 197 187
2.0733 -0.5678 -0.0519 244 218 196
2.0704 -0.5012 -0.0537 247 202 165
2.0696 -0.4507 -0.0536 237 142 75
2.0700 -0.3904 -0.0535 230 134 73
2.0757 -0.3167 -0.0519 157 86 80
2.0698 -0.2707 -0.0519 154 85 80
2.0706 -0.2110 -0.0537 237 145 76
2.0693 -0.1512 -0.0536 230 136 74
2.0699 -0.1029 -0.0534 223 128 73
2.0714 0.0505 -0.0537 254 254 251
2.0699 0.0887 -0.0536 254 254 250
2.0695 0.1484 -0.0535 254 254 248
2.0686 0.1880 -0.0534 254 252 243
2.0720 0.2729 -0.0515 240 207 185
2.0702 0.3413 -0.0537 254 254 252
2.0699 0.3891 -0.0536 254 254 250
2.0699 0.4478 -0.0535 254 254 247
2.0725 0.4986 -0.0516 199 149 134
2.0685 0.5582 -0.0515 151 86 85
2.0714 0.6292 -0.0519 159 88 82
2.0669 0.6903 -0.0518 156 86 82
2.0689 0.7523 -0.0516 152 85 83
2.0684 0.8105 -0.0515 147 85 85
2.0698 0.8888 -0.0519 153 85 82
2.0690 0.9268 -0.0519 152 85 82
2.0708 0.9898 -0.0517 187 135 123
2.0695 1.0583 -0.0516 242 212 190
2.0685 1.1183 -0.0515 241 211 190
2.0725 1.1832 -0.0519 246 220 197
2.0707 1.2318 -0.0518 244 216 192
2.0709 1.2838 -0.0517 243 213 189
2.0710 1.3403 -0.0516 242 215 194
2.0696 1.4003 -0.0515 241 214 193
2.0714 1.4648 -0.0513 237 204 184
2.0697 1.5331 -0.0512 149 87 87
2.0683 1.5879 -0.0510 145 86 89
2.0707 1.6492 -0.0509 123 78 88
2.0696 1.7149 -0.0508 100 71 87
2.0686 1.7617 -0.0507 98 71 89
2.0689 1.8285 -0.0506 95 72 90
2.0698 1.9007 -0.0503 91 72 92
2.0684 1.9536 -0.0503 89 72 93
2.0678 2.0121 -0.0501 147 117 116
2.0668 2.0725 -0.0500 161 130 128
2.0741 2.1373 -0.0499 159 130 129
2.0729 2.1980 -0.0496 153 126 127
2.0720 2.2662 -0.0496 151 123 126
2.0697 2.3131 -0.0488 138 117 124
2.0713 2.3477 -0.0493 148 123 127
2.0696 2.4227 -0.0493 146 122 126
2.0733 2.5003 0.0037 251 149 248
2.0731 2.5003 0.0905 251 151 248
2.0731 2.5003 0.1482 251 152 248
2.0731 2.5003 0.2059 251 153 248
2.0732 2.5003 0.2695 251 153 248
2.0731 2.5003 0.3330 251 153 248
2.0731 2.5003 0.3908 251 152 248
2.0731 2.5003 0.4485 251 151 248
2.0731 2.5003 0.5065 251 149 248
2.0732 2.5003 0.5698 251 148 247
2.0731 2.5003 0.6331 251 145 247
2.0731 2.5003 0.6911 250 143 247
2.0731 2.5003 0.7490 250 141 247
2.0731 2.5003 0.8068 250 139 246
2.0732 2.5003 0.8701 250 137 246
2.0731 2.5003 0.9336 250 135 246
2.0731 2.5003 0.9914 249 133 245
2.0731 2.5003 1.0491 249 131 245
2.0731 2.5003 1.1071 249 130 244
2.0731 2.5003 1.1706 248 128 244
2.0732 2.5003 1.2339 248 126 243
2.0731 2.5003 1.2917 247 122 242
2.0730 2.5003 1.3377 245 119 240
2.1408 -2.4907 -0.0329 210 128 142
2.1384 -2.4991 0.1103 254 182 254
2.1431 -2.4990 0.1711 254 187 254
2.1421 -2.4990 0.2101 254 185 254
2.1426 -2.4990 0.2698 254 179 254
2.1428 -2.4990 0.3291 254 170 254
2.1417 -2.4990 0.3901 254 157 253
2.1423 -2.4990 0.4502 252 140 251
2.1425 -2.4990 0.5107 245 118 243
2.1414 -2.4990 0.5699 222 91 225
2.1418 -2.4990 0.6299 211 83 217
2.1426 -2.4990 0.6899 211 83 217
2.1434 -2.4990 0.7499 211 83 217
2.1494 -2.4990 0.7870 212 84 218
2.1266 -2.4991 0.8698 237 105 236
2.1297 -2.4991 0.9299 226 94 227
2.1424 -2.4991 0.9756 219 89 222
2.1276 -2.4986 1.0496 230 98 230
2.1322 -2.4986 1.1101 225 94 226
2.1373 -2.4985 1.1684 220 90 223
2.1207 -2.4980 1.2310 224 93 226
2.1273 -2.4980 1.2899 107 72 140
2.1327 -2.4980 1.3334 49 62 98
2.1327 -2.4286 -0.0537 196 105 60
2.1286 -2.3707 -0.0537 214 119 65
2.1287 -2.3107 -0.0536 227 132 70
2.1286 -2.2504 -0.0536 231 137 72
2.1286 -2.1908 -0.0536 232 137 71
2.1289 -2.1307 -0.0535 231 136 71
2.1288 -2.0704 -0.0535 230 135 70
2.1257 -2.0117 -0.0535 244 204 172
2.1179 -1.9521 -0.0535 254 253 246
2.1109 -1.8944 -0.0534 254 253 247
2.1325 -1.8253 -0.0535 253 243 227
2.1350 -1.7630 -0.0537 254 244 224
2.1292 -1.7112 -0.0536 254 248 231
2.1292 -1.6509 -0.0535 254 251 238
2.1280 -1.5927 -0.0534 254 252 242
2.1133 -1.5507 -0.0533 253 249 240
2.1535 -1.4460 -0.0536 228 140 75
2.1333 -1.4063 -0.0537 237 147 78
2.1294 -1.3511 -0.0536 235 142 75
2.1296 -1.2907 -0.0535 231 137 73
2.1202 -1.2444 -0.0534 228 133 73
2.1423 -1.1664 -0.0521 130 77 81
2.1444 -1.1103 -0.0521 127 76 82
2.1409 -1.0498 -0.0521 124 76 83
2.1373 -0.9896 -0.0521 217 179 164
2.1341 -0.9300 -0.0521 221 184 169
2.1330 -0.8593 -0.0537 254 254 253
2.1294 -0.8117 -0.0536 254 254 251
2.1292 -0.7527 -0.0535 254 254 249
2.1119 -0.7145 -0.0533 252 248 240
2.1352 -0.6186 -0.0518 242 215 192
2.1312 -0.5706 -0.0517 244 218 196
2.1306 -0.5030 -0.0537 239 197 166
2.1299 -0.4515 -0.0536 218 124 70
2.1295 -0.3927 -0.0535 218 124 71
2.1283 -0.3292 -0.0519 150 84 81
2.1348 -0.2426 -0.0536 221 126 71
2.1303 -0.2115 -0.0537 225 131 73
2.1296 -0.1513 -0.0535 224 129 72
2.1293 -0.1038 -0.0534 220 125 72
2.1309 0.0485 -0.0537 254 254 248
2.1296 0.0881 -0.0536 254 253 245
2.1299 0.1487 -0.0535 254 253 247
2.1293 0.1875 -0.0534 254 251 241
2.1302 0.2706 -0.0515 240 209 187
2.1305 0.3393 -0.0537 254 254 250
2.1302 0.3887 -0.0536 254 254 247
2.1291 0.4468 -0.0535 254 253 247
2.1269 0.5201 -0.0515 160 103 98
2.1337 0.5741 -0.0514 141 83 87
2.1282 0.6324 -0.0519 152 86 82
2.1301 0.6948 -0.0518 149 85 83
2.1286 0.7491 -0.0516 147 84 84
2.1300 0.8072 -0.0515 145 84 86
2.1299 0.8855 -0.0519 154 86 81
2.1338 0.9304 -0.0519 150 84 82
2.1262 0.9913 -0.0517 187 137 126
2.1300 1.0550 -0.0516 242 212 190
2.1311 1.1149 -0.0515 240 211 191
2.1314 1.1796 -0.0519 246 221 199
2.1305 1.2291 -0.0518 244 216 193
2.1310 1.2812 -0.0517 243 213 190
2.1339 1.3411 -0.0516 242 213 192
2.1272 1.3983 -0.0515 240 211 190
2.1293 1.4616 -0.0513 238 209 189
2.1298 1.5299 -0.0512 144 89 90
2.1309 1.5860 -0.0510 135 83 90
2.1304 1.6464 -0.0509 117 77 89
2.1273 1.7118 -0.0508 97 71 89
2.1320 1.7667 -0.0507 95 72 90
2.1248 1.8312 -0.0505 94 72 91
2.1292 1.9022 -0.0504 90 72 92
2.1271 1.9525 -0.0502 89 72 92
2.1293 2.0090 -0.0501 141 111 113
2.1297 2.0694 -0.0500 161 131 129
2.1339 2.1342 -0.0499 159 131 129
2.1297 2.1937 -0.0495 152 125 127
2.1304 2.2622 -0.0496 151 123 126
2.1290 2.3092 -0.0488 138 116 123
2.1309 2.3441 -0.0493 147 122 126
2.1314 2.4193 -0.0492 145 122 126
2.1315 2.5003 0.0034 251 147 248
2.1315 2.5003 0.0902 251 148 248
2.1315 2.5003 0.1480 251 149 248
2.1315 2.5003 0.2058 251 150 248
2.1315 2.5003 0.2694 251 150 248
2.1315 2.5003 0.3330 251 150 248
2.1315 2.5003 0.3908 251 149 248
2.1315 2.5003 0.4486 251 148 248
2.1315 2.5003 0.5067 251 147 247
2.1315 2.5003 0.5701 251 146 247
2.1315 2.5003 0.6334 250 143 247
2.1315 2.5003 0.6915 250 142 247
2.1315 2.5003 0.7493 250 140 247
2.1315 2.5003 0.8071 250 138 246
2.1315 2.5003 0.8707 250 136 246
2.1315 2.5003 0.9343 249 134 246
2.1315 2.5003 0.9921 249 132 245
2.1315 2.5003 1.0499 249 131 245
2.1315 2.5003 1.1080 249 129 244
2.1306 2.5003 1.1670 248 127 244
2.1323 2.5003 1.2301 248 125 243
2.1315 2.5003 1.2928 246 121 241
2.1290 2.5003 1.3371 245 118 240
2.1868 -2.4904 -0.0398 197 116 124
2.1950 -2.4990 0.1047 254 174 254
2.1906 -2.4989 0.1653 254 185 254
2.1887 -2.4990 0.2099 254 183 254
2.1892 -2.4990 0.2699 254 178 254
2.1895 -2.4990 0.3305 254 170 254
2.1881 -2.4990 0.3899 254 160 254
2.1888 -2.4990 0.4500 253 146 252
2.1895 -2.4990 0.5100 250 129 248
2.1878 -2.4990 0.5698 239 108 238
2.1883 -2.4990 0.6301 217 88 221
2.1887 -2.4990 0.6901 211 83 217
2.1897 -2.4990 0.7500 211 83 217
2.1937 -2.4989 0.8022 211 83 217
2.2029 -2.4990 0.8544 226 96 228
2.1878 -2.4990 0.9299 233 100 232
2.1923 -2.4990 0.9888 224 92 225
2.2067 -2.4989 1.0316 220 89 222
2.1872 -2.4984 1.1102 227 95 228
2.1916 -2.4984 1.1713 223 92 224
2.1910 -2.4984 1.2221 219 89 222
2.1947 -2.4979 1.2914 98 71 134
2.1980 -2.4978 1.3354 49 62 98
2.1889 -2.4305 -0.0536 188 99 60
2.1890 -2.3702 -0.0535 202 108 63
2.1885 -2.3102 -0.0535 217 121 68
2.1877 -2.2512 -0.0535 221 127 70
2.1811 -2.1925 -0.0535 225 129 69
2.1737 -2.1341 -0.0534 227 132 71
2.1669 -2.0792 -0.0534 224 129 69
2.1983 -2.0099 -0.0519 206 163 146
2.1944 -1.9505 -0.0519 244 218 195
2.1919 -1.8914 -0.0519 244 217 194
2.1941 -1.8144 -0.0537 251 231 206
2.1893 -1.7710 -0.0536 253 240 218
2.1892 -1.7109 -0.0535 254 244 224
2.1891 -1.6512 -0.0534 254 249 233
2.1785 -1.6063 -0.0534 254 250 236
2.1939 -1.5287 -0.0520 212 173 156
2.1963 -1.4624 -0.0537 219 124 68
2.1892 -1.4109 -0.0536 226 131 73
2.1892 -1.3509 -0.0535 224 128 71
2.1841 -1.2989 -0.0534 224 129 72
2.1892 -1.2309 -0.0520 132 78 81
2.1889 -1.1734 -0.0520 129 77 82
2.1929 -1.1090 -0.0520 126 76 83
2.1903 -1.0493 -0.0520 124 77 84
2.1855 -0.9899 -0.0520 218 181 165
2.2082 -0.9053 -0.0537 253 252 249
2.1904 -0.8699 -0.0537 254 254 252
2.1895 -0.8110 -0.0536 254 254 250
2.1861 -0.7619 -0.0535 254 254 248
2.2020 -0.6741 -0.0518 242 216 197
2.1915 -0.6305 -0.0517 242 215 192
2.1891 -0.5678 -0.0516 242 215 195
2.1902 -0.5048 -0.0537 234 193 166
2.1901 -0.4514 -0.0536 202 110 66
2.1899 -0.3939 -0.0535 201 109 68
2.1877 -0.3317 -0.0518 145 82 81
2.1949 -0.2438 -0.0537 209 116 67
2.1894 -0.2114 -0.0537 214 119 68
2.1900 -0.1518 -0.0535 213 118 68
2.1902 -0.1063 -0.0534 211 116 69
2.1900 0.0469 -0.0537 254 252 242
2.1903 0.0888 -0.0536 254 252 241
2.1903 0.1489 -0.0535 254 252 242
2.1858 0.1852 -0.0534 254 251 241
2.1899 0.2686 -0.0515 240 210 188
2.1900 0.3374 -0.0537 254 253 245
2.1900 0.3877 -0.0536 254 252 241
2.1901 0.4443 -0.0535 254 253 244
2.1897 0.5189 -0.0515 159 103 98
2.1906 0.5807 -0.0514 136 81 87
2.1896 0.6295 -0.0519 144 82 82
2.1908 0.6915 -0.0518 145 83 83
2.1898 0.7460 -0.0516 146 84 85
2.1898 0.8037 -0.0515 146 85 85
2.1901 0.8824 -0.0519 154 86 81
2.1909 0.9312 -0.0519 150 84 82
2.1891 0.9954 -0.0517 189 142 131
2.1904 1.0519 -0.0516 242 214 192
2.1904 1.1117 -0.0515 240 211 190
2.1890 1.1776 -0.0519 245 221 199
2.1900 1.2259 -0.0518 244 216 194
2.1918 1.2890 -0.0517 242 214 191
2.1893 1.3566 -0.0515 241 213 192
2.1931 1.4135 -0.0514 239 210 189
2.1857 1.4597 -0.0513 239 211 191
2.1900 1.5267 -0.0512 148 94 95
2.1922 1.5835 -0.0510 131 82 90
2.1906 1.6444 -0.0509 111 75 90
2.1893 1.7082 -0.0508 95 71 89
2.1875 1.7750 -0.0507 95 71 90
2.1899 1.8465 -0.0505 92 71 91
2.1918 1.8989 -0.0504 91 72 91
2.1892 1.9513 -0.0502 88 72 93
2.1910 2.0057 -0.0501 136 107 110
2.1925 2.0657 -0.0500 162 133 130
2.1942 2.1309 -0.0499 158 130 129
2.1888 2.1958 -0.0497 154 127 128
2.1880 2.2602 -0.0496 151 125 126
2.1993 2.3324 -0.0494 147 123 126
2.1768 2.3438 -0.0494 148 124 127
2.1883 2.4161 -0.0492 145 121 125
2.1897 2.5003 0.0030 251 144 247
2.1897 2.5003 0.0899 251 146 247
2.1897 2.5003 0.1478 251 147 247
2.1897 2.5003 0.2057 251 147 248
2.1897 2.5003 0.2693 251 148 248
2.1897 2.5003 0.3330 251 147 247
2.1897 2.5003 0.3909 251 147 247
2.1897 2.5003 0.4488 251 146 247
2.1897 2.5003 0.5069 251 145 247
2.1897 2.5003 0.5703 250 143 247
2.1897 2.5003 0.6338 250 142 247
2.1897 2.5003 0.6919 250 140 247
2.1897 2.5003 0.7498 250 138 246
2.1897 2.5003 0.8077 250 137 246
2.1897 2.5003 0.8658 250 135 246
2.1897 2.5003 0.9294 249 133 245
2.1897 2.5003 0.9929 249 131 245
2.1897 2.5003 1.0508 249 130 245
2.1897 2.5003 1.1089 248 128 244
2.1897 2.5003 1.1667 248 127 244
2.1897 2.5003 1.2302 248 124 243
2.1897 2.5003 1.2939 246 120 241
2.1896 2.5003 1.3346 245 117 239
2.2468 -2.4855 -0.0498 169 89 71
2.2500 -2.4989 0.0978 254 166 254
2.2498 -2.4988 0.1580 254 181 254
2.2487 -2.4988 0.2102 254 179 254
2.2497 -2.4988 0.2702 254 175 254
2.2499 -2.4988 0.3301 254 169 254
2.2490 -2.4988 0.3893 254 160 254
2.2485 -2.4988 0.4500 253 150 253
2.2493 -2.4988 0.5099 252 137 250
2.2472 -2.4988 0.5702 247 121 245
2.2479 -2.4988 0.6299 236 104 235
2.2482 -2.4988 0.6899 217 87 221
2.2493 -2.4988 0.7501 211 83 217
2.2498 -2.4988 0.8101 211 83 217
2.2595 -2.4988 0.8565 211 83 217
2.2468 -2.4989 0.9305 236 104 235
2.2503 -2.4989 0.9904 229 97 229
2.2567 -2.4989 1.0463 222 91 224
2.2473 -2.4983 1.1092 228 97 229
2.2495 -2.4983 1.1662 225 94 226
2.2455 -2.4983 1.2298 220 90 223
2.2529 -2.4983 1.2771 154 78 175
2.2541 -2.4976 1.3333 50 63 100
2.2438 -2.4318 -0.0535 182 95 61
2.2361 -2.3723 -0.0534 200 107 64
2.2284 -2.3151 -0.0534 212 116 65
2.2268 -2.2683 -0.0532 207 116 69
2.2481 -2.1895 -0.0518 147 81 76
2.2545 -2.1310 -0.0518 145 80 77
2.2537 -2.0692 -0.0518 142 79 77
2.2488 -2.0092 -0.0518 205 164 149
2.2458 -1.9510 -0.0518 244 218 196
2.2423 -1.8919 -0.0518 242 214 192
2.2468 -1.8137 -0.0536 248 224 200
2.2487 -1.7710 -0.0536 252 236 213
2.2489 -1.7108 -0.0535 253 241 221
2.2431 -1.6604 -0.0534 254 246 229
2.2498 -1.5896 -0.0518 240 212 191
2.2582 -1.5161 -0.0537 235 197 170
2.2490 -1.4708 -0.0537 206 111 65
2.2494 -1.4110 -0.0536 216 120 68
2.2465 -1.3543 -0.0535 220 124 70
2.2295 -1.3121 -0.0533 213 119 69
2.2525 -1.2312 -0.0518 134 78 82
2.2487 -1.1713 -0.0519 127 76 82
2.2461 -1.1091 -0.0519 124 76 83
2.2422 -1.0487 -0.0519 123 77 85
2.2494 -0.9884 -0.0519 221 185 169
2.2548 -0.9150 -0.0537 254 254 252
2.2495 -0.8715 -0.0536 254 254 251
2.2494 -0.8112 -0.0535 254 254 249
2.2377 -0.7715 -0.0534 254 253 247
2.2498 -0.6905 -0.0517 244 218 196
2.2517 -0.6323 -0.0517 242 215 194
2.2489 -0.5707 -0.0516 241 213 192
2.2503 -0.5062 -0.0537 225 185 159
2.2503 -0.4509 -0.0536 182 95 62
2.2489 -0.3955 -0.0535 187 99 65
2.2496 -0.3278 -0.0517 150 84 81
2.2528 -0.2454 -0.0537 192 101 61
2.2499 -0.2113 -0.0537 197 105 63
2.2495 -0.1506 -0.0535 196 105 65
2.2499 -0.1065 -0.0534 195 104 66
2.2504 0.0454 -0.0537 254 249 235
2.2502 0.0887 -0.0536 254 249 234
2.2494 0.1486 -0.0535 254 249 234
2.2510 0.1845 -0.0533 254 249 237
2.2495 0.2676 -0.0514 241 213 193
2.2500 0.3362 -0.0537 254 250 238
2.2500 0.3895 -0.0536 254 250 235
2.2501 0.4439 -0.0535 254 250 237
2.2492 0.5150 -0.0515 164 110 105
2.2492 0.5769 -0.0514 133 80 87
2.2500 0.6255 -0.0519 146 83 82
2.2500 0.6877 -0.0518 148 84 83
2.2508 0.7435 -0.0516 147 84 84
2.2500 0.8017 -0.0515 144 84 86
2.2503 0.8789 -0.0519 148 84 82
2.2500 0.9296 -0.0519 147 83 82
2.2506 0.9934 -0.0517 188 140 129
2.2508 1.0484 -0.0516 243 216 195
2.2496 1.1085 -0.0515 239 210 189
2.2483 1.1739 -0.0519 245 221 199
2.2534 1.2257 -0.0518 244 216 194
2.2480 1.2891 -0.0517 243 216 195
2.2499 1.3601 -0.0515 241 213 193
2.2513 1.4203 -0.0514 240 211 191
2.2496 1.4706 -0.0513 238 206 186
2.2502 1.5234 -0.0512 149 98 98
2.2533 1.5971 -0.0510 131 81 91
2.2437 1.6526 -0.0509 111 76 90
2.2512 1.7052 -0.0508 96 71 88
2.2492 1.7701 -0.0507 95 71 89
2.2516 1.8432 -0.0505 90 71 91
2.2504 1.8958 -0.0503 88 71 92
2.2500 1.9480 -0.0502 86 72 93
2.2480 2.0026 -0.0501 131 103 108
2.2515 2.0628 -0.0500 163 134 131
2.2503 2.1281 -0.0498 157 129 129
2.2488 2.1960 -0.0497 154 127 128
2.2516 2.2588 -0.0495 151 126 127
2.2507 2.3309 -0.0494 149 124 127
2.2663 2.3828 -0.0486 135 115 123
2.2487 2.4144 -0.0493 145 121 125
2.2481 2.5001 0.0027 237 137 234
2.2481 2.5003 0.0897 251 144 247
2.2481 2.5003 0.1476 251 144 247
2.2481 2.5003 0.2055 251 145 247
2.2481 2.5003 0.2693 251 145 247
2.2481 2.5003 0.3331 251 145 247
2.2481 2.5003 0.3910 251 144 247
2.2481 2.5003 0.4489 250 143 247
2.2481 2.5003 0.5071 250 142 247
2.2481 2.5003 0.5706 250 141 247
2.2481 2.5003 0.6341 250 140 247
2.2481 2.5003 0.6923 250 138 246
2.2481 2.5003 0.7503 250 137 246
2.2481 2.5003 0.8082 250 135 246
2.2481 2.5003 0.8664 249 134 245
2.2480 2.5003 0.9300 249 132 245
2.2481 2.5003 0.9935 249 130 245
2.2481 2.5003 1.0516 249 129 244
2.2481 2.5003 1.1098 248 127 244
2.2481 2.5003 1.1677 248 126 243
2.2472 2.5003 1.2269 247 123 242
2.2489 2.5003 1.2904 246 119 240
2.2480 2.5003 1.3357 244 116 238
2.2882 -2.4932 -0.0390 172 89 87
2.3262 -2.4987 0.1113 254 171 254
2.3092 -2.4987 0.1513 254 176 254
2.3094 -2.4987 0.2102 254 175 254
2.3099 -2.4987 0.2697 254 171 254
2.3109 -2.4987 0.3298 254 166 254
2.3091 -2.4987 0.3908 254 159 253
2.3089 -2.4987 0.4498 254 150 253
2.3091 -2.4987 0.5095 252 140 251
2.3068 -2.4987 0.5700 250 128 248
2.3076 -2.4987 0.6300 244 114 242
2.3084 -2.4987 0.6900 232 100 232
2.3094 -2.4987 0.7499 216 86 220
2.3100 -2.4987 0.8101 211 83 217
2.3112 -2.4987 0.8694 211 83 217
2.3255 -2.4987 0.9108 211 83 217
2.3081 -2.4987 0.9902 232 100 232
2.3118 -2.4987 1.0511 225 94 227
2.3161 -2.4987 1.1014 220 90 223
2.3139 -2.4982 1.1726 226 94 227
2.3064 -2.4982 1.2278 222 92 224
2.3034 -2.4982 1.2907 99 69 135
2.3184 -2.4980 1.3321 48 61 97
2.3032 -2.4293 -0.0517 134 77 80
2.3010 -2.3692 -0.0517 139 79 79
2.3083 -2.3118 -0.0517 143 80 78
2.3196 -2.2528 -0.0517 147 82 78
2.3149 -2.1912 -0.0517 143 81 79
2.3116 -2.1299 -0.0517 140 80 79
2.3078 -2.0705 -0.0517 141 80 78
2.3046 -2.0114 -0.0517 200 157 142
2.3008 -1.9500 -0.0517 243 217 195
2.3082 -1.8869 -0.0517 240 210 187
2.3062 -1.8094 -0.0535 246 218 192
2.3086 -1.7711 -0.0535 250 229 206
2.3055 -1.7153 -0.0534 252 234 210
2.2897 -1.6717 -0.0531 251 235 213
2.3251 -1.5713 -0.0537 253 244 225
2.3098 -1.5300 -0.0537 244 222 198
2.3093 -1.4709 -0.0536 195 104 63
2.3087 -1.4118 -0.0535 201 107 65
2.2946 -1.3691 -0.0534 214 119 68
2.3132 -1.2905 -0.0517 130 78 82
2.3089 -1.2281 -0.0517 132 78 83
2.3049 -1.1693 -0.0517 125 77 84
2.3010 -1.1108 -0.0518 123 76 84
2.3028 -1.0471 -0.0518 126 78 85
2.3320 -0.9689 -0.0532 245 236 230
2.3120 -0.9275 -0.0537 254 254 250
2.3096 -0.8712 -0.0536 254 254 248
2.3068 -0.8180 -0.0535 254 253 245
2.3143 -0.7449 -0.0518 244 218 196
2.3086 -0.6886 -0.0517 242 213 190
2.3089 -0.6294 -0.0516 242 216 195
2.3126 -0.5712 -0.0515 241 214 194
2.3096 -0.5072 -0.0537 219 176 149
2.3092 -0.4517 -0.0536 167 86 61
2.3101 -0.3974 -0.0535 171 89 62
2.3099 -0.3320 -0.0517 144 82 81
2.3104 -0.2469 -0.0537 177 91 58
2.3101 -0.2120 -0.0537 180 93 60
2.3100 -0.1518 -0.0535 180 94 62
2.3088 -0.1088 -0.0534 181 95 64
2.3109 0.0437 -0.0537 253 242 222
2.3092 0.0888 -0.0536 254 244 225
2.3109 0.1489 -0.0535 253 242 219
2.2976 0.1834 -0.0533 253 244 227
2.3142 0.2704 -0.0513 240 211 190
2.3106 0.3343 -0.0537 253 241 220
2.3098 0.3885 -0.0536 254 246 229
2.3094 0.4416 -0.0535 254 247 231
2.3095 0.5127 -0.0515 169 116 109
2.3140 0.5963 -0.0519 139 80 82
2.3087 0.6321 -0.0519 144 82 82
2.3090 0.6857 -0.0518 144 83 83
2.3104 0.7402 -0.0516 145 83 84
2.3100 0.7994 -0.0515 142 83 85
2.3137 0.8795 -0.0519 146 83 82
2.3085 0.9265 -0.0519 146 83 82
2.3107 0.9903 -0.0517 183 132 120
2.3093 1.0451 -0.0516 243 216 195
2.3104 1.1044 -0.0515 240 210 189
2.3090 1.1705 -0.0519 244 216 194
2.3107 1.2323 -0.0518 244 216 194
2.3094 1.2984 -0.0517 241 210 188
2.3096 1.3563 -0.0515 242 214 194
2.3099 1.4182 -0.0514 240 213 193
2.3114 1.4672 -0.0513 237 204 184
2.3105 1.5212 -0.0512 156 105 102
2.3085 1.5951 -0.0510 127 80 90
2.3088 1.6573 -0.0509 128 81 90
2.3090 1.7021 -0.0508 93 70 89
2.3112 1.7684 -0.0507 94 71 89
2.3098 1.8404 -0.0505 89 71 91
2.3090 1.8926 -0.0504 87 71 92
2.3106 1.9489 -0.0502 89 72 92
2.3083 2.0022 -0.0501 128 100 106
2.3100 2.0598 -0.0500 164 135 131
2.3057 2.1249 -0.0499 156 128 128
2.3111 2.1929 -0.0497 152 125 126
2.3105 2.2556 -0.0495 150 124 126
2.3107 2.3296 -0.0495 148 123 125
2.3080 2.3897 -0.0486 135 116 123
2.3102 2.4174 -0.0491 143 121 125
2.3066 2.4998 0.0024 236 135 233
2.3068 2.5003 0.0894 250 141 247
2.3068 2.5003 0.1474 250 142 247
2.3068 2.5003 0.2054 250 142 247
2.3068 2.5003 0.2692 250 142 247
2.3068 2.5003 0.3328 250 142 247
2.3068 2.5003 0.3908 250 142 247
2.3068 2.5003 0.4491 250 141 247
2.3068 2.5003 0.5073 250 140 247
2.3060 2.5003 0.5699 250 139 246
2.3077 2.5003 0.6332 250 138 246
2.3068 2.5003 0.6927 250 136 246
2.3068 2.5003 0.7507 250 135 246
2.3068 2.5003 0.8088 249 134 246
2.3068 2.5003 0.8670 249 132 245
2.3068 2.5003 0.9306 249 131 245
2.3068 2.5003 0.9942 249 129 244
2.3068 2.5003 1.0524 248 128 244
2.3068 2.5003 1.1107 248 126 244
2.3068 2.5003 1.1687 248 125 243
2.3068 2.5003 1.2267 247 122 242
2.3068 2.5003 1.2905 245 118 240
2.3070 2.5003 1.3369 244 115 238
2.3788 -2.4986 0.0490 253 148 252
2.3721 -2.4986 0.1119 254 171 254
2.3669 -2.4986 0.1500 254 172 254
2.3678 -2.4986 0.2099 254 170 254
2.3687 -2.4986 0.2705 254 167 254
2.3699 -2.4986 0.3307 254 162 254
2.3701 -2.4986 0.3902 254 156 253
2.3711 -2.4986 0.4501 253 149 253
2.3715 -2.4986 0.5107 253 140 251
2.3686 -2.4986 0.5702 250 131 249
2.3687 -2.4986 0.6291 247 120 245
2.3658 -2.4986 0.6900 240 108 238
2.3672 -2.4986 0.7501 228 96 229
2.3682 -2.4986 0.8101 214 85 219
2.3686 -2.4986 0.8700 211 83 217
2.3727 -2.4986 0.9261 211 83 217
2.3877 -2.4986 0.9702 215 86 220
2.3678 -2.4986 1.0490 229 97 229
2.3721 -2.4986 1.1097 223 92 225
2.3842 -2.4986 1.1575 219 89 222
2.3666 -2.4980 1.2302 228 98 229
2.3610 -2.4981 1.2895 101 70 136
2.3671 -2.4980 1.3344 48 61 97
2.3602 -2.4301 -0.0516 149 81 77
2.3581 -2.3711 -0.0516 150 81 77
2.3816 -2.3084 -0.0515 147 82 79
2.3786 -2.2492 -0.0515 143 80 79
2.3745 -2.1904 -0.0516 141 80 79
2.3697 -2.1303 -0.0516 142 80 79
2.3663 -2.0705 -0.0516 144 82 79
2.3625 -2.0097 -0.0516 202 159 144
2.3591 -1.9487 -0.0516 241 214 193
2.3732 -1.8870 -0.0516 238 206 185
2.3648 -1.8056 -0.0534 242 207 180
2.3680 -1.7724 -0.0534 246 219 193
2.3533 -1.7301 -0.0533 250 230 207
2.3683 -1.6498 -0.0516 241 213 192
2.3704 -1.5838 -0.0537 252 236 214
2.3690 -1.5312 -0.0536 244 218 191
2.3695 -1.4713 -0.0535 202 105 61
2.3607 -1.4244 -0.0534 208 111 64
2.3777 -1.3496 -0.0516 140 80 80
2.3735 -1.2909 -0.0516 136 79 82
2.3691 -1.2295 -0.0516 132 78 83
2.3648 -1.1685 -0.0516 129 78 84
2.3598 -1.1094 -0.0516 127 78 85
2.3611 -1.0523 -0.0516 128 80 86
2.3771 -0.9706 -0.0537 254 253 245
2.3696 -0.9312 -0.0536 254 253 246
2.3696 -0.8710 -0.0535 254 252 242
2.3631 -0.8291 -0.0534 254 252 241
2.3698 -0.7522 -0.0517 242 214 192
2.3697 -0.6913 -0.0516 241 210 187
2.3671 -0.6285 -0.0515 243 216 196
2.3852 -0.5524 -0.0519 245 220 197
2.3544 -0.4943 -0.0536 189 120 92
2.3694 -0.4503 -0.0536 171 86 59
2.3695 -0.3982 -0.0534 176 89 61
2.3712 -0.3302 -0.0516 152 84 81
2.3475 -0.2456 -0.0535 168 88 60
2.3639 -0.2050 -0.0536 169 87 59
2.3700 -0.1509 -0.0535 169 88 61
2.3703 -0.1096 -0.0534 170 88 62
2.3570 0.0450 -0.0537 251 235 213
2.3699 0.0887 -0.0536 251 234 211
2.3694 0.1488 -0.0535 251 232 207
2.3740 0.2111 -0.0514 238 204 182
2.3695 0.2691 -0.0513 238 207 186
2.3665 0.3354 -0.0537 251 234 211
2.3696 0.3886 -0.0536 253 240 220
2.3700 0.4406 -0.0535 253 241 220
2.3707 0.5096 -0.0515 181 123 111
2.3690 0.5936 -0.0519 156 85 80
2.3697 0.6320 -0.0519 156 85 81
2.3698 0.6827 -0.0518 151 85 82
2.3718 0.7471 -0.0516 146 84 84
2.3693 0.8097 -0.0515 143 84 86
2.3695 0.8847 -0.0519 149 84 81
2.3693 0.9341 -0.0518 148 85 83
2.3704 0.9864 -0.0517 177 120 109
2.3685 1.0431 -0.0516 242 215 195
2.3715 1.1026 -0.0515 239 209 188
2.3696 1.1673 -0.0519 242 211 187
2.3697 1.2282 -0.0518 242 210 188
2.3704 1.2944 -0.0517 239 206 184
2.3694 1.3521 -0.0515 243 216 195
2.3701 1.4150 -0.0514 240 212 192
2.3734 1.4765 -0.0513 223 181 162
2.3669 1.5263 -0.0512 157 98 95
2.3694 1.5935 -0.0510 142 83 87
2.3694 1.6541 -0.0509 136 82 88
2.3751 1.7059 -0.0508 96 70 88
2.3678 1.7690 -0.0506 94 71 89
2.3673 1.8374 -0.0505 90 71 91
2.3686 1.8906 -0.0503 89 71 91
2.3700 1.9452 -0.0502 89 72 92
2.3712 2.0027 -0.0500 125 98 104
2.3692 2.0568 -0.0500 162 134 131
2.3659 2.1217 -0.0499 155 127 127
2.3721 2.1894 -0.0497 150 121 124
2.3694 2.2531 -0.0495 148 122 125
2.3705 2.3259 -0.0494 148 122 125
2.3661 2.3873 -0.0486 135 115 122
2.3672 2.4147 -0.0492 144 120 124
2.3658 2.4993 0.0010 234 133 230
2.3655 2.5003 0.0891 250 139 247
2.3655 2.5003 0.1472 250 139 247
2.3655 2.5003 0.2053 250 140 247
2.3654 2.5003 0.2692 250 140 247
2.3655 2.5003 0.3328 250 140 247
2.3655 2.5003 0.3909 250 139 247
2.3655 2.5003 0.4492 250 139 246
2.3655 2.5003 0.5075 250 138 246
2.3655 2.5003 0.5656 250 137 246
2.3654 2.5003 0.6293 250 136 246
2.3654 2.5003 0.6932 250 135 246
2.3654 2.5003 0.7512 249 133 245
2.3654 2.5003 0.8093 249 132 245
2.3654 2.5003 0.8676 249 131 245
2.3654 2.5003 0.9257 249 130 245
2.3654 2.5003 0.9894 248 128 244
2.3654 2.5003 1.0532 248 127 244
2.3654 2.5003 1.1113 248 125 243
2.3654 2.5003 1.1694 248 124 243
2.3654 2.5003 1.2277 246 121 241
2.3654 2.5003 1.2860 245 117 239
2.3655 2.5003 1.3325 243 114 237
2.4321 -2.4984 0.0420 254 226 254
2.4325 -2.4985 0.1049 254 178 254
2.4291 -2.4985 0.1497 254 174 254
2.4262 -2.4985 0.2102 254 166 254
2.4267 -2.4985 0.2698 254 163 254
2.4278 -2.4985 0.3296 254 167 254
2.4288 -2.4985 0.3898 254 164 253
2.4293 -2.4985 0.4501 254 156 253
2.4308 -2.4985 0.5102 253 149 252
2.4313 -2.4985 0.5701 251 141 250
2.4302 -2.4985 0.6313 249 130 247
2.4288 -2.4985 0.6902 244 119 243
2.4289 -2.4985 0.7501 238 108 237
2.4298 -2.4985 0.8094 227 97 228
2.4263 -2.4985 0.8699 213 85 218
2.4272 -2.4985 0.9299 211 83 217
2.4334 -2.4985 0.9796 210 83 216
2.4305 -2.4985 1.0501 245 126 244
2.4344 -2.4985 1.1098 241 115 240
2.4307 -2.4985 1.1676 238 109 237
2.4367 -2.4983 1.2150 238 109 236
2.4240 -2.4979 1.2896 175 100 191
2.4256 -2.4979 1.3347 49 62 98
2.4221 -2.4291 -0.0514 144 81 80
2.4189 -2.3699 -0.0515 144 81 79
2.4293 -2.3096 -0.0514 146 82 80
2.4410 -2.2471 -0.0514 142 81 80
2.4370 -2.1895 -0.0514 143 81 80
2.4345 -2.1290 -0.0514 142 81 80
2.4554 -2.0639 -0.0519 144 80 76
2.4530 -2.0092 -0.0519 207 167 150
2.4496 -1.9494 -0.0520 246 223 201
2.4468 -1.8900 -0.0520 243 214 190
2.4163 -1.8070 -0.0531 240 204 177
2.4185 -1.7848 -0.0534 241 207 180
2.4391 -1.7102 -0.0520 241 208 184
2.4431 -1.6453 -0.0520 245 220 198
2.4285 -1.5817 -0.0536 250 231 208
2.4291 -1.5312 -0.0535 241 211 185
2.4244 -1.4787 -0.0534 191 100 62
2.4346 -1.4105 -0.0520 142 80 78
2.4310 -1.3492 -0.0520 141 79 79
2.4291 -1.2899 -0.0521 138 79 80
2.4301 -1.2282 -0.0521 133 77 81
2.4333 -1.1708 -0.0521 132 78 81
2.4291 -1.1101 -0.0521 128 77 82
2.4265 -1.0499 -0.0521 128 78 83
2.4328 -0.9834 -0.0537 252 244 229
2.4296 -0.9311 -0.0536 254 251 240
2.4273 -0.8744 -0.0535 254 250 235
2.4116 -0.8289 -0.0529 250 237 221
2.4292 -0.7486 -0.0516 239 205 182
2.4320 -0.6918 -0.0515 239 207 185
2.4424 -0.6161 -0.0517 245 219 196
2.4341 -0.5692 -0.0519 247 223 202
2.4300 -0.5135 -0.0518 210 159 138
2.4162 -0.4369 -0.0535 160 82 61
2.4296 -0.4003 -0.0534 161 83 62
2.4294 -0.3290 -0.0515 149 84 82
2.4310 -0.2700 -0.0514 146 83 83
2.4073 -0.1892 -0.0534 152 80 61
2.4259 -0.1473 -0.0535 157 82 61
2.4278 -0.1121 -0.0534 162 85 63
2.4283 -0.0020 -0.0518 206 159 143
2.4179 0.1014 -0.0536 248 225 200
2.4296 0.1467 -0.0535 248 223 197
2.4308 0.2098 -0.0514 237 200 179
2.4260 0.2681 -0.0513 236 199 178
2.4098 0.3524 -0.0536 251 233 209
2.4272 0.3925 -0.0536 250 231 209
2.4287 0.4391 -0.0535 251 233 211
2.4328 0.5061 -0.0515 185 130 118
2.4291 0.5905 -0.0519 153 86 82
2.4284 0.6289 -0.0519 152 85 81
2.4320 0.6902 -0.0517 150 85 83
2.4269 0.7571 -0.0516 144 83 85
2.4294 0.8203 -0.0515 141 83 86
2.4304 0.8820 -0.0519 150 85 82
2.4289 0.9310 -0.0518 150 85 83
2.4304 0.9839 -0.0517 176 116 103
2.4289 1.0398 -0.0516 241 215 196
2.4306 1.0999 -0.0515 238 208 188
2.4323 1.1707 -0.0519 241 210 187
2.4275 1.2308 -0.0518 240 205 182
2.4313 1.2918 -0.0517 238 201 178
2.4293 1.3498 -0.0515 242 215 195
2.4305 1.4118 -0.0514 240 211 192
2.4284 1.4776 -0.0513 221 179 160
2.4302 1.5317 -0.0511 145 87 89
2.4319 1.5901 -0.0510 139 83 88
2.4300 1.6508 -0.0509 138 83 89
2.4323 1.7151 -0.0508 96 70 88
2.4304 1.7831 -0.0506 91 70 89
2.4290 1.8340 -0.0505 90 71 90
2.4275 1.8869 -0.0503 89 71 91
2.4300 1.9426 -0.0502 90 72 91
2.4287 1.9998 -0.0500 122 95 102
2.4281 2.0543 -0.0500 161 134 131
2.4262 2.1184 -0.0499 155 127 126
2.4334 2.1857 -0.0497 148 121 124
2.4323 2.2500 -0.0495 144 118 122
2.4304 2.3232 -0.0494 147 120 124
2.4269 2.3879 -0.0493 150 126 127
2.4290 2.4102 -0.0492 144 121 124
2.4302 2.4993 0.0025 239 132 235
2.4299 2.5003 0.0888 250 137 246
2.4299 2.5003 0.1470 250 137 246
2.4313 2.5003 0.2091 250 137 246
2.4285 2.5003 0.2726 250 137 246
2.4299 2.5003 0.3329 250 137 246
2.4299 2.5003 0.3910 250 137 246
2.4299 2.5003 0.4494 250 136 246
2.4299 2.5003 0.5077 250 136 246
2.4299 2.5003 0.5659 250 135 246
2.4299 2.5003 0.6297 250 134 246
2.4299 2.5003 0.6936 249 133 245
2.4299 2.5003 0.7518 249 132 245
2.4299 2.5003 0.8099 249 131 245
2.4299 2.5003 0.8683 249 129 245
2.4299 2.5003 0.9264 249 128 244
2.4299 2.5003 0.9902 248 127 244
2.4299 2.5003 1.0542 248 126 243
2.4299 2.5003 1.1123 248 124 243
2.4299 2.5003 1.1705 247 122 242
2.4299 2.5003 1.2288 246 119 240
2.4299 2.5003 1.2869 244 116 238
2.4298 2.5003 1.3334 243 113 236
2.4963 -2.4832 0.0364 254 229 254
2.4958 -2.4834 0.0966 255 228 255
2.4951 -2.4837 0.1506 255 228 255
2.4932 -2.4843 0.2105 255 227 255
2.4936 -2.4841 0.2708 255 225 255
2.4936 -2.4840 0.3313 255 221 255
2.4939 -2.4839 0.3904 255 216 255
2.4940 -2.4845 0.4486 255 209 255
2.4942 -2.4849 0.5093 255 200 255
2.4944 -2.4846 0.5695 255 190 255
2.4948 -2.4844 0.6296 255 178 254
2.4949 -2.4843 0.6897 254 164 254
2.4952 -2.4841 0.7499 253 148 252
2.4949 -2.4839 0.8102 250 130 248
2.4932 -2.4845 0.8700 239 109 237
2.4934 -2.4843 0.9301 217 88 220
2.4938 -2.4840 0.9901 207 81 213
2.4980 -2.4805 1.0347 207 81 213
2.4982 -2.4814 1.1104 251 134 249
2.4954 -2.4823 1.1698 247 121 244
2.4967 -2.4831 1.2279 239 109 237
2.4966 -2.4825 1.2895 249 126 247
2.4976 -2.4822 1.3336 234 117 235
2.5002 -2.4307 0.0356 254 231 254
2.4995 -2.4302 0.0942 255 235 255
2.4995 -2.4304 0.1498 255 236 255
2.4995 -2.4305 0.2096 255 236 255
2.4995 -2.4298 0.2703 255 234 255
2.4995 -2.4295 0.3295 255 231 255
2.4995 -2.4292 0.3887 255 227 255
2.4995 -2.4301 0.4503 255 220 255
2.4995 -2.4309 0.5102 255 211 255
2.4995 -2.4300 0.5700 255 201 255
2.4995 -2.4297 0.6300 255 190 255
2.4995 -2.4312 0.6898 255 176 254
2.4995 -2.4310 0.7500 254 161 254
2.4995 -2.4308 0.8101 253 144 251
2.4995 -2.4304 0.8701 248 126 246
2.4995 -2.4301 0.9301 236 105 234
2.4995 -2.4297 0.9900 212 85 216
2.4995 -2.4283 1.0399 207 82 213
2.5002 -2.4304 1.1091 252 137 250
2.5002 -2.4297 1.1710 248 123 245
2.5002 -2.4312 1.2299 240 110 238
2.5003 -2.4296 1.2903 249 127 247
2.5003 -2.4288 1.3346 247 121 244
2.5002 -2.3692 0.0347 254 233 254
2.4995 -2.3703 0.0920 255 238 255
2.4995 -2.3711 0.1500 255 240 255
2.4995 -2.3698 0.2099 255 241 255
2.4995 -2.3705 0.2699 255 241 255
2.4995 -2.3697 0.3293 255 240 255
2.4995 -2.3693 0.3894 255 236 255
2.4995 -2.3694 0.4500 255 229 255
2.4995 -2.3687 0.5098 255 222 255
2.4995 -2.3707 0.5703 255 212 255
2.4995 -2.3699 0.6300 255 200 255
2.4995 -2.3716 0.6901 255 187 255
2.4995 -2.3713 0.7500 255 173 254
2.4995 -2.3710 0.8099 254 157 253
2.4995 -2.3707 0.8700 252 139 250
2.4995 -2.3704 0.9298 246 120 244
2.4995 -2.3700 0.9899 229 99 229
2.4995 -2.3687 1.0455 208 83 214
2.5002 -2.3710 1.1101 252 138 250
2.5002 -2.3703 1.1691 248 125 246
2.5002 -2.3693 1.2284 241 112 239
2.5003 -2.3702 1.2900 249 128 247
2.5003 -2.3681 1.3333 247 123 245
2.4999 -2.2969 0.0468 254 237 254
2.4995 -2.3109 0.0899 255 241 255
2.4995 -2.3108 0.1501 255 243 255
2.4995 -2.3110 0.2105 255 245 255
2.4995 -2.3102 0.2701 255 245 255
2.4995 -2.3099 0.3291 255 244 255
2.4995 -2.3098 0.3898 255 242 255
2.4995 -2.3091 0.4508 255 237 255
2.4995 -2.3093 0.5103 255 229 255
2.4995 -2.3111 0.5697 255 220 255
2.4995 -2.3103 0.6299 255 209 255
2.4995 -2.3099 0.6899 255 197 255
2.4995 -2.3098 0.7501 255 183 255
2.4995 -2.3111 0.8099 254 167 254
2.4995 -2.3112 0.8699 253 150 253
2.4995 -2.3107 0.9299 250 132 248
2.4995 -2.3104 0.9898 241 112 239
2.4995 -2.3100 1.0496 219 91 221
2.4996 -2.2938 1.0851 212 89 217
2.5002 -2.3090 1.1696 248 126 246
2.5002 -2.3102 1.2267 242 114 240
2.5003 -2.3094 1.2901 250 129 247
2.5003 -2.3092 1.3341 247 123 245
2.4995 -2.2501 0.0563 254 241 254
2.4995 -2.2517 0.0898 255 243 255
2.4995 -2.2513 0.1494 255 245 255
2.4995 -2.2509 0.2092 255 247 255
2.4995 -2.2506 0.2690 255 248 255
2.4995 -2.2503 0.3289 255 247 255
2.4995 -2.2500 0.3887 255 245 255
2.4995 -2.2501 0.4491 255 241 255
2.4995 -2.2495 0.5097 255 235 255
2.4995 -2.2491 0.5700 255 226 255
2.4995 -2.2487 0.6301 255 216 255
2.4995 -2.2490 0.6896 255 204 255
2.4995 -2.2501 0.7498 255 191 255
2.4995 -2.2516 0.8101 255 176 254
2.4995 -2.2516 0.8700 254 160 253
2.4995 -2.2513 0.9301 252 142 251
2.4995 -2.2509 0.9902 247 123 245
2.4995 -2.2505 1.0501 233 103 232
2.4995 -2.2463 1.0874 219 92 221
2.5002 -2.2500 1.1712 248 126 246
2.5002 -2.2513 1.2273 241 114 239
2.5003 -2.2487 1.2901 249 129 247
2.5003 -2.2509 1.3345 247 123 245
2.4995 -2.1894 0.0548 254 242 254
2.4995 -2.1903 0.0902 255 244 255
2.4995 -2.1897 0.1506 255 247 255
2.4995 -2.1892 0.2107 255 249 255
2.4995 -2.1908 0.2688 255 249 255
2.4995 -2.1910 0.3286 255 248 255
2.4995 -2.1907 0.3893 255 246 255
2.4995 -2.1904 0.4500 255 243 255
2.4995 -2.1903 0.5104 255 238 255
2.4995 -2.1900 0.5702 255 231 255
2.4995 -2.1894 0.6300 255 221 255
2.4995 -2.1896 0.6905 255 210 255
2.4995 -2.1909 0.7502 255 197 255
2.4995 -2.1907 0.8102 255 183 255
2.4995 -2.1902 0.8700 254 167 254
2.4995 -2.1899 0.9301 253 151 252
2.4995 -2.1896 0.9902 250 133 248
2.4995 -2.1900 1.0497 242 114 239
2.4995 -2.1888 1.0925 229 100 229
2.5002 -2.1906 1.1692 248 126 246
2.5002 -2.1896 1.2257 241 114 239
2.5003 -2.1896 1.2897 249 129 247
2.5003 -2.1888 1.3340 247 123 245
2.4995 -2.1292 0.0528 254 242 254
2.4995 -2.1286 0.0900 255 244 255
2.4995 -2.1289 0.1498 255 247 255
2.4995 -2.1287 0.2098 255 249 255
2.4995 -2.1293 0.2709 255 249 255
2.4995 -2.1324 0.3301 255 248 255
2.4995 -2.1317 0.3900 255 246 255
2.4995 -2.1319 0.4503 255 243 255
2.4995 -2.1305 0.5097 255 239 255
2.4995 -2.1311 0.5699 255 233 255
2.4995 -2.1305 0.6300 255 224 255
2.4995 -2.1300 0.6901 255 214 255
2.4995 -2.1299 0.7501 255 201 255
2.4995 -2.1295 0.8101 255 188 255
2.4995 -2.1294 0.8701 255 173 254
2.4995 -2.1287 0.9300 254 157 253
2.4995 -2.1287 0.9899 252 140 250
2.4995 -2.1288 1.0504 246 122 244
2.4995 -2.1296 1.0976 236 108 235
2.5002 -2.1290 1.1702 247 126 245
2.5002 -2.1292 1.2237 240 114 238
2.5003 -2.1303 1.2905 249 129 247
2.5003 -2.1275 1.3341 246 123 244
2.4995 -2.0706 0.0510 254 241 254
2.4995 -2.0699 0.0900 255 243 255
2.4995 -2.0705 0.1503 255 245 255
2.4995 -2.0697 0.2098 255 247 255
2.4995 -2.0699 0.2705 255 248 255
2.4995 -2.0713 0.3304 255 247 255
2.4995 -2.0713 0.3902 255 245 255
2.4995 -2.0703 0.4504 255 242 255
2.4995 -2.0709 0.5099 255 238 255
2.4995 -2.0694 0.5701 255 234 255
2.4995 -2.0702 0.6303 255 226 255
2.4995 -2.0693 0.6899 255 216 255
2.4995 -2.0690 0.7500 255 205 255
2.4995 -2.0699 0.8094 255 192 255
2.4995 -2.0707 0.8699 255 177 255
2.4995 -2.0702 0.9300 254 162 254
2.4995 -2.0703 0.9899 253 146 252
2.4995 -2.0696 1.0500 249 129 247
2.4995 -2.0694 1.1037 240 114 238
2.5002 -2.0695 1.1702 246 124 244
2.5002 -2.0704 1.2252 239 114 237
2.5003 -2.0700 1.2895 248 128 246
2.5003 -2.0692 1.3337 246 123 244
2.4995 -2.0095 0.0489 254 239 254
2.4995 -2.0104 0.0899 255 241 255
2.4995 -2.0095 0.1494 255 243 255
2.4995 -2.0115 0.2099 255 245 255
2.4995 -2.0118 0.2706 255 245 255
2.4995 -2.0110 0.3302 255 244 255
2.4995 -2.0107 0.3891 255 243 255
2.4995 -2.0109 0.4495 255 240 255
2.4995 -2.0096 0.5106 255 237 255
2.4995 -2.0097 0.5702 255 233 255
2.4995 -2.0099 0.6297 255 227 255
2.4995 -2.0092 0.6898 255 217 255
2.4995 -2.0086 0.7497 255 206 255
2.4995 -2.0098 0.8106 255 193 255
2.4995 -2.0103 0.8702 255 180 255
2.4995 -2.0102 0.9301 254 166 254
2.4995 -2.0099 0.9900 253 150 252
2.4995 -2.0115 1.0499 250 134 248
2.4995 -2.0107 1.1087 243 118 240
2.4998 -1.9975 1.1552 241 118 239
2.5002 -2.0108 1.2231 237 113 235
2.5003 -2.0101 1.2906 248 127 246
2.5003 -2.0102 1.3347 245 122 243
2.4995 -1.9473 0.0467 254 237 254
2.4994 -1.9502 0.0901 255 238 255
2.4994 -1.9503 0.1509 255 240 255
2.4994 -1.9520 0.2107 255 242 255
2.4994 -1.9517 0.2703 255 242 255
2.4994 -1.9513 0.3300 255 241 255
2.4994 -1.9510 0.3897 255 240 255
2.4994 -1.9507 0.4494 255 237 255
2.4994 -1.9505 0.5093 255 235 255
2.4994 -1.9503 0.5695 255 231 255
2.4994 -1.9499 0.6299 255 227 255
2.4994 -1.9494 0.6901 255 217 255
2.4994 -1.9491 0.7501 255 207 255
2.4994 -1.9488 0.8100 255 195 255
2.4994 -1.9484 0.8697 255 182 254
2.4994 -1.9491 0.9292 254 168 254
2.4994 -1.9502 0.9900 253 153 253
2.4994 -1.9520 1.0502 251 138 249
2.4994 -1.9517 1.1101 245 123 242
2.4995 -1.9456 1.1459 239 115 237
2.5002 -1.9500 1.2215 234 112 233
2.5003 -1.9508 1.2892 247 127 245
2.5003 -1.9500 1.3333 244 122 242
2.4994 -1.8881 0.0446 254 234 254
2.4994 -1.8909 0.0902 255 236 255
2.4994 -1.8912 0.1495 255 237 255
2.4994 -1.8909 0.2091 255 238 255
2.4994 -1.8903 0.2693 255 238 255
2.4994 -1.8900 0.3298 255 238 255
2.4994 -1.8896 0.3904 255 236 255
2.4994 -1.8893 0.4509 255 234 255
2.4994 -1.8897 0.5106 255 232 255
2.4994 -1.8912 0.5703 255 229 255
2.4994 -1.8907 0.6300 255 225 255
2.4994 -1.8903 0.6899 255 217 255
2.4994 -1.8900 0.7501 255 206 255
2.4994 -1.8899 0.8102 255 195 255
2.4994 -1.8895 0.8701 255 183 254
2.4994 -1.8901 0.9307 254 169 254
2.4994 -1.8911 0.9901 254 156 253
2.4994 -1.8909 1.0501 252 142 250
2.4994 -1.8905 1.1102 246 127 244
2.4994 -1.8876 1.1509 240 118 238
2.5002 -1.8887 1.2221 230 111 230
2.5003 -1.8898 1.2898 246 125 244
2.5003 -1.8905 1.3347 243 120 240
2.4994 -1.8299 0.0424 254 231 254
2.4994 -1.8311 0.0897 255 233 255
2.4994 -1.8302 0.1503 255 234 255
2.4994 -1.8293 0.2105 255 234 255
2.4994 -1.8302 0.2694 255 235 255
2.4994 -1.8293 0.3296 255 234 255
2.4994 -1.8289 0.3910 255 233 255
2.4994 -1.8288 0.4502 255 231 255
2.4994 -1.8283 0.5094 255 229 255
2.4994 -1.8307 0.5699 255 227 255
2.4994 -1.8304 0.6302 255 223 255
2.4994 -1.8301 0.6896 255 215 255
2.4994 -1.8318 0.7500 255 205 255
2.4994 -1.8317 0.8099 255 194 254
2.4994 -1.8313 0.8699 254 182 254
2.4994 -1.8312 0.9300 254 170 254
2.4994 -1.8306 0.9900 254 157 253
2.4994 -1.8302 1.0500 252 144 250
2.4994 -1.8300 1.1099 247 131 245
2.4994 -1.8280 1.1560 240 121 239
2.5002 -1.8293 1.2199 226 110 227
2.5003 -1.8298 1.2906 244 124 242
2.5003 -1.8324 1.3339 241 119 239
2.4994 -1.7707 0.0401 254 228 254
2.4991 -1.7516 0.1154 255 195 255
2.4991 -1.7662 0.1504 255 188 255
2.4991 -1.7668 0.2099 255 187 254
2.4991 -1.7674 0.2703 255 183 254
2.4991 -1.7663 0.3301 254 176 254
2.4991 -1.7671 0.3901 254 164 253
2.4991 -1.7675 0.4501 252 150 251
2.4991 -1.7680 0.5099 248 132 246
2.4991 -1.7683 0.5700 237 112 236
2.4991 -1.7689 0.6301 218 92 221
2.4991 -1.7679 0.6900 208 85 213
2.4991 -1.7686 0.7500 208 86 213
2.4991 -1.7690 0.8099 208 86 213
2.4991 -1.7695 0.8698 208 87 213
2.4991 -1.7698 0.9297 208 88 213
2.4990 -1.7574 0.9700 208 90 213
2.4994 -1.7702 1.0501 252 145 250
2.4994 -1.7705 1.1101 248 133 246
2.4994 -1.7685 1.1617 241 124 239
2.5002 -1.7714 1.2193 220 108 222
2.5003 -1.7694 1.2903 243 122 241
2.5003 -1.7686 1.3343 239 118 237
2.4994 -1.7095 0.0382 254 225 254
2.4990 -1.7062 0.1133 255 200 255
2.4990 -1.7114 0.1500 255 199 255
2.4990 -1.7116 0.2099 255 198 255
2.4990 -1.7112 0.2696 255 195 255
2.4990 -1.7099 0.3296 255 190 255
2.4990 -1.7098 0.3900 255 182 254
2.4990 -1.7108 0.4499 254 171 254
2.4990 -1.7111 0.5100 254 158 253
2.4990 -1.7114 0.5700 252 143 250
2.4990 -1.7119 0.6299 246 126 244
2.4990 -1.7100 0.6903 233 107 233
2.4990 -1.7100 0.7500 215 91 218
2.4990 -1.7105 0.8100 208 87 213
2.4990 -1.7109 0.8698 208 88 213
2.4990 -1.7112 0.9300 208 90 213
2.4990 -1.7081 0.9847 208 91 214
2.4990 -1.6895 1.0274 217 103 221
2.4994 -1.7094 1.1096 248 135 246
2.4994 -1.7101 1.1671 240 125 238
2.5002 -1.7113 1.2194 213 106 218
2.5003 -1.7107 1.2895 241 120 239
2.5003 -1.7078 1.3337 237 117 235
2.4994 -1.6485 0.0362 254 222 254
2.4989 -1.6490 0.1079 255 207 255
2.4989 -1.6516 0.1501 255 207 255
2.4989 -1.6520 0.2102 255 206 255
2.4989 -1.6502 0.2707 255 204 255
2.4989 -1.6495 0.3303 255 199 255
2.4989 -1.6503 0.3898 255 193 255
2.4989 -1.6505 0.4499 255 185 255
2.4989 -1.6509 0.5100 255 174 254
2.4989 -1.6512 0.5700 254 163 253
2.4989 -1.6517 0.6300 253 149 252
2.4989 -1.6511 0.6896 250 134 248
2.4989 -1.6506 0.7502 242 118 240
2.4989 -1.6499 0.8101 225 101 226
2.4989 -1.6502 0.8699 210 91 215
2.4989 -1.6505 0.9297 208 91 214
2.4989 -1.6510 0.9901 208 93 214
2.4989 -1.6437 1.0352 209 94 214
2.4994 -1.6492 1.1106 247 135 245
2.4994 -1.6507 1.1699 240 127 238
2.4995 -1.6392 1.2044 232 122 232
2.5003 -1.6509 1.2900 238 118 237
2.5003 -1.6500 1.3339 234 115 233
2.4911 -1.5775 -0.0452 251 209 227
2.4988 -1.5902 0.1022 255 212 255
2.4989 -1.5760 0.1598 255 203 255
2.4989 -1.5764 0.2099 255 201 255
2.4989 -1.5764 0.2695 255 196 255
2.4989 -1.5765 0.3299 254 184 254
2.4989 -1.5766 0.3904 254 166 253
2.4989 -1.5767 0.4500 251 142 249
2.4989 -1.5768 0.5100 235 110 234
2.4989 -1.5769 0.5701 210 86 215
2.4989 -1.5770 0.6301 207 85 213
2.4989 -1.5771 0.6899 208 85 213
2.4989 -1.5772 0.7499 208 86 213
2.4989 -1.5772 0.8099 208 88 213
2.4989 -1.5742 0.8493 208 88 213
2.4988 -1.5901 0.9303 214 96 218
2.4988 -1.5903 0.9900 209 94 214
2.4988 -1.5896 1.0483 209 96 214
2.4988 -1.5729 1.0877 210 99 215
2.4994 -1.5886 1.1701 239 128 238
2.4994 -1.5856 1.2088 232 124 232
2.5003 -1.5880 1.2904 235 116 234
2.5003 -1.5915 1.3340 231 113 230
2.4855 -1.5362 -0.0508 242 207 195
2.4988 -1.5301 0.0961 255 216 255
2.4988 -1.5300 0.1552 255 214 255
2.4988 -1.5313 0.2102 255 213 255
2.4988 -1.5313 0.2705 255 209 255
2.4988 -1.5312 0.3302 255 200 255
2.4988 -1.5316 0.3899 255 188 254
2.4988 -1.5316 0.4500 254 171 254
2.4988 -1.5317 0.5099 252 149 251
2.4988 -1.5317 0.5699 242 121 241
2.4988 -1.5318 0.6300 219 95 222
2.4988 -1.5314 0.6904 208 86 213
2.4988 -1.5307 0.7501 208 87 213
2.4988 -1.5309 0.8100 208 89 213
2.4988 -1.5266 0.8634 208 90 213
2.4988 -1.5155 0.9157 222 103 224
2.4987 -1.5311 0.9901 219 101 221
2.4987 -1.5314 1.0501 209 98 215
2.4987 -1.5270 1.1009 209 100 215
2.4994 -1.5306 1.1699 239 128 237
2.4994 -1.5290 1.2139 231 124 231
2.5003 -1.5297 1.2896 232 114 231
2.5003 -1.5311 1.3339 227 111 227
2.4710 -1.4910 -0.0439 182 102 79
2.4987 -1.4537 0.1159 255 224 255
2.4988 -1.4703 0.1504 255 223 255
2.4988 -1.4707 0.2100 255 222 255
2.4988 -1.4709 0.2697 255 219 255
2.4988 -1.4708 0.3296 255 213 255
2.4988 -1.4707 0.3899 255 204 255
2.4988 -1.4711 0.4500 255 192 255
2.4988 -1.4711 0.5100 254 177 254
2.4988 -1.4711 0.5700 254 159 253
2.4988 -1.4712 0.6300 250 136 248
2.4988 -1.4707 0.6895 234 110 234
2.4988 -1.4700 0.7499 212 92 216
2.4988 -1.4701 0.8100 208 90 214
2.4988 -1.4700 0.8700 208 92 214
2.4987 -1.4619 0.9132 209 94 214
2.4987 -1.4719 0.9899 238 117 236
2.4987 -1.4724 1.0501 222 106 224
2.4987 -1.4717 1.1107 210 102 215
2.4986 -1.4586 1.1524 210 105 215
2.4994 -1.4694 1.2193 229 123 229
2.5003 -1.4714 1.2900 228 111 228
2.5003 -1.4688 1.3344 222 109 224
2.4986 -1.4070 0.0530 254 216 254
2.4987 -1.4070 0.1123 255 228 255
2.4987 -1.4107 0.1500 255 228 255
2.4987 -1.4108 0.2100 255 227 255
2.4987 -1.4106 0.2702 255 225 255
2.4987 -1.4113 0.3304 255 220 255
2.4987 -1.4109 0.3902 255 214 255
2.4987 -1.4111 0.4499 255 205 255
2.4987 -1.4104 0.5104 255 193 255
2.4987 -1.4097 0.5699 255 179 254
2.4987 -1.4098 0.6300 254 163 253
2.4987 -1.4097 0.6901 252 143 250
2.4987 -1.4100 0.7501 242 120 241
2.4987 -1.4099 0.8101 219 99 222
2.4987 -1.4100 0.8700 209 94 214
2.4987 -1.4081 0.9273 209 96 214
2.4986 -1.3895 0.9663 210 100 216
2.4986 -1.4122 1.0499 238 119 236
2.4986 -1.4117 1.1092 224 111 225
2.4986 -1.4083 1.1668 212 107 217
2.4987 -1.3924 1.2082 214 112 218
2.5003 -1.4083 1.2899 223 108 224
2.5003 -1.4102 1.3333 217 106 220
2.4985 -1.3498 0.0480 254 213 254
2.4986 -1.3493 0.1065 255 231 255
2.4986 -1.3518 0.1500 255 231 255
2.4986 -1.3516 0.2099 255 230 255
2.4986 -1.3519 0.2701 255 228 255
2.4986 -1.3516 0.3300 255 225 255
2.4986 -1.3521 0.3898 255 219 255
2.4986 -1.3520 0.4501 255 212 255
2.4986 -1.3513 0.5096 255 203 255
2.4986 -1.3504 0.5700 255 191 255
2.4986 -1.3504 0.6300 255 178 254
2.4986 -1.3505 0.6901 254 162 253
2.4986 -1.3506 0.7501 252 145 251
2.4986 -1.3506 0.8101 245 125 243
2.4986 -1.3507 0.8700 224 105 226
2.4986 -1.3508 0.9300 209 98 215
2.4986 -1.3457 0.9781 210 101 215
2.4985 -1.3520 1.0498 245 129 243
2.4985 -1.3520 1.1099 237 121 236
2.4985 -1.3524 1.1699 225 115 226
2.4985 -1.3465 1.2170 214 112 218
2.4995 -1.3353 1.2678 216 115 219
2.5003 -1.3507 1.3349 212 103 216
2.4984 -1.2911 0.0423 254 210 254
2.4985 -1.2896 0.1004 255 232 255
2.4985 -1.2913 0.1501 255 233 255
2.4985 -1.2911 0.2100 255 232 255
2.4985 -1.2914 0.2695 255 231 255
2.4985 -1.2915 0.3298 255 227 255
2.4985 -1.2912 0.3902 255 223 255
2.4985 -1.2914 0.4500 255 217 255
2.4985 -1.2916 0.5101 255 209 255
2.4985 -1.2916 0.5701 255 199 255
2.4985 -1.2916 0.6301 255 187 255
2.4985 -1.2916 0.6898 255 174 254
2.4985 -1.2917 0.7497 254 159 253
2.4985 -1.2918 0.8098 252 144 250
2.4985 -1.2919 0.8698 245 127 243
2.4985 -1.2917 0.9300 227 110 228
2.4985 -1.2916 0.9894 211 103 216
2.4985 -1.2768 1.0294 211 106 216
2.4984 -1.2918 1.1100 244 129 242
2.4984 -1.2919 1.1700 236 123 235
2.4984 -1.2917 1.2289 225 119 226
2.4984 -1.2762 1.2681 220 118 222
2.5003 -1.2888 1.3338 210 102 215
2.4984 -1.2295 0.0364 254 206 254
2.4984 -1.2287 0.0941 255 229 255
2.4984 -1.2300 0.1501 255 230 255
2.4984 -1.2301 0.2101 255 230 255
2.4984 -1.2295 0.2700 255 230 255
2.4984 -1.2304 0.3297 255 229 255
2.4984 -1.2303 0.3897 255 225 255
2.4984 -1.2302 0.4500 255 219 255
2.4984 -1.2303 0.5100 255 212 255
2.4984 -1.2304 0.5700 255 204 255
2.4984 -1.2303 0.6300 255 194 255
2.4984 -1.2303 0.6902 255 182 254
2.4984 -1.2306 0.7502 254 169 254
2.4984 -1.2305 0.8100 254 156 253
2.4984 -1.2307 0.8701 251 142 250
2.4984 -1.2304 0.9301 245 128 243
2.4984 -1.2308 0.9899 229 115 229
2.4984 -1.2266 1.0439 213 109 217
2.4984 -1.2164 1.0958 229 123 230
2.4983 -1.2321 1.1699 242 129 240
2.4983 -1.2325 1.2302 234 125 233
2.4983 -1.2287 1.2830 226 123 227
2.5003 -1.2285 1.3341 210 101 215
2.4983 -1.1569 0.0548 254 223 254
2.4984 -1.1688 0.0901 255 225 255
2.4984 -1.1690 0.1500 255 226 255
2.4984 -1.1690 0.2100 255 227 255
2.4984 -1.1691 0.2706 255 227 255
2.4984 -1.1689 0.3312 255 226 255
2.4984 -1.1694 0.3907 255 225 255
2.4984 -1.1690 0.4499 255 221 255
2.4984 -1.1693 0.5099 255 214 255
2.4984 -1.1693 0.5700 255 207 254
2.4984 -1.1692 0.6302 255 198 254
2.4984 -1.1694 0.6902 254 187 254
2.4984 -1.1693 0.7500 254 176 254
2.4984 -1.1694 0.8100 254 164 254
2.4984 -1.1694 0.8700 253 152 252
2.4984 -1.1697 0.9299 250 140 248
2.4984 -1.1695 0.9900 243 128 241
2.4984 -1.1695 1.0500 229 119 229
2.4983 -1.1622 1.0939 217 115 220
2.4983 -1.1710 1.1700 246 133 243
2.4983 -1.1712 1.2298 240 129 238
2.4982 -1.1712 1.2896 233 127 232
2.4983 -1.1637 1.3314 175 108 191
2.4983 -1.1052 0.0508 255 220 255
2.4983 -1.1090 0.0900 255 222 255
2.4983 -1.1092 0.1502 255 222 255
2.4983 -1.1090 0.2102 255 223 255
2.4983 -1.1095 0.2700 255 223 255
2.4983 -1.1090 0.3293 255 222 255
2.4983 -1.1095 0.3894 255 221 255
2.4983 -1.1093 0.4500 255 220 255
2.4983 -1.1092 0.5099 255 215 254
2.4983 -1.1093 0.5700 254 208 254
2.4983 -1.1093 0.6299 254 200 254
2.4983 -1.1095 0.6899 254 191 254
2.4983 -1.1094 0.7500 254 180 254
2.4983 -1.1095 0.8099 254 169 254
2.4983 -1.1096 0.8697 254 158 253
2.4983 -1.1094 0.9299 252 147 251
2.4983 -1.1095 0.9902 249 137 247
2.4983 -1.1096 1.0503 241 129 239
2.4983 -1.1079 1.1080 229 122 229
2.4982 -1.0905 1.1482 225 123 226
2.4982 -1.1083 1.2302 244 132 241
2.4982 -1.1083 1.2905 238 129 236
2.4982 -1.1089 1.3343 153 102 175
2.4977 -1.0268 -0.0223 236 182 214
2.4982 -1.0487 0.0900 255 217 255
2.4987 -1.0267 0.1696 255 212 255
2.4987 -1.0263 0.2100 255 210 255
2.4987 -1.0262 0.2696 255 202 255
2.4987 -1.0259 0.3293 255 190 255
2.4987 -1.0257 0.3899 254 171 254
2.4987 -1.0255 0.4501 252 142 250
2.4987 -1.0256 0.5088 225 100 227
2.4987 -1.0261 0.5699 208 88 213
2.4987 -1.0259 0.6298 208 90 213
2.4987 -1.0257 0.6900 208 93 214
2.4987 -1.0254 0.7464 209 96 214
2.4982 -1.0492 0.8101 254 173 254
2.4982 -1.0494 0.8703 254 163 253
2.4982 -1.0491 0.9301 253 153 252
2.4982 -1.0494 0.9899 251 143 249
2.4982 -1.0493 1.0501 247 135 245
2.4982 -1.0494 1.1103 239 129 237
2.4982 -1.0442 1.1596 230 126 230
2.4981 -1.0481 1.2300 245 133 243
2.4981 -1.0479 1.2895 241 131 239
2.4981 -1.0479 1.3337 163 105 183
2.4935 -0.9936 -0.0335 247 213 230
2.4981 -0.9891 0.0897 255 213 254
2.4987 -0.9884 0.1654 255 221 255
2.4987 -0.9910 0.2100 255 218 255
2.4987 -0.9908 0.2701 255 212 255
2.4987 -0.9908 0.3300 255 203 255
2.4987 -0.9914 0.3900 255 188 254
2.4987 -0.9913 0.4499 254 167 254
2.4987 -0.9915 0.5102 248 136 247
2.4987 -0.9919 0.5700 224 102 226
2.4987 -0.9918 0.6300 208 90 214
2.4987 -0.9916 0.6899 208 92 214
2.4987 -0.9912 0.7498 209 96 214
2.4987 -0.9788 0.7923 209 100 215
2.4981 -0.9897 0.8696 254 165 254
2.4981 -0.9893 0.9298 254 156 253
2.4981 -0.9894 0.9900 252 147 251
2.4981 -0.9894 1.0497 250 140 247
2.4981 -0.9894 1.1095 244 134 242
2.4981 -0.9893 1.1692 236 130 235
2.4981 -0.9766 1.2103 231 129 231
2.4980 -0.9914 1.2902 243 132 241
2.4980 -0.9898 1.3336 160 104 181
2.4901 -0.9343 -0.0455 254 237 240
2.4980 -0.9302 0.0901 254 208 254
2.4986 -0.9296 0.1582 255 228 255
2.4986 -0.9312 0.2100 255 227 255
2.4986 -0.9307 0.2699 255 223 255
2.4986 -0.9313 0.3302 255 216 255
2.4986 -0.9318 0.3900 255 206 255
2.4986 -0.9317 0.4500 255 192 255
2.4986 -0.9314 0.5100 254 174 254
2.4986 -0.9313 0.5701 253 149 251
2.4986 -0.9310 0.6300 238 117 237
2.4986 -0.9310 0.6901 213 96 217
2.4986 -0.9306 0.7501 209 96 214
2.4986 -0.9282 0.8073 209 101 215
2.4985 -0.9089 0.8470 211 106 216
2.4980 -0.9304 0.9300 254 158 253
2.4980 -0.9308 0.9897 253 150 252
2.4980 -0.9306 1.0499 251 143 249
2.4980 -0.9306 1.1098 247 137 245
2.4980 -0.9306 1.1700 241 132 239
2.4980 -0.9273 1.2244 234 131 233
2.4980 -0.9174 1.2752 238 131 237
2.4980 -0.9307 1.3339 160 104 182
2.4806 -0.8851 -0.0520 254 245 226
2.4984 -0.8497 0.1143 254 229 254
2.4985 -0.8702 0.1516 255 232 255
2.4985 -0.8710 0.2100 255 231 255
2.4985 -0.8709 0.2701 255 228 255
2.4985 -0.8704 0.3300 255 223 255
2.4985 -0.8716 0.3897 255 215 255
2.4985 -0.8719 0.4500 255 205 255
2.4985 -0.8715 0.5100 255 191 255
2.4985 -0.8714 0.5699 254 174 254
2.4985 -0.8712 0.6299 253 152 252
2.4985 -0.8709 0.6899 245 126 243
2.4985 -0.8710 0.7499 219 102 222
2.4985 -0.8706 0.8100 209 100 215
2.4985 -0.8655 0.8611 210 105 215
2.4980 -0.8702 0.9300 254 159 253
2.4980 -0.8706 0.9902 253 151 252
2.4980 -0.8704 1.0498 252 144 250
2.4980 -0.8704 1.1098 249 138 247
2.4980 -0.8703 1.1697 245 134 242
2.4980 -0.8704 1.2299 238 132 237
2.4979 -0.8623 1.2748 233 131 233
2.4979 -0.8707 1.3346 164 105 185
2.4979 -0.8083 0.0208 254 197 254
2.4983 -0.8041 0.1127 255 233 255
2.4984 -0.8100 0.1497 255 234 255
2.4984 -0.8113 0.2100 255 232 255
2.4984 -0.8108 0.2698 255 230 255
2.4984 -0.8112 0.3296 255 226 255
2.4984 -0.8120 0.3902 255 220 255
2.4984 -0.8122 0.4500 255 211 255
2.4984 -0.8122 0.5100 255 200 255
2.4984 -0.8119 0.5701 255 186 255
2.4984 -0.8118 0.6302 254 170 254
2.4984 -0.8116 0.6900 253 150 252
2.4984 -0.8113 0.7501 246 129 244
2.4984 -0.8112 0.8100 224 108 226
2.4984 -0.8110 0.8700 210 105 215
2.4984 -0.8004 0.9135 211 109 216
2.4979 -0.8089 0.9900 253 152 252
2.4979 -0.8092 1.0504 252 145 251
2.4979 -0.8090 1.1104 250 140 248
2.4979 -0.8091 1.1704 246 135 244
2.4979 -0.8092 1.2301 242 132 240
2.4979 -0.8074 1.2884 235 132 235
2.4978 -0.7908 1.3280 197 119 207
2.4978 -0.7501 0.0144 254 192 254
2.4983 -0.7481 0.1059 255 232 255
2.4983 -0.7511 0.1503 255 232 255
2.4983 -0.7523 0.2100 255 232 255
2.4983 -0.7522 0.2704 255 230 255
2.4983 -0.7521 0.3304 255 227 255
2.4983 -0.7515 0.3902 255 221 255
2.4983 -0.7517 0.4502 255 214 255
2.4983 -0.7515 0.5100 255 205 255
2.4983 -0.7513 0.5699 255 193 254
2.4983 -0.7510 0.6300 254 180 254
2.4983 -0.7509 0.6899 254 164 254
2.4983 -0.7509 0.7498 253 147 251
2.4983 -0.7505 0.8101 246 129 244
2.4983 -0.7504 0.8701 227 113 228
2.4983 -0.7486 0.9279 211 109 216
2.4982 -0.7306 0.9681 212 113 217
2.4978 -0.7510 1.0503 252 146 251
2.4978 -0.7509 1.1103 250 140 249
2.4978 -0.7507 1.1699 248 135 245
2.4978 -0.7511 1.2299 244 132 242
2.4978 -0.7507 1.2899 238 131 237
2.4978 -0.7497 1.3333 149 102 173
2.4977 -0.6922 0.0087 254 188 254
2.4982 -0.6904 0.0990 255 227 255
2.4982 -0.6920 0.1500 255 228 255
2.4982 -0.6917 0.2100 255 228 255
2.4982 -0.6918 0.2697 255 228 255
2.4982 -0.6912 0.3299 255 226 255
2.4982 -0.6915 0.3900 255 222 254
2.4982 -0.6912 0.4497 254 215 254
2.4982 -0.6909 0.5099 255 207 254
2.4982 -0.6908 0.5700 254 197 254
2.4982 -0.6906 0.6298 254 185 254
2.4982 -0.6906 0.6901 254 172 254
2.4982 -0.6903 0.7503 254 158 253
2.4982 -0.6902 0.8099 252 143 250
2.4982 -0.6899 0.8699 245 128 243
2.4982 -0.6900 0.9302 228 116 228
2.4982 -0.6849 0.9830 213 112 217
2.4977 -0.6927 1.0502 252 145 251
2.4977 -0.6929 1.1105 251 140 249
2.4977 -0.6925 1.1705 248 135 246
2.4977 -0.6926 1.2300 245 132 243
2.4977 -0.6927 1.2899 241 130 239
2.4977 -0.6927 1.3338 146 100 172
2.4973 -0.6157 0.0296 254 202 251
2.4980 -0.6299 0.0921 255 221 254
2.4980 -0.6307 0.1502 255 222 254
2.4980 -0.6307 0.2099 255 223 254
2.4980 -0.6303 0.2697 255 223 254
2.4980 -0.6309 0.3294 255 222 254
2.4980 -0.6301 0.3898 255 220 254
2.4980 -0.6303 0.4502 254 215 254
2.4981 -0.6299 0.5101 254 207 254
2.4981 -0.6298 0.5701 254 198 254
2.4981 -0.6298 0.6301 254 188 254
2.4981 -0.6294 0.6899 254 176 254
2.4981 -0.6296 0.7497 254 164 254
2.4981 -0.6318 0.8100 253 151 252
2.4981 -0.6314 0.8699 250 138 248
2.4981 -0.6314 0.9300 243 126 241
2.4981 -0.6314 0.9901 227 117 228
2.4980 -0.6230 1.0342 215 115 219
2.4976 -0.6303 1.1103 251 140 249
2.4976 -0.6308 1.1702 249 135 247
2.4976 -0.6302 1.2296 246 132 244
2.4976 -0.6304 1.2899 242 129 240
2.4976 -0.6308 1.3340 145 99 171
2.4978 -0.5641 0.0515 254 214 254
2.4979 -0.5707 0.0897 254 216 254
2.4979 -0.5707 0.1497 254 217 254
2.4979 -0.5702 0.2099 254 217 254
2.4979 -0.5704 0.2706 254 217 254
2.4979 -0.5699 0.3310 254 216 254
2.4979 -0.5701 0.3903 254 215 254
2.4979 -0.5700 0.4499 254 213 254
2.4979 -0.5696 0.5100 254 206 254
2.4979 -0.5695 0.5704 254 198 254
2.4979 -0.5695 0.6305 254 189 254
2.4979 -0.5692 0.6897 254 179 254
2.4979 -0.5694 0.7498 254 168 254
2.4980 -0.5718 0.8101 254 156 253
2.4980 -0.5718 0.8701 252 144 251
2.4980 -0.5714 0.9300 248 134 246
2.4980 -0.5713 0.9900 240 125 238
2.4979 -0.5699 1.0483 226 119 227
2.4979 -0.5531 1.0893 221 119 223
2.4976 -0.5688 1.1696 249 135 247
2.4975 -0.5683 1.2302 246 131 244
2.4975 -0.5685 1.2903 243 128 241
2.4975 -0.5699 1.3346 142 98 169
2.4978 -0.5100 0.0464 254 208 254
2.4978 -0.5128 0.0901 254 210 254
2.4978 -0.5128 0.1501 254 211 254
2.4978 -0.5123 0.2102 254 211 254
2.4978 -0.5126 0.2701 254 211 254
2.4978 -0.5122 0.3296 254 211 254
2.4978 -0.5121 0.3894 254 210 254
2.4978 -0.5120 0.4498 254 208 254
2.4978 -0.5118 0.5098 254 205 254
2.4978 -0.5116 0.5697 254 197 254
2.4978 -0.5114 0.6297 254 189 254
2.4978 -0.5115 0.6905 254 179 254
2.4978 -0.5112 0.7505 254 169 254
2.4978 -0.5111 0.8100 254 159 253
2.4978 -0.5110 0.8700 253 149 252
2.4978 -0.5107 0.9300 251 139 249
2.4978 -0.5108 0.9899 246 130 244
2.4978 -0.5109 1.0501 237 124 236
2.4978 -0.5062 1.1037 227 120 228
2.4976 -0.4959 1.1552 236 127 236
2.4975 -0.5079 1.2301 247 130 245
2.4975 -0.5074 1.2899 244 128 242
2.4975 -0.5084 1.3340 146 99 172
2.4977 -0.4499 0.0391 254 202 254
2.4977 -0.4521 0.0898 254 204 254
2.4977 -0.4521 0.1497 254 205 254
2.4977 -0.4515 0.2098 254 205 254
2.4977 -0.4520 0.2696 254 205 254
2.4977 -0.4513 0.3298 254 204 254
2.4977 -0.4518 0.3901 254 204 254
2.4977 -0.4510 0.4501 254 202 254
2.4977 -0.4513 0.5104 254 201 254
2.4977 -0.4511 0.5700 254 195 254
2.4977 -0.4508 0.6297 254 188 254
2.4977 -0.4509 0.6900 254 179 254
2.4977 -0.4506 0.7500 254 170 254
2.4977 -0.4506 0.8099 254 160 253
2.4977 -0.4503 0.8701 253 151 252
2.4977 -0.4501 0.9301 252 142 250
2.4977 -0.4504 0.9897 249 134 246
2.4977 -0.4496 1.0499 243 127 241
2.4977 -0.4502 1.1092 234 123 234
2.4977 -0.4418 1.1554 227 121 228
2.4974 -0.4481 1.2298 247 129 245
2.4974 -0.4481 1.2903 244 127 242
2.4974 -0.4489 1.3347 149 99 175
2.4725 -0.3919 -0.0502 152 82 69
2.4976 -0.3887 0.0901 254 197 254
2.4984 -0.3693 0.1519 255 160 254
2.4984 -0.3697 0.2100 254 156 253
2.4984 -0.3698 0.2706 254 151 253
2.4984 -0.3701 0.3304 253 143 252
2.4984 -0.3703 0.3899 251 133 249
2.4984 -0.3706 0.4502 246 120 244
2.4984 -0.3708 0.5100 234 104 233
2.4984 -0.3709 0.5700 211 87 216
2.4984 -0.3702 0.6312 207 86 213
2.4984 -0.3699 0.6900 208 88 213
2.4984 -0.3701 0.7498 208 90 213
2.4984 -0.3703 0.8097 208 93 213
2.4984 -0.3705 0.8699 209 96 214
2.4983 -0.3689 0.9072 210 100 215
2.4976 -0.3913 0.9898 250 136 248
2.4976 -0.3905 1.0493 246 130 244
2.4976 -0.3903 1.1086 240 125 238
2.4976 -0.3901 1.1682 232 122 231
2.4976 -0.3757 1.2098 228 122 229
2.4973 -0.3907 1.2902 244 126 242
2.4973 -0.3910 1.3344 150 100 176
2.4975 -0.3265 0.0246 254 190 254
2.4983 -0.3204 0.1151 255 168 254
2.4983 -0.3317 0.1502 255 165 254
2.4983 -0.3305 0.2102 255 163 254
2.4983 -0.3307 0.2702 254 158 253
2.4983 -0.3308 0.3301 254 152 253
2.4983 -0.3308 0.3900 253 143 252
2.4983 -0.3312 0.4499 251 133 249
2.4983 -0.3315 0.5100 245 120 243
2.4983 -0.3317 0.5700 232 104 232
2.4983 -0.3308 0.6295 215 90 218
2.4983 -0.3303 0.6897 207 87 213
2.4983 -0.3306 0.7498 208 89 213
2.4983 -0.3309 0.8101 208 91 213
2.4983 -0.3311 0.8701 208 95 214
2.4983 -0.3259 0.9219 209 98 214
2.4975 -0.3340 0.9901 251 137 249
2.4975 -0.3339 1.0508 248 131 245
2.4975 -0.3334 1.1097 243 126 241
2.4975 -0.3333 1.1689 237 123 235
2.4975 -0.3299 1.2239 229 122 229
2.4974 -0.3189 1.2753 235 123 234
2.4972 -0.3302 1.3335 154 101 179
2.4974 -0.2682 0.0173 254 184 254
2.4982 -0.2671 0.1088 254 172 254
2.4982 -0.2712 0.1501 255 171 254
2.4982 -0.2698 0.2098 255 169 254
2.4982 -0.2696 0.2698 255 166 254
2.4982 -0.2700 0.3300 254 161 254
2.4982 -0.2704 0.3903 254 154 253
2.4982 -0.2704 0.4501 253 146 252
2.4982 -0.2707 0.5101 251 136 250
2.4982 -0.2708 0.5700 248 124 245
2.4982 -0.2712 0.6300 239 111 237
2.4982 -0.2713 0.6903 222 96 224
2.4982 -0.2715 0.7502 209 89 214
2.4982 -0.2718 0.8099 208 90 213
2.4982 -0.2721 0.8701 208 93 213
2.4982 -0.2722 0.9301 208 97 214
2.4982 -0.2633 0.9757 209 100 214
2.4974 -0.2719 1.0494 249 132 246
2.4974 -0.2714 1.1083 245 127 243
2.4974 -0.2720 1.1691 240 123 238
2.4974 -0.2711 1.2302 233 121 232
2.4974 -0.2630 1.2776 228 121 228
2.4972 -0.2726 1.3338 155 101 181
2.4973 -0.2097 0.0105 254 179 254
2.4980 -0.2080 0.1013 254 175 254
2.4981 -0.2102 0.1501 254 175 254
2.4981 -0.2104 0.2100 254 173 254
2.4981 -0.2107 0.2704 254 170 254
2.4981 -0.2105 0.3300 254 165 254
2.4981 -0.2112 0.3895 254 160 254
2.4981 -0.2113 0.4498 254 153 253
2.4981 -0.2115 0.5100 253 145 252
2.4981 -0.2117 0.5702 251 135 250
2.4981 -0.2119 0.6302 248 125 246
2.4981 -0.2122 0.6902 241 113 239
2.4981 -0.2123 0.7501 228 101 228
2.4981 -0.2120 0.8104 212 92 216
2.4980 -0.2106 0.8699 208 92 213
2.4980 -0.2108 0.9299 208 94 214
2.4980 -0.2103 0.9892 208 98 214
2.4980 -0.1948 1.0320 209 101 214
2.4973 -0.2085 1.1096 246 128 244
2.4973 -0.2084 1.1687 242 124 240
2.4973 -0.2087 1.2301 237 121 235
2.4973 -0.2081 1.2902 230 120 230
2.4973 -0.1941 1.3315 116 90 152
2.4706 -0.1286 -0.0509 162 86 70
2.4979 -0.1484 0.0937 254 176 254
2.4979 -0.1502 0.1502 254 176 254
2.4979 -0.1503 0.2099 254 174 254
2.4979 -0.1508 0.2696 254 172 254
2.4979 -0.1509 0.3300 254 168 254
2.4979 -0.1509 0.3904 254 163 254
2.4979 -0.1511 0.4501 254 157 253
2.4979 -0.1516 0.5100 254 150 253
2.4979 -0.1516 0.5699 253 142 251
2.4979 -0.1520 0.6300 251 134 249
2.4979 -0.1522 0.6900 247 124 245
2.4979 -0.1524 0.7499 241 114 239
2.4979 -0.1518 0.8095 231 104 230
2.4979 -0.1504 0.8698 216 95 219
2.4979 -0.1505 0.9297 208 93 213
2.4979 -0.1508 0.9899 208 96 214
2.4979 -0.1487 1.0468 209 100 214
2.4978 -0.1320 1.0875 212 104 216
2.4972 -0.1505 1.1698 243 124 241
2.4972 -0.1504 1.2312 239 121 237
2.4972 -0.1507 1.2903 233 120 232
2.4972 -0.1501 1.3335 102 86 142
2.4783 -0.1112 -0.0489 155 83 71
2.4983 -0.0702 0.1148 255 169 254
2.4984 -0.0851 0.1508 255 164 254
2.4984 -0.0857 0.2101 254 160 254
2.4984 -0.0856 0.2703 254 155 253
2.4984 -0.0858 0.3300 253 148 252
2.4984 -0.0858 0.3899 252 137 250
2.4984 -0.0858 0.4502 248 125 246
2.4984 -0.0858 0.5102 238 109 236
2.4984 -0.0859 0.5701 217 91 220
2.4984 -0.0858 0.6302 207 86 213
2.4984 -0.0859 0.6903 207 87 213
2.4984 -0.0859 0.7502 208 89 213
2.4984 -0.0859 0.8101 208 92 213
2.4984 -0.0854 0.8691 208 96 214
2.4983 -0.0722 0.9090 209 98 214
2.4978 -0.0907 0.9899 209 95 214
2.4978 -0.0910 1.0501 208 98 214
2.4978 -0.0858 1.1027 209 101 214
2.4974 -0.0777 1.1546 226 113 228
2.4971 -0.0936 1.2285 240 121 238
2.4971 -0.0939 1.2897 235 119 234
2.4971 -0.0939 1.3340 105 87 145
2.4976 0.0064 0.0433 254 175 254
2.4982 0.0121 0.1073 255 175 254
2.4982 -0.0032 0.1499 255 173 255
2.4982 -0.0030 0.2100 255 171 254
2.4982 -0.0031 0.2699 255 167 254
2.4982 -0.0033 0.3300 254 161 254
2.4982 -0.0032 0.3901 254 154 253
2.4982 -0.0031 0.4501 253 145 252
2.4982 -0.0033 0.5100 251 134 249
2.4982 -0.0032 0.5700 246 122 244
2.4982 -0.0034 0.6300 234 107 234
2.4982 -0.0032 0.6902 220 95 222
2.4982 -0.0034 0.7502 211 90 215
2.4982 -0.0034 0.8100 208 90 213
2.4982 -0.0034 0.8700 208 93 213
2.4982 0.0023 0.9274 208 97 214
2.4981 0.0344 0.9786 209 99 214
2.4976 -0.0034 1.0501 214 98 218
2.4976 -0.0041 1.1097 209 98 214
2.4976 0.0091 1.1643 208 101 214
2.4975 0.0422 1.2132 210 103 214
2.4970 -0.0067 1.2901 237 118 236
2.4970 -0.0081 1.3338 106 88 146
2.4974 0.0931 0.0321 254 172 254
2.4980 0.0911 0.0971 254 178 254
2.4980 0.0893 0.1502 254 177 254
2.4980 0.0895 0.2100 254 176 254
2.4980 0.0893 0.2701 254 173 254
2.4980 0.0896 0.3303 254 168 254
2.4980 0.0891 0.3901 254 163 254
2.4980 0.0894 0.4500 254 156 253
2.4980 0.0892 0.5100 253 149 252
2.4980 0.0894 0.5700 252 140 251
2.4980 0.0890 0.6299 250 130 248
2.4980 0.0892 0.6904 245 119 242
2.4980 0.0891 0.7503 235 107 234
2.4980 0.0890 0.8098 219 96 221
2.4980 0.0893 0.8698 208 92 213
2.4980 0.0890 0.9301 208 94 213
2.4980 0.0891 0.9902 208 98 214
2.4980 0.0999 1.0335 209 100 214
2.4974 0.0873 1.1097 220 102 222
2.4974 0.0868 1.1701 211 100 215
2.4974 0.0923 1.2272 209 102 214
2.4973 0.1067 1.2703 213 105 217
2.4968 0.0886 1.3340 109 89 149
2.4773 0.1556 -0.0520 245 217 193
2.4979 0.1483 0.0906 254 178 254
2.4984 0.1692 0.1532 255 164 254
2.4984 0.1690 0.2100 254 160 254
2.4984 0.1690 0.2703 254 154 253
2.4984 0.1689 0.3306 253 146 252
2.4984 0.1691 0.3904 251 134 249
2.4984 0.1688 0.4501 246 120 244
2.4984 0.1690 0.5100 231 101 230
2.4984 0.1689 0.5699 209 86 214
2.4984 0.1690 0.6300 207 86 213
2.4984 0.1690 0.6899 208 88 213
2.4984 0.1690 0.7498 208 90 213
2.4984 0.1690 0.8101 208 93 214
2.4984 0.1697 0.8632 209 97 214
2.4979 0.1472 0.9300 209 93 214
2.4979 0.1472 0.9900 208 96 214
2.4979 0.1489 1.0484 208 99 214
2.4978 0.1661 1.0902 210 102 214
2.4973 0.1494 1.1704 220 103 222
2.4973 0.1489 1.2303 211 101 216
2.4973 0.1535 1.2831 209 103 214
2.4970 0.1630 1.3266 161 97 183
2.4977 0.2124 0.0503 254 178 254
2.4983 0.2226 0.1150 255 173 254
2.4984 0.2091 0.1501 255 170 254
2.4984 0.2086 0.2099 255 167 254
2.4984 0.2088 0.2700 254 162 254
2.4984 0.2090 0.3301 254 155 253
2.4984 0.2088 0.3899 253 146 252
2.4984 0.2087 0.4499 251 134 249
2.4984 0.2088 0.5099 245 120 243
2.4984 0.2087 0.5701 230 102 230
2.4984 0.2088 0.6300 212 88 216
2.4984 0.2088 0.6901 207 87 213
2.4984 0.2087 0.7502 208 89 213
2.4984 0.2088 0.8103 208 92 213
2.4984 0.2089 0.8700 208 96 214
2.4983 0.2211 0.9122 209 98 214
2.4978 0.2068 0.9899 210 95 215
2.4978 0.2066 1.0498 208 97 214
2.4978 0.2112 1.1038 209 101 214
2.4976 0.2263 1.1491 213 103 217
2.4972 0.2088 1.2297 219 103 221
2.4972 0.2074 1.2900 211 102 216
2.4971 0.2120 1.3320 102 85 143
2.4976 0.2703 0.0432 254 176 254
2.4982 0.2723 0.1096 255 177 254
2.4982 0.2681 0.1500 255 176 254
2.4982 0.2680 0.2101 255 173 254
2.4982 0.2683 0.2698 255 169 254
2.4982 0.2678 0.3296 255 164 254
2.4982 0.2683 0.3900 254 157 253
2.4982 0.2680 0.4501 253 147 252
2.4982 0.2680 0.5100 252 137 250
2.4982 0.2681 0.5700 247 124 245
2.4982 0.2680 0.6301 237 109 236
2.4982 0.2680 0.6899 218 94 221
2.4982 0.2682 0.7498 208 89 213
2.4982 0.2680 0.8102 208 91 213
2.4982 0.2681 0.8703 208 94 213
2.4982 0.2702 0.9276 208 97 214
2.4982 0.2886 0.9687 209 100 214
2.4976 0.2675 1.0498 212 97 216
2.4976 0.2668 1.1093 208 99 214
2.4976 0.2737 1.1581 209 102 214
2.4970 0.2678 1.2302 224 105 225
2.4970 0.2669 1.2901 218 104 220
2.4970 0.2670 1.3344 98 84 141
2.4975 0.3295 0.0356 254 175 254
2.4981 0.3299 0.1022 255 179 254
2.4981 0.3281 0.1500 255 179 254
2.4981 0.3280 0.2099 255 177 254
2.4981 0.3279 0.2703 255 173 254
2.4981 0.3279 0.3306 255 169 254
2.4981 0.3282 0.3900 254 163 254
2.4981 0.3279 0.4500 254 155 253
2.4981 0.3281 0.5101 253 147 252
2.4981 0.3279 0.5701 252 136 250
2.4981 0.3279 0.6300 248 125 246
2.4981 0.3281 0.6900 240 112 238
2.4981 0.3279 0.7499 224 99 225
2.4981 0.3280 0.8103 210 91 214
2.4981 0.3280 0.8704 208 92 213
2.4981 0.3280 0.9301 208 96 214
2.4981 0.3325 0.9838 209 99 214
2.4978 0.3412 1.0367 216 102 219
2.4975 0.3275 1.1104 212 99 216
2.4975 0.3275 1.1699 208 100 214
2.4975 0.3382 1.2136 209 102 214
2.4969 0.3264 1.2891 223 105 224
2.4969 0.3263 1.3339 98 84 141
2.4717 0.4095 -0.0509 247 221 200
2.4980 0.3885 0.0948 254 180 254
2.4980 0.3868 0.1501 254 180 254
2.4980 0.3870 0.2100 254 178 254
2.4980 0.3869 0.2698 254 175 254
2.4980 0.3872 0.3297 254 171 254
2.4980 0.3867 0.3898 254 166 254
2.4980 0.3869 0.4499 254 160 253
2.4980 0.3870 0.5100 254 152 253
2.4980 0.3870 0.5699 253 144 252
2.4980 0.3869 0.6300 251 134 249
2.4980 0.3870 0.6903 247 124 245
2.4980 0.3868 0.7504 240 113 238
2.4980 0.3870 0.8104 227 102 227
2.4980 0.3869 0.8702 212 93 216
2.4980 0.3868 0.9298 208 94 213
2.4980 0.3871 0.9900 208 97 214
2.4980 0.3946 1.0376 209 100 214
2.4974 0.3902 1.1102 222 103 224
2.4974 0.3899 1.1706 213 100 217
2.4974 0.3913 1.2280 208 101 214
2.4973 0.4091 1.2710 210 103 214
2.4968 0.3856 1.3343 96 84 141
2.4840 0.4370 -0.0512 247 220 202
2.4979 0.4483 0.0898 254 180 254
2.4984 0.4527 0.1531 255 168 254
2.4984 0.4515 0.2101 255 165 254
2.4984 0.4517 0.2701 254 159 253
2.4984 0.4513 0.3302 254 151 253
2.4984 0.4515 0.3900 252 140 251
2.4984 0.4515 0.4500 248 126 246
2.4984 0.4516 0.5100 236 107 235
2.4984 0.4516 0.5701 215 90 219
2.4984 0.4515 0.6301 207 86 213
2.4984 0.4517 0.6900 207 88 213
2.4984 0.4514 0.7500 208 90 213
2.4984 0.4515 0.8100 208 93 213
2.4984 0.4555 0.8639 208 97 214
2.4983 0.4702 0.9092 210 98 215
2.4979 0.4486 0.9901 208 95 213
2.4979 0.4487 1.0501 208 99 214
2.4978 0.4619 1.0938 209 101 214
2.4973 0.4506 1.1702 222 103 223
2.4973 0.4506 1.2303 213 102 217
2.4973 0.4538 1.2857 209 102 214
2.4969 0.4613 1.3291 153 95 178
2.4977 0.5117 0.0477 254 179 254
2.4983 0.5184 0.1139 255 177 254
2.4983 0.5096 0.1500 255 176 255
2.4983 0.5095 0.2101 255 173 255
2.4983 0.5094 0.2699 255 169 254
2.4983 0.5099 0.3300 254 162 254
2.4983 0.5093 0.3902 254 154 253
2.4983 0.5096 0.4500 253 143 252
2.4983 0.5095 0.5100 250 131 248
2.4983 0.5096 0.5700 242 115 240
2.4983 0.5096 0.6301 225 98 226
2.4983 0.5095 0.6901 209 88 214
2.4983 0.5096 0.7501 208 89 213
2.4983 0.5096 0.8102 208 92 213
2.4983 0.5096 0.8700 208 95 214
2.4983 0.5174 0.9175 209 98 214
2.4977 0.5086 0.9901 216 98 219
2.4977 0.5080 1.0505 208 97 214
2.4977 0.5103 1.1084 208 100 214
2.4976 0.5259 1.1496 210 103 215
2.4971 0.5068 1.2306 220 104 222
2.4971 0.5074 1.2895 213 103 217
2.4971 0.5097 1.3325 97 84 140
2.4976 0.5711 0.0401 254 177 254
2.4982 0.5717 0.1074 255 181 254
2.4982 0.5691 0.1500 255 180 254
2.4982 0.5690 0.2100 255 178 254
2.4982 0.5692 0.2701 255 174 254
2.4982 0.5689 0.3298 255 169 254
2.4982 0.5688 0.3897 254 162 254
2.4982 0.5689 0.4499 254 154 253
2.4982 0.5690 0.5101 253 144 252
2.4982 0.5691 0.5701 250 132 248
2.4982 0.5690 0.6300 245 119 242
2.4982 0.5689 0.6900 231 104 231
2.4982 0.5691 0.7500 213 91 217
2.4982 0.5691 0.8100 208 90 213
2.4982 0.5688 0.8700 208 93 213
2.4982 0.5694 0.9296 208 97 214
2.4982 0.5818 0.9720 209 100 214
2.4976 0.5683 1.0500 216 99 219
2.4976 0.5683 1.1101 209 98 214
2.4976 0.5744 1.1643 208 101 214
2.4973 0.5832 1.2172 217 104 220
2.4970 0.5693 1.2904 219 104 221
2.4970 0.5689 1.3342 98 84 141
2.4974 0.6297 0.0331 254 175 254
2.4981 0.6304 0.0999 254 182 254
2.4981 0.6283 0.1501 254 182 254
2.4981 0.6283 0.2101 254 180 254
2.4981 0.6282 0.2702 254 177 254
2.4981 0.6282 0.3302 254 172 254
2.4981 0.6285 0.3900 254 167 254
2.4981 0.6285 0.4501 254 160 253
2.4981 0.6283 0.5102 254 151 253
2.4981 0.6284 0.5700 253 142 251
2.4981 0.6284 0.6300 250 131 248
2.4981 0.6284 0.6901 245 119 242
2.4981 0.6283 0.7500 234 107 233
2.4981 0.6283 0.8099 217 95 219
2.4981 0.6285 0.8700 208 92 213
2.4981 0.6284 0.9300 208 95 213
2.4981 0.6307 0.9875 208 99 214
2.4980 0.6495 1.0291 210 101 214
2.4975 0.6284 1.1092 217 101 220
2.4975 0.6284 1.1696 209 100 214
2.4975 0.6336 1.2175 209 102 214
2.4969 0.6311 1.2897 224 105 225
2.4969 0.6306 1.3339 94 84 139
2.4976 0.7013 0.0429 254 177 254
2.4979 0.6896 0.0924 254 182 254
2.4979 0.6883 0.1499 254 182 254
2.4979 0.6883 0.2099 254 181 254
2.4979 0.6881 0.2694 254 178 254
2.4979 0.6886 0.3298 254 174 254
2.4979 0.6881 0.3903 254 169 254
2.4979 0.6883 0.4499 254 163 254
2.4979 0.6884 0.5100 254 156 253
2.4979 0.6883 0.5702 253 148 252
2.4979 0.6884 0.6301 252 138 250
2.4979 0.6882 0.6901 249 129 247
2.4979 0.6885 0.7498 244 118 242
2.4979 0.6883 0.8098 235 108 234
2.4979 0.6883 0.8699 220 98 222
2.4979 0.6886 0.9301 209 94 214
2.4979 0.6885 0.9900 208 97 214
2.4979 0.6928 1.0431 209 100 214
2.4976 0.7008 1.0957 217 103 220
2.4974 0.6856 1.1707 216 101 219
2.4974 0.6859 1.2298 209 101 214
2.4973 0.7002 1.2731 209 103 214
2.4967 0.6914 1.3345 96 85 141
2.4978 0.7545 0.0525 254 181 254
2.4978 0.7475 0.0901 254 182 254
2.4978 0.7477 0.1499 254 181 254
2.4978 0.7475 0.2100 254 180 254
2.4978 0.7480 0.2704 254 177 254
2.4978 0.7471 0.3300 254 174 254
2.4978 0.7479 0.3899 254 170 254
2.4978 0.7474 0.4503 254 164 254
2.4978 0.7476 0.5102 254 158 253
2.4978 0.7477 0.5703 253 151 253
2.4978 0.7476 0.6302 253 143 251
2.4978 0.7477 0.6900 251 135 249
2.4978 0.7476 0.7499 248 126 246
2.4978 0.7474 0.8100 243 117 240
2.4978 0.7478 0.8701 234 108 233
2.4978 0.7476 0.9298 221 100 223
2.4978 0.7479 0.9897 209 96 214
2.4978 0.7475 1.0496 208 98 214
2.4978 0.7554 1.0967 209 101 214
2.4972 0.7490 1.1691 224 105 225
2.4972 0.7487 1.2296 216 103 219
2.4972 0.7511 1.2875 210 102 215
2.4971 0.7693 1.3292 100 85 142
2.4977 0.8108 0.0457 254 180 254
2.4977 0.8078 0.0900 254 180 254
2.4977 0.8078 0.1501 254 180 254
2.4977 0.8077 0.2100 254 179 254
2.4977 0.8076 0.2704 254 176 254
2.4977 0.8080 0.3308 254 173 254
2.4977 0.8076 0.3901 254 169 254
2.4977 0.8075 0.4497 254 165 254
2.4977 0.8079 0.5101 254 159 253
2.4977 0.8078 0.5700 253 153 253
2.4977 0.8078 0.6299 253 146 252
2.4977 0.8076 0.6900 252 138 250
2.4977 0.8081 0.7499 250 131 248
2.4977 0.8076 0.8097 246 123 244
2.4977 0.8079 0.8699 241 115 239
2.4977 0.8078 0.9300 233 108 232
2.4977 0.8074 0.9896 222 101 223
2.4977 0.8081 1.0492 210 97 215
2.4977 0.8083 1.1089 208 100 214
2.4977 0.8211 1.1521 209 102 214
2.4971 0.8134 1.2297 223 105 224
2.4971 0.8132 1.2897 216 103 219
2.4971 0.8128 1.3337 91 83 136
2.4975 0.8696 0.0379 254 178 254
2.4976 0.8677 0.0897 254 178 254
2.4976 0.8676 0.1501 254 178 254
2.4976 0.8678 0.2102 254 177 254
2.4976 0.8675 0.2699 254 175 254
2.4976 0.8675 0.3295 254 172 254
2.4976 0.8679 0.3895 254 168 254
2.4976 0.8677 0.4499 254 164 254
2.4976 0.8678 0.5097 254 159 253
2.4976 0.8678 0.5698 254 153 253
2.4976 0.8677 0.6301 253 147 252
2.4976 0.8677 0.6899 252 141 251
2.4976 0.8676 0.7497 251 134 249
2.4976 0.8677 0.8101 248 127 246
2.4976 0.8678 0.8705 244 120 242
2.4976 0.8678 0.9302 239 113 237
2.4976 0.8674 0.9903 231 107 231
2.4976 0.8680 1.0498 221 102 223
2.4976 0.8675 1.1096 211 99 216
2.4976 0.8704 1.1676 208 101 214
2.4975 0.8878 1.2100 211 103 215
2.4970 0.8730 1.2903 221 105 223
2.4970 0.8734 1.3345 93 84 138
2.4974 0.9319 0.0307 254 175 254
2.4974 0.9305 0.0904 254 176 254
2.4974 0.9299 0.1498 254 175 254
2.4974 0.9307 0.2100 254 174 254
2.4974 0.9299 0.2694 254 172 254
2.4974 0.9306 0.3292 254 170 254
2.4974 0.9301 0.3900 254 167 254
2.4974 0.9304 0.4501 254 163 253
2.4974 0.9301 0.5099 254 158 253
2.4974 0.9306 0.5696 253 153 253
2.4974 0.9303 0.6298 253 148 252
2.4974 0.9304 0.6902 253 142 251
2.4974 0.9302 0.7503 251 135 250
2.4974 0.9301 0.8101 249 129 247
2.4974 0.9307 0.8699 247 123 244
2.4974 0.9301 0.9297 243 117 240
2.4974 0.9308 0.9898 237 112 235
2.4974 0.9299 1.0492 230 107 230
2.4974 0.9307 1.1094 221 103 223
2.4974 0.9300 1.1698 212 101 216
2.4974 0.9360 1.2239 208 102 214
2.4971 0.9461 1.2775 217 105 219
2.4968 0.9316 1.3346 89 84 136
2.4973 0.9918 0.0228 254 171 254
2.4973 0.9909 0.0903 254 172 254
2.4973 0.9907 0.1502 254 172 254
2.4973 0.9911 0.2097 254 171 254
2.4973 0.9913 0.2697 254 170 254
2.4973 0.9905 0.3308 254 167 254
2.4973 0.9911 0.3913 254 164 254
2.4973 0.9908 0.4508 254 161 253
2.4973 0.9905 0.5103 254 157 253
2.4973 0.9910 0.5698 253 152 253
2.4973 0.9908 0.6298 253 147 252
2.4973 0.9909 0.6897 253 142 251
2.4973 0.9912 0.7496 252 136 250
2.4973 0.9908 0.8096 250 131 248
2.4973 0.9911 0.8695 248 125 245
2.4973 0.9906 0.9299 244 120 242
2.4973 0.9911 0.9898 240 115 238
2.4973 0.9911 1.0489 235 110 234
2.4973 0.9906 1.1093 228 106 228
2.4973 0.9912 1.1701 220 103 222
2.4973 0.9911 1.2296 212 102 216
2.4973 0.9966 1.2773 208 103 214
2.4967 0.9896 1.3343 93 85 140
2.4972 1.0487 0.0153 254 166 254
2.4972 1.0478 0.0899 254 167 254
2.4972 1.0480 0.1501 254 167 254
2.4972 1.0475 0.2103 254 168 254
2.4972 1.0481 0.2710 254 167 254
2.4972 1.0481 0.3299 254 165 254
2.4972 1.0481 0.3888 254 162 253
2.4972 1.0475 0.4495 254 159 253
2.4972 1.0480 0.5097 254 155 253
2.4972 1.0478 0.5700 253 151 253
2.4972 1.0479 0.6302 253 147 252
2.4972 1.0479 0.6900 252 142 251
2.4972 1.0479 0.7498 252 137 250
2.4972 1.0478 0.8101 250 131 248
2.4972 1.0481 0.8703 248 126 246
2.4972 1.0475 0.9306 246 121 243
2.4972 1.0488 0.9904 242 117 240
2.4972 1.0475 1.0492 238 112 236
2.4972 1.0482 1.1090 232 109 231
2.4972 1.0478 1.1702 226 106 226
2.4972 1.0479 1.2304 219 104 221
2.4972 1.0483 1.2898 212 103 216
2.4971 1.0609 1.3307 96 84 139
2.4970 1.1109 0.0071 254 162 251
2.4971 1.1102 0.0899 254 162 253
2.4971 1.1098 0.1500 254 162 253
2.4971 1.1103 0.2101 254 162 253
2.4971 1.1096 0.2706 254 162 253
2.4971 1.1103 0.3303 254 162 253
2.4971 1.1098 0.3895 254 160 253
2.4971 1.1099 0.4495 254 157 253
2.4971 1.1104 0.5097 253 153 253
2.4971 1.1096 0.5697 253 150 252
2.4971 1.1105 0.6298 253 145 252
2.4971 1.1098 0.6899 252 141 251
2.4971 1.1100 0.7501 252 136 250
2.4971 1.1100 0.8101 250 132 248
2.4971 1.1102 0.8702 249 127 246
2.4971 1.1100 0.9298 246 123 244
2.4971 1.1099 0.9894 243 118 241
2.4971 1.1103 1.0486 240 114 238
2.4971 1.1097 1.1092 235 111 234
2.4971 1.1106 1.1702 230 108 230
2.4971 1.1099 1.2298 224 105 225
2.4971 1.1105 1.2899 218 104 221
2.4970 1.1094 1.3344 86 82 133
2.4937 1.1721 -0.0059 251 168 237
2.4969 1.1723 0.0895 254 157 253
2.4969 1.1723 0.1501 254 157 253
2.4969 1.1716 0.2095 254 157 253
2.4969 1.1724 0.2695 254 157 253
2.4969 1.1723 0.3307 254 157 253
2.4969 1.1716 0.3907 254 157 253
2.4969 1.1723 0.4501 254 154 253
2.4969 1.1726 0.5101 253 151 253
2.4969 1.1719 0.5701 253 148 252
2.4969 1.1721 0.6301 253 144 252
2.4969 1.1724 0.6907 252 140 251
2.4969 1.1719 0.7507 251 136 250
2.4969 1.1724 0.8107 250 131 248
2.4969 1.1717 0.8707 249 127 246
2.4969 1.1728 0.9301 247 123 244
2.4969 1.1724 0.9907 244 119 242
2.4969 1.1719 1.0494 241 115 239
2.4969 1.1724 1.1083 237 112 236
2.4969 1.1724 1.1695 233 109 232
2.4969 1.1719 1.2301 228 107 228
2.4969 1.1722 1.2901 223 105 224
2.4969 1.1713 1.3342 93 84 138
2.4949 1.2340 -0.0018 251 160 239
2.4968 1.2338 0.0900 253 152 253
2.4968 1.2341 0.1493 253 153 253
2.4968 1.2335 0.2105 253 153 253
2.4968 1.2341 0.2705 253 153 253
2.4968 1.2333 0.3299 253 153 253
2.4968 1.2349 0.3904 253 152 253
2.4968 1.2333 0.4504 253 152 253
2.4968 1.2341 0.5097 253 149 252
2.4968 1.2336 0.5697 253 146 252
2.4968 1.2346 0.6303 253 142 251
2.4968 1.2304 0.6878 252 139 251
2.4968 1.2276 0.7495 251 135 249
2.4968 1.2280 0.8098 250 131 248
2.4968 1.2272 0.8694 249 127 247
2.4968 1.2285 0.9297 247 123 245
2.4968 1.2272 0.9900 245 119 242
2.4968 1.2278 1.0488 242 116 240
2.4968 1.2278 1.1091 238 113 237
2.4968 1.2273 1.1703 235 110 233
2.4968 1.2278 1.2298 230 108 230
2.4968 1.2278 1.2902 226 106 226
2.4968 1.2276 1.3339 86 83 134
2.4943 1.2932 -0.0029 250 158 237
2.4967 1.2935 0.0903 253 148 252
2.4967 1.2941 0.1492 253 149 252
2.4967 1.2941 0.2088 253 149 252
2.4967 1.2941 0.2685 253 149 252
2.4967 1.2941 0.3282 253 149 252
2.4967 1.2936 0.3886 253 149 252
2.4967 1.2939 0.4499 253 148 252
2.4967 1.2941 0.5104 253 147 252
2.4967 1.2941 0.5700 253 144 251
2.4967 1.2941 0.6297 252 141 251
2.4967 1.2901 0.6911 252 137 250
2.4967 1.2872 0.7498 251 134 249
2.4967 1.2875 0.8099 250 130 248
2.4967 1.2869 0.8699 249 127 246
2.4967 1.2874 0.9300 247 123 244
2.4967 1.2875 0.9894 245 120 242
2.4967 1.2869 1.0482 242 116 240
2.4967 1.2866 1.1089 239 113 237
2.4967 1.2875 1.1702 236 111 234
2.4967 1.2875 1.2296 232 108 231
2.4967 1.2875 1.2890 228 107 228
2.4967 1.2872 1.3333 102 87 147
2.4940 1.3507 -0.0034 250 158 238
2.4966 1.3514 0.0906 253 144 252
2.4966 1.3509 0.1506 253 145 252
2.4966 1.3522 0.2108 253 145 252
2.4966 1.3509 0.2691 253 145 252
2.4966 1.3516 0.3284 253 145 252
2.4966 1.3516 0.3902 253 145 252
2.4966 1.3507 0.4503 253 144 252
2.4966 1.3518 0.5095 253 144 252
2.4966 1.3516 0.5704 252 142 251
2.4966 1.3516 0.6305 252 139 250
2.4966 1.3514 0.6897 251 136 250
2.4966 1.3510 0.7498 251 133 249
2.4966 1.3518 0.8099 250 129 248
2.4966 1.3514 0.8700 248 126 246
2.4966 1.3510 0.9301 247 123 244
2.4966 1.3516 0.9910 245 120 242
2.4966 1.3516 1.0494 242 117 240
2.4966 1.3516 1.1079 240 114 238
2.4966 1.3516 1.1696 237 111 235
2.4966 1.3510 1.2305 233 109 232
2.4966 1.3514 1.2906 230 107 229
2.4965 1.3518 1.3344 97 88 144
2.4937 1.4124 -0.0039 249 154 237
2.4964 1.4133 0.0900 252 141 251
2.4964 1.4133 0.1505 252 141 251
2.4964 1.4126 0.2102 252 141 251
2.4964 1.4140 0.2691 252 141 251
2.4964 1.4126 0.3295 252 141 251
2.4964 1.4126 0.3901 252 141 251
2.4964 1.4133 0.4497 252 141 251
2.4964 1.4133 0.5103 252 140 251
2.4964 1.4131 0.5699 252 139 251
2.4964 1.4128 0.6296 252 137 250
2.4964 1.4138 0.6902 251 134 249
2.4964 1.4129 0.7507 250 131 248
2.4964 1.4131 0.8104 249 128 247
2.4964 1.4133 0.8700 248 125 246
2.4964 1.4133 0.9305 246 122 244
2.4964 1.4127 0.9901 245 119 242
2.4964 1.4133 1.0482 243 116 240
2.4964 1.4133 1.1088 240 114 238
2.4964 1.4127 1.1701 237 111 236
2.4964 1.4133 1.2298 234 109 233
2.4964 1.4134 1.2903 231 108 231
2.4964 1.4136 1.3348 89 87 139
2.4927 1.4716 -0.0061 243 147 226
2.4963 1.4710 0.0895 252 137 250
2.4963 1.4710 0.1485 252 137 250
2.4963 1.4717 0.2087 252 138 250
2.4963 1.4704 0.2711 252 138 250
2.4963 1.4710 0.3324 252 138 250
2.4963 1.4710 0.3914 252 137 250
2.4963 1.4711 0.4504 252 137 250
2.4963 1.4711 0.5093 252 137 250
2.4963 1.4704 0.5694 251 136 250
2.4963 1.4711 0.6296 251 135 249
2.4963 1.4711 0.6897 251 132 249
2.4963 1.4711 0.7498 250 130 248
2.4963 1.4704 0.8100 249 127 247
2.4963 1.4711 0.8702 248 124 245
2.4963 1.4711 0.9292 246 122 244
2.4963 1.4711 0.9882 244 119 242
2.4963 1.4711 1.0471 242 116 240
2.4963 1.4711 1.1096 240 114 238
2.4963 1.4711 1.1721 238 111 236
2.4963 1.4711 1.2311 235 109 234
2.4963 1.4711 1.2900 232 108 231
2.4963 1.4711 1.3341 96 88 144
2.4941 1.5242 -0.0015 231 125 220
2.4962 1.5241 0.0902 251 134 250
2.4962 1.5241 0.1508 251 134 250
2.4962 1.5241 0.2114 251 135 250
2.4962 1.5241 0.2721 251 135 250
2.4962 1.5241 0.3328 251 135 250
2.4962 1.5234 0.3911 251 135 249
2.4962 1.5241 0.4493 251 134 249
2.4962 1.5241 0.5099 251 134 249
2.4962 1.5241 0.5705 251 134 249
2.4962 1.5242 0.6312 251 133 249
2.4962 1.5241 0.6918 250 131 248
2.4962 1.5234 0.7512 249 129 247
2.4962 1.5242 0.8106 248 126 246
2.4962 1.5242 0.8713 247 123 245
2.4962 1.5241 0.9319 246 121 243
2.4962 1.5242 0.9926 244 118 242
2.4962 1.5242 1.0533 242 116 240
2.4962 1.5242 1.1104 240 113 238
2.4962 1.5241 1.1673 238 111 236
2.4962 1.5242 1.2279 235 109 234
2.4962 1.5242 1.2886 233 108 232
2.4962 1.5242 1.3340 110 90 153
2.4940 1.5890 -0.0026 229 122 219
2.4961 1.5898 0.0896 251 131 249
2.4961 1.5901 0.1496 251 131 249
2.4961 1.5886 0.2095 251 132 249
2.4961 1.5898 0.2704 251 132 249
2.4961 1.5898 0.3294 251 132 249
2.4961 1.5898 0.3883 251 132 249
2.4961 1.5889 0.4501 250 131 249
2.4961 1.5899 0.5101 250 131 248
2.4961 1.5898 0.5691 250 131 248
2.4961 1.5895 0.6289 250 130 248
2.4961 1.5892 0.6889 250 129 248
2.4961 1.5899 0.7497 249 127 247
2.4961 1.5886 0.8106 248 125 246
2.4961 1.5911 0.8695 247 122 244
2.4961 1.5886 0.9286 245 120 243
2.4961 1.5899 0.9895 244 118 241
2.4961 1.5899 1.0522 242 115 240
2.4961 1.5899 1.1112 240 113 238
2.4961 1.5899 1.1701 238 111 236
2.4961 1.5886 1.2311 235 109 234
2.4961 1.5902 1.2910 233 108 232
2.4960 1.5900 1.3353 92 88 143
2.4937 1.6491 -0.0038 222 111 212
2.4959 1.6495 0.0904 250 128 247
2.4959 1.6495 0.1511 250 128 248
2.4959 1.6501 0.2101 250 128 248
2.4959 1.6488 0.2707 250 128 248
2.4959 1.6495 0.3297 250 128 248
2.4959 1.6495 0.3904 250 128 247
2.4959 1.6495 0.4512 249 128 247
2.4959 1.6489 0.5101 249 128 247
2.4959 1.6501 0.5707 249 127 247
2.4959 1.6495 0.6296 249 127 247
2.4959 1.6488 0.6885 249 127 247
2.4959 1.6502 0.7493 248 125 246
2.4959 1.6488 0.8100 247 123 245
2.4959 1.6496 0.8689 246 121 244
2.4959 1.6495 0.9297 245 119 242
2.4959 1.6495 0.9903 243 117 241
2.4959 1.6496 1.0511 242 115 239
2.4959 1.6495 1.1119 240 113 238
2.4959 1.6495 1.1688 238 111 236
2.4959 1.6496 1.2296 236 109 234
2.4959 1.6495 1.2904 233 108 232
2.4959 1.6493 1.3351 108 91 154
2.4929 1.7043 -0.0055 207 100 201
2.4958 1.7040 0.0896 243 115 239
2.4958 1.7031 0.1506 248 124 245
2.4958 1.7021 0.2117 249 126 247
2.4958 1.7030 0.2714 249 126 247
2.4958 1.7030 0.3299 249 126 247
2.4958 1.7030 0.3883 249 126 247
2.4958 1.7022 0.4493 249 126 247
2.4958 1.7030 0.5102 249 126 246
2.4958 1.7041 0.5700 249 126 246
2.4958 1.7021 0.6310 248 125 246
2.4958 1.7030 0.6907 248 125 246
2.4958 1.7031 0.7505 248 124 245
2.4958 1.7031 0.8102 247 122 244
2.4958 1.7021 0.8698 246 120 243
2.4958 1.7031 0.9296 244 118 242
2.4958 1.7031 0.9880 243 116 241
2.4958 1.7031 1.0504 241 114 239
2.4958 1.7031 1.1127 239 112 237
2.4958 1.7031 1.1711 237 110 236
2.4958 1.7031 1.2296 235 109 234
2.4958 1.7022 1.2892 233 107 232
2.4958 1.7047 1.3349 100 90 149
2.4940 1.7715 -0.0010 214 100 208
2.4957 1.7710 0.0890 238 105 231
2.4957 1.7711 0.1493 238 106 232
2.4957 1.7711 0.2095 242 114 238
2.4957 1.7711 0.2697 247 121 244
2.4957 1.7711 0.3299 248 123 246
2.4957 1.7710 0.3903 248 123 246
2.4957 1.7711 0.4507 248 123 245
2.4957 1.7711 0.5110 248 123 245
2.4957 1.7700 0.5699 247 123 245
2.4957 1.7710 0.6288 247 123 245
2.4957 1.7711 0.6891 247 122 245
2.4957 1.7711 0.7493 247 122 244
2.4957 1.7711 0.8095 246 121 244
2.4957 1.7711 0.8698 245 119 243
2.4957 1.7710 0.9302 244 117 241
2.4957 1.7701 0.9918 242 115 240
2.4957 1.7711 1.0534 241 113 239
2.4957 1.7700 1.1124 239 112 237
2.4957 1.7711 1.1711 237 110 236
2.4957 1.7711 1.2300 235 108 234
2.4957 1.7711 1.2890 233 107 232
2.4956 1.7710 1.3337 102 91 151
2.4930 1.8307 -0.0032 205 96 199
2.4955 1.8311 0.0907 234 102 228
2.4955 1.8319 0.1506 235 102 228
2.4955 1.8302 0.2083 235 102 228
2.4955 1.8311 0.2682 235 103 228
2.4955 1.8311 0.3301 243 115 239
2.4955 1.8311 0.3920 247 121 244
2.4955 1.8310 0.4498 247 120 244
2.4955 1.8311 0.5076 246 120 244
2.4955 1.8311 0.5695 246 120 244
2.4955 1.8302 0.6294 246 120 244
2.4955 1.8311 0.6892 246 120 243
2.4955 1.8311 0.7511 245 120 243
2.4955 1.8320 0.8110 245 119 243
2.4955 1.8302 0.8687 244 118 242
2.4955 1.8311 0.9286 243 116 241
2.4955 1.8311 0.9905 242 114 239
2.4955 1.8311 1.0524 240 113 238
2.4955 1.8311 1.1102 238 111 237
2.4955 1.8311 1.1680 237 109 235
2.4955 1.8311 1.2299 235 108 234
2.4955 1.8311 1.2918 233 107 232
2.4955 1.8308 1.3361 79 89 137
2.4929 1.8815 -0.0017 204 94 198
2.4954 1.8817 0.0902 232 100 226
2.4954 1.8818 0.1493 232 100 226
2.4954 1.8828 0.2105 232 100 226
2.4954 1.8808 0.2690 232 100 226
2.4954 1.8818 0.3303 232 100 226
2.4954 1.8818 0.3894 236 106 231
2.4954 1.8818 0.4486 245 118 242
2.4954 1.8809 0.5099 246 119 243
2.4954 1.8827 0.5689 245 118 243
2.4954 1.8817 0.6301 245 118 243
2.4954 1.8809 0.6912 245 118 243
2.4954 1.8827 0.7503 245 118 242
2.4954 1.8810 0.8092 244 118 242
2.4954 1.8818 0.8704 244 117 241
2.4954 1.8817 0.9293 242 115 240
2.4954 1.8818 0.9883 241 114 239
2.4954 1.8818 1.0517 240 112 238
2.4954 1.8818 1.1108 238 110 236
2.4954 1.8818 1.1700 236 109 235
2.4954 1.8809 1.2313 235 108 233
2.4954 1.8827 1.2901 233 106 232
2.4954 1.8817 1.3335 121 94 164
2.4934 1.9477 -0.0006 204 93 200
2.4953 1.9474 0.0906 229 97 223
2.4953 1.9502 0.1500 229 97 223
2.4953 1.9475 0.2107 230 97 223
2.4953 1.9488 0.2700 229 98 223
2.4953 1.9489 0.3307 229 98 223
2.4953 1.9488 0.3915 229 97 223
2.4953 1.9474 0.4494 230 99 224
2.4953 1.9502 0.5099 235 106 231
2.4953 1.9475 0.5708 242 115 240
2.4953 1.9488 0.6300 244 117 242
2.4953 1.9489 0.6908 244 116 242
2.4953 1.9489 0.7516 244 116 241
2.4953 1.9474 0.8107 243 116 241
2.4953 1.9503 0.8701 243 116 241
2.4953 1.9476 0.9309 242 114 240
2.4953 1.9490 0.9902 240 113 238
2.4953 1.9488 1.0509 239 111 237
2.4953 1.9489 1.1117 238 110 236
2.4953 1.9475 1.1697 236 108 235
2.4953 1.9502 1.2302 234 107 233
2.4953 1.9475 1.2909 233 106 232
2.4953 1.9488 1.3347 109 92 156
2.4925 2.0164 -0.0026 204 95 194
2.4951 2.0195 0.0899 225 94 219
2.4951 2.0185 0.1500 226 94 219
2.4951 2.0195 0.2103 225 94 219
2.4951 2.0197 0.2686 225 94 219
2.4951 2.0184 0.3289 226 94 219
2.4951 2.0206 0.3913 225 94 219
2.4951 2.0195 0.4517 225 94 219
2.4951 2.0196 0.5097 225 94 218
2.4951 2.0185 0.5700 224 94 218
2.4951 2.0196 0.6302 233 104 229
2.4951 2.0205 0.6906 242 114 240
2.4951 2.0197 0.7508 242 114 240
2.4951 2.0184 0.8110 242 114 240
2.4951 2.0197 0.8713 242 114 239
2.4951 2.0195 0.9293 241 113 239
2.4951 2.0196 0.9875 240 112 238
2.4951 2.0196 1.0500 238 110 237
2.4951 2.0196 1.1124 237 109 235
2.4951 2.0196 1.1704 235 108 234
2.4951 2.0196 1.2285 234 107 233
2.4951 2.0185 1.2889 232 105 231
2.4951 2.0195 1.3345 100 92 151
2.4921 2.0755 -0.0038 207 100 195
2.4950 2.0794 0.0889 222 91 216
2.4950 2.0794 0.1484 222 92 216
2.4950 2.0794 0.2079 222 92 216
2.4950 2.0794 0.2674 222 92 216
2.4950 2.0794 0.3269 222 92 216
2.4950 2.0784 0.3884 222 92 216
2.4950 2.0795 0.4500 222 92 216
2.4950 2.0795 0.5094 222 92 215
2.4950 2.0795 0.5690 221 91 215
2.4950 2.0795 0.6284 221 91 215
2.4950 2.0795 0.6879 222 93 216
2.4950 2.0806 0.7498 235 106 232
2.4950 2.0795 0.8112 241 113 239
2.4950 2.0795 0.8706 240 112 238
2.4950 2.0795 0.9301 240 112 238
2.4950 2.0785 0.9918 239 111 237
2.4950 2.0795 1.0536 238 109 236
2.4950 2.0795 1.1131 236 108 235
2.4950 2.0795 1.1726 235 107 234
2.4950 2.0795 1.2321 233 106 232
2.4950 2.0795 1.2916 232 105 231
2.4949 2.0788 1.3361 101 93 153
2.4899 2.1241 -0.0069 196 99 183
2.4949 2.1278 0.0934 218 89 213
2.4948 2.1273 0.1498 219 89 212
2.4949 2.1275 0.2059 219 89 213
2.4949 2.1275 0.2667 219 89 213
2.4949 2.1276 0.3274 219 89 213
2.4949 2.1276 0.3873 218 89 213
2.4949 2.1273 0.4478 218 89 213
2.4949 2.1278 0.5085 218 89 212
2.4949 2.1276 0.5690 218 89 212
2.4949 2.1273 0.6293 217 89 212
2.4949 2.1278 0.6900 217 89 211
2.4949 2.1276 0.7504 216 88 211
2.4949 2.1273 0.8108 227 99 224
2.4949 2.1276 0.8712 238 110 237
2.4949 2.1276 0.9319 239 111 237
2.4949 2.1276 0.9927 238 110 236
2.4949 2.1276 1.0527 237 109 235
2.4949 2.1276 1.1135 236 108 234
2.4949 2.1276 1.1742 234 106 233
2.4948 2.1276 1.2299 233 105 232
2.4949 2.1274 1.2859 232 105 231
2.4948 2.1286 1.3316 121 96 166
2.4929 2.1771 -0.0023 201 93 192
2.4948 2.1775 0.0898 217 88 211
2.4948 2.1775 0.1512 217 88 211
2.4948 2.1776 0.2128 217 88 211
2.4948 2.1777 0.2700 217 88 211
2.4948 2.1776 0.3270 217 88 211
2.4948 2.1776 0.3885 217 88 211
2.4948 2.1776 0.4501 217 88 211
2.4948 2.1776 0.5116 216 88 211
2.4948 2.1762 0.5712 216 88 210
2.4948 2.1776 0.6306 215 88 210
2.4948 2.1790 0.6897 215 88 209
2.4948 2.1776 0.7489 214 87 209
2.4948 2.1776 0.8103 214 87 208
2.4948 2.1763 0.8698 219 92 215
2.4948 2.1776 0.9294 231 103 229
2.4948 2.1776 0.9909 238 109 236
2.4948 2.1776 1.0524 237 108 235
2.4948 2.1763 1.1121 235 107 234
2.4948 2.1791 1.1689 234 106 233
2.4948 2.1776 1.2282 233 105 232
2.4948 2.1776 1.2897 231 104 231
2.4947 2.1783 1.3359 103 95 155
2.4929 2.2456 -0.0004 198 91 189
2.4947 2.2475 0.0911 213 85 208
2.4947 2.2444 0.1494 213 86 208
2.4947 2.2457 0.2104 214 86 208
2.4947 2.2459 0.2690 214 86 208
2.4947 2.2458 0.3272 213 86 208
2.4947 2.2458 0.3904 213 86 208
2.4947 2.2444 0.4513 213 86 208
2.4947 2.2473 0.5093 213 86 207
2.4947 2.2459 0.5701 212 86 207
2.4947 2.2444 0.6309 212 86 207
2.4947 2.2472 0.6894 211 85 206
2.4947 2.2459 0.7503 211 85 206
2.4947 2.2444 0.8110 210 85 205
2.4947 2.2459 0.8718 209 84 205
2.4947 2.2459 0.9300 208 84 204
2.4947 2.2459 0.9883 217 92 213
2.4947 2.2459 1.0515 230 103 228
2.4947 2.2459 1.1097 235 106 233
2.4947 2.2458 1.1683 233 105 232
2.4947 2.2460 1.2318 232 105 231
2.4947 2.2459 1.2904 231 104 230
2.4946 2.2455 1.3332 122 96 166
2.4925 2.3186 -0.0017 198 90 190
2.4945 2.3161 0.0901 209 83 204
2.4945 2.3193 0.1503 210 83 204
2.4945 2.3162 0.2099 210 83 204
2.4945 2.3178 0.2725 210 84 204
2.4945 2.3177 0.3324 210 84 204
2.4945 2.3162 0.3900 209 84 204
2.4945 2.3193 0.4495 209 84 204
2.4945 2.3162 0.5097 209 84 204
2.4945 2.3193 0.5695 209 83 204
2.4945 2.3162 0.6295 208 83 203
2.4945 2.3193 0.6894 208 83 203
2.4945 2.3162 0.7493 207 83 203
2.4945 2.3192 0.8089 206 83 202
2.4945 2.3162 0.8682 206 82 202
2.4945 2.3178 0.9307 205 82 201
2.4945 2.3177 0.9906 204 82 200
2.4945 2.3178 1.0506 203 81 199
2.4945 2.3177 1.1105 209 87 206
2.4945 2.3178 1.1704 227 101 226
2.4945 2.3177 1.2303 231 104 231
2.4945 2.3178 1.2903 230 103 230
2.4944 2.3137 1.3367 81 94 143
2.4940 2.3748 0.0031 198 85 192
2.4943 2.3733 0.0880 205 81 200
2.4943 2.3736 0.1491 206 81 201
2.4943 2.3733 0.2103 206 81 201
2.4943 2.3736 0.2715 206 81 201
2.4943 2.3733 0.3327 206 81 201
2.4943 2.3733 0.3892 205 81 200
2.4943 2.3737 0.4495 205 81 201
2.4943 2.3733 0.5098 205 81 200
2.4943 2.3737 0.5711 205 81 201
2.4943 2.3733 0.6322 204 81 200
2.4943 2.3734 0.6887 204 81 199
2.4943 2.3736 0.7499 203 82 199
2.4943 2.3734 0.8111 202 81 199
2.4943 2.3733 0.8676 202 80 198
2.4943 2.3737 0.9286 201 81 198
2.4943 2.3734 0.9899 200 80 197
2.4943 2.3737 1.0503 199 80 196
2.4943 2.3734 1.1106 197 78 194
2.4943 2.3734 1.1671 194 77 192
2.4943 2.3737 1.2283 213 91 212
2.4943 2.3734 1.2895 229 102 229
2.4943 2.3721 1.3349 127 97 170
2.4923 2.4320 -0.0015 212 108 205
2.4943 2.4337 0.0908 225 105 221
2.4943 2.4352 0.1506 227 107 223
2.4943 2.4354 0.2077 228 107 223
2.4943 2.4354 0.2703 228 108 223
2.4943 2.4354 0.3329 227 107 223
2.4943 2.4354 0.3897 227 107 223
2.4943 2.4337 0.4494 225 105 221
2.4943 2.4371 0.5117 229 109 224
2.4943 2.4354 0.5718 227 107 222
2.4943 2.4352 0.6289 226 106 222
2.4943 2.4337 0.6886 224 104 220
2.4943 2.4374 0.7509 228 107 224
2.4943 2.4352 0.8104 225 104 221
2.4943 2.4337 0.8700 223 102 219
2.4943 2.4354 0.9301 224 103 220
2.4943 2.4354 0.9875 224 102 220
2.4943 2.4355 1.0495 223 102 219
2.4943 2.4355 1.1115 222 100 218
2.4943 2.4355 1.1690 220 98 216
2.4943 2.4338 1.2290 215 94 212
2.4943 2.4370 1.2911 225 100 221
2.4942 2.4327 1.3366 140 99 177
2.4823 2.4981 0.0015 237 130 232
2.4826 2.4996 0.0887 250 135 246
2.4825 2.4996 0.1469 250 135 246
2.4826 2.4996 0.2106 250 135 246
2.4825 2.4996 0.2746 250 135 246
2.4825 2.4996 0.3328 250 135 246
2.4825 2.4996 0.3909 250 135 246
2.4825 2.4996 0.4495 250 134 246
2.4825 2.4996 0.5081 249 134 246
2.4825 2.4996 0.5662 249 133 245
2.4826 2.4996 0.6299 249 132 245
2.4825 2.4996 0.6939 249 131 245
2.4825 2.4996 0.7521 249 130 245
2.4825 2.4996 0.8102 249 129 244
2.4825 2.4996 0.8688 248 128 244
2.4825 2.4996 0.9270 248 127 244
2.4826 2.4996 0.9890 248 126 243
2.4826 2.4996 1.0526 248 125 243
2.4825 2.4996 1.1128 247 123 242
2.4825 2.4996 1.1710 246 121 241
2.4825 2.4996 1.2295 245 117 239
2.4825 2.4996 1.2877 243 114 237
2.4824 2.4996 1.3342 242 111 235
