ply
format ascii 1.0
element vertex 24202
property float x
property float y
property float z
property uchar red
property uchar green
property uchar blue
end_header
-2.4731 -2.5257 -0.1213 134 106 106
-2.4819 -2.5318 -0.0902 91 28 90
-2.4819 -2.5319 0.0027 96 30 95
-2.4819 -2.5318 0.0900 99 31 98
-2.4818 -2.5318 0.1501 98 31 101
-2.4818 -2.5318 0.2101 99 31 102
-2.4819 -2.5318 0.2702 96 31 104
-2.4818 -2.5318 0.3302 97 31 105
-2.4819 -2.5318 0.3903 98 32 110
-2.4818 -2.5318 0.4504 97 32 114
-2.4818 -2.5319 0.5105 97 32 119
-2.4819 -2.5318 0.5706 98 33 124
-2.4818 -2.5318 0.6307 97 33 129
-2.4818 -2.5318 0.6908 100 34 127
-2.4818 -2.5318 0.7508 101 35 132
-2.4818 -2.5318 0.8110 97 34 134
-2.4818 -2.5318 0.8710 97 34 135
-2.4818 -2.5318 0.9311 94 33 134
-2.4818 -2.5318 0.9911 92 32 133
-2.4818 -2.5318 1.0512 89 32 132
-2.4811 -2.5318 1.1097 89 32 132
-2.4825 -2.5318 1.1695 86 31 131
-2.4812 -2.5318 1.2298 101 35 139
-2.4813 -2.5316 1.2695 113 41 146
-2.4915 -2.4738 -0.1211 114 98 107
-2.4903 -2.4851 -0.0962 95 52 88
-2.4951 -2.4894 0.0005 81 31 81
-2.4952 -2.4878 0.0894 80 31 81
-2.4952 -2.4890 0.1513 80 30 83
-2.4953 -2.4889 0.2106 81 31 84
-2.4952 -2.4891 0.2701 80 31 86
-2.4953 -2.4889 0.3294 82 31 88
-2.4952 -2.4891 0.3886 82 32 91
-2.4952 -2.4878 0.4507 81 32 93
-2.4952 -2.4902 0.5098 83 32 100
-2.4952 -2.4879 0.5693 82 33 103
-2.4952 -2.4903 0.6286 84 34 111
-2.4952 -2.4891 0.6905 83 34 110
-2.4952 -2.4878 0.7523 81 34 112
-2.4952 -2.4904 0.8117 82 34 117
-2.4952 -2.4878 0.8709 77 34 114
-2.4952 -2.4903 0.9304 78 33 117
-2.4952 -2.4879 0.9896 74 33 114
-2.4952 -2.4891 1.0515 74 32 115
-2.4953 -2.4891 1.1108 72 32 113
-2.4952 -2.4892 1.1702 70 31 112
-2.4953 -2.4891 1.2295 69 30 111
-2.4956 -2.4880 1.2677 71 55 116
-2.4823 -2.4163 -0.1213 113 98 109
-2.4953 -2.4311 -0.0893 77 42 74
-2.4952 -2.4314 0.0006 68 32 69
-2.4953 -2.4311 0.0902 69 32 70
-2.4953 -2.4323 0.1509 69 31 70
-2.4953 -2.4300 0.2089 69 31 70
-2.4953 -2.4312 0.2698 69 31 71
-2.4953 -2.4311 0.3329 70 33 73
-2.4954 -2.4312 0.3909 70 32 75
-2.4953 -2.4312 0.4491 71 33 79
-2.4953 -2.4300 0.5099 70 33 82
-2.4953 -2.4324 0.5681 69 33 86
-2.4953 -2.4312 0.6288 69 34 91
-2.4953 -2.4300 0.6894 68 35 95
-2.4953 -2.4313 0.7499 66 34 97
-2.4953 -2.4324 0.8106 64 34 98
-2.4953 -2.4300 0.8687 62 33 99
-2.4953 -2.4313 0.9293 61 33 99
-2.4953 -2.4325 0.9901 59 32 98
-2.4953 -2.4301 1.0482 57 32 97
-2.4953 -2.4313 1.1089 56 31 95
-2.4953 -2.4313 1.1718 54 30 94
-2.4954 -2.4313 1.2300 53 30 93
-2.4957 -2.4308 1.2673 58 53 103
-2.4779 -2.3710 -0.1212 112 96 107
-2.4915 -2.3784 -0.0974 92 58 84
-2.4953 -2.3753 0.0005 68 32 69
-2.4954 -2.3761 0.0910 69 31 69
-2.4954 -2.3738 0.1479 69 31 70
-2.4954 -2.3750 0.2076 69 31 70
-2.4954 -2.3750 0.2695 69 31 71
-2.4954 -2.3750 0.3314 70 32 73
-2.4954 -2.3738 0.3911 70 31 75
-2.4954 -2.3760 0.4478 71 33 78
-2.4954 -2.3750 0.5073 71 33 83
-2.4954 -2.3751 0.5692 70 33 87
-2.4954 -2.3751 0.6310 69 34 91
-2.4954 -2.3739 0.6906 68 34 95
-2.4954 -2.3751 0.7501 66 34 97
-2.4954 -2.3762 0.8097 64 34 99
-2.4954 -2.3751 0.8690 62 33 98
-2.4954 -2.3739 0.9284 61 33 99
-2.4954 -2.3751 0.9879 59 32 97
-2.4954 -2.3751 1.0498 57 31 96
-2.4954 -2.3751 1.1116 56 30 95
-2.4954 -2.3762 1.1713 54 30 94
-2.4954 -2.3739 1.2281 53 29 92
-2.4958 -2.3738 1.2675 58 54 104
-2.4815 -2.3074 -0.1212 117 99 108
-2.4932 -2.3107 -0.0944 87 51 80
-2.4954 -2.3083 -0.0014 68 31 69
-2.4955 -2.3090 0.0878 69 31 69
-2.4955 -2.3091 0.1482 69 31 70
-2.4955 -2.3091 0.2086 69 31 70
-2.4955 -2.3091 0.2691 69 31 71
-2.4955 -2.3091 0.3295 70 32 73
-2.4955 -2.3091 0.3900 70 31 75
-2.4955 -2.3091 0.4504 71 32 79
-2.4955 -2.3091 0.5108 70 32 83
-2.4955 -2.3091 0.5713 70 32 87
-2.4955 -2.3077 0.6301 69 33 92
-2.4955 -2.3091 0.6889 68 33 95
-2.4955 -2.3091 0.7494 66 33 97
-2.4955 -2.3091 0.8098 64 33 98
-2.4955 -2.3091 0.8703 62 32 99
-2.4955 -2.3091 0.9308 60 32 98
-2.4955 -2.3092 0.9913 58 31 97
-2.4955 -2.3092 1.0501 57 30 96
-2.4955 -2.3092 1.1089 55 30 95
-2.4955 -2.3077 1.1677 54 30 93
-2.4955 -2.3092 1.2266 52 29 92
-2.4957 -2.3091 1.2670 57 52 103
-2.4790 -2.2532 -0.1203 88 71 86
-2.4956 -2.2460 -0.0902 69 33 70
-2.4955 -2.2453 0.0006 68 30 69
-2.4956 -2.2460 0.0915 69 31 70
-2.4956 -2.2460 0.1507 69 30 70
-2.4956 -2.2460 0.2098 69 30 70
-2.4956 -2.2461 0.2688 70 31 71
-2.4956 -2.2461 0.3278 70 32 73
-2.4956 -2.2461 0.3868 70 30 75
-2.4956 -2.2451 0.4482 70 31 79
-2.4956 -2.2461 0.5095 71 32 83
-2.4956 -2.2469 0.5708 70 32 87
-2.4956 -2.2461 0.6323 69 32 93
-2.4956 -2.2461 0.6913 67 32 95
-2.4956 -2.2460 0.7504 65 32 98
-2.4956 -2.2461 0.8095 64 32 98
-2.4956 -2.2452 0.8707 62 31 98
-2.4956 -2.2461 0.9321 60 31 98
-2.4956 -2.2461 0.9911 58 30 97
-2.4956 -2.2461 1.0502 57 29 96
-2.4956 -2.2462 1.1093 55 29 94
-2.4956 -2.2461 1.1683 53 29 93
-2.4956 -2.2461 1.2274 52 28 91
-2.4960 -2.2472 1.2672 56 52 103
-2.4811 -2.1893 -0.1204 82 66 84
-2.4957 -2.1854 -0.0900 72 35 70
-2.4956 -2.1846 -0.0020 69 30 69
-2.4957 -2.1865 0.0892 69 30 70
-2.4957 -2.1842 0.1513 69 30 70
-2.4957 -2.1854 0.2107 70 30 70
-2.4957 -2.1854 0.2684 70 30 71
-2.4957 -2.1843 0.3291 70 30 73
-2.4957 -2.1866 0.3912 70 30 75
-2.4957 -2.1855 0.4506 71 31 79
-2.4957 -2.1842 0.5098 71 31 83
-2.4957 -2.1854 0.5705 70 32 88
-2.4957 -2.1855 0.6298 69 31 93
-2.4957 -2.1855 0.6905 67 32 96
-2.4957 -2.1854 0.7513 65 32 98
-2.4957 -2.1854 0.8105 63 31 98
-2.4957 -2.1855 0.8697 62 31 99
-2.4957 -2.1843 0.9290 60 30 98
-2.4957 -2.1867 0.9898 58 30 97
-2.4957 -2.1855 1.0504 56 29 95
-2.4957 -2.1843 1.1111 54 28 94
-2.4957 -2.1855 1.1704 53 28 93
-2.4957 -2.1856 1.2281 52 27 91
-2.4959 -2.1858 1.2668 56 51 102
-2.4769 -2.1307 -0.1205 83 66 84
-2.4958 -2.1267 -0.0905 69 32 69
-2.4957 -2.1275 0.0008 69 29 69
-2.4958 -2.1275 0.0899 69 30 70
-2.4958 -2.1276 0.1506 69 30 70
-2.4958 -2.1276 0.2115 70 30 71
-2.4958 -2.1276 0.2681 70 29 71
-2.4958 -2.1276 0.3290 70 29 72
-2.4958 -2.1276 0.3899 70 30 75
-2.4958 -2.1275 0.4507 71 30 79
-2.4958 -2.1277 0.5115 72 31 85
-2.4958 -2.1268 0.5703 70 31 89
-2.4958 -2.1284 0.6310 69 31 93
-2.4958 -2.1277 0.6898 67 31 96
-2.4958 -2.1268 0.7485 65 31 98
-2.4958 -2.1285 0.8093 63 31 99
-2.4958 -2.1269 0.8701 61 30 99
-2.4958 -2.1277 0.9288 59 29 98
-2.4958 -2.1276 0.9897 58 29 97
-2.4958 -2.1277 1.0506 56 29 95
-2.4958 -2.1285 1.1094 54 28 93
-2.4958 -2.1269 1.1701 52 27 92
-2.4958 -2.1277 1.2289 51 27 90
-2.4961 -2.1282 1.2669 55 50 101
-2.4798 -2.0708 -0.1206 85 66 83
-2.4959 -2.0724 -0.0896 71 33 70
-2.4958 -2.0724 0.0004 69 28 69
-2.4959 -2.0714 0.0905 70 30 70
-2.4959 -2.0735 0.1502 70 29 71
-2.4959 -2.0714 0.2095 70 29 71
-2.4959 -2.0714 0.2708 70 29 71
-2.4959 -2.0735 0.3301 70 29 73
-2.4959 -2.0714 0.3898 71 30 76
-2.4959 -2.0735 0.4492 72 30 80
-2.4959 -2.0714 0.5090 72 30 84
-2.4959 -2.0725 0.5699 71 31 89
-2.4959 -2.0724 0.6295 69 31 94
-2.4959 -2.0725 0.6890 67 31 96
-2.4959 -2.0724 0.7486 66 31 98
-2.4959 -2.0725 0.8082 63 30 99
-2.4959 -2.0715 0.8692 61 30 99
-2.4958 -2.0735 0.9302 59 29 98
-2.4959 -2.0714 0.9897 58 28 96
-2.4958 -2.0725 1.0508 56 28 94
-2.4959 -2.0725 1.1104 54 27 93
-2.4958 -2.0726 1.1699 52 26 92
-2.4959 -2.0725 1.2295 51 26 90
-2.4961 -2.0727 1.2666 55 50 101
-2.4792 -2.0148 -0.1207 144 112 109
-2.4960 -2.0096 -0.0894 75 36 72
-2.4959 -2.0091 0.0012 69 28 69
-2.4960 -2.0106 0.0905 69 29 70
-2.4960 -2.0086 0.1483 70 28 70
-2.4960 -2.0096 0.2094 70 28 70
-2.4960 -2.0096 0.2716 70 29 71
-2.4960 -2.0086 0.3311 71 28 73
-2.4960 -2.0106 0.3891 71 29 76
-2.4960 -2.0096 0.4501 72 29 80
-2.4960 -2.0087 0.5109 72 30 85
-2.4960 -2.0096 0.5704 71 30 90
-2.4960 -2.0106 0.6299 69 30 94
-2.4960 -2.0087 0.6893 67 30 97
-2.4960 -2.0097 0.7502 65 30 99
-2.4960 -2.0097 0.8111 63 29 99
-2.4960 -2.0087 0.8706 61 29 98
-2.4960 -2.0106 0.9301 59 28 97
-2.4960 -2.0097 0.9895 57 28 96
-2.4960 -2.0087 1.0489 55 27 94
-2.4960 -2.0097 1.1098 54 26 92
-2.4960 -2.0097 1.1722 52 25 91
-2.4960 -2.0097 1.2302 50 26 89
-2.4961 -2.0096 1.2702 55 55 103
-2.4788 -1.9603 -0.1208 169 136 128
-2.4961 -1.9499 -0.0906 80 41 75
-2.4960 -1.9496 -0.0009 69 28 70
-2.4961 -1.9500 0.0889 70 28 70
-2.4961 -1.9500 0.1497 70 28 70
-2.4961 -1.9500 0.2105 70 28 71
-2.4961 -1.9500 0.2713 71 28 72
-2.4961 -1.9500 0.3319 71 28 73
-2.4961 -1.9491 0.3913 72 28 77
-2.4961 -1.9500 0.4507 72 29 81
-2.4961 -1.9500 0.5101 72 30 86
-2.4961 -1.9500 0.5695 71 30 90
-2.4961 -1.9500 0.6303 70 30 95
-2.4961 -1.9501 0.6910 67 30 98
-2.4961 -1.9501 0.7518 65 30 99
-2.4961 -1.9492 0.8112 63 29 99
-2.4961 -1.9501 0.8705 61 28 98
-2.4961 -1.9510 0.9299 59 28 97
-2.4961 -1.9501 0.9893 57 27 95
-2.4961 -1.9501 1.0501 55 26 93
-2.4961 -1.9501 1.1108 53 26 92
-2.4961 -1.9491 1.1687 52 25 90
-2.4961 -1.9501 1.2268 50 25 89
-2.4962 -1.9500 1.2700 57 65 107
-2.4776 -1.8917 -0.1209 177 142 131
-2.4962 -1.8933 -0.0903 77 37 73
-2.4961 -1.8934 -0.0000 69 27 70
-2.4962 -1.8925 0.0916 70 28 70
-2.4962 -1.8933 0.1523 71 27 71
-2.4962 -1.8933 0.2116 71 27 72
-2.4962 -1.8933 0.2709 71 28 72
-2.4962 -1.8933 0.3302 72 28 74
-2.4962 -1.8933 0.3894 73 28 78
-2.4962 -1.8933 0.4487 73 29 81
-2.4962 -1.8925 0.5094 72 29 87
-2.4962 -1.8933 0.5700 71 30 92
-2.4962 -1.8933 0.6293 70 30 95
-2.4962 -1.8934 0.6899 67 29 98
-2.4962 -1.8934 0.7505 65 29 99
-2.4962 -1.8934 0.8098 63 28 99
-2.4962 -1.8934 0.8691 61 28 98
-2.4962 -1.8926 0.9298 58 27 97
-2.4962 -1.8934 0.9904 56 27 95
-2.4962 -1.8934 1.0497 55 26 93
-2.4962 -1.8934 1.1090 53 25 91
-2.4962 -1.8934 1.1683 51 25 90
-2.4962 -1.8934 1.2276 50 24 88
-2.4963 -1.8931 1.2697 57 69 109
-2.4798 -1.8264 -0.1210 182 146 134
-2.4962 -1.8303 -0.0904 78 37 74
-2.4962 -1.8307 -0.0000 70 27 70
-2.4962 -1.8311 0.0894 71 27 71
-2.4962 -1.8323 0.1491 72 27 71
-2.4962 -1.8300 0.2106 72 27 72
-2.4962 -1.8312 0.2704 72 27 72
-2.4962 -1.8303 0.3291 72 28 74
-2.4962 -1.8312 0.3896 74 28 79
-2.4962 -1.8321 0.4502 74 28 83
-2.4962 -1.8303 0.5098 73 29 88
-2.4962 -1.8309 0.5695 72 29 92
-2.4962 -1.8315 0.6291 69 29 96
-2.4962 -1.8304 0.6888 67 29 98
-2.4962 -1.8318 0.7494 65 28 99
-2.4962 -1.8304 0.8100 62 28 99
-2.4962 -1.8315 0.8696 60 27 98
-2.4962 -1.8310 0.9293 58 26 96
-2.4962 -1.8313 0.9900 56 26 94
-2.4962 -1.8315 1.0506 54 25 93
-2.4962 -1.8302 1.1112 52 25 91
-2.4962 -1.8313 1.1708 51 24 89
-2.4962 -1.8313 1.2285 49 23 87
-2.4963 -1.8313 1.2695 58 70 109
-2.4796 -1.7736 -0.1211 140 103 100
-2.4964 -1.7722 -0.0899 75 33 71
-2.4963 -1.7718 -0.0006 70 26 70
-2.4964 -1.7722 0.0900 71 27 71
-2.4964 -1.7722 0.1499 72 27 72
-2.4964 -1.7722 0.2100 73 27 73
-2.4964 -1.7722 0.2700 72 27 73
-2.4964 -1.7722 0.3299 73 27 75
-2.4964 -1.7722 0.3898 74 28 79
-2.4964 -1.7723 0.4498 74 28 84
-2.4964 -1.7716 0.5111 73 29 89
-2.4964 -1.7723 0.5697 72 29 94
-2.4964 -1.7723 0.6297 70 29 98
-2.4964 -1.7723 0.6897 67 28 99
-2.4964 -1.7723 0.7496 64 28 99
-2.4964 -1.7723 0.8096 62 27 99
-2.4964 -1.7723 0.8695 60 27 98
-2.4964 -1.7716 0.9308 57 25 96
-2.4964 -1.7730 0.9908 55 25 94
-2.4964 -1.7717 1.0507 54 24 92
-2.4964 -1.7723 1.1094 52 24 90
-2.4964 -1.7723 1.1694 50 23 89
-2.4964 -1.7724 1.2293 49 23 87
-2.4965 -1.7724 1.2692 58 69 108
-2.4785 -1.7135 -0.1212 97 66 80
-2.4964 -1.7161 -0.0893 73 31 70
-2.4964 -1.7165 0.0001 70 26 70
-2.4964 -1.7154 0.0886 71 26 71
-2.4964 -1.7164 0.1489 72 26 72
-2.4964 -1.7164 0.2111 73 27 73
-2.4964 -1.7164 0.2695 73 27 74
-2.4964 -1.7164 0.3279 74 27 76
-2.4964 -1.7164 0.3900 75 28 80
-2.4964 -1.7154 0.4503 75 28 85
-2.4964 -1.7167 0.5096 74 28 90
-2.4964 -1.7157 0.5699 72 29 95
-2.4964 -1.7171 0.6302 69 28 98
-2.4964 -1.7162 0.6905 67 28 100
-2.4964 -1.7159 0.7498 64 27 100
-2.4964 -1.7165 0.8101 62 27 99
-2.4964 -1.7162 0.8713 59 26 98
-2.4964 -1.7164 0.9306 57 25 96
-2.4964 -1.7167 0.9899 55 24 94
-2.4964 -1.7155 1.0493 53 24 91
-2.4964 -1.7165 1.1095 51 23 90
-2.4964 -1.7165 1.1717 49 23 87
-2.4964 -1.7165 1.2301 48 22 86
-2.4965 -1.7164 1.2690 57 69 109
-2.4783 -1.6472 -0.1213 100 66 79
-2.4965 -1.6491 -0.0911 73 30 70
-2.4965 -1.6489 -0.0001 71 26 71
-2.4965 -1.6491 0.0908 72 26 72
-2.4965 -1.6485 0.1516 73 26 73
-2.4965 -1.6491 0.2125 73 26 73
-2.4965 -1.6492 0.2726 75 27 75
-2.4965 -1.6484 0.3321 75 27 77
-2.4965 -1.6488 0.3907 76 27 81
-2.4965 -1.6492 0.4501 76 28 87
-2.4965 -1.6492 0.5102 74 28 91
-2.4965 -1.6492 0.5704 72 28 96
-2.4965 -1.6492 0.6305 69 28 100
-2.4965 -1.6492 0.6906 66 27 100
-2.4965 -1.6478 0.7500 64 27 101
-2.4965 -1.6492 0.8094 61 26 99
-2.4965 -1.6492 0.8695 59 25 97
-2.4965 -1.6492 0.9297 56 24 95
-2.4965 -1.6492 0.9898 55 24 93
-2.4965 -1.6492 1.0499 52 23 91
-2.4965 -1.6492 1.1101 51 23 89
-2.4965 -1.6481 1.1687 49 22 87
-2.4965 -1.6493 1.2274 47 22 85
-2.4966 -1.6494 1.2687 57 68 108
-2.4828 -1.5930 -0.1213 105 67 78
-2.4967 -1.5861 -0.0897 72 28 70
-2.4966 -1.5857 0.0003 72 25 71
-2.4967 -1.5861 0.0903 73 26 72
-2.4967 -1.5861 0.1486 74 26 73
-2.4967 -1.5861 0.2103 74 26 74
-2.4967 -1.5861 0.2720 76 26 77
-2.4967 -1.5861 0.3303 76 27 79
-2.4967 -1.5855 0.3894 77 27 83
-2.4967 -1.5859 0.4494 76 28 88
-2.4967 -1.5863 0.5094 74 28 93
-2.4967 -1.5861 0.5702 72 28 97
-2.4967 -1.5859 0.6311 69 28 100
-2.4967 -1.5861 0.6902 66 27 101
-2.4967 -1.5858 0.7502 63 26 100
-2.4967 -1.5862 0.8102 61 25 99
-2.4967 -1.5860 0.8694 58 24 97
-2.4967 -1.5862 0.9302 56 24 95
-2.4967 -1.5862 0.9902 54 23 93
-2.4967 -1.5862 1.0502 52 23 90
-2.4967 -1.5856 1.1111 50 22 88
-2.4967 -1.5862 1.1702 48 22 86
-2.4967 -1.5862 1.2284 47 21 85
-2.4968 -1.5863 1.2685 56 68 108
-2.4812 -1.5280 -0.1215 153 114 109
-2.4968 -1.5273 -0.0897 76 31 71
-2.4967 -1.5264 0.0004 72 25 71
-2.4968 -1.5279 0.0898 73 25 73
-2.4968 -1.5262 0.1496 75 25 74
-2.4968 -1.5276 0.2110 75 26 75
-2.4968 -1.5265 0.2707 77 26 78
-2.4968 -1.5262 0.3300 78 27 80
-2.4968 -1.5280 0.3898 78 27 85
-2.4968 -1.5262 0.4497 77 28 90
-2.4968 -1.5274 0.5103 75 28 94
-2.4968 -1.5268 0.5701 72 27 99
-2.4968 -1.5265 0.6300 70 27 101
-2.4968 -1.5271 0.6906 66 26 101
-2.4968 -1.5271 0.7504 63 25 100
-2.4968 -1.5271 0.8103 60 25 99
-2.4968 -1.5266 0.8708 58 24 96
-2.4968 -1.5271 0.9300 56 23 95
-2.4968 -1.5272 0.9899 54 23 92
-2.4968 -1.5269 1.0505 51 22 90
-2.4968 -1.5272 1.1096 50 22 88
-2.4968 -1.5266 1.1701 47 21 85
-2.4968 -1.5272 1.2294 46 21 84
-2.4968 -1.5273 1.2682 56 68 108
-2.4803 -1.4635 -0.1215 213 175 152
-2.4969 -1.4656 -0.0896 81 35 75
-2.4968 -1.4652 0.0001 72 24 71
-2.4969 -1.4656 0.0906 74 25 73
-2.4969 -1.4662 0.1512 75 25 75
-2.4969 -1.4651 0.2090 76 26 76
-2.4969 -1.4656 0.2676 78 26 78
-2.4969 -1.4657 0.3288 79 27 81
-2.4969 -1.4657 0.3901 78 27 87
-2.4969 -1.4649 0.4499 78 27 90
-2.4969 -1.4657 0.5098 75 27 96
-2.4969 -1.4657 0.5703 73 27 101
-2.4969 -1.4652 0.6302 70 27 102
-2.4969 -1.4660 0.6901 66 26 102
-2.4969 -1.4654 0.7500 63 25 100
-2.4969 -1.4652 0.8099 60 24 98
-2.4969 -1.4657 0.8697 57 23 96
-2.4969 -1.4657 0.9303 55 23 94
-2.4969 -1.4655 0.9909 53 22 92
-2.4969 -1.4652 1.0507 51 21 89
-2.4969 -1.4663 1.1106 49 21 87
-2.4969 -1.4660 1.1705 47 20 85
-2.4969 -1.4649 1.2290 46 20 84
-2.4969 -1.4659 1.2679 56 68 107
-2.4793 -1.4039 -0.1217 215 177 153
-2.4970 -1.4082 -0.0908 82 36 76
-2.4969 -1.4078 -0.0008 72 24 71
-2.4970 -1.4082 0.0894 74 25 73
-2.4970 -1.4082 0.1487 76 25 75
-2.4970 -1.4082 0.2079 77 26 77
-2.4970 -1.4075 0.2685 79 26 79
-2.4970 -1.4084 0.3303 79 26 82
-2.4970 -1.4082 0.3908 79 27 88
-2.4970 -1.4082 0.4501 78 27 93
-2.4970 -1.4077 0.5100 76 27 97
-2.4970 -1.4082 0.5699 73 27 102
-2.4970 -1.4080 0.6298 69 26 102
-2.4970 -1.4082 0.6897 66 25 102
-2.4970 -1.4082 0.7489 63 25 100
-2.4970 -1.4078 0.8095 59 24 98
-2.4970 -1.4083 0.8700 57 23 96
-2.4970 -1.4083 0.9292 55 22 93
-2.4970 -1.4080 0.9891 52 22 91
-2.4970 -1.4078 1.0497 50 21 88
-2.4970 -1.4083 1.1096 48 20 86
-2.4970 -1.4083 1.1688 46 20 84
-2.4970 -1.4083 1.2281 45 20 83
-2.4970 -1.4083 1.2676 55 68 108
-2.4808 -1.3486 -0.1217 222 186 160
-2.4971 -1.3492 -0.0895 80 33 74
-2.4971 -1.3489 -0.0002 72 24 72
-2.4971 -1.3496 0.0893 74 25 74
-2.4971 -1.3486 0.1502 76 25 75
-2.4971 -1.3493 0.2095 78 25 77
-2.4971 -1.3493 0.2698 80 26 80
-2.4971 -1.3493 0.3302 80 26 84
-2.4971 -1.3486 0.3895 80 27 90
-2.4971 -1.3496 0.4504 78 27 95
-2.4971 -1.3489 0.5102 77 27 99
-2.4971 -1.3489 0.5695 73 27 103
-2.4971 -1.3492 0.6293 69 26 103
-2.4971 -1.3491 0.6902 66 25 102
-2.4971 -1.3490 0.7511 63 24 100
-2.4971 -1.3490 0.8104 59 23 98
-2.4971 -1.3493 0.8702 56 22 95
-2.4971 -1.3493 0.9305 54 22 92
-2.4971 -1.3490 0.9898 52 21 90
-2.4971 -1.3485 1.0497 50 20 88
-2.4971 -1.3501 1.1100 48 20 86
-2.4971 -1.3485 1.1703 46 19 84
-2.4971 -1.3494 1.2292 45 19 83
-2.4971 -1.3496 1.2673 55 68 107
-2.4799 -1.2941 -0.1218 218 179 153
-2.4972 -1.2894 -0.0901 82 34 75
-2.4972 -1.2891 -0.0001 73 24 72
-2.4972 -1.2897 0.0902 75 25 74
-2.4972 -1.2895 0.1499 77 25 76
-2.4972 -1.2889 0.2090 79 25 78
-2.4972 -1.2895 0.2693 81 26 80
-2.4972 -1.2895 0.3305 82 26 86
-2.4972 -1.2889 0.3907 81 26 91
-2.4972 -1.2895 0.4503 79 27 97
-2.4972 -1.2896 0.5105 76 27 101
-2.4972 -1.2891 0.5707 73 26 103
-2.4972 -1.2895 0.6304 68 25 103
-2.4972 -1.2890 0.6896 65 25 102
-2.4972 -1.2895 0.7498 62 23 100
-2.4972 -1.2893 0.8104 59 23 97
-2.4972 -1.2892 0.8701 56 22 94
-2.4972 -1.2894 0.9298 53 21 92
-2.4972 -1.2895 0.9905 51 20 89
-2.4972 -1.2889 1.0507 49 20 87
-2.4972 -1.2899 1.1104 47 19 85
-2.4972 -1.2898 1.1706 45 19 83
-2.4972 -1.2889 1.2292 44 19 82
-2.4973 -1.2897 1.2671 56 66 106
-2.4795 -1.2422 -0.1219 121 71 73
-2.4973 -1.2306 -0.0871 74 25 71
-2.4973 -1.2293 -0.0001 74 24 73
-2.4973 -1.2293 0.0899 77 25 76
-2.4973 -1.2289 0.1501 78 25 77
-2.4973 -1.2295 0.2098 80 25 79
-2.4973 -1.2295 0.2687 82 26 81
-2.4973 -1.2288 0.3293 83 26 87
-2.4973 -1.2296 0.3902 82 27 92
-2.4973 -1.2291 0.4499 80 27 98
-2.4973 -1.2295 0.5101 76 26 102
-2.4973 -1.2294 0.5702 73 26 104
-2.4973 -1.2292 0.6300 69 25 104
-2.4973 -1.2293 0.6901 65 24 102
-2.4973 -1.2295 0.7498 61 23 99
-2.4973 -1.2291 0.8095 58 22 97
-2.4973 -1.2294 0.8701 55 21 94
-2.4973 -1.2292 0.9302 53 21 91
-2.4973 -1.2296 0.9900 50 20 89
-2.4973 -1.2294 1.0497 49 19 87
-2.4973 -1.2290 1.1098 47 19 84
-2.4973 -1.2296 1.1695 45 18 83
-2.4973 -1.2296 1.2283 43 18 81
-2.4974 -1.2286 1.2668 56 67 106
-2.4798 -1.1618 -0.1233 223 127 68
-2.4974 -1.1714 -0.0797 73 23 71
-2.4974 -1.1694 0.0002 75 24 74
-2.4974 -1.1695 0.0903 78 25 77
-2.4974 -1.1699 0.1497 80 25 78
-2.4974 -1.1692 0.2095 81 25 80
-2.4974 -1.1697 0.2709 83 26 82
-2.4974 -1.1694 0.3307 84 26 87
-2.4974 -1.1697 0.3897 82 27 93
-2.4974 -1.1694 0.4499 80 27 99
-2.4974 -1.1695 0.5101 77 26 103
-2.4974 -1.1697 0.5703 73 26 104
-2.4974 -1.1695 0.6297 68 25 104
-2.4974 -1.1698 0.6895 65 24 102
-2.4974 -1.1692 0.7501 61 23 99
-2.4974 -1.1697 0.8103 59 22 97
-2.4974 -1.1696 0.8701 55 21 93
-2.4974 -1.1698 0.9299 52 20 91
-2.4974 -1.1697 0.9897 50 19 88
-2.4974 -1.1696 1.0499 48 19 86
-2.4974 -1.1695 1.1101 46 18 84
-2.4974 -1.1695 1.1706 44 18 82
-2.4974 -1.1699 1.2294 42 18 80
-2.4975 -1.1771 1.2666 55 66 106
-2.4807 -1.1093 -0.1235 232 138 71
-2.4975 -1.1131 -0.0728 74 23 72
-2.4975 -1.1105 -0.0004 76 24 75
-2.4975 -1.1106 0.0895 79 25 78
-2.4975 -1.1102 0.1502 81 25 79
-2.4975 -1.1107 0.2105 83 26 81
-2.4975 -1.1107 0.2702 84 26 83
-2.4975 -1.1108 0.3300 85 26 87
-2.4975 -1.1103 0.3903 84 27 94
-2.4975 -1.1105 0.4504 81 26 99
-2.4975 -1.1104 0.5097 77 26 103
-2.4975 -1.1108 0.5694 73 26 105
-2.4975 -1.1104 0.6298 68 24 104
-2.4975 -1.1106 0.6905 65 23 102
-2.4975 -1.1108 0.7506 61 22 99
-2.4975 -1.1102 0.8103 58 22 96
-2.4975 -1.1107 0.8703 55 20 93
-2.4975 -1.1108 0.9303 52 20 90
-2.4975 -1.1106 0.9904 49 19 88
-2.4975 -1.1104 1.0504 47 18 86
-2.4975 -1.1108 1.1101 45 18 84
-2.4975 -1.1106 1.1694 43 18 82
-2.4975 -1.1167 1.2183 41 17 80
-2.5006 -1.1122 1.2691 49 18 90
-2.4865 -1.0338 -0.1221 253 243 232
-2.4976 -1.0560 -0.0659 76 24 74
-2.4976 -1.0492 0.0003 78 24 76
-2.4976 -1.0491 0.0902 82 25 80
-2.4976 -1.0491 0.1496 83 26 81
-2.4976 -1.0492 0.2101 84 26 82
-2.4976 -1.0489 0.2701 87 27 85
-2.4976 -1.0499 0.3298 87 27 89
-2.4976 -1.0488 0.3900 86 27 94
-2.4976 -1.0490 0.4500 81 26 100
-2.4976 -1.0493 0.5100 78 26 103
-2.4976 -1.0491 0.5699 73 25 105
-2.4976 -1.0494 0.6302 68 24 103
-2.4976 -1.0490 0.6899 64 23 101
-2.4976 -1.0495 0.7495 60 22 98
-2.4976 -1.0491 0.8098 57 21 95
-2.4976 -1.0491 0.8700 53 20 92
-2.4976 -1.0495 0.9300 51 19 90
-2.4976 -1.0494 0.9900 48 18 86
-2.4976 -1.0490 1.0499 46 18 84
-2.4976 -1.0494 1.1099 44 17 83
-2.4976 -1.0529 1.1653 42 17 81
-2.4983 -1.0627 1.2108 42 17 82
-2.5005 -1.0274 1.2674 47 17 88
-2.4787 -0.9889 -0.1219 221 207 198
-2.5005 -0.9883 -0.0817 72 23 71
-2.4977 -0.9903 0.0021 81 25 78
-2.4977 -0.9900 0.0901 85 26 82
-2.4977 -0.9900 0.1501 86 27 83
-2.4977 -0.9895 0.2110 87 27 84
-2.4977 -0.9900 0.2713 89 27 87
-2.4977 -0.9898 0.3306 89 28 91
-2.4977 -0.9897 0.3898 87 27 95
-2.4977 -0.9898 0.4498 82 27 100
-2.4977 -0.9901 0.5099 77 26 103
-2.4977 -0.9898 0.5700 73 25 105
-2.4977 -0.9899 0.6303 68 24 103
-2.4977 -0.9901 0.6901 64 23 101
-2.4977 -0.9895 0.7501 59 21 97
-2.4977 -0.9901 0.8102 56 20 94
-2.4977 -0.9898 0.8697 53 20 91
-2.4977 -0.9898 0.9298 50 19 89
-2.4977 -0.9900 0.9901 47 18 86
-2.4977 -0.9900 1.0501 45 18 85
-2.4977 -0.9905 1.1094 42 17 81
-2.4977 -1.0037 1.1496 41 17 80
-2.5005 -0.9883 1.2298 46 17 87
-2.5005 -0.9882 1.2690 46 17 86
-2.4817 -0.9203 -0.1217 249 244 223
-2.5005 -0.9286 -0.0814 74 24 73
-2.4978 -0.9305 0.0090 84 26 80
-2.4978 -0.9299 0.0899 87 27 84
-2.4978 -0.9296 0.1502 89 28 86
-2.4978 -0.9303 0.2106 91 28 87
-2.4978 -0.9296 0.2698 90 28 87
-2.4978 -0.9299 0.3294 90 28 90
-2.4978 -0.9297 0.3897 88 27 95
-2.4978 -0.9297 0.4497 83 27 100
-2.4978 -0.9299 0.5098 78 26 103
-2.4978 -0.9298 0.5697 73 25 104
-2.4978 -0.9298 0.6297 68 24 103
-2.4978 -0.9299 0.6900 63 23 100
-2.4978 -0.9299 0.7500 59 21 97
-2.4978 -0.9299 0.8099 56 20 94
-2.4978 -0.9299 0.8700 53 19 91
-2.4978 -0.9296 0.9298 49 18 88
-2.4978 -0.9300 0.9899 46 17 85
-2.4978 -0.9297 1.0501 44 17 83
-2.4978 -0.9383 1.0965 42 17 82
-2.4997 -0.9436 1.1552 44 18 85
-2.5005 -0.9285 1.2302 47 17 87
-2.5005 -0.9284 1.2694 45 17 86
-2.4811 -0.8748 -0.1217 172 142 134
-2.5005 -0.8682 -0.0840 75 23 74
-2.4979 -0.8706 0.0165 86 27 83
-2.4979 -0.8699 0.0900 90 28 86
-2.4979 -0.8696 0.1498 91 28 87
-2.4979 -0.8701 0.2091 92 28 88
-2.4979 -0.8702 0.2697 90 28 88
-2.4979 -0.8698 0.3308 90 27 90
-2.4979 -0.8699 0.3902 88 27 94
-2.4979 -0.8699 0.4501 83 26 99
-2.4979 -0.8699 0.5101 78 26 103
-2.4979 -0.8699 0.5702 74 25 104
-2.4979 -0.8700 0.6300 69 24 103
-2.4979 -0.8698 0.6901 63 22 100
-2.4979 -0.8701 0.7503 58 21 96
-2.4979 -0.8701 0.8101 54 20 93
-2.4979 -0.8700 0.8700 51 19 91
-2.4979 -0.8700 0.9300 48 18 87
-2.4979 -0.8699 0.9899 44 17 84
-2.4979 -0.8739 1.0435 42 16 82
-2.4984 -0.8845 1.0891 41 17 80
-2.5005 -0.8684 1.1699 48 18 90
-2.5005 -0.8681 1.2301 46 17 87
-2.5005 -0.8682 1.2686 45 17 85
-2.4868 -0.8102 -0.1214 134 90 112
-2.5005 -0.8085 -0.0846 80 24 77
-2.4980 -0.8120 0.0235 92 28 87
-2.4980 -0.8110 0.0900 95 29 90
-2.4980 -0.8109 0.1500 95 29 91
-2.4980 -0.8110 0.2095 93 29 89
-2.4980 -0.8110 0.2693 93 28 89
-2.4980 -0.8110 0.3298 93 28 92
-2.4980 -0.8111 0.3900 90 28 95
-2.4980 -0.8109 0.4498 85 27 99
-2.4980 -0.8111 0.5099 78 26 104
-2.4980 -0.8111 0.5701 74 25 105
-2.4980 -0.8109 0.6301 68 24 103
-2.4980 -0.8109 0.6900 62 22 99
-2.4980 -0.8113 0.7498 56 20 95
-2.4980 -0.8110 0.8097 52 19 92
-2.4980 -0.8109 0.8699 49 18 89
-2.4980 -0.8112 0.9301 45 17 85
-2.4980 -0.8124 0.9886 44 16 83
-2.4980 -0.8287 1.0294 42 17 82
-2.4990 -0.8189 1.0882 41 17 80
-2.5004 -0.8039 1.1444 45 17 85
-2.5005 -0.8097 1.2300 45 17 86
-2.5005 -0.8094 1.2689 45 17 86
-2.4796 -0.7512 -0.1216 116 87 96
-2.5005 -0.7495 -0.0862 85 26 81
-2.4981 -0.7507 0.0310 95 29 90
-2.4981 -0.7494 0.0900 99 31 94
-2.4981 -0.7492 0.1500 98 30 93
-2.4981 -0.7495 0.2100 97 30 93
-2.4981 -0.7497 0.2701 96 29 92
-2.4981 -0.7492 0.3301 96 29 94
-2.4981 -0.7494 0.3901 92 28 96
-2.4981 -0.7494 0.4502 87 27 101
-2.4981 -0.7494 0.5102 80 26 104
-2.4981 -0.7493 0.5700 72 24 104
-2.4981 -0.7496 0.6300 67 23 102
-2.4981 -0.7492 0.6901 59 21 98
-2.4981 -0.7497 0.7502 55 20 94
-2.4981 -0.7493 0.8102 50 18 90
-2.4981 -0.7494 0.8699 47 17 87
-2.4981 -0.7495 0.9299 44 17 85
-2.4981 -0.7602 0.9743 43 16 83
-2.4990 -0.7492 1.0458 42 17 80
-2.5004 -0.7513 1.1103 47 18 88
-2.5004 -0.7484 1.1475 44 17 85
-2.5005 -0.7496 1.2297 45 17 86
-2.5005 -0.7492 1.2692 45 17 86
-2.4858 -0.6847 -0.1213 100 60 87
-2.5005 -0.6886 -0.0884 91 28 86
-2.4982 -0.6905 0.0382 98 30 93
-2.4982 -0.6887 0.0899 101 31 95
-2.4982 -0.6887 0.1499 102 31 96
-2.4982 -0.6888 0.2103 101 31 96
-2.4982 -0.6887 0.2705 99 30 95
-2.4982 -0.6890 0.3302 98 30 95
-2.4982 -0.6887 0.3901 93 29 98
-2.4982 -0.6888 0.4500 87 27 102
-2.4982 -0.6888 0.5101 79 26 104
-2.4982 -0.6889 0.5701 71 24 104
-2.4982 -0.6888 0.6301 64 22 101
-2.4982 -0.6888 0.6900 57 20 96
-2.4982 -0.6888 0.7500 52 19 92
-2.4982 -0.6890 0.8099 48 18 89
-2.4982 -0.6888 0.8699 46 17 87
-2.4982 -0.6941 0.9210 44 17 84
-2.4990 -0.6887 0.9900 44 17 82
-2.4990 -0.6917 1.0362 42 16 80
-2.5004 -0.6898 1.1098 47 17 88
-2.5004 -0.6876 1.1509 44 16 84
-2.5005 -0.6887 1.2298 45 17 86
-2.5005 -0.6888 1.2685 46 17 86
-2.4845 -0.6294 -0.1215 110 64 93
-2.5005 -0.6214 -0.0636 88 27 84
-2.4983 -0.6310 0.0454 101 31 95
-2.4983 -0.6283 0.0901 103 32 97
-2.4983 -0.6284 0.1499 106 33 100
-2.4983 -0.6286 0.2102 105 33 100
-2.4983 -0.6279 0.2703 102 31 98
-2.4983 -0.6285 0.3300 99 30 97
-2.4983 -0.6284 0.3902 92 29 101
-2.4983 -0.6283 0.4501 85 27 103
-2.4983 -0.6285 0.5099 78 25 103
-2.4983 -0.6283 0.5699 68 23 103
-2.4983 -0.6284 0.6299 60 21 99
-2.4983 -0.6284 0.6899 53 19 94
-2.4983 -0.6284 0.7500 50 19 92
-2.4983 -0.6284 0.8100 47 17 88
-2.4983 -0.6311 0.8669 45 17 85
-2.4983 -0.6507 0.9071 45 17 85
-2.4990 -0.6306 0.9899 44 17 81
-2.4991 -0.6387 1.0278 42 16 80
-2.5004 -0.6293 1.1102 46 17 87
-2.5004 -0.6283 1.1551 45 17 85
-2.5005 -0.6299 1.2299 45 17 86
-2.5005 -0.6299 1.2689 45 17 86
-2.4707 -0.5889 -0.1209 89 76 93
-2.5038 -0.5782 -0.0895 75 23 76
-2.5039 -0.5783 -0.0002 75 23 78
-2.5038 -0.5778 0.0876 77 24 80
-2.5038 -0.5776 0.1498 76 24 81
-2.5037 -0.5775 0.2120 77 24 84
-2.5037 -0.5774 0.2700 77 24 84
-2.5037 -0.5773 0.3280 76 24 86
-2.5037 -0.5772 0.3902 74 24 91
-2.5037 -0.5771 0.4524 73 24 93
-2.5037 -0.5769 0.5104 73 24 92
-2.5037 -0.5769 0.5683 72 24 96
-2.5039 -0.5656 0.6330 70 24 102
-2.5039 -0.5634 0.6903 70 24 102
-2.5039 -0.5632 0.7498 68 24 105
-2.5039 -0.5638 0.8092 65 23 106
-2.5039 -0.5635 0.8696 65 23 105
-2.5039 -0.5635 0.9307 63 23 105
-2.5039 -0.5631 0.9907 62 23 104
-2.5039 -0.5623 1.0497 60 22 104
-2.5039 -0.5631 1.1097 59 22 103
-2.5039 -0.5627 1.1696 59 22 102
-2.5040 -0.5628 1.2305 56 21 101
-2.5038 -0.5629 1.2701 56 21 101
-2.4801 -0.5069 -0.1233 216 177 150
-2.4986 -0.4994 -0.1137 143 90 109
-2.4986 -0.5288 0.0556 109 34 102
-2.4986 -0.5139 0.0906 110 34 103
-2.4986 -0.5135 0.1499 111 35 105
-2.4986 -0.5135 0.2099 110 34 104
-2.4986 -0.5136 0.2700 103 32 101
-2.4986 -0.5137 0.3300 96 30 99
-2.4986 -0.5135 0.3899 86 27 102
-2.4986 -0.5136 0.4498 75 25 102
-2.4986 -0.5136 0.5099 66 23 102
-2.4986 -0.5136 0.5701 59 21 100
-2.5039 -0.5142 0.6433 71 24 103
-2.5040 -0.5105 0.6898 70 24 103
-2.5040 -0.5115 0.7498 69 24 106
-2.5040 -0.5110 0.8103 66 24 106
-2.5040 -0.5112 0.8705 66 23 105
-2.5040 -0.5102 0.9300 64 23 106
-2.5040 -0.5112 0.9903 64 23 105
-2.5040 -0.5098 1.0502 61 22 104
-2.5040 -0.5108 1.1101 60 22 103
-2.5040 -0.5101 1.1700 58 21 102
-2.5040 -0.5103 1.2302 56 21 101
-2.5039 -0.5100 1.2691 56 21 100
-2.4685 -0.4718 -0.1235 227 190 162
-2.5005 -0.4489 -0.0670 119 37 110
-2.4991 -0.4514 0.0325 123 39 115
-2.4991 -0.4507 0.0898 129 41 120
-2.4991 -0.4509 0.1500 131 42 122
-2.4991 -0.4510 0.2098 130 41 121
-2.4991 -0.4511 0.2693 133 42 125
-2.4991 -0.4508 0.3294 130 41 125
-2.4991 -0.4510 0.3899 125 40 127
-2.4991 -0.4512 0.4501 120 39 129
-2.4991 -0.4511 0.5100 110 36 125
-2.4991 -0.4511 0.5702 97 32 118
-2.5037 -0.4641 0.6504 73 25 104
-2.5041 -0.4519 0.6899 71 24 104
-2.5039 -0.4292 0.7560 67 24 106
-2.5039 -0.4287 0.8125 65 24 106
-2.5039 -0.4287 0.8727 66 23 104
-2.5039 -0.4286 0.9329 64 23 105
-2.5039 -0.4287 0.9931 62 22 104
-2.5039 -0.4286 1.0533 60 22 104
-2.5039 -0.4286 1.1135 59 22 103
-2.5039 -0.4291 1.1700 57 21 101
-2.5039 -0.4285 1.2264 56 21 100
-2.5039 -0.4318 1.2690 54 20 98
-2.4772 -0.3901 -0.1235 236 203 172
-2.5005 -0.3877 -0.0672 136 44 126
-2.4991 -0.3913 0.0364 141 46 131
-2.4991 -0.3905 0.0900 145 47 134
-2.4991 -0.3910 0.1499 149 49 138
-2.4991 -0.3904 0.2099 149 49 139
-2.4991 -0.3904 0.2702 150 49 141
-2.4991 -0.3914 0.3300 148 49 143
-2.4991 -0.3905 0.3898 140 46 140
-2.4991 -0.3909 0.4502 132 43 139
-2.4991 -0.3909 0.5102 119 39 132
-2.4991 -0.3908 0.5700 104 34 122
-2.4991 -0.3911 0.6300 88 29 110
-2.5042 -0.3941 0.6941 72 25 103
-2.5040 -0.3973 0.7618 67 24 106
-2.5040 -0.3918 0.8094 67 24 106
-2.5040 -0.3921 0.8696 66 23 105
-2.5040 -0.3925 0.9297 64 23 105
-2.5040 -0.3921 0.9898 62 23 104
-2.5040 -0.3923 1.0500 60 22 104
-2.5040 -0.3923 1.1096 59 22 103
-2.5040 -0.3921 1.1703 57 21 101
-2.5040 -0.3924 1.2299 56 21 100
-2.5040 -0.3911 1.2692 53 20 97
-2.4748 -0.3302 -0.1235 248 225 197
-2.5005 -0.3305 -0.0693 153 50 141
-2.4991 -0.3306 0.0397 158 52 146
-2.4991 -0.3296 0.0898 169 57 157
-2.4991 -0.3296 0.1502 176 60 164
-2.4991 -0.3299 0.2105 175 60 164
-2.4991 -0.3299 0.2704 173 59 162
-2.4991 -0.3300 0.3303 169 57 161
-2.4991 -0.3296 0.3902 155 52 154
-2.4991 -0.3298 0.4500 149 50 152
-2.4991 -0.3300 0.5099 132 43 141
-2.4991 -0.3300 0.5699 111 36 126
-2.4991 -0.3300 0.6300 90 30 111
-2.5042 -0.3352 0.7039 73 25 100
-2.5041 -0.3484 0.7700 68 24 108
-2.5041 -0.3309 0.8108 67 24 106
-2.5041 -0.3301 0.8697 66 24 106
-2.5041 -0.3307 0.9300 64 23 105
-2.5041 -0.3304 0.9897 62 23 105
-2.5041 -0.3303 1.0500 61 22 104
-2.5041 -0.3306 1.1103 59 22 104
-2.5041 -0.3298 1.1695 58 21 102
-2.5041 -0.3305 1.2293 56 21 100
-2.5041 -0.3291 1.2696 53 20 97
-2.4725 -0.2710 -0.1234 224 182 154
-2.5005 -0.2701 -0.0697 177 61 165
-2.4992 -0.2696 0.0435 188 66 175
-2.4992 -0.2684 0.0900 202 74 189
-2.4992 -0.2683 0.1496 208 78 196
-2.4992 -0.2686 0.2102 211 80 199
-2.4992 -0.2687 0.2699 209 78 198
-2.4992 -0.2685 0.3296 200 73 190
-2.4992 -0.2685 0.3902 184 65 179
-2.4992 -0.2686 0.4501 168 57 168
-2.4992 -0.2688 0.5099 143 48 149
-2.4992 -0.2689 0.5700 114 37 128
-2.4992 -0.2686 0.6301 93 31 113
-2.5038 -0.2843 0.7102 74 25 103
-2.5044 -0.2716 0.7501 71 25 106
-2.5042 -0.2723 0.8221 68 24 106
-2.5042 -0.2692 0.8705 66 24 106
-2.5042 -0.2687 0.9297 65 23 106
-2.5042 -0.2686 0.9896 63 23 105
-2.5042 -0.2686 1.0493 62 23 105
-2.5042 -0.2690 1.1097 59 22 103
-2.5042 -0.2683 1.1701 58 21 102
-2.5042 -0.2689 1.2299 56 21 101
-2.5042 -0.2687 1.2702 54 20 98
-2.4700 -0.2121 -0.1234 191 101 64
-2.5005 -0.2107 -0.0719 200 73 187
-2.4992 -0.2101 0.0469 220 86 209
-2.4992 -0.2092 0.0900 229 94 219
-2.4992 -0.2092 0.1501 238 106 230
-2.4992 -0.2089 0.2108 242 111 234
-2.4992 -0.2093 0.2712 240 107 232
-2.4992 -0.2090 0.3306 227 92 218
-2.4992 -0.2093 0.3898 211 80 204
-2.4992 -0.2092 0.4498 185 65 182
-2.4992 -0.2094 0.5100 151 51 156
-2.4992 -0.2094 0.5700 118 39 131
-2.4992 -0.2092 0.6301 94 31 114
-2.4992 -0.2094 0.6902 84 28 107
-2.5045 -0.2127 0.7551 71 25 107
-2.5043 -0.2077 0.8247 108 67 109
-2.5035 -0.1897 0.8704 63 28 94
-2.5035 -0.1887 0.9295 61 23 105
-2.5035 -0.1881 0.9889 60 22 105
-2.5035 -0.1903 1.0519 60 22 104
-2.5035 -0.1893 1.1109 57 21 101
-2.5035 -0.1886 1.1698 57 21 101
-2.5035 -0.1877 1.2288 56 21 100
-2.5036 -0.1902 1.2688 54 20 98
-2.4675 -0.1530 -0.1234 207 113 66
-2.5005 -0.1481 -0.0724 220 86 209
-2.4992 -0.1516 0.0504 243 112 235
-2.4992 -0.1498 0.0901 248 125 243
-2.4992 -0.1496 0.1504 253 156 251
-2.4992 -0.1505 0.2101 254 162 252
-2.4992 -0.1497 0.2696 253 157 251
-2.4992 -0.1498 0.3298 249 130 245
-2.4992 -0.1501 0.3900 232 98 225
-2.4992 -0.1499 0.4501 197 72 192
-2.4992 -0.1501 0.5100 162 55 164
-2.4992 -0.1502 0.5701 122 40 133
-2.4992 -0.1501 0.6301 94 31 114
-2.4992 -0.1503 0.6901 81 27 104
-2.5044 -0.1537 0.7642 70 25 108
-2.5044 -0.1473 0.8261 117 75 114
-2.5036 -0.1492 0.8710 63 27 95
-2.5036 -0.1483 0.9297 62 23 105
-2.5036 -0.1490 0.9888 61 22 105
-2.5035 -0.1529 1.0495 60 22 104
-2.5035 -0.1518 1.1098 58 21 102
-2.5035 -0.1512 1.1702 56 21 101
-2.5035 -0.1499 1.2305 56 21 100
-2.5036 -0.1502 1.2699 54 20 98
-2.4657 -0.0722 -0.1234 221 124 70
-2.5005 -0.0895 -0.0744 227 92 217
-2.4993 -0.0921 0.0538 251 134 247
-2.4993 -0.0895 0.0899 253 161 252
-2.4993 -0.0894 0.1498 254 214 254
-2.4993 -0.0898 0.2093 254 232 254
-2.4993 -0.0894 0.2696 254 226 254
-2.4992 -0.0899 0.3301 254 182 254
-2.4992 -0.0896 0.3899 244 118 240
-2.4992 -0.0898 0.4499 204 78 200
-2.4993 -0.0897 0.5100 167 57 168
-2.4993 -0.0899 0.5699 123 40 134
-2.4993 -0.0898 0.6300 95 31 115
-2.4992 -0.0900 0.6899 75 25 101
-2.5039 -0.1023 0.7691 69 25 107
-2.5045 -0.0899 0.8251 124 82 116
-2.5037 -0.0907 0.8712 72 33 99
-2.5037 -0.0896 0.9302 63 23 106
-2.5037 -0.0904 0.9911 62 23 105
-2.5037 -0.0917 1.0504 60 22 104
-2.5037 -0.0898 1.1100 58 22 102
-2.5037 -0.0895 1.1700 57 21 102
-2.5036 -0.0908 1.2292 56 21 101
-2.5037 -0.0902 1.2694 53 20 98
-2.4801 0.0085 -0.1233 246 220 199
-2.4993 0.0387 -0.1146 190 72 175
-2.4993 -0.0346 0.0571 251 135 248
-2.4993 0.0007 0.0906 254 191 254
-2.4993 0.0015 0.1500 254 248 254
-2.4993 0.0018 0.2098 254 254 254
-2.4993 0.0014 0.2699 254 252 254
-2.4993 0.0013 0.3300 254 217 254
-2.4993 0.0014 0.3900 244 123 240
-2.4993 0.0013 0.4499 201 77 197
-2.4993 0.0025 0.5100 163 56 165
-2.4993 0.0026 0.5700 116 38 130
-2.4993 0.0027 0.6300 84 28 107
-2.4993 0.0024 0.6900 62 21 95
-2.4993 0.0027 0.7500 50 18 88
-2.5047 -0.0008 0.8259 126 87 121
-2.5038 -0.0028 0.8714 87 46 106
-2.5038 -0.0021 0.9303 63 23 106
-2.5038 -0.0002 0.9901 63 23 106
-2.5038 -0.0000 1.0495 61 22 104
-2.5038 0.0007 1.1096 59 22 103
-2.5038 -0.0020 1.1701 58 22 102
-2.5038 -0.0032 1.2305 57 21 102
-2.5038 -0.0029 1.2699 55 20 99
-2.4825 0.0906 -0.1233 254 250 236
-2.4993 0.0933 -0.1089 168 57 155
-2.4998 0.0903 0.0507 250 131 246
-2.4993 0.0892 0.0947 254 174 253
-2.4993 0.0899 0.1501 255 225 254
-2.4993 0.0901 0.2103 255 236 255
-2.4993 0.0897 0.2701 254 224 254
-2.4993 0.0900 0.3298 254 176 253
-2.4993 0.0898 0.3900 220 92 215
-2.4993 0.0897 0.4500 175 62 175
-2.4993 0.0908 0.5099 136 46 145
-2.4993 0.0909 0.5700 93 31 115
-2.4993 0.0909 0.6301 65 22 98
-2.4993 0.0908 0.6901 49 18 89
-2.4993 0.0906 0.7499 46 17 86
-2.5048 0.0912 0.8266 125 88 124
-2.5040 0.0885 0.8708 94 54 112
-2.5040 0.0889 0.9299 64 23 107
-2.5040 0.0907 0.9903 62 23 106
-2.5040 0.0907 1.0499 61 22 105
-2.5040 0.0913 1.1101 60 22 104
-2.5040 0.0889 1.1694 59 22 104
-2.5040 0.0903 1.2297 58 21 102
-2.5040 0.0900 1.2700 55 20 100
-2.4821 0.1508 -0.1233 254 248 229
-2.4994 0.1530 -0.1024 145 48 134
-2.4998 0.1497 0.0506 254 154 252
-2.4993 0.1501 0.0982 244 118 237
-2.4994 0.1508 0.1500 250 145 247
-2.4994 0.1510 0.2105 252 155 250
-2.4994 0.1507 0.2707 249 145 246
-2.4994 0.1508 0.3302 236 109 230
-2.4994 0.1507 0.3900 185 67 183
-2.4994 0.1506 0.4500 138 47 147
-2.4994 0.1507 0.5101 106 35 125
-2.4994 0.1506 0.5700 72 25 105
-2.4994 0.1505 0.6300 53 19 94
-2.4994 0.1505 0.6900 48 18 89
-2.4993 0.1482 0.7434 46 17 87
-2.5049 0.1514 0.8264 133 97 126
-2.5041 0.1476 0.8722 95 55 112
-2.5041 0.1481 0.9306 65 24 107
-2.5041 0.1492 0.9904 63 23 106
-2.5041 0.1495 1.0501 62 23 106
-2.5041 0.1508 1.1104 61 22 105
-2.5041 0.1519 1.1701 59 22 104
-2.5041 0.1530 1.2298 58 21 102
-2.5041 0.1533 1.2700 57 21 101
-2.4822 0.2108 -0.1234 245 226 201
-2.4994 0.2120 -0.0957 125 40 115
-2.4998 0.2110 0.0493 253 149 252
-2.4994 0.2097 0.1017 208 79 196
-2.4994 0.2104 0.1500 215 84 204
-2.4994 0.2106 0.2095 218 88 208
-2.4994 0.2105 0.2694 211 83 201
-2.4994 0.2108 0.3302 177 62 172
-2.4994 0.2115 0.3900 136 45 143
-2.4994 0.2114 0.4500 98 33 121
-2.4994 0.2113 0.5100 73 25 108
-2.4994 0.2113 0.5700 56 20 98
-2.4994 0.2112 0.6301 51 19 93
-2.4994 0.2112 0.6901 48 18 90
-2.4994 0.2070 0.7335 47 17 88
-2.5050 0.2126 0.8262 133 98 130
-2.5042 0.2091 0.8716 97 57 114
-2.5042 0.2099 0.9293 66 24 108
-2.5042 0.2109 0.9891 64 23 107
-2.5042 0.2112 1.0495 62 23 106
-2.5042 0.2106 1.1087 61 22 105
-2.5042 0.2092 1.1692 60 22 104
-2.5042 0.2097 1.2296 59 22 103
-2.5042 0.2109 1.2701 58 21 102
-2.4858 0.2660 -0.1233 157 83 64
-2.4994 0.2701 -0.0905 101 31 94
-2.4994 0.2864 -0.0539 116 38 108
-2.4994 0.2684 0.1052 148 49 138
-2.4994 0.2696 0.1501 152 51 142
-2.4994 0.2696 0.2099 153 51 145
-2.4994 0.2693 0.2697 146 48 140
-2.4994 0.2702 0.3297 114 37 122
-2.4994 0.2703 0.3900 91 30 114
-2.4994 0.2704 0.4500 68 24 106
-2.4994 0.2703 0.5100 59 22 102
-2.4994 0.2702 0.5700 55 20 98
-2.4994 0.2702 0.6300 51 19 94
-2.4994 0.2700 0.6897 49 18 92
-2.4994 0.2565 0.7253 49 18 91
-2.5051 0.2726 0.8266 130 95 129
-2.5043 0.2553 0.8728 97 56 114
-2.5043 0.2567 0.9303 66 24 108
-2.5043 0.2575 0.9895 64 24 107
-2.5043 0.2584 1.0502 63 23 106
-2.5043 0.2566 1.1132 62 23 105
-2.5043 0.2557 1.1706 60 22 104
-2.5043 0.2563 1.2300 59 22 103
-2.5043 0.2582 1.2703 57 21 101
-2.4809 0.3259 -0.1217 132 82 86
-2.5005 0.3290 -0.0841 187 66 174
-2.4998 0.3293 0.0484 235 100 226
-2.4998 0.3294 0.0907 247 123 242
-2.4998 0.3290 0.1499 252 149 250
-2.4998 0.3291 0.2092 254 166 253
-2.4998 0.3291 0.2700 253 166 252
-2.4998 0.3291 0.3307 242 119 237
-2.4998 0.3286 0.3906 227 98 221
-2.4998 0.3292 0.4496 197 74 193
-2.4998 0.3302 0.5090 165 57 166
-2.4998 0.3306 0.5697 131 43 140
-2.4998 0.3305 0.6302 98 32 116
-2.4998 0.3302 0.6903 78 26 103
-2.4998 0.3303 0.7501 65 22 94
-2.5052 0.3127 0.8247 135 102 128
-2.5052 0.3099 0.8684 69 25 110
-2.5052 0.3095 0.9308 68 25 109
-2.5052 0.3100 0.9928 66 24 108
-2.5052 0.3100 1.0505 64 23 107
-2.5052 0.3102 1.1079 63 23 106
-2.5052 0.3095 1.1697 62 23 106
-2.5052 0.3100 1.2321 61 23 105
-2.5051 0.3132 1.2718 58 21 102
-2.4862 0.3907 -0.1214 135 67 107
-2.5005 0.3888 -0.0847 164 55 152
-2.4998 0.3895 0.0472 215 82 203
-2.4998 0.3895 0.0899 225 91 214
-2.4998 0.3898 0.1501 238 105 230
-2.4998 0.3889 0.2095 243 114 236
-2.4998 0.3892 0.2701 240 109 233
-2.4998 0.3888 0.3302 214 85 207
-2.4998 0.3895 0.3896 205 78 200
-2.4998 0.3890 0.4499 176 62 175
-2.4998 0.3886 0.5104 148 49 153
-2.4998 0.3899 0.5705 119 39 132
-2.4998 0.3909 0.6297 93 31 114
-2.4998 0.3904 0.6899 75 25 101
-2.4998 0.3901 0.7500 63 21 94
-2.4998 0.3902 0.8100 52 18 87
-2.4998 0.3916 0.8495 45 16 83
-2.5004 0.3899 0.9301 52 18 86
-2.5004 0.3914 0.9747 46 17 83
-2.5005 0.3908 1.0496 51 18 86
-2.5005 0.3906 1.1097 47 17 84
-2.5005 0.3941 1.1463 45 17 82
-2.5005 0.3875 1.2302 49 17 85
-2.5005 0.3879 1.2692 45 17 83
-2.4793 0.4474 -0.1216 140 91 92
-2.5005 0.4478 -0.0862 151 49 140
-2.4998 0.4496 0.0471 189 67 177
-2.4998 0.4484 0.0901 197 71 184
-2.4998 0.4486 0.1505 210 79 198
-2.4998 0.4485 0.2104 213 81 202
-2.4998 0.4497 0.2706 211 80 201
-2.4998 0.4500 0.3300 186 67 181
-2.4998 0.4499 0.3898 177 62 175
-2.4998 0.4494 0.4502 150 51 156
-2.4998 0.4502 0.5098 129 43 141
-2.4998 0.4504 0.5696 109 36 126
-2.4998 0.4512 0.6301 87 29 110
-2.4998 0.4515 0.6899 71 24 100
-2.4998 0.4507 0.7500 62 21 94
-2.4998 0.4509 0.8100 51 18 87
-2.4998 0.4520 0.8514 45 17 84
-2.5004 0.4507 0.9300 51 18 87
-2.5004 0.4519 0.9786 46 17 83
-2.5005 0.4495 1.0503 52 18 87
-2.5005 0.4494 1.1103 47 17 84
-2.5005 0.4511 1.1500 46 17 84
-2.5005 0.4476 1.2300 49 17 85
-2.5005 0.4487 1.2692 46 17 82
-2.4841 0.5128 -0.1214 195 148 145
-2.5005 0.5091 -0.0882 131 42 122
-2.4998 0.5088 0.0463 160 53 149
-2.4998 0.5087 0.0896 166 56 154
-2.4998 0.5086 0.1499 175 60 163
-2.4998 0.5084 0.2102 182 63 171
-2.4998 0.5095 0.2700 178 62 169
-2.4998 0.5099 0.3305 160 54 159
-2.4998 0.5107 0.3904 148 50 153
-2.4998 0.5118 0.4501 129 43 141
-2.4998 0.5109 0.5100 114 38 131
-2.4998 0.5116 0.5699 96 32 118
-2.4998 0.5107 0.6299 80 27 107
-2.4998 0.5111 0.6900 67 23 98
-2.4998 0.5107 0.7500 59 20 93
-2.4998 0.5106 0.8101 49 18 87
-2.4998 0.5114 0.8533 45 17 84
-2.5004 0.5110 0.9299 51 18 87
-2.5004 0.5119 0.9826 46 17 83
-2.5005 0.5091 1.0499 53 19 88
-2.5005 0.5093 1.1098 48 17 85
-2.5005 0.5104 1.1534 47 17 85
-2.5005 0.5087 1.2297 49 18 86
-2.5005 0.5086 1.2684 46 17 84
-2.4841 0.5698 -0.1215 179 128 137
-2.5005 0.5703 -0.0884 118 37 110
-2.4998 0.5695 0.0451 140 45 130
-2.4998 0.5697 0.0899 144 47 134
-2.4998 0.5689 0.1506 148 48 138
-2.4998 0.5691 0.2099 151 50 143
-2.4998 0.5688 0.2703 150 50 145
-2.4998 0.5690 0.3308 140 46 143
-2.4998 0.5699 0.3894 126 42 138
-2.4998 0.5701 0.4500 112 37 131
-2.4998 0.5703 0.5103 101 34 123
-2.4998 0.5695 0.5699 86 29 113
-2.4998 0.5702 0.6301 74 25 105
-2.4998 0.5693 0.6901 64 22 98
-2.4998 0.5712 0.7500 56 20 92
-2.4998 0.5710 0.8100 49 18 88
-2.4998 0.5717 0.8552 45 17 85
-2.5004 0.5704 0.9301 51 18 88
-2.5004 0.5709 0.9867 47 17 85
-2.5005 0.5700 1.0500 53 19 89
-2.5005 0.5701 1.1104 49 18 85
-2.5005 0.5708 1.1578 47 17 84
-2.5005 0.5702 1.2301 49 18 86
-2.5005 0.5702 1.2691 47 17 85
-2.4797 0.6258 -0.1216 209 170 149
-2.5005 0.6418 -0.0650 115 36 108
-2.4998 0.6297 0.0452 122 39 114
-2.4998 0.6292 0.0911 128 41 120
-2.4998 0.6307 0.1504 130 42 123
-2.4998 0.6305 0.2097 131 42 125
-2.4998 0.6303 0.2689 130 42 129
-2.4998 0.6301 0.3298 121 40 130
-2.4998 0.6299 0.3906 108 36 128
-2.4998 0.6298 0.4497 101 34 125
-2.4998 0.6292 0.5097 93 31 119
-2.4998 0.6298 0.5704 80 27 111
-2.4998 0.6291 0.6301 70 24 104
-2.4998 0.6287 0.6898 62 22 98
-2.4998 0.6308 0.7500 55 20 93
-2.4998 0.6303 0.8101 48 18 88
-2.4998 0.6309 0.8570 46 17 86
-2.5004 0.6286 0.9299 51 18 88
-2.5004 0.6286 0.9896 47 17 86
-2.5004 0.6450 1.0271 48 18 87
-2.5005 0.6294 1.1099 49 18 86
-2.5005 0.6300 1.1613 47 17 85
-2.5005 0.6296 1.2302 50 18 87
-2.5005 0.6297 1.2695 47 17 85
-2.4985 0.6993 -0.1211 121 48 109
-2.5005 0.6904 -0.0650 101 31 95
-2.4998 0.6896 0.0443 109 34 102
-2.4998 0.6899 0.0898 113 36 107
-2.4998 0.6911 0.1498 114 36 109
-2.4998 0.6909 0.2094 112 36 111
-2.4998 0.6907 0.2690 112 36 115
-2.4998 0.6900 0.3294 107 35 120
-2.4998 0.6906 0.3906 97 33 122
-2.4998 0.6900 0.4509 91 31 120
-2.4998 0.6898 0.5102 84 29 116
-2.4998 0.6895 0.5697 73 26 108
-2.4998 0.6891 0.6297 66 23 103
-2.4998 0.6893 0.6901 59 21 97
-2.4998 0.6893 0.7502 52 19 92
-2.4998 0.6898 0.8105 48 18 89
-2.4998 0.6908 0.8588 47 18 88
-2.5004 0.6881 0.9298 51 18 89
-2.5004 0.6879 0.9900 47 18 86
-2.5004 0.6932 1.0256 46 18 86
-2.5005 0.6895 1.1101 49 18 87
-2.5005 0.6900 1.1657 47 17 85
-2.5005 0.6901 1.2303 50 18 88
-2.5005 0.6902 1.2690 48 17 86
-2.4935 0.7519 -0.1219 156 101 104
-2.5005 0.7562 -0.0653 94 29 89
-2.4998 0.7508 0.0430 97 30 93
-2.4998 0.7506 0.0891 100 31 96
-2.4998 0.7504 0.1492 101 32 99
-2.4998 0.7501 0.2091 100 32 102
-2.4998 0.7499 0.2691 100 32 108
-2.4998 0.7496 0.3290 98 32 115
-2.4998 0.7493 0.3889 91 31 118
-2.4998 0.7489 0.4493 83 29 116
-2.4998 0.7489 0.5099 78 27 113
-2.4998 0.7488 0.5702 69 24 107
-2.4998 0.7489 0.6306 63 23 103
-2.4998 0.7502 0.6903 57 21 98
-2.4998 0.7499 0.7501 52 19 93
-2.4998 0.7506 0.8095 49 19 90
-2.4998 0.7515 0.8607 48 18 89
-2.5004 0.7486 0.9302 50 19 89
-2.5004 0.7487 0.9902 48 18 87
-2.5004 0.7514 1.0290 46 18 86
-2.5005 0.7506 1.1100 49 18 88
-2.5005 0.7510 1.1691 47 17 86
-2.5005 0.7650 1.2151 48 18 87
-2.5005 0.7508 1.2688 48 18 86
-2.4891 0.8150 -0.1215 118 64 85
-2.5006 0.8109 -0.0666 91 28 87
-2.4998 0.8114 0.0431 88 27 86
-2.4998 0.8107 0.0901 89 28 88
-2.4998 0.8099 0.1492 91 29 92
-2.4998 0.8101 0.2089 92 29 97
-2.4998 0.8098 0.2692 91 30 105
-2.4998 0.8096 0.3294 92 31 113
-2.4998 0.8093 0.3896 87 30 116
-2.4998 0.8090 0.4498 80 28 115
-2.4998 0.8088 0.5098 74 26 112
-2.4998 0.8085 0.5699 67 24 107
-2.4998 0.8085 0.6296 61 22 103
-2.4998 0.8111 0.6903 56 21 99
-2.4998 0.8113 0.7499 52 20 94
-2.4998 0.8111 0.8099 49 19 92
-2.4998 0.8112 0.8626 49 19 90
-2.5004 0.8108 0.9298 50 19 90
-2.5004 0.8106 0.9901 48 18 88
-2.5004 0.8124 1.0330 47 18 87
-2.5005 0.8100 1.1099 49 18 88
-2.5005 0.8100 1.1699 47 18 87
-2.5005 0.8147 1.2053 47 18 87
-2.5005 0.8102 1.2689 48 18 87
-2.4851 0.8713 -0.1219 126 74 90
-2.5006 0.8713 -0.0673 88 27 85
-2.4998 0.8697 0.0423 81 25 80
-2.4998 0.8700 0.0911 82 26 83
-2.4998 0.8715 0.1503 86 27 88
-2.4998 0.8704 0.2092 85 27 93
-2.4998 0.8705 0.2693 86 28 101
-2.4998 0.8702 0.3299 86 29 110
-2.4998 0.8699 0.3905 82 29 114
-2.4998 0.8695 0.4508 76 27 114
-2.4998 0.8690 0.5106 71 26 111
-2.4998 0.8690 0.5701 65 24 107
-2.4998 0.8688 0.6299 60 22 103
-2.4998 0.8697 0.6893 56 21 99
-2.4998 0.8701 0.7498 52 20 95
-2.4998 0.8697 0.8098 50 20 93
-2.4998 0.8713 0.8647 49 19 91
-2.5004 0.8715 0.9300 50 19 91
-2.5004 0.8716 0.9899 48 19 89
-2.5004 0.8725 1.0369 47 18 87
-2.5005 0.8706 1.1099 49 18 89
-2.5005 0.8706 1.1700 48 18 87
-2.5005 0.8737 1.2085 46 18 86
-2.5005 0.8701 1.2693 48 18 87
-2.4801 0.9301 -0.1217 126 75 86
-2.5006 0.9298 -0.0686 84 26 81
-2.4998 0.9293 0.0411 76 24 77
-2.4998 0.9295 0.0894 78 25 80
-2.4998 0.9306 0.1509 80 26 84
-2.4998 0.9303 0.2102 82 27 91
-2.4998 0.9300 0.2694 83 28 100
-2.4998 0.9296 0.3304 83 29 109
-2.4998 0.9289 0.3906 80 28 113
-2.4998 0.9310 0.4500 74 27 113
-2.4998 0.9306 0.5094 70 26 111
-2.4998 0.9303 0.5702 64 24 107
-2.4998 0.9296 0.6304 59 23 103
-2.4998 0.9295 0.6902 55 21 100
-2.4998 0.9294 0.7500 53 21 97
-2.4998 0.9291 0.8100 51 20 94
-2.4998 0.9306 0.8662 50 20 92
-2.5004 0.9312 0.9301 51 19 92
-2.5004 0.9310 0.9902 49 19 90
-2.5004 0.9321 1.0407 48 19 89
-2.5006 0.9321 1.1102 49 19 89
-2.5006 0.9321 1.1699 48 18 88
-2.5006 0.9337 1.2122 46 18 87
-2.5005 0.9313 1.2694 48 18 88
-2.4872 0.9904 -0.1217 143 97 109
-2.5006 0.9943 -0.0698 79 25 78
-2.4998 0.9902 0.0409 73 23 74
-2.4998 0.9888 0.0899 74 24 78
-2.4998 0.9889 0.1503 77 25 82
-2.4998 0.9903 0.2101 79 26 89
-2.4998 0.9901 0.2695 80 27 99
-2.4998 0.9897 0.3307 80 28 108
-2.4998 0.9896 0.3902 78 28 112
-2.4998 0.9906 0.4494 73 27 113
-2.4998 0.9903 0.5104 69 26 111
-2.4998 0.9906 0.5698 63 24 108
-2.4998 0.9901 0.6296 59 23 104
-2.4998 0.9894 0.6902 56 22 101
-2.4998 0.9891 0.7502 54 21 98
-2.4998 0.9893 0.8102 52 21 96
-2.4998 0.9908 0.8683 50 21 93
-2.5004 0.9895 0.9299 51 20 93
-2.5004 0.9892 0.9899 49 19 91
-2.5004 0.9901 1.0447 48 19 90
-2.5006 0.9916 1.1102 50 19 90
-2.5006 0.9918 1.1704 48 18 89
-2.5006 0.9928 1.2164 47 18 87
-2.5005 0.9913 1.2691 48 19 88
-2.4781 1.0487 -0.1219 213 175 154
-2.5006 1.0497 -0.0709 77 24 77
-2.4998 1.0485 0.0404 71 23 73
-2.4998 1.0496 0.0901 72 24 76
-2.4998 1.0498 0.1497 74 25 81
-2.4998 1.0512 0.2095 76 25 87
-2.4998 1.0510 0.2696 78 27 97
-2.4998 1.0507 0.3295 78 28 107
-2.4998 1.0503 0.3893 76 28 112
-2.4998 1.0495 0.4502 72 27 112
-2.4998 1.0500 0.5099 68 26 111
-2.4998 1.0490 0.5701 63 25 108
-2.4998 1.0486 0.6302 59 24 105
-2.4998 1.0498 0.6905 57 23 102
-2.4998 1.0495 0.7501 55 22 100
-2.4998 1.0500 0.8098 53 22 97
-2.4998 1.0513 0.8700 51 21 94
-2.5000 1.0674 0.9102 51 20 94
-2.5004 1.0487 0.9901 50 20 92
-2.5004 1.0494 1.0486 49 19 91
-2.5006 1.0524 1.1098 50 19 91
-2.5006 1.0523 1.1699 48 19 89
-2.5006 1.0531 1.2199 47 19 88
-2.5006 1.0502 1.2691 49 19 89
-2.4918 1.1052 -0.1213 139 95 113
-2.5023 1.1215 -0.0932 241 237 223
-2.5052 1.1193 -0.0216 234 229 217
-2.4998 1.1076 0.0896 71 24 76
-2.4998 1.1072 0.1504 73 25 81
-2.4998 1.1071 0.2095 74 25 87
-2.4998 1.1067 0.2697 76 27 96
-2.4998 1.1063 0.3299 77 28 106
-2.4998 1.1059 0.3901 75 29 111
-2.4998 1.1055 0.4502 71 28 112
-2.4998 1.1051 0.5102 67 27 111
-2.4998 1.1047 0.5702 64 26 109
-2.4998 1.1042 0.6300 59 25 106
-2.4998 1.1049 0.6895 57 23 103
-2.4998 1.1055 0.7499 55 23 101
-2.4998 1.1049 0.8102 54 22 98
-2.4998 1.1050 0.8700 52 22 96
-2.4999 1.1048 0.9041 52 21 95
-2.5004 1.1091 0.9898 50 20 93
-2.5004 1.1091 1.0500 49 20 91
-2.5004 1.1179 1.0850 49 20 91
-2.5006 1.1108 1.1700 49 19 90
-2.5006 1.1115 1.2238 48 19 89
-2.5006 1.1096 1.2688 49 19 89
-2.4988 1.1701 -0.1214 77 32 75
-2.5035 1.1693 -0.0891 154 130 146
-2.5056 1.1714 -0.0305 157 132 150
-2.5004 1.1685 0.0891 74 24 79
-2.5004 1.1685 0.1493 76 25 84
-2.5004 1.1685 0.2096 78 26 90
-2.5004 1.1685 0.2698 80 27 97
-2.5004 1.1685 0.3301 81 28 106
-2.5004 1.1684 0.3903 79 29 111
-2.5004 1.1684 0.4506 76 28 114
-2.5004 1.1684 0.5109 74 27 113
-2.5004 1.1680 0.5707 69 26 111
-2.5004 1.1683 0.6304 65 25 108
-2.5004 1.1683 0.6902 62 24 106
-2.5004 1.1683 0.7501 59 23 103
-2.5004 1.1683 0.8100 57 23 102
-2.5004 1.1683 0.8701 54 22 98
-2.5004 1.1683 0.9302 52 21 96
-2.5004 1.1683 0.9903 51 21 94
-2.5004 1.1681 1.0504 50 20 92
-2.5004 1.1716 1.0876 50 20 91
-2.5006 1.1699 1.1701 49 20 91
-2.5006 1.1710 1.2276 49 20 91
-2.5006 1.1710 1.2689 50 19 91
-2.4969 1.2295 -0.1220 122 86 99
-2.4988 1.2404 -0.0952 236 215 155
-2.5058 1.2436 -0.0279 232 208 152
-2.5005 1.2287 0.0901 73 24 78
-2.5005 1.2281 0.1490 75 25 83
-2.5005 1.2286 0.2092 76 26 89
-2.5005 1.2286 0.2700 78 27 97
-2.5005 1.2286 0.3308 79 29 106
-2.5005 1.2280 0.3909 79 29 111
-2.5005 1.2286 0.4500 76 29 113
-2.5005 1.2290 0.5093 73 28 114
-2.5005 1.2285 0.5695 69 27 111
-2.5005 1.2283 0.6302 65 26 109
-2.5005 1.2281 0.6902 62 25 107
-2.5005 1.2284 0.7500 59 24 103
-2.5005 1.2286 0.8100 57 23 102
-2.5004 1.2284 0.8700 55 23 100
-2.5004 1.2283 0.9299 53 22 97
-2.5004 1.2285 0.9897 51 22 95
-2.5004 1.2284 1.0499 50 21 93
-2.5004 1.2301 1.0911 50 21 92
-2.5006 1.2303 1.1697 50 20 92
-2.5006 1.2305 1.2302 49 20 91
-2.5006 1.2409 1.2637 49 20 91
-2.4926 1.2900 -0.1220 108 83 95
-2.5038 1.2908 -0.0941 132 98 106
-2.5059 1.2877 -0.0318 139 102 110
-2.5005 1.2898 0.0907 72 24 77
-2.5005 1.2898 0.1498 74 25 83
-2.5005 1.2898 0.2088 75 26 88
-2.5005 1.2898 0.2702 77 27 96
-2.5005 1.2892 0.3306 79 29 105
-2.5005 1.2904 0.3896 78 29 110
-2.5005 1.2898 0.4497 75 29 113
-2.5005 1.2892 0.5103 72 28 113
-2.5005 1.2900 0.5698 68 27 112
-2.5005 1.2901 0.6297 65 26 110
-2.5005 1.2893 0.6901 62 25 107
-2.5005 1.2897 0.7501 59 24 104
-2.5005 1.2899 0.8102 57 24 103
-2.5005 1.2896 0.8702 55 23 101
-2.5005 1.2896 0.9300 54 22 98
-2.5005 1.2896 0.9901 52 22 96
-2.5005 1.2897 1.0501 51 22 94
-2.5005 1.2911 1.0949 51 22 94
-2.5006 1.2887 1.1701 50 20 93
-2.5006 1.2885 1.2304 49 20 91
-2.5006 1.2906 1.2661 49 20 91
-2.4888 1.3494 -0.1220 92 74 92
-2.5044 1.3507 -0.0892 70 25 78
-2.5061 1.3498 -0.0336 70 24 80
-2.5005 1.3492 0.0895 71 24 77
-2.5005 1.3498 0.1508 73 25 83
-2.5005 1.3490 0.2103 75 26 89
-2.5005 1.3494 0.2704 76 28 96
-2.5005 1.3494 0.3300 78 29 104
-2.5005 1.3494 0.3896 77 29 110
-2.5005 1.3488 0.4502 75 30 113
-2.5005 1.3499 0.5098 72 29 113
-2.5005 1.3489 0.5701 68 28 112
-2.5005 1.3496 0.6300 65 27 110
-2.5005 1.3492 0.6899 62 26 108
-2.5005 1.3492 0.7500 59 25 105
-2.5005 1.3496 0.8099 57 24 103
-2.5005 1.3490 0.8700 56 24 101
-2.5005 1.3493 0.9301 54 23 100
-2.5005 1.3493 0.9900 53 23 97
-2.5005 1.3494 1.0502 52 23 95
-2.5005 1.3501 1.0990 51 23 94
-2.5006 1.3478 1.1702 51 21 94
-2.5006 1.3475 1.2300 50 20 92
-2.5006 1.3480 1.2687 50 21 92
-2.4867 1.4130 -0.1217 86 68 90
-2.5021 1.4100 -0.0957 70 28 79
-2.5062 1.4104 -0.0380 70 23 79
-2.5005 1.4101 0.0901 71 25 78
-2.5005 1.4101 0.1503 72 26 82
-2.5005 1.4101 0.2104 74 27 88
-2.5005 1.4101 0.2706 76 28 96
-2.5005 1.4101 0.3307 77 29 104
-2.5005 1.4095 0.3901 77 30 110
-2.5005 1.4107 0.4502 75 30 114
-2.5005 1.4094 0.5100 72 29 113
-2.5005 1.4107 0.5701 68 29 112
-2.5005 1.4095 0.6301 66 27 111
-2.5005 1.4104 0.6901 63 26 108
-2.5005 1.4097 0.7503 60 25 106
-2.5005 1.4101 0.8100 58 25 104
-2.5005 1.4101 0.8700 56 24 102
-2.5005 1.4100 0.9300 55 24 100
-2.5005 1.4099 0.9900 54 24 99
-2.5005 1.4101 1.0500 53 24 97
-2.5005 1.4109 1.1027 52 24 96
-2.5006 1.4074 1.1703 51 22 94
-2.5006 1.4074 1.2306 50 21 93
-2.5006 1.4074 1.2694 50 22 92
-2.4989 1.4567 -0.1206 95 36 91
-2.5063 1.4667 -0.0888 69 23 78
-2.5063 1.4644 -0.0392 70 24 79
-2.5005 1.4724 0.0894 70 25 77
-2.5005 1.4714 0.1500 72 26 83
-2.5005 1.4719 0.2101 74 27 89
-2.5005 1.4714 0.2699 75 29 96
-2.5005 1.4725 0.3305 77 30 104
-2.5005 1.4719 0.3898 77 31 109
-2.5005 1.4714 0.4496 75 31 113
-2.5005 1.4725 0.5103 72 30 113
-2.5005 1.4717 0.5699 68 29 112
-2.5005 1.4716 0.6297 66 28 111
-2.5005 1.4725 0.6902 63 27 109
-2.5005 1.4714 0.7502 60 26 107
-2.5005 1.4718 0.8100 58 26 105
-2.5005 1.4721 0.8701 57 25 103
-2.5005 1.4718 0.9301 55 25 101
-2.5005 1.4718 0.9899 54 25 99
-2.5005 1.4717 1.0500 53 25 98
-2.5005 1.4728 1.1069 52 25 96
-2.5006 1.4680 1.1700 52 22 95
-2.5006 1.4684 1.2299 51 22 94
-2.5006 1.4680 1.2685 51 22 93
-2.4855 1.5303 -0.1217 192 122 154
-2.4953 1.5385 -0.0989 229 212 163
-2.5068 1.5442 -0.0328 215 194 154
-2.5005 1.5228 0.0902 70 26 78
-2.5005 1.5229 0.1510 72 27 83
-2.5005 1.5230 0.2098 73 28 89
-2.5005 1.5230 0.2685 74 29 95
-2.5005 1.5229 0.3297 76 30 103
-2.5005 1.5230 0.3909 76 31 109
-2.5005 1.5230 0.4497 74 31 112
-2.5005 1.5225 0.5095 72 30 113
-2.5005 1.5234 0.5706 69 30 113
-2.5005 1.5230 0.6309 66 29 111
-2.5005 1.5230 0.6896 63 28 109
-2.5005 1.5225 0.7495 61 27 107
-2.5005 1.5230 0.8100 59 27 106
-2.5005 1.5233 0.8702 57 26 104
-2.5005 1.5228 0.9301 56 26 102
-2.5005 1.5228 0.9899 54 25 100
-2.5005 1.5230 1.0501 54 26 99
-2.5005 1.5231 1.1100 53 25 97
-2.5005 1.5355 1.1553 52 25 97
-2.5006 1.5301 1.2303 52 22 95
-2.5006 1.5300 1.2692 51 22 94
-2.4831 1.5903 -0.1218 198 129 158
-2.5070 1.5895 -0.0899 155 125 124
-2.5070 1.5896 -0.0342 155 125 124
-2.5006 1.5890 0.0899 73 27 81
-2.5006 1.5890 0.1510 75 28 86
-2.5006 1.5890 0.2093 76 29 91
-2.5006 1.5891 0.2704 77 30 97
-2.5006 1.5891 0.3316 78 31 104
-2.5006 1.5891 0.3899 79 31 109
-2.5006 1.5885 0.4493 78 30 112
-2.5006 1.5898 0.5104 75 30 113
-2.5006 1.5892 0.5706 72 29 113
-2.5006 1.5889 0.6293 69 28 112
-2.5006 1.5891 0.6898 66 27 111
-2.5006 1.5898 0.7507 64 26 109
-2.5006 1.5893 0.8098 61 26 107
-2.5006 1.5887 0.8694 59 25 105
-2.5006 1.5895 0.9304 57 25 103
-2.5006 1.5899 0.9899 56 24 102
-2.5006 1.5889 1.0498 55 24 100
-2.5006 1.5893 1.1101 54 23 99
-2.5006 1.5896 1.1699 53 23 97
-2.5006 1.5896 1.2298 52 23 96
-2.5006 1.5887 1.2692 52 23 95
-2.4822 1.6519 -0.1217 200 133 158
-2.5062 1.6502 -0.0907 70 24 79
-2.5070 1.6479 -0.0337 70 24 80
-2.5006 1.6488 0.0912 73 27 81
-2.5006 1.6491 0.1503 74 28 85
-2.5006 1.6491 0.2090 75 29 90
-2.5006 1.6484 0.2694 77 30 96
-2.5006 1.6500 0.3309 78 31 103
-2.5006 1.6493 0.3910 78 31 109
-2.5006 1.6493 0.4497 77 31 112
-2.5006 1.6488 0.5091 74 30 113
-2.5006 1.6492 0.5698 72 29 113
-2.5006 1.6501 0.6308 69 29 112
-2.5006 1.6494 0.6906 66 28 111
-2.5006 1.6491 0.7497 64 27 109
-2.5006 1.6490 0.8098 61 26 107
-2.5006 1.6495 0.8700 59 26 105
-2.5006 1.6497 0.9303 58 25 104
-2.5006 1.6501 0.9898 56 25 103
-2.5006 1.6490 1.0499 55 25 101
-2.5006 1.6494 1.1102 55 24 99
-2.5006 1.6497 1.1699 53 24 98
-2.5006 1.6496 1.2297 52 24 97
-2.5006 1.6503 1.2685 52 23 96
-2.4846 1.7105 -0.1215 196 130 153
-2.5006 1.7108 -0.0849 69 25 72
-2.5006 1.7097 0.0009 69 25 75
-2.5006 1.7101 0.0904 72 27 81
-2.5006 1.7101 0.1496 74 28 86
-2.5006 1.7101 0.2087 75 29 90
-2.5006 1.7102 0.2679 76 30 96
-2.5006 1.7102 0.3300 78 30 103
-2.5006 1.7103 0.3921 78 31 108
-2.5006 1.7103 0.4512 77 31 111
-2.5006 1.7103 0.5104 74 31 113
-2.5006 1.7104 0.5697 72 30 113
-2.5006 1.7104 0.6289 69 29 112
-2.5006 1.7099 0.6889 67 28 111
-2.5006 1.7103 0.7495 64 27 110
-2.5006 1.7107 0.8102 62 27 108
-2.5006 1.7106 0.8703 60 26 106
-2.5006 1.7109 0.9308 60 27 106
-2.5006 1.7107 0.9902 57 26 103
-2.5006 1.7104 1.0499 56 25 102
-2.5006 1.7105 1.1101 55 24 100
-2.5006 1.7106 1.1699 54 25 99
-2.5006 1.7107 1.2300 53 25 98
-2.5006 1.7108 1.2689 53 23 97
-2.4671 1.7888 -0.1230 180 97 81
-2.5006 1.7683 -0.0862 68 26 72
-2.5006 1.7683 0.0003 69 25 75
-2.5006 1.7684 0.0893 72 27 81
-2.5006 1.7684 0.1489 73 28 85
-2.5006 1.7684 0.2084 75 29 90
-2.5006 1.7685 0.2680 76 29 95
-2.5006 1.7685 0.3276 77 31 102
-2.5006 1.7679 0.3887 77 31 107
-2.5006 1.7688 0.4505 76 31 111
-2.5006 1.7689 0.5112 74 31 113
-2.5006 1.7690 0.5716 72 31 113
-2.5006 1.7687 0.6316 69 30 112
-2.5006 1.7688 0.6913 67 29 112
-2.5006 1.7688 0.7509 64 28 110
-2.5006 1.7688 0.8105 62 28 108
-2.5006 1.7689 0.8703 60 27 107
-2.5006 1.7689 0.9302 59 26 106
-2.5006 1.7690 0.9897 57 26 104
-2.5006 1.7687 1.0498 56 26 102
-2.5006 1.7689 1.1103 55 26 101
-2.5006 1.7691 1.1703 54 25 100
-2.5006 1.7692 1.2301 53 25 98
-2.5006 1.7687 1.2694 53 25 98
-2.4695 1.8362 -0.1234 189 101 70
-2.5006 1.8042 -0.0872 82 31 85
-2.5005 1.8027 0.0016 73 27 78
-2.5005 1.8041 0.0888 81 30 88
-2.5005 1.8041 0.1486 83 31 92
-2.5005 1.8041 0.2084 85 33 99
-2.5005 1.8041 0.2682 85 33 103
-2.5005 1.8043 0.3280 84 33 107
-2.5005 1.8044 0.3880 82 33 110
-2.5005 1.8044 0.4478 80 32 112
-2.5005 1.8044 0.5077 75 32 113
-2.5005 1.8044 0.5676 72 30 112
-2.5005 1.8044 0.6275 69 29 111
-2.5005 1.8044 0.6874 66 29 110
-2.5005 1.8043 0.7500 63 28 109
-2.5005 1.8044 0.8116 61 27 107
-2.5005 1.8045 0.8726 59 27 105
-2.5006 1.8044 0.9345 59 26 106
-2.5006 1.8043 0.9923 58 27 105
-2.5006 1.8043 1.0525 57 26 103
-2.5006 1.8046 1.1134 59 29 103
-2.5006 1.8046 1.1725 55 25 101
-2.5006 1.8048 1.2323 54 25 99
-2.5007 1.8090 1.2707 54 24 99
-2.4787 1.8936 -0.1234 173 92 69
-2.5009 1.8903 -0.0857 209 78 196
-2.4991 1.8865 0.0561 140 45 130
-2.4991 1.8898 0.0902 155 51 144
-2.4991 1.8899 0.1503 158 53 147
-2.4991 1.8904 0.2097 160 54 150
-2.4991 1.8903 0.2698 151 50 145
-2.4991 1.8911 0.3304 133 44 134
-2.4991 1.8909 0.3899 115 38 128
-2.4991 1.8905 0.4499 102 34 122
-2.4991 1.8901 0.5100 74 25 108
-2.4991 1.8897 0.5700 63 22 103
-2.4991 1.8905 0.6302 55 20 98
-2.4991 1.8905 0.6900 50 19 93
-2.4991 1.8900 0.7500 49 18 91
-2.4991 1.8872 0.7912 46 17 87
-2.4993 1.8900 0.8701 48 17 88
-2.5002 1.8896 0.9538 63 23 106
-2.5004 1.8888 0.9914 64 24 108
-2.5004 1.8891 1.0484 64 23 107
-2.5009 1.8867 1.1209 62 24 107
-2.5009 1.8889 1.1684 60 23 105
-2.5009 1.8880 1.2300 59 22 104
-2.5009 1.8884 1.2715 58 22 103
-2.4823 1.9506 -0.1232 152 80 69
-2.4991 1.9585 -0.1153 91 28 85
-2.4991 1.9366 0.0569 133 43 124
-2.4991 1.9502 0.0900 121 38 114
-2.4991 1.9501 0.1498 121 38 115
-2.4991 1.9509 0.2096 117 37 113
-2.4991 1.9503 0.2696 112 36 113
-2.4991 1.9500 0.3298 103 33 113
-2.4991 1.9510 0.3901 90 30 113
-2.4991 1.9507 0.4500 80 27 110
-2.4991 1.9502 0.5100 62 22 104
-2.4991 1.9499 0.5700 57 21 101
-2.4991 1.9504 0.6298 54 20 98
-2.4991 1.9504 0.6900 51 19 94
-2.4991 1.9507 0.7503 49 18 91
-2.4991 1.9404 0.7852 47 17 88
-2.4993 1.9503 0.8701 47 17 89
-2.5002 1.9577 0.9452 212 202 189
-2.5004 1.9531 0.9897 65 24 108
-2.5004 1.9526 1.0515 64 24 108
-2.5009 1.9499 1.1201 92 59 123
-2.5009 1.9480 1.1712 60 23 105
-2.5009 1.9467 1.2311 60 23 104
-2.5009 1.9493 1.2688 59 23 103
-2.4847 1.9975 -0.1232 211 170 148
-2.4991 2.0025 -0.1124 80 25 76
-2.4993 2.0093 0.0360 143 46 133
-2.4991 2.0004 0.0914 98 31 94
-2.4991 2.0004 0.1503 98 31 96
-2.4991 1.9999 0.2103 93 29 94
-2.4991 1.9997 0.2697 90 28 97
-2.4991 1.9989 0.3300 85 28 103
-2.4991 1.9999 0.3900 76 26 107
-2.4991 1.9995 0.4499 68 24 106
-2.4991 1.9992 0.5099 58 22 103
-2.4991 1.9988 0.5700 58 21 102
-2.4991 1.9984 0.6299 54 20 98
-2.4991 1.9980 0.6900 51 19 94
-2.4991 1.9977 0.7477 49 18 92
-2.4993 2.0103 0.8101 50 18 92
-2.4993 2.0101 0.8701 48 18 90
-2.5002 2.0107 0.9457 62 23 106
-2.5004 2.0101 0.9885 66 24 109
-2.5004 2.0114 1.0501 65 24 108
-2.5009 2.0082 1.1219 96 62 120
-2.5009 2.0072 1.1709 60 23 105
-2.5009 2.0089 1.2288 60 23 105
-2.5009 2.0079 1.2702 59 23 104
-2.4843 2.0683 -0.1218 202 145 158
-2.5009 2.0728 -0.0675 166 56 154
-2.4993 2.0702 0.0383 117 37 110
-2.4993 2.0708 0.0901 121 38 114
-2.4993 2.0710 0.1505 118 38 113
-2.4993 2.0705 0.2107 113 36 110
-2.4993 2.0704 0.2703 108 34 110
-2.4993 2.0703 0.3298 108 35 113
-2.4993 2.0704 0.3897 102 33 117
-2.4993 2.0702 0.4499 92 31 116
-2.4993 2.0699 0.5100 74 26 110
-2.4993 2.0698 0.5699 72 25 109
-2.4993 2.0699 0.6299 62 22 103
-2.4993 2.0696 0.6901 55 20 98
-2.4993 2.0694 0.7501 52 19 95
-2.4993 2.0695 0.8101 49 18 92
-2.4993 2.0692 0.8701 48 18 90
-2.5002 2.0690 0.9481 64 24 107
-2.5004 2.0694 0.9895 66 25 110
-2.5004 2.0675 1.0486 65 24 109
-2.5009 2.0689 1.1202 61 24 106
-2.5009 2.0688 1.1685 61 23 106
-2.5009 2.0680 1.2308 60 23 105
-2.5009 2.0677 1.2708 59 23 104
-2.4847 2.1282 -0.1218 196 136 153
-2.5009 2.1320 -0.0699 150 49 139
-2.4993 2.1303 0.0404 100 31 95
-2.4993 2.1314 0.0900 100 31 96
-2.4993 2.1305 0.1497 97 30 95
-2.4993 2.1309 0.2100 95 30 96
-2.4993 2.1305 0.2699 91 29 100
-2.4993 2.1307 0.3298 90 29 102
-2.4993 2.1300 0.3901 86 28 107
-2.4993 2.1305 0.4499 79 27 111
-2.4993 2.1301 0.5099 69 24 108
-2.4993 2.1298 0.5699 65 23 106
-2.4993 2.1300 0.6301 58 21 102
-2.4993 2.1296 0.6900 54 20 98
-2.4993 2.1296 0.7499 52 19 95
-2.4993 2.1294 0.8099 50 19 93
-2.4993 2.1293 0.8699 49 18 91
-2.5002 2.1269 0.9476 64 24 106
-2.5004 2.1281 0.9922 67 25 110
-2.5004 2.1277 1.0491 65 24 109
-2.5009 2.1322 1.1205 91 58 121
-2.5009 2.1295 1.1713 61 24 106
-2.5009 2.1311 1.2296 60 23 105
-2.5009 2.1303 1.2682 59 23 104
-2.4824 2.1887 -0.1218 197 146 152
-2.5009 2.1910 -0.0722 130 41 120
-2.4993 2.1883 0.0426 86 26 83
-2.4993 2.1890 0.0899 86 27 85
-2.4993 2.1890 0.1498 85 26 86
-2.4993 2.1886 0.2104 84 26 88
-2.4993 2.1888 0.2704 82 26 96
-2.4993 2.1879 0.3295 81 26 99
-2.4993 2.1881 0.3896 78 26 103
-2.4993 2.1884 0.4500 71 25 108
-2.4993 2.1879 0.5099 65 24 107
-2.4993 2.1878 0.5701 61 22 105
-2.4993 2.1878 0.6300 57 21 102
-2.4993 2.1875 0.6900 55 20 99
-2.4993 2.1874 0.7500 53 20 97
-2.4993 2.1872 0.8099 50 19 93
-2.4993 2.1861 0.8679 50 18 92
-2.5005 2.1916 0.9474 160 136 163
-2.5004 2.1881 0.9903 67 25 110
-2.5004 2.1868 1.0520 65 24 109
-2.5009 2.1907 1.1214 89 54 117
-2.5009 2.1928 1.1697 61 24 106
-2.5009 2.1920 1.2296 60 24 105
-2.5009 2.1915 1.2722 59 24 105
-2.4833 2.2504 -0.1218 148 90 107
-2.5009 2.2513 -0.0748 118 37 110
-2.5009 2.2498 -0.0003 129 41 121
-2.5009 2.2500 0.0896 145 47 135
-2.5009 2.2499 0.1500 138 45 131
-2.5009 2.2499 0.2105 140 46 133
-2.5009 2.2498 0.2710 135 44 132
-2.5009 2.2498 0.3314 135 44 135
-2.5009 2.2491 0.3911 139 46 140
-2.5009 2.2495 0.4502 124 41 135
-2.5009 2.2496 0.5098 112 37 130
-2.5009 2.2496 0.5698 106 35 127
-2.5009 2.2495 0.6300 102 34 123
-2.5009 2.2495 0.6902 93 31 118
-2.5009 2.2491 0.7501 85 28 112
-2.5009 2.2491 0.8100 73 25 104
-2.5009 2.2491 0.8699 72 24 103
-2.5005 2.2475 0.9476 172 143 152
-2.5004 2.2488 0.9895 66 25 110
-2.5004 2.2536 1.0507 65 25 109
-2.5009 2.2542 1.1208 63 24 108
-2.5009 2.2542 1.1695 61 24 107
-2.5009 2.2528 1.2306 60 24 106
-2.5009 2.2555 1.2689 60 24 105
-2.4830 2.3115 -0.1216 128 71 91
-2.5009 2.3104 -0.0774 110 35 103
-2.5009 2.3100 0.0004 120 38 112
-2.5009 2.3098 0.0900 129 41 121
-2.5009 2.3093 0.1491 124 40 119
-2.5009 2.3097 0.2099 124 40 120
-2.5009 2.3096 0.2713 126 41 125
-2.5009 2.3091 0.3305 121 39 124
-2.5009 2.3099 0.3890 124 41 130
-2.5009 2.3094 0.4498 114 38 129
-2.5009 2.3088 0.5104 105 35 126
-2.5009 2.3092 0.5701 99 33 123
-2.5009 2.3095 0.6300 95 32 120
-2.5009 2.3092 0.6898 93 31 118
-2.5009 2.3089 0.7494 83 28 111
-2.5009 2.3090 0.8100 73 25 104
-2.5009 2.3089 0.8702 70 24 103
-2.5005 2.3074 0.9505 67 25 108
-2.5004 2.3091 0.9878 66 25 110
-2.5004 2.3128 1.0471 65 25 109
-2.5009 2.3126 1.1209 87 51 118
-2.5009 2.3098 1.1706 62 24 107
-2.5009 2.3120 1.2294 60 24 106
-2.5009 2.3108 1.2700 61 24 106
-2.4821 2.3721 -0.1216 124 71 89
-2.5009 2.3715 -0.0797 99 31 94
-2.5009 2.3714 -0.0003 108 34 102
-2.5009 2.3713 0.0903 113 36 107
-2.5009 2.3713 0.1498 112 35 109
-2.5009 2.3712 0.2093 112 36 111
-2.5009 2.3705 0.2705 112 36 114
-2.5009 2.3718 0.3299 108 35 116
-2.5009 2.3708 0.3903 109 35 120
-2.5009 2.3708 0.4503 103 34 123
-2.5009 2.3714 0.5100 99 33 123
-2.5009 2.3701 0.5704 92 31 119
-2.5009 2.3713 0.6301 90 30 118
-2.5009 2.3703 0.6899 89 30 116
-2.5009 2.3708 0.7499 80 27 110
-2.5009 2.3703 0.8100 75 25 106
-2.5009 2.3707 0.8700 68 24 102
-2.5005 2.3681 0.9519 67 25 108
-2.5005 2.3674 0.9918 66 25 110
-2.5006 2.3666 1.0504 66 26 110
-2.5009 2.3667 1.1211 96 61 117
-2.5009 2.3689 1.1700 62 25 108
-2.5009 2.3680 1.2307 61 24 106
-2.5009 2.3652 1.2730 61 24 106
-2.4824 2.4343 -0.1216 124 72 88
-2.5009 2.4324 -0.0823 94 29 90
-2.5009 2.4317 0.0005 99 31 95
-2.5009 2.4311 0.0902 101 32 98
-2.5009 2.4322 0.1500 100 31 100
-2.5009 2.4308 0.2102 103 32 104
-2.5009 2.4314 0.2690 103 33 108
-2.5009 2.4313 0.3294 101 33 111
-2.5009 2.4312 0.3897 100 33 115
-2.5009 2.4309 0.4498 99 33 119
-2.5009 2.4314 0.5101 95 32 120
-2.5009 2.4304 0.5695 87 30 117
-2.5009 2.4317 0.6298 85 29 115
-2.5009 2.4303 0.6898 83 28 114
-2.5009 2.4311 0.7495 76 26 108
-2.5009 2.4306 0.8099 73 25 106
-2.5009 2.4308 0.8699 66 23 101
-2.5006 2.4188 0.9519 65 25 107
-2.5005 2.4298 0.9921 66 25 110
-2.5006 2.4273 1.0532 66 26 110
-2.5009 2.4317 1.1203 63 25 109
-2.5009 2.4318 1.1698 62 25 107
-2.5009 2.4318 1.2293 61 25 107
-2.5009 2.4317 1.2674 61 24 106
-2.4768 2.4643 -0.1215 134 87 95
-2.4835 2.4667 -0.0816 85 27 82
-2.4828 2.4667 0.0006 89 28 86
-2.4823 2.4667 0.0904 91 29 90
-2.4836 2.4666 0.1500 92 30 94
-2.4825 2.4667 0.2100 94 30 98
-2.4828 2.4666 0.2696 93 31 102
-2.4836 2.4666 0.3297 94 31 107
-2.4828 2.4666 0.3904 92 32 113
-2.4835 2.4666 0.4494 93 32 116
-2.4835 2.4666 0.5095 90 32 118
-2.4832 2.4666 0.5703 81 29 115
-2.4837 2.4666 0.6299 81 29 114
-2.4837 2.4665 0.6900 77 28 111
-2.4833 2.4665 0.7502 71 26 107
-2.4845 2.4665 0.8104 69 25 105
-2.4835 2.4665 0.8705 64 23 100
-2.4808 2.4645 0.9461 155 130 148
-2.4838 2.4643 0.9898 66 25 109
-2.4831 2.4644 1.0504 65 26 107
-2.4776 2.4647 1.1174 72 35 110
-2.4796 2.4647 1.1697 61 24 106
-2.4794 2.4647 1.2291 60 23 105
-2.4793 2.4646 1.2694 71 47 119
-2.4181 -2.5255 -0.1212 136 105 105
-2.4312 -2.5319 -0.0895 98 30 95
-2.4290 -2.5319 0.0027 101 31 99
-2.4294 -2.5319 0.0912 105 33 103
-2.4295 -2.5319 0.1508 103 32 104
-2.4294 -2.5319 0.2105 101 32 104
-2.4295 -2.5319 0.2702 101 32 108
-2.4294 -2.5319 0.3298 99 32 107
-2.4295 -2.5319 0.3895 104 33 113
-2.4294 -2.5319 0.4491 103 34 118
-2.4295 -2.5319 0.5088 99 33 122
-2.4285 -2.5319 0.5694 101 34 127
-2.4303 -2.5319 0.6289 99 34 128
-2.4279 -2.5319 0.6905 103 35 129
-2.4310 -2.5319 0.7499 104 36 134
-2.4281 -2.5319 0.8107 99 34 135
-2.4308 -2.5319 0.8701 96 34 135
-2.4281 -2.5319 0.9300 97 34 134
-2.4308 -2.5319 0.9895 94 33 134
-2.4281 -2.5319 1.0492 91 32 133
-2.4299 -2.5319 1.1090 96 34 136
-2.4298 -2.5319 1.1703 105 36 141
-2.4299 -2.5319 1.2299 111 38 145
-2.4299 -2.5318 1.2696 112 39 145
-2.4317 -2.4894 -0.1217 154 124 120
-2.4264 -2.4902 -0.1197 143 117 117
-2.4321 -2.4296 -0.1218 156 125 120
-2.4308 -2.4142 -0.1198 149 122 120
-2.4289 -2.3729 -0.1219 162 131 124
-2.4165 -2.3472 -0.1199 153 125 123
-2.4265 -2.2950 -0.1207 123 100 106
-2.4462 -2.3336 -0.1198 149 122 120
-2.4369 -2.2665 -0.1203 107 84 93
-2.4315 -2.2746 -0.1198 109 86 94
-2.4322 -2.2055 -0.1204 80 66 85
-2.4294 -2.2069 -0.1199 80 67 86
-2.4283 -2.1460 -0.1205 82 66 85
-2.4290 -2.1217 -0.1198 77 68 86
-2.4278 -2.0776 -0.1206 86 67 84
-2.4300 -2.0519 -0.1199 89 72 86
-2.4276 -2.0092 -0.1207 144 113 111
-2.4375 -2.0180 -0.1195 90 77 88
-2.4354 -1.9449 -0.1208 173 139 129
-2.4295 -1.9527 -0.1197 112 96 104
-2.4303 -1.8841 -0.1209 178 144 132
-2.4131 -1.8742 -0.1198 115 99 107
-2.4239 -1.8311 -0.1210 185 151 137
-2.4415 -1.8453 -0.1199 117 100 107
-2.4321 -1.7683 -0.1211 133 100 102
-2.4183 -1.7627 -0.1196 88 75 87
-2.4289 -1.7070 -0.1212 96 66 80
-2.4468 -1.7309 -0.1196 72 67 83
-2.4326 -1.6510 -0.1213 99 66 79
-2.4297 -1.6498 -0.1198 71 66 83
-2.4273 -1.5852 -0.1214 105 67 78
-2.4222 -1.5798 -0.1198 72 66 84
-2.4300 -1.5296 -0.1215 152 109 102
-2.4403 -1.5415 -0.1199 84 72 87
-2.4304 -1.4713 -0.1216 214 176 152
-2.4314 -1.4624 -0.1195 125 104 109
-2.4292 -1.4093 -0.1217 218 180 156
-2.4351 -1.4172 -0.1197 130 108 113
-2.4308 -1.3486 -0.1219 224 189 163
-2.4180 -1.3432 -0.1198 136 113 116
-2.4325 -1.3025 -0.1219 223 186 160
-2.4442 -1.3027 -0.1198 129 106 110
-2.4312 -1.2449 -0.1219 122 71 73
-2.4310 -1.2297 -0.1200 79 69 87
-2.4297 -1.1626 -0.1235 222 126 68
-2.4306 -1.1579 -0.1199 79 68 87
-2.4296 -1.1084 -0.1236 232 137 72
-2.4308 -1.1229 -0.1195 77 69 87
-2.4303 -1.0524 -0.1237 242 159 88
-2.4306 -1.0497 -0.1197 93 76 90
-2.4434 -0.9872 -0.1220 254 254 249
-2.4295 -0.9793 -0.1198 148 121 120
-2.4378 -0.9154 -0.1219 233 220 201
-2.4290 -0.9198 -0.1200 151 123 121
-2.4293 -0.8681 -0.1218 206 186 172
-2.4273 -0.8892 -0.1196 144 119 119
-2.4330 -0.8102 -0.1218 176 144 135
-2.4325 -0.8183 -0.1198 148 121 120
-2.4263 -0.7483 -0.1218 118 91 99
-2.4307 -0.7479 -0.1199 73 73 95
-2.4337 -0.6929 -0.1217 93 67 84
-2.4277 -0.6785 -0.1198 71 73 96
-2.4172 -0.6265 -0.1212 84 71 91
-2.4340 -0.6098 -0.1196 72 72 94
-2.4374 -0.5697 -0.1220 111 75 79
-2.4307 -0.5719 -0.1197 73 73 94
-2.4293 -0.5089 -0.1235 218 177 149
-2.4276 -0.5264 -0.1196 93 84 101
-2.4235 -0.4676 -0.1236 235 201 170
-2.4422 -0.4585 -0.1194 112 99 113
-2.4290 -0.3900 -0.1236 232 197 166
-2.4288 -0.3305 -0.1236 247 223 194
-2.4288 -0.2703 -0.1236 224 182 152
-2.4069 -0.1919 -0.1234 223 129 72
-2.4169 -0.1450 -0.1235 224 129 72
-2.4279 -0.0884 -0.1235 225 130 73
-2.4288 0.0024 -0.1236 245 212 187
-2.4288 0.0907 -0.1237 254 253 242
-2.4322 0.1481 -0.1237 254 251 236
-2.4461 0.2036 -0.1237 251 238 215
-2.4526 0.2484 -0.1237 165 87 63
-2.4166 0.3290 -0.1235 228 133 76
-2.4142 0.3895 -0.1235 227 133 76
-2.4118 0.4502 -0.1234 227 134 77
-2.4552 0.4462 -0.1199 89 75 95
-2.4096 0.5095 -0.1234 251 240 226
-2.4410 0.5086 -0.1198 160 126 117
-2.4072 0.5682 -0.1234 254 251 240
-2.4302 0.5710 -0.1198 162 130 125
-2.4050 0.6257 -0.1234 253 250 240
-2.4202 0.6336 -0.1197 160 132 128
-2.4041 0.6780 -0.1233 252 246 232
-2.4426 0.7022 -0.1178 102 92 106
-2.4243 0.7476 -0.1216 147 107 107
-2.4167 0.7742 -0.1171 148 97 65
-2.4342 0.8085 -0.1216 114 77 89
-2.4231 0.8216 -0.1187 161 112 75
-2.4368 0.8570 -0.1216 114 77 90
-2.4151 0.8699 -0.1196 127 95 84
-2.4495 0.9465 -0.1219 124 78 87
-2.4330 0.9299 -0.1196 83 74 95
-2.4498 0.9905 -0.1219 184 144 132
-2.4487 0.9915 -0.1195 127 106 114
-2.4423 1.0484 -0.1220 221 185 163
-2.4147 1.0471 -0.1188 219 210 199
-2.4501 1.0940 -0.1223 227 198 180
-2.4128 1.1065 -0.1197 152 126 127
-2.4291 1.1709 -0.1235 254 253 243
-2.4161 1.1538 -0.1190 209 190 148
-2.4289 1.2312 -0.1236 231 183 154
-2.4285 1.2348 -0.1190 99 97 112
-2.4345 1.2852 -0.1237 196 105 64
-2.4271 1.2926 -0.1183 79 77 99
-2.4522 1.3269 -0.1236 168 89 61
-2.4257 1.3267 -0.1191 75 76 99
-2.4315 1.4107 -0.1214 106 73 88
-2.4299 1.4179 -0.1186 74 77 99
-2.4249 1.4663 -0.1214 127 92 99
-2.4504 1.4655 -0.1199 97 84 101
-2.4496 1.5468 -0.1218 202 165 147
-2.4253 1.5348 -0.1183 111 101 116
-2.4173 1.6064 -0.1227 231 211 198
-2.4153 1.5901 -0.1196 143 120 125
-2.4087 1.6570 -0.1234 254 252 245
-2.4313 1.6457 -0.1196 144 122 126
-2.4178 1.7132 -0.1235 251 241 226
-2.4473 1.7081 -0.1195 135 113 119
-2.4268 1.7718 -0.1235 203 111 71
-2.4255 1.7712 -0.1195 81 75 97
-2.4289 1.8306 -0.1235 187 99 68
-2.4140 1.8327 -0.1197 81 76 98
-2.4285 1.8901 -0.1236 171 90 66
-2.4317 1.8924 -0.1197 80 75 98
-2.4293 1.9499 -0.1236 150 79 65
-2.4487 1.9501 -0.1197 82 76 98
-2.4430 1.9879 -0.1236 192 144 122
-2.4215 2.0167 -0.1197 130 110 119
-2.4499 2.0845 -0.1220 230 195 169
-2.4157 2.0678 -0.1199 132 112 122
-2.4416 2.1347 -0.1220 234 202 175
-2.4345 2.1306 -0.1199 130 112 121
-2.4290 2.1910 -0.1220 235 202 175
-2.4509 2.1890 -0.1199 127 110 120
-2.4297 2.2490 -0.1219 151 104 102
-2.4094 2.2627 -0.1193 79 77 99
-2.4287 2.3090 -0.1219 127 78 85
-2.4143 2.3100 -0.1196 75 75 98
-2.4281 2.3707 -0.1218 127 79 86
-2.4325 2.3705 -0.1196 74 74 97
-2.4291 2.4301 -0.1218 126 79 86
-2.4478 2.4320 -0.1195 74 74 96
-2.4269 2.4648 -0.1210 124 78 87
-2.4303 2.4674 -0.0756 70 25 70
-2.4292 2.4674 -0.0000 72 26 73
-2.4290 2.4674 0.0898 74 27 77
-2.4295 2.4674 0.1499 76 27 81
-2.4296 2.4674 0.2106 76 28 86
-2.4297 2.4674 0.2712 77 29 92
-2.4293 2.4674 0.3309 77 30 98
-2.4300 2.4674 0.3899 77 31 107
-2.4300 2.4674 0.4500 77 32 110
-2.4298 2.4674 0.5102 75 31 112
-2.4303 2.4674 0.5703 71 30 111
-2.4304 2.4674 0.6300 67 29 109
-2.4305 2.4674 0.6896 66 28 107
-2.4302 2.4674 0.7498 63 27 104
-2.4307 2.4674 0.8100 60 27 102
-2.4308 2.4674 0.8702 58 26 100
-2.4311 2.4645 0.9424 85 46 111
-2.4333 2.4644 0.9901 65 24 108
-2.4229 2.4647 1.0691 180 154 143
-2.4305 2.4648 1.1103 73 35 109
-2.4301 2.4648 1.1707 60 23 104
-2.4308 2.4648 1.2299 59 22 103
-2.4303 2.4648 1.2702 76 61 127
-2.3586 -2.5259 -0.1211 138 108 107
-2.3658 -2.5315 -0.0904 105 35 100
-2.3677 -2.5319 -0.0028 104 33 102
-2.3666 -2.5318 0.0882 113 36 109
-2.3673 -2.5318 0.1517 109 35 109
-2.3673 -2.5318 0.2109 107 34 108
-2.3673 -2.5318 0.2700 105 33 111
-2.3673 -2.5318 0.3291 105 34 112
-2.3673 -2.5318 0.3883 109 35 116
-2.3666 -2.5318 0.4517 109 35 121
-2.3682 -2.5318 0.5106 104 35 128
-2.3673 -2.5318 0.5710 104 35 128
-2.3673 -2.5318 0.6301 103 35 131
-2.3673 -2.5318 0.6893 105 36 130
-2.3661 -2.5318 0.7507 104 36 135
-2.3685 -2.5318 0.8095 100 35 135
-2.3665 -2.5318 0.8710 97 34 135
-2.3681 -2.5318 0.9300 99 34 135
-2.3673 -2.5318 0.9903 98 34 136
-2.3665 -2.5318 1.0505 106 37 142
-2.3679 -2.5318 1.1089 109 38 143
-2.3660 -2.5319 1.1709 108 37 143
-2.3685 -2.5319 1.2299 110 38 144
-2.3674 -2.5317 1.2697 112 40 146
-2.3733 -2.4886 -0.1216 158 127 121
-2.3713 -2.5087 -0.1197 128 103 106
-2.3701 -2.4303 -0.1217 163 130 124
-2.3724 -2.4340 -0.1198 149 121 119
-2.3715 -2.3701 -0.1218 170 138 129
-2.3704 -2.3619 -0.1199 155 127 124
-2.3715 -2.2990 -0.1203 150 119 116
-2.3619 -2.2863 -0.1198 113 90 97
-2.3700 -2.2349 -0.1203 89 67 83
-2.3828 -2.2744 -0.1197 109 86 94
-2.3689 -2.1725 -0.1205 87 66 82
-2.3745 -2.2117 -0.1199 82 67 85
-2.3750 -2.1137 -0.1206 86 66 83
-2.3696 -2.1246 -0.1198 79 67 85
-2.3717 -2.0589 -0.1207 86 66 83
-2.3724 -2.0614 -0.1199 82 68 85
-2.3688 -2.0063 -0.1208 158 126 120
-2.3704 -2.0114 -0.1197 92 80 92
-2.3705 -1.9541 -0.1209 171 136 127
-2.3519 -1.9349 -0.1198 111 95 105
-2.3655 -1.8931 -0.1209 182 147 134
-2.3834 -1.9026 -0.1199 113 97 106
-2.3748 -1.8270 -0.1211 185 151 137
-2.3574 -1.8227 -0.1196 115 98 105
-2.3663 -1.7688 -0.1212 138 99 96
-2.3870 -1.7909 -0.1196 103 86 95
-2.3727 -1.7106 -0.1212 105 67 78
-2.3674 -1.7117 -0.1198 70 64 80
-2.3662 -1.6470 -0.1214 109 68 77
-2.3590 -1.6396 -0.1198 72 65 81
-2.3717 -1.5901 -0.1215 109 68 77
-2.3823 -1.5993 -0.1199 71 65 82
-2.3708 -1.5321 -0.1217 154 111 104
-2.3753 -1.5238 -0.1196 102 86 96
-2.3691 -1.4717 -0.1218 215 177 152
-2.3746 -1.4767 -0.1197 123 102 108
-2.3668 -1.4119 -0.1219 221 184 158
-2.3584 -1.4023 -0.1198 131 109 114
-2.3708 -1.3500 -0.1219 227 194 168
-2.3824 -1.3665 -0.1198 137 114 116
-2.3844 -1.3084 -0.1219 216 177 152
-2.3705 -1.2905 -0.1199 118 96 103
-2.3710 -1.2469 -0.1219 128 72 72
-2.3708 -1.2159 -0.1197 80 67 85
-2.3690 -1.1642 -0.1235 232 136 69
-2.3716 -1.1553 -0.1199 82 67 85
-2.3700 -1.1086 -0.1236 237 145 74
-2.3707 -1.1202 -0.1195 79 68 86
-2.3704 -1.0544 -0.1237 243 155 79
-2.3675 -1.0458 -0.1197 97 78 90
-2.3696 -0.9698 -0.1234 253 251 240
-2.3749 -0.9782 -0.1198 148 120 120
-2.3700 -0.9286 -0.1235 254 253 247
-2.3692 -0.9190 -0.1199 152 124 122
-2.3683 -0.8590 -0.1221 254 252 232
-2.3678 -0.8816 -0.1197 146 121 121
-2.3706 -0.8103 -0.1219 179 147 136
-2.3694 -0.8103 -0.1198 142 116 116
-2.3719 -0.7491 -0.1219 120 91 98
-2.3768 -0.7293 -0.1199 74 72 93
-2.3689 -0.6871 -0.1218 99 69 83
-2.3703 -0.6883 -0.1199 72 72 95
-2.3771 -0.6278 -0.1210 78 72 93
-2.3603 -0.6503 -0.1198 72 73 95
-2.3669 -0.5581 -0.1234 168 87 61
-2.3715 -0.5782 -0.1197 72 72 94
-2.3696 -0.5086 -0.1235 227 191 162
-2.3674 -0.5117 -0.1196 108 96 110
-2.3664 -0.4545 -0.1236 241 210 177
-2.3795 -0.3758 -0.1237 231 198 167
-2.3469 -0.3119 -0.1235 254 251 242
-2.3563 -0.2647 -0.1235 242 190 152
-2.3678 -0.2084 -0.1235 233 138 73
-2.3689 -0.1495 -0.1235 236 142 75
-2.3687 -0.0895 -0.1236 235 143 76
-2.3703 -0.0007 -0.1237 248 214 186
-2.3856 0.0838 -0.1237 254 253 245
-2.3945 0.1278 -0.1237 254 252 241
-2.3686 0.2095 -0.1236 254 249 242
-2.3687 0.2699 -0.1236 239 148 79
-2.3686 0.3297 -0.1236 239 149 79
-2.3684 0.3895 -0.1236 236 144 79
-2.3686 0.4495 -0.1235 232 138 78
-2.3689 0.5098 -0.1235 252 242 230
-2.3687 0.5702 -0.1235 254 253 244
-2.3688 0.6303 -0.1235 254 253 245
-2.3998 0.6571 -0.1190 119 104 116
-2.3687 0.6903 -0.1235 254 250 236
-2.3930 0.7035 -0.1177 130 100 93
-2.3681 0.7494 -0.1235 209 145 116
-2.3866 0.7526 -0.1175 79 77 96
-2.3657 0.8091 -0.1235 176 94 70
-2.3933 0.8229 -0.1186 153 103 70
-2.3635 0.8689 -0.1235 158 84 69
-2.3464 0.8824 -0.1196 93 77 91
-2.3615 0.9278 -0.1235 135 75 70
-2.3580 0.9279 -0.1197 85 73 94
-2.3696 0.9697 -0.1234 125 73 72
-2.3755 0.9876 -0.1197 125 104 113
-2.3647 1.0553 -0.1235 254 252 242
-2.3778 1.0554 -0.1186 174 160 157
-2.3691 1.1107 -0.1235 254 254 248
-2.3497 1.1270 -0.1188 206 192 176
-2.3691 1.1709 -0.1236 254 254 249
-2.3692 1.1576 -0.1192 156 142 129
-2.3745 1.2257 -0.1237 243 209 184
-2.3706 1.2355 -0.1193 86 82 101
-2.3925 1.2677 -0.1236 208 115 67
-2.3806 1.3019 -0.1179 82 81 102
-2.3741 1.3517 -0.1215 111 73 86
-2.3646 1.3271 -0.1189 74 76 98
-2.3655 1.4102 -0.1215 110 73 86
-2.3709 1.4195 -0.1183 162 156 135
-2.3482 1.4790 -0.1234 239 183 143
-2.3719 1.4560 -0.1177 91 83 101
-2.3568 1.5332 -0.1235 254 253 245
-2.3935 1.5319 -0.1188 125 109 120
-2.3659 1.5921 -0.1235 254 253 246
-2.3463 1.6057 -0.1196 146 122 126
-2.3690 1.6505 -0.1235 254 254 249
-2.3592 1.6541 -0.1197 148 124 127
-2.3688 1.7104 -0.1236 253 245 233
-2.3770 1.7137 -0.1197 132 111 118
-2.3688 1.7704 -0.1236 215 120 71
-2.3909 1.7672 -0.1197 82 75 96
-2.3686 1.8304 -0.1237 201 108 67
-2.3477 1.8403 -0.1198 83 74 95
-2.3720 1.8885 -0.1237 178 94 65
-2.3608 1.8890 -0.1199 82 75 96
-2.3819 1.9417 -0.1237 154 80 63
-2.3797 1.9517 -0.1199 82 76 98
-2.3685 2.0073 -0.1216 211 174 153
-2.3926 2.0015 -0.1198 131 111 119
-2.3471 2.0806 -0.1234 237 203 173
-2.3485 2.0813 -0.1194 130 111 121
-2.3530 2.1213 -0.1234 231 199 171
-2.3582 2.1271 -0.1196 131 113 122
-2.3893 2.2054 -0.1220 234 201 175
-2.3756 2.1866 -0.1196 128 110 121
-2.3805 2.2545 -0.1220 155 102 98
-2.3903 2.2447 -0.1195 87 81 100
-2.3697 2.3098 -0.1220 137 80 83
-2.3483 2.3231 -0.1196 75 73 95
-2.3695 2.3694 -0.1219 134 80 84
-2.3585 2.3712 -0.1197 75 73 95
-2.3692 2.4291 -0.1219 130 79 85
-2.3759 2.4312 -0.1197 74 74 96
-2.3683 2.4643 -0.1217 128 79 86
-2.3741 2.4675 -0.0692 71 25 71
-2.3687 2.4676 -0.0000 73 26 73
-2.3691 2.4676 0.0900 75 27 78
-2.3691 2.4676 0.1499 77 27 82
-2.3687 2.4676 0.2106 77 28 86
-2.3694 2.4676 0.2705 78 28 93
-2.3688 2.4676 0.3298 79 30 100
-2.3698 2.4676 0.3897 78 31 108
-2.3694 2.4676 0.4497 78 31 111
-2.3694 2.4676 0.5101 75 30 112
-2.3697 2.4676 0.5697 71 29 111
-2.3700 2.4676 0.6297 68 28 109
-2.3699 2.4676 0.6901 65 27 106
-2.3700 2.4675 0.7501 62 26 103
-2.3699 2.4676 0.8105 60 25 100
-2.3703 2.4675 0.8705 58 25 98
-2.3715 2.4645 0.9370 65 24 107
-2.3730 2.4646 0.9915 65 25 106
-2.3701 2.4649 1.0665 62 23 105
-2.3723 2.4649 1.1103 62 23 105
-2.3724 2.4649 1.1698 60 23 104
-2.3733 2.4649 1.2301 59 22 103
-2.3728 2.4649 1.2705 76 62 127
-2.2968 -2.5264 -0.1211 146 108 112
-2.3109 -2.5316 -0.0919 110 36 105
-2.3111 -2.5319 -0.0020 111 35 107
-2.3111 -2.5318 0.0886 119 38 114
-2.3111 -2.5318 0.1524 114 36 113
-2.3111 -2.5318 0.2111 112 36 112
-2.3111 -2.5318 0.2699 110 35 115
-2.3111 -2.5318 0.3286 113 37 118
-2.3111 -2.5318 0.3873 117 38 124
-2.3111 -2.5318 0.4511 114 37 124
-2.3111 -2.5318 0.5098 108 36 129
-2.3111 -2.5318 0.5685 111 37 131
-2.3104 -2.5318 0.6315 106 36 132
-2.3119 -2.5318 0.6900 107 36 133
-2.3111 -2.5318 0.7498 105 36 135
-2.3099 -2.5318 0.8107 103 35 135
-2.3122 -2.5318 0.8692 102 35 137
-2.3104 -2.5318 0.9301 110 38 142
-2.3111 -2.5318 0.9898 112 38 145
-2.3118 -2.5318 1.0495 109 38 143
-2.3099 -2.5318 1.1101 109 38 143
-2.3123 -2.5318 1.1690 109 38 143
-2.3111 -2.5318 1.2298 111 38 145
-2.3086 -2.5317 1.2712 109 39 143
-2.3142 -2.4896 -0.1216 163 130 124
-2.2958 -2.4757 -0.1198 145 117 117
-2.3086 -2.4307 -0.1217 169 135 127
-2.3214 -2.4498 -0.1198 149 121 119
-2.3099 -2.3702 -0.1218 177 143 131
-2.3095 -2.3834 -0.1199 154 125 122
-2.3084 -2.3194 -0.1203 162 132 126
-2.3057 -2.2845 -0.1198 118 93 99
-2.3054 -2.2584 -0.1204 100 74 85
-2.3216 -2.2740 -0.1196 103 84 93
-2.3066 -2.1947 -0.1204 89 67 83
-2.3135 -2.2152 -0.1199 83 67 84
-2.3135 -2.1334 -0.1206 90 67 82
-2.3152 -2.1338 -0.1198 79 67 85
-2.3126 -2.0779 -0.1207 92 66 81
-2.3108 -2.0669 -0.1199 80 67 84
-2.3080 -2.0128 -0.1208 145 111 108
-2.2947 -1.9917 -0.1198 100 87 98
-2.3158 -1.9460 -0.1209 176 141 130
-2.3228 -1.9630 -0.1198 109 94 104
-2.3143 -1.8840 -0.1210 182 148 135
-2.2997 -1.8798 -0.1196 113 97 105
-2.3084 -1.8307 -0.1212 193 159 142
-2.3274 -1.8494 -0.1195 117 99 107
-2.3143 -1.7706 -0.1213 143 103 100
-2.3080 -1.7707 -0.1198 90 77 88
-2.3042 -1.7078 -0.1214 109 68 76
-2.3016 -1.6979 -0.1198 71 65 81
-2.3149 -1.6557 -0.1215 110 68 76
-2.3205 -1.6595 -0.1199 71 64 80
-2.3102 -1.5922 -0.1215 110 68 76
-2.3106 -1.5851 -0.1197 74 65 82
-2.3113 -1.5264 -0.1217 165 122 111
-2.3151 -1.5333 -0.1196 89 75 87
-2.3105 -1.4680 -0.1218 218 179 154
-2.2998 -1.4608 -0.1198 125 105 110
-2.3069 -1.4098 -0.1219 225 189 162
-2.3230 -1.4261 -0.1198 130 108 113
-2.3125 -1.3570 -0.1220 230 197 170
-2.3102 -1.3519 -0.1200 133 111 114
-2.2924 -1.3123 -0.1237 244 218 187
-2.3111 -1.2827 -0.1196 113 90 97
-2.3108 -1.2507 -0.1219 130 72 72
-2.3133 -1.2124 -0.1197 81 68 85
-2.3100 -1.1663 -0.1235 230 135 70
-2.3106 -1.1531 -0.1199 81 68 86
-2.3098 -1.1093 -0.1236 237 144 73
-2.3113 -1.1166 -0.1195 79 68 87
-2.3101 -1.0563 -0.1237 244 158 79
-2.3089 -1.0421 -0.1197 100 80 91
-2.3079 -0.9709 -0.1234 253 251 242
-2.3119 -0.9763 -0.1199 148 121 120
-2.3100 -0.9286 -0.1235 254 254 248
-2.3100 -0.9158 -0.1199 152 124 122
-2.3099 -0.8686 -0.1236 254 254 252
-2.3103 -0.8758 -0.1193 141 117 119
-2.3117 -0.8308 -0.1237 254 253 253
-2.3065 -0.8023 -0.1198 135 109 111
-2.3320 -0.7477 -0.1220 126 95 101
-2.3097 -0.7352 -0.1199 83 68 85
-2.2975 -0.6730 -0.1212 84 74 93
-2.3093 -0.6966 -0.1199 72 72 94
-2.3207 -0.6285 -0.1216 108 80 85
-2.3122 -0.6302 -0.1198 73 72 94
-2.3086 -0.5675 -0.1235 186 96 61
-2.3104 -0.5583 -0.1197 73 71 92
-2.3092 -0.5088 -0.1236 235 202 172
-2.3121 -0.4525 -0.1237 249 226 195
-2.3169 -0.4020 -0.1236 247 232 213
-2.3072 -0.3283 -0.1235 254 254 250
-2.3092 -0.2695 -0.1235 248 209 175
-2.3091 -0.2093 -0.1236 242 151 77
-2.3087 -0.1493 -0.1236 243 154 79
-2.3126 -0.0915 -0.1237 243 155 80
-2.3262 -0.0325 -0.1237 247 176 115
-2.3226 0.0903 -0.1237 254 254 252
-2.3197 0.1502 -0.1237 254 254 254
-2.3170 0.2102 -0.1237 254 250 245
-2.3142 0.2706 -0.1237 248 164 83
-2.3114 0.3305 -0.1237 246 161 84
-2.3087 0.3903 -0.1237 244 157 83
-2.3088 0.4500 -0.1237 243 154 82
-2.3084 0.5098 -0.1237 253 244 233
-2.3087 0.5698 -0.1237 254 254 248
-2.3236 0.5775 -0.1192 166 111 73
-2.3085 0.6300 -0.1236 254 253 245
-2.3067 0.6384 -0.1189 141 105 91
-2.3088 0.6900 -0.1236 254 251 238
-2.3181 0.6968 -0.1180 137 102 88
-2.3089 0.7498 -0.1236 211 143 111
-2.3244 0.7561 -0.1172 97 81 85
-2.3087 0.8097 -0.1236 173 91 67
-2.3176 0.8313 -0.1190 177 115 67
-2.3106 0.8680 -0.1236 150 80 67
-2.3293 0.8646 -0.1196 160 110 75
-2.3265 0.9160 -0.1235 139 75 68
-2.3131 0.9465 -0.1192 171 164 164
-2.3045 0.9955 -0.1235 249 228 208
-2.3075 0.9756 -0.1189 200 193 183
-2.3090 1.0509 -0.1235 254 254 247
-2.3135 1.0753 -0.1194 191 174 141
-2.3089 1.1107 -0.1236 254 254 250
-2.3100 1.0895 -0.1187 135 115 122
-2.3144 1.1653 -0.1237 254 254 252
-2.3128 1.1555 -0.1191 117 108 122
-2.3329 1.2075 -0.1236 250 248 244
-2.3102 1.2345 -0.1190 85 81 100
-2.2873 1.2999 -0.1234 229 136 73
-2.3034 1.3094 -0.1182 196 186 150
-2.2960 1.3533 -0.1235 230 136 73
-2.3166 1.3296 -0.1189 75 75 97
-2.3055 1.4121 -0.1235 233 138 74
-2.3081 1.4200 -0.1187 76 75 96
-2.3089 1.4702 -0.1235 241 170 118
-2.3014 1.4665 -0.1197 98 84 100
-2.3085 1.5303 -0.1236 254 254 249
-2.3194 1.5258 -0.1197 147 122 125
-2.3085 1.5904 -0.1236 254 254 250
-2.3282 1.5776 -0.1196 144 121 124
-2.3088 1.6505 -0.1236 254 254 251
-2.2887 1.6526 -0.1199 148 123 124
-2.3113 1.7088 -0.1237 253 248 240
-2.3061 1.7106 -0.1199 140 116 121
-2.3216 1.7672 -0.1237 225 127 70
-2.3231 1.7695 -0.1198 84 74 94
-2.3309 1.8230 -0.1237 210 113 67
-2.3331 1.8141 -0.1198 84 74 95
-2.3222 1.8739 -0.1236 194 101 66
-2.2900 1.9001 -0.1195 85 76 96
-2.2967 1.9528 -0.1235 179 95 69
-2.3046 1.9522 -0.1196 83 75 96
-2.3047 2.0118 -0.1235 242 214 185
-2.3213 2.0116 -0.1195 130 110 119
-2.3088 2.0704 -0.1235 239 207 177
-2.3255 2.0650 -0.1195 129 110 120
-2.3205 2.1107 -0.1235 232 198 170
-2.2891 2.1402 -0.1197 127 109 118
-2.3167 2.1946 -0.1219 231 199 174
-2.3035 2.1920 -0.1197 129 111 120
-2.3070 2.2483 -0.1219 157 105 101
-2.3209 2.2517 -0.1197 84 77 97
-2.3299 2.3256 -0.1220 140 81 83
-2.3294 2.3038 -0.1196 76 73 95
-2.3212 2.3757 -0.1220 143 82 83
-2.2895 2.3761 -0.1198 76 74 96
-2.3095 2.4321 -0.1220 138 81 84
-2.3055 2.4297 -0.1199 73 72 94
-2.3047 2.4654 -0.1214 135 80 84
-2.3217 2.4675 -0.0715 73 27 72
-2.3092 2.4677 0.0006 73 25 74
-2.3087 2.4677 0.0900 76 26 79
-2.3093 2.4677 0.1505 77 27 82
-2.3091 2.4677 0.2114 78 27 87
-2.3089 2.4677 0.2711 79 28 93
-2.3096 2.4677 0.3299 79 30 101
-2.3097 2.4677 0.3901 79 30 109
-2.3095 2.4677 0.4502 78 30 112
-2.3097 2.4677 0.5099 76 30 113
-2.3100 2.4677 0.5700 71 28 110
-2.3097 2.4677 0.6302 67 27 108
-2.3101 2.4677 0.6899 65 27 105
-2.3102 2.4677 0.7501 62 26 102
-2.3068 2.4677 0.8108 59 25 99
-2.2938 2.4656 0.8884 64 24 104
-2.3102 2.4646 0.9303 65 24 107
-2.3107 2.4647 0.9905 65 25 107
-2.3102 2.4650 1.0552 75 38 108
-2.3125 2.4650 1.1101 62 23 105
-2.3130 2.4650 1.1691 61 23 104
-2.3130 2.4650 1.2297 58 22 102
-2.3128 2.4650 1.2701 76 62 127
-2.2365 -2.5278 -0.1209 135 84 114
-2.2504 -2.5318 -0.0893 119 38 112
-2.2505 -2.5319 0.0005 122 39 116
-2.2504 -2.5318 0.0899 129 42 123
-2.2512 -2.5318 0.1525 123 39 120
-2.2495 -2.5318 0.2105 119 38 118
-2.2504 -2.5318 0.2697 116 37 118
-2.2497 -2.5318 0.3323 124 40 124
-2.2512 -2.5318 0.3903 122 40 127
-2.2504 -2.5318 0.4495 120 39 129
-2.2492 -2.5318 0.5113 114 38 132
-2.2517 -2.5318 0.5692 117 39 136
-2.2504 -2.5318 0.6293 112 38 135
-2.2491 -2.5318 0.6910 110 37 135
-2.2517 -2.5318 0.7490 107 37 137
-2.2504 -2.5318 0.8090 112 38 141
-2.2491 -2.5318 0.8708 116 39 145
-2.2509 -2.5318 0.9297 117 40 145
-2.2511 -2.5318 0.9892 113 39 145
-2.2492 -2.5318 1.0505 110 38 144
-2.2510 -2.5318 1.1095 109 38 143
-2.2508 -2.5318 1.1687 109 37 143
-2.2492 -2.5318 1.2302 109 37 143
-2.2499 -2.5317 1.2698 108 38 142
-2.2519 -2.4891 -0.1215 113 85 92
-2.2476 -2.4865 -0.1198 98 78 90
-2.2501 -2.4296 -0.1216 115 85 92
-2.2479 -2.4156 -0.1199 99 79 90
-2.2415 -2.3518 -0.1204 90 71 86
-2.2481 -2.3582 -0.1196 97 81 94
-2.2486 -2.3061 -0.1204 122 94 97
-2.2469 -2.2882 -0.1198 108 86 94
-2.2496 -2.2557 -0.1205 148 116 112
-2.2482 -2.2243 -0.1199 129 106 110
-2.2460 -2.1905 -0.1205 153 121 117
-2.2651 -2.2148 -0.1198 101 84 96
-2.2510 -2.1284 -0.1206 148 117 114
-2.2523 -2.1393 -0.1198 119 98 105
-2.2566 -2.0625 -0.1208 141 109 106
-2.2482 -2.0712 -0.1199 126 103 108
-2.2501 -2.0021 -0.1210 125 89 91
-2.2622 -2.0231 -0.1199 85 75 89
-2.2494 -1.9528 -0.1211 124 88 90
-2.2398 -1.9390 -0.1196 71 65 80
-2.2465 -1.8922 -0.1211 118 82 87
-2.2678 -1.9094 -0.1195 104 89 98
-2.2544 -1.8295 -0.1212 143 106 103
-2.2494 -1.8290 -0.1198 83 74 87
-2.2452 -1.7683 -0.1213 162 122 112
-2.2379 -1.7613 -0.1199 99 84 94
-2.2553 -1.7127 -0.1215 166 128 118
-2.2612 -1.7196 -0.1199 86 76 88
-2.2507 -1.6503 -0.1215 179 139 125
-2.2391 -1.6305 -0.1197 119 99 106
-2.2490 -1.5857 -0.1216 193 153 135
-2.2553 -1.5911 -0.1197 99 84 94
-2.2492 -1.5277 -0.1217 161 115 104
-2.2390 -1.5174 -0.1197 92 77 88
-2.2511 -1.4669 -0.1218 154 104 96
-2.2620 -1.4873 -0.1198 100 84 93
-2.2517 -1.4100 -0.1220 159 107 97
-2.2499 -1.4125 -0.1199 90 77 89
-2.2509 -1.3681 -0.1221 161 108 97
-2.2505 -1.3569 -0.1199 103 84 96
-2.2461 -1.2998 -0.1237 203 143 111
-2.2519 -1.2800 -0.1196 110 89 96
-2.2506 -1.2546 -0.1219 201 161 140
-2.2528 -1.2112 -0.1197 122 101 107
-2.2495 -1.1669 -0.1235 249 228 208
-2.2500 -1.1508 -0.1199 128 104 109
-2.2499 -1.1080 -0.1236 251 232 212
-2.2518 -1.1131 -0.1195 120 99 106
-2.2498 -1.0576 -0.1237 252 234 215
-2.2518 -1.0391 -0.1197 112 89 96
-2.2500 -0.9733 -0.1234 235 161 108
-2.2488 -0.9758 -0.1198 102 82 94
-2.2495 -0.9294 -0.1235 240 167 111
-2.2502 -0.9118 -0.1199 102 82 94
-2.2498 -0.8689 -0.1237 245 177 117
-2.2494 -0.8664 -0.1197 95 80 93
-2.2522 -0.8325 -0.1237 246 183 126
-2.2490 -0.7951 -0.1198 106 85 94
-2.2575 -0.7331 -0.1224 252 245 236
-2.2537 -0.7282 -0.1200 127 104 109
-2.2370 -0.6820 -0.1212 145 139 143
-2.2484 -0.6711 -0.1199 86 79 98
-2.2591 -0.6361 -0.1222 159 151 151
-2.2594 -0.6081 -0.1198 80 75 95
-2.2494 -0.5686 -0.1235 242 217 193
-2.2426 -0.5774 -0.1198 94 84 100
-2.2490 -0.5088 -0.1236 220 156 118
-2.2661 -0.5398 -0.1197 86 78 96
-2.2540 -0.4646 -0.1237 213 145 106
-2.2488 -0.3896 -0.1235 244 184 135
-2.2491 -0.3289 -0.1236 245 188 141
-2.2488 -0.2690 -0.1236 248 205 166
-2.2526 -0.2121 -0.1237 250 216 185
-2.2666 -0.1566 -0.1237 246 179 117
-2.2729 -0.1108 -0.1237 245 168 95
-2.2484 -0.0011 -0.1236 244 198 161
-2.2486 0.0896 -0.1236 247 203 166
-2.2487 0.1497 -0.1236 247 205 169
-2.2486 0.2098 -0.1235 248 206 170
-2.2489 0.2700 -0.1235 244 197 163
-2.2487 0.3299 -0.1235 243 197 163
-2.2643 0.4037 -0.1236 243 177 122
-2.2767 0.4535 -0.1237 241 153 86
-2.2744 0.5134 -0.1237 253 245 235
-2.2719 0.5720 -0.1237 254 253 246
-2.2694 0.6307 -0.1237 254 252 244
-2.2309 0.6306 -0.1194 132 94 76
-2.2670 0.6906 -0.1237 254 250 236
-2.2277 0.6898 -0.1194 93 80 90
-2.2644 0.7509 -0.1237 200 135 107
-2.2376 0.7551 -0.1181 112 90 89
-2.2622 0.8105 -0.1237 169 99 77
-2.2635 0.8193 -0.1179 146 102 77
-2.2698 0.8525 -0.1237 145 78 66
-2.2506 0.8869 -0.1191 230 218 196
-2.2444 0.9355 -0.1235 250 234 218
-2.2391 0.9073 -0.1191 181 171 160
-2.2489 0.9906 -0.1235 246 195 152
-2.2453 1.0036 -0.1195 198 181 138
-2.2491 1.0509 -0.1236 246 183 128
-2.2532 1.0736 -0.1193 115 109 120
-2.2541 1.1058 -0.1237 249 196 146
-2.2423 1.0949 -0.1190 99 89 105
-2.2716 1.1485 -0.1237 253 248 244
-2.2509 1.1611 -0.1191 98 91 108
-2.2445 1.2320 -0.1235 241 188 149
-2.2370 1.2283 -0.1189 166 158 136
-2.2487 1.2904 -0.1235 246 211 184
-2.2566 1.3155 -0.1184 114 108 113
-2.2487 1.3504 -0.1236 247 213 184
-2.2571 1.3345 -0.1184 99 86 102
-2.2489 1.4105 -0.1236 249 215 186
-2.2563 1.4042 -0.1196 112 95 107
-2.2488 1.4704 -0.1236 250 213 178
-2.2324 1.4690 -0.1199 130 106 113
-2.2505 1.5293 -0.1237 250 202 154
-2.2500 1.5275 -0.1199 113 91 102
-2.2604 1.5877 -0.1237 252 225 198
-2.2678 1.5900 -0.1199 130 106 112
-2.2704 1.6445 -0.1237 254 253 251
-2.2565 1.6345 -0.1192 113 95 107
-2.2702 1.6905 -0.1237 250 236 226
-2.2318 1.7125 -0.1196 94 81 98
-2.2397 1.7725 -0.1235 249 237 222
-2.2486 1.7693 -0.1196 115 95 106
-2.2475 1.8313 -0.1235 238 203 178
-2.2638 1.8309 -0.1195 101 86 102
-2.2488 1.8901 -0.1235 234 194 166
-2.2627 1.8803 -0.1195 101 87 103
-2.2486 1.9504 -0.1236 228 186 159
-2.2310 1.9539 -0.1197 127 106 115
-2.2488 2.0105 -0.1236 203 145 118
-2.2482 2.0139 -0.1197 103 87 103
-2.2526 2.0617 -0.1236 193 141 118
-2.2652 2.0722 -0.1197 113 96 108
-2.2491 2.1313 -0.1217 188 146 131
-2.2528 2.1310 -0.1197 104 91 106
-2.2491 2.1909 -0.1216 186 144 131
-2.2318 2.1884 -0.1199 87 79 99
-2.2644 2.2574 -0.1219 139 85 87
-2.2504 2.2506 -0.1199 93 83 101
-2.2535 2.3108 -0.1219 164 115 108
-2.2686 2.3127 -0.1199 88 81 100
-2.2499 2.3713 -0.1218 169 122 113
-2.2686 2.3526 -0.1195 87 80 99
-2.2685 2.4469 -0.1220 147 92 91
-2.2311 2.4331 -0.1196 107 94 109
-2.2626 2.4649 -0.1217 145 90 90
-2.2504 2.4672 -0.0896 75 29 72
-2.2509 2.4678 0.0069 75 25 75
-2.2502 2.4678 0.0900 77 26 79
-2.2499 2.4678 0.1501 79 27 82
-2.2510 2.4678 0.2093 79 27 87
-2.2505 2.4678 0.2695 80 28 94
-2.2503 2.4678 0.3302 81 29 103
-2.2507 2.4678 0.3898 81 30 110
-2.2510 2.4678 0.4497 78 30 113
-2.2506 2.4678 0.5099 75 29 113
-2.2512 2.4678 0.5701 70 27 110
-2.2508 2.4678 0.6300 67 26 107
-2.2513 2.4678 0.6899 64 26 104
-2.2512 2.4678 0.7501 61 25 101
-2.2486 2.4678 0.8093 58 24 98
-2.2456 2.4649 0.8851 114 77 119
-2.2502 2.4647 0.9308 66 24 107
-2.2431 2.4651 1.0098 87 47 107
-2.2514 2.4651 1.0489 65 26 105
-2.2514 2.4651 1.1101 61 22 104
-2.2514 2.4651 1.1712 60 22 104
-2.2510 2.4651 1.2310 59 22 103
-2.2513 2.4651 1.2710 76 63 128
-2.1853 -2.5266 -0.1209 126 86 104
-2.1910 -2.5318 -0.0870 128 41 121
-2.1905 -2.5318 0.0016 132 42 125
-2.1909 -2.5318 0.0913 141 46 133
-2.1909 -2.5318 0.1491 138 45 132
-2.1909 -2.5318 0.2068 131 42 127
-2.1909 -2.5318 0.2696 130 42 129
-2.1909 -2.5318 0.3324 138 45 135
-2.1909 -2.5318 0.3901 138 45 139
-2.1909 -2.5318 0.4479 132 43 138
-2.1909 -2.5318 0.5107 123 41 136
-2.1897 -2.5318 0.5716 120 40 137
-2.1920 -2.5318 0.6291 121 40 139
-2.1909 -2.5318 0.6890 118 40 141
-2.1909 -2.5318 0.7518 118 40 144
-2.1901 -2.5318 0.8106 118 40 146
-2.1916 -2.5318 0.8682 119 41 147
-2.1908 -2.5318 0.9301 116 40 145
-2.1897 -2.5318 0.9907 113 39 145
-2.1912 -2.5318 1.0496 111 38 144
-2.1916 -2.5318 1.1093 112 38 144
-2.1900 -2.5318 1.1696 109 37 143
-2.1905 -2.5318 1.2299 110 38 143
-2.1908 -2.5317 1.2697 108 38 142
-2.1893 -2.4886 -0.1214 87 66 84
-2.1895 -2.5062 -0.1198 90 74 89
-2.1923 -2.4278 -0.1216 90 66 82
-2.1908 -2.4349 -0.1199 80 67 86
-2.1891 -2.3670 -0.1203 84 67 84
-2.1899 -2.3627 -0.1196 79 69 87
-2.1909 -2.3027 -0.1204 91 70 85
-2.1893 -2.2915 -0.1198 100 80 92
-2.1900 -2.2396 -0.1207 170 137 129
-2.1923 -2.2253 -0.1199 150 122 121
-2.1835 -2.1877 -0.1208 174 141 131
-2.2031 -2.2102 -0.1197 134 111 116
-2.1884 -2.1285 -0.1206 174 140 130
-2.1880 -2.1441 -0.1198 141 116 118
-2.1900 -2.0743 -0.1208 179 145 133
-2.1924 -2.0820 -0.1199 145 119 120
-2.1840 -2.0133 -0.1210 124 90 93
-2.1828 -1.9957 -0.1196 99 81 108
-2.1931 -1.9485 -0.1211 96 67 80
-2.2079 -1.9664 -0.1196 69 64 80
-2.1952 -1.8892 -0.1213 101 68 78
-2.1900 -1.8880 -0.1198 79 70 92
-2.1835 -1.8323 -0.1213 103 67 78
-2.1804 -1.8191 -0.1198 70 66 83
-2.1946 -1.7728 -0.1214 166 129 119
-2.1997 -1.7798 -0.1199 88 75 92
-2.1895 -1.7091 -0.1215 206 169 149
-2.1917 -1.7076 -0.1196 121 102 108
-2.1861 -1.6447 -0.1216 210 173 151
-2.1951 -1.6513 -0.1197 118 99 107
-2.1907 -1.5913 -0.1217 214 178 155
-2.1804 -1.5728 -0.1198 123 104 110
-2.1880 -1.5305 -0.1217 177 136 121
-2.2039 -1.5401 -0.1197 105 89 99
-2.1922 -1.4688 -0.1219 118 69 74
-2.1893 -1.4725 -0.1199 72 66 84
-2.1935 -1.4095 -0.1220 126 72 72
-2.1901 -1.4213 -0.1197 80 69 88
-2.1906 -1.3489 -0.1236 183 94 58
-2.1900 -1.3541 -0.1199 81 69 87
-2.1904 -1.2891 -0.1237 222 173 141
-2.1888 -1.2769 -0.1196 113 91 99
-2.1766 -1.2512 -0.1237 254 247 229
-2.1894 -1.2093 -0.1198 148 121 121
-2.1892 -1.1691 -0.1235 254 253 247
-2.1901 -1.1479 -0.1199 149 122 121
-2.1898 -1.1088 -0.1236 254 254 250
-2.1922 -1.1093 -0.1195 140 116 118
-2.1903 -1.0596 -0.1237 254 254 252
-2.1880 -1.0376 -0.1197 118 95 102
-2.1899 -0.9738 -0.1234 220 125 69
-2.1896 -0.9748 -0.1198 81 70 89
-2.1897 -0.9281 -0.1235 231 136 72
-2.1895 -0.9089 -0.1199 81 69 88
-2.1898 -0.8684 -0.1237 241 152 78
-2.1905 -0.8589 -0.1197 79 70 88
-2.1921 -0.8342 -0.1237 243 158 81
-2.1917 -0.7879 -0.1198 107 85 95
-2.1900 -0.7471 -0.1235 254 253 247
-2.2030 -0.7219 -0.1200 152 123 122
-2.1813 -0.6922 -0.1215 138 128 137
-2.1727 -0.7182 -0.1200 152 125 123
-2.1869 -0.6225 -0.1235 254 252 239
-2.1924 -0.6476 -0.1199 117 101 114
-2.1896 -0.5687 -0.1236 254 252 240
-2.2019 -0.5841 -0.1198 119 104 115
-2.1899 -0.5091 -0.1237 216 145 107
-2.2051 -0.4737 -0.1237 200 107 62
-2.1886 -0.3896 -0.1236 239 149 77
-2.1922 -0.3318 -0.1237 243 155 79
-2.2062 -0.2759 -0.1237 247 184 128
-2.2106 -0.2313 -0.1237 254 252 248
-2.2149 -0.1388 -0.1237 254 245 222
-2.2123 -0.0866 -0.1237 254 251 239
-2.2035 0.0067 -0.1237 243 179 129
-2.1955 0.0911 -0.1237 241 150 78
-2.1900 0.1507 -0.1237 242 155 81
-2.1885 0.2098 -0.1237 242 159 92
-2.1886 0.2696 -0.1236 254 254 252
-2.1887 0.3297 -0.1236 254 254 252
-2.1887 0.3898 -0.1236 254 254 251
-2.1888 0.4497 -0.1236 254 254 251
-2.1889 0.5096 -0.1236 235 153 98
-2.1886 0.5698 -0.1235 228 134 78
-2.1886 0.6299 -0.1235 226 132 78
-2.1888 0.6895 -0.1235 215 121 75
-2.1933 0.6996 -0.1188 142 96 69
-2.1881 0.7490 -0.1235 242 212 187
-2.1875 0.7479 -0.1182 132 101 93
-2.1833 0.8084 -0.1235 253 244 223
-2.1729 0.8259 -0.1187 210 181 151
-2.1785 0.8682 -0.1235 251 234 206
-2.1953 0.8734 -0.1195 164 116 88
-2.1730 0.9280 -0.1234 247 224 195
-2.1826 0.9346 -0.1196 227 207 151
-2.1685 0.9868 -0.1234 191 148 130
-2.1921 1.0085 -0.1195 76 77 100
-2.1656 1.0366 -0.1234 126 74 72
-2.1776 1.0375 -0.1186 81 78 100
-2.2119 1.0878 -0.1237 244 159 81
-2.1909 1.0884 -0.1194 76 76 99
-2.1888 1.1704 -0.1236 232 137 72
-2.1878 1.1615 -0.1191 76 77 100
-2.1886 1.2304 -0.1236 243 190 149
-2.1932 1.2203 -0.1188 155 146 131
-2.1885 1.2903 -0.1236 254 254 252
-2.1964 1.3042 -0.1192 127 110 118
-2.1900 1.3494 -0.1237 254 254 252
-2.1965 1.3527 -0.1199 152 125 126
-2.1993 1.4076 -0.1237 254 254 253
-2.2114 1.4074 -0.1198 152 126 127
-2.2094 1.4648 -0.1237 253 242 230
-2.1703 1.4847 -0.1193 100 90 107
-2.2135 1.5102 -0.1237 247 162 80
-2.1766 1.5337 -0.1196 82 76 98
-2.1829 1.5924 -0.1235 227 133 74
-2.1934 1.5890 -0.1196 83 75 96
-2.1887 1.6505 -0.1235 230 135 75
-2.2073 1.6464 -0.1195 82 75 96
-2.1887 1.7103 -0.1235 230 142 88
-2.1849 1.7078 -0.1196 93 81 98
-2.1888 1.7704 -0.1236 254 253 246
-2.1728 1.7662 -0.1197 145 121 125
-2.1887 1.8303 -0.1236 254 252 242
-2.1906 1.8260 -0.1197 143 120 125
-2.1887 1.8904 -0.1236 254 249 232
-2.2084 1.8884 -0.1197 141 118 124
-2.1890 1.9499 -0.1237 253 243 221
-2.1666 1.9649 -0.1197 137 116 123
-2.1965 2.0080 -0.1237 172 102 81
-2.1769 2.0095 -0.1199 85 79 100
-2.2050 2.0491 -0.1237 146 77 64
-2.1957 2.0718 -0.1199 79 75 98
-2.1889 2.1304 -0.1218 126 78 86
-2.2104 2.1253 -0.1199 79 75 97
-2.1896 2.1889 -0.1217 122 77 87
-2.1706 2.2007 -0.1194 77 75 98
-2.1909 2.2487 -0.1217 197 158 142
-2.1749 2.2495 -0.1196 115 100 113
-2.2081 2.3271 -0.1218 228 192 166
-2.1928 2.3100 -0.1196 124 108 119
-2.1990 2.3755 -0.1219 231 196 170
-2.2073 2.3715 -0.1195 120 104 117
-2.1893 2.4300 -0.1219 232 199 173
-2.1682 2.4453 -0.1195 119 105 117
-2.1914 2.4646 -0.1216 225 190 166
-2.1885 2.4673 -0.0831 71 25 71
-2.1901 2.4679 0.0143 76 25 76
-2.1891 2.4679 0.0899 79 26 80
-2.1894 2.4679 0.1499 80 26 83
-2.1895 2.4679 0.2093 81 27 89
-2.1894 2.4679 0.2691 82 28 95
-2.1898 2.4679 0.3296 83 29 105
-2.1900 2.4679 0.3900 81 30 111
-2.1897 2.4679 0.4503 78 29 113
-2.1902 2.4679 0.5103 76 28 113
-2.1897 2.4679 0.5701 70 27 110
-2.1903 2.4679 0.6299 67 26 106
-2.1902 2.4679 0.6897 64 25 103
-2.1902 2.4679 0.7501 61 24 100
-2.1903 2.4679 0.8102 57 23 97
-2.1904 2.4649 0.8789 72 29 106
-2.1930 2.4649 0.9302 69 28 108
-2.1848 2.4653 0.9997 71 33 104
-2.1879 2.4653 1.0499 62 23 105
-2.1882 2.4653 1.1102 61 22 104
-2.1882 2.4653 1.1698 59 22 103
-2.1882 2.4653 1.2293 58 21 102
-2.1882 2.4653 1.2697 72 55 122
-2.1354 -2.5246 -0.1211 115 84 91
-2.1112 -2.5283 -0.0918 85 26 85
-2.1109 -2.5282 -0.0006 87 27 88
-2.1112 -2.5283 0.0906 89 28 91
-2.1112 -2.5283 0.1513 89 28 93
-2.1112 -2.5283 0.2120 86 27 93
-2.1112 -2.5283 0.2728 85 27 95
-2.1113 -2.5283 0.3300 88 28 99
-2.1111 -2.5283 0.3870 89 29 107
-2.1112 -2.5283 0.4477 85 28 107
-2.1112 -2.5283 0.5085 87 29 115
-2.1112 -2.5283 0.5693 92 32 123
-2.1111 -2.5283 0.6301 94 32 123
-2.1112 -2.5283 0.6908 95 32 127
-2.1112 -2.5283 0.7515 97 34 134
-2.1114 -2.5283 0.8114 96 33 134
-2.1112 -2.5283 0.8704 96 34 135
-2.1111 -2.5283 0.9292 97 34 137
-2.1112 -2.5283 0.9890 97 34 137
-2.1109 -2.5283 1.0488 97 34 137
-2.1111 -2.5283 1.1088 97 34 137
-2.1111 -2.5283 1.1695 103 36 141
-2.1112 -2.5283 1.2303 103 36 140
-2.1136 -2.5285 1.2694 99 40 137
-2.1152 -2.4972 -0.1213 72 66 86
-2.1247 -2.4852 -0.1199 86 72 90
-2.1338 -2.4290 -0.1215 93 67 82
-2.1408 -2.4508 -0.1199 80 67 86
-2.1294 -2.3869 -0.1203 84 66 84
-2.1306 -2.3657 -0.1196 78 69 88
-2.1286 -2.3240 -0.1204 85 68 85
-2.1325 -2.2955 -0.1198 95 78 91
-2.1334 -2.2595 -0.1207 153 122 116
-2.1329 -2.2283 -0.1199 152 124 122
-2.1246 -2.2006 -0.1208 174 141 131
-2.1126 -2.1711 -0.1198 125 106 112
-2.1253 -2.1318 -0.1208 179 145 134
-2.1348 -2.1547 -0.1198 140 116 118
-2.1309 -2.0678 -0.1210 182 149 136
-2.1293 -2.0858 -0.1199 145 120 120
-2.1288 -2.0069 -0.1211 109 82 91
-2.1469 -2.0219 -0.1197 87 77 91
-2.1276 -1.9499 -0.1212 99 68 79
-2.1316 -1.9467 -0.1198 69 67 84
-2.1298 -1.8900 -0.1212 102 68 79
-2.1202 -1.8811 -0.1198 92 77 106
-2.1337 -1.8304 -0.1214 105 68 77
-2.1414 -1.8394 -0.1199 89 76 104
-2.1308 -1.7698 -0.1214 163 127 119
-2.1436 -1.7850 -0.1197 188 122 178
-2.1258 -1.7056 -0.1216 208 172 152
-2.1413 -1.7055 -0.1197 212 135 207
-2.1312 -1.6518 -0.1216 212 177 155
-2.1243 -1.6294 -0.1198 228 141 221
-2.1303 -1.5912 -0.1217 218 183 160
-2.1449 -1.5955 -0.1198 150 113 139
-2.1286 -1.5300 -0.1217 175 133 119
-2.1293 -1.5293 -0.1199 162 107 163
-2.1304 -1.4701 -0.1219 116 68 74
-2.1303 -1.4822 -0.1195 77 70 90
-2.1345 -1.4202 -0.1220 129 72 71
-2.1282 -1.4187 -0.1197 80 69 87
-2.1305 -1.3488 -0.1235 194 103 61
-2.1295 -1.3513 -0.1199 80 69 88
-2.1307 -1.2887 -0.1236 228 181 151
-2.1303 -1.2740 -0.1196 117 94 101
-2.1265 -1.2369 -0.1237 254 252 241
-2.1283 -1.2109 -0.1197 146 119 120
-2.1306 -1.1687 -0.1235 254 253 247
-2.1300 -1.1844 -0.1194 138 115 118
-2.1296 -1.1088 -0.1236 254 254 251
-2.1299 -1.1339 -0.1199 151 124 122
-2.1305 -1.0616 -0.1237 254 254 252
-2.1313 -1.0346 -0.1197 114 93 102
-2.1290 -0.9763 -0.1234 217 121 67
-2.1278 -0.9723 -0.1198 80 70 89
-2.1297 -0.9289 -0.1235 231 136 71
-2.1299 -0.9057 -0.1199 81 68 87
-2.1304 -0.8687 -0.1237 239 149 77
-2.1346 -0.8585 -0.1194 78 70 89
-2.1086 -0.7945 -0.1235 180 98 61
-2.1450 -0.7820 -0.1198 114 91 98
-2.1204 -0.7286 -0.1217 145 131 137
-2.1139 -0.7781 -0.1198 118 94 100
-2.1177 -0.6678 -0.1234 254 252 241
-2.1323 -0.7132 -0.1200 152 124 123
-2.1295 -0.6290 -0.1235 254 253 244
-2.1411 -0.6261 -0.1199 123 107 118
-2.1295 -0.5688 -0.1236 254 254 248
-2.1326 -0.5177 -0.1237 229 168 132
-2.1321 -0.4517 -0.1237 233 139 74
-2.1456 -0.3961 -0.1237 240 150 78
-2.1541 -0.3524 -0.1237 229 140 76
-2.1291 -0.2705 -0.1235 193 140 116
-2.1286 -0.2106 -0.1235 253 242 219
-2.1038 -0.2064 -0.1173 167 84 165
-2.1289 -0.1503 -0.1235 254 248 230
-2.1265 -0.0912 -0.1235 254 251 239
-2.1193 -0.0057 -0.1234 232 179 149
-2.1120 0.0876 -0.1234 224 128 71
-2.1419 0.1668 -0.1236 238 149 81
-2.1544 0.2157 -0.1237 246 169 99
-2.1501 0.2725 -0.1237 254 254 253
-2.1447 0.3316 -0.1237 254 254 253
-2.1390 0.3910 -0.1237 254 254 253
-2.1335 0.4510 -0.1237 254 254 252
-2.1288 0.5100 -0.1237 236 154 100
-2.1287 0.5697 -0.1237 235 142 80
-2.1286 0.6295 -0.1236 230 136 78
-2.1488 0.6483 -0.1195 186 118 62
-2.1286 0.6897 -0.1236 215 121 74
-2.1189 0.7038 -0.1193 144 94 65
-2.1288 0.7498 -0.1236 241 213 190
-2.1098 0.7422 -0.1192 108 93 104
-2.1288 0.8099 -0.1236 253 242 220
-2.1403 0.8314 -0.1187 199 181 161
-2.1286 0.8701 -0.1236 250 232 205
-2.1165 0.8707 -0.1198 227 205 149
-2.1286 0.9299 -0.1235 244 218 190
-2.1301 0.9406 -0.1197 111 101 116
-2.1350 0.9849 -0.1235 185 143 127
-2.1324 1.0058 -0.1195 83 85 107
-2.1513 1.0313 -0.1235 122 71 71
-2.1258 1.0504 -0.1186 92 90 108
-2.1287 1.1106 -0.1236 232 137 72
-2.1259 1.1189 -0.1190 181 173 144
-2.1295 1.1698 -0.1237 235 143 75
-2.1494 1.1618 -0.1193 77 77 100
-2.1381 1.2279 -0.1237 244 186 140
-2.1478 1.2181 -0.1187 90 84 103
-2.1483 1.2852 -0.1237 254 254 253
-2.1081 1.3016 -0.1195 146 122 126
-2.1540 1.3306 -0.1237 254 254 253
-2.1205 1.3508 -0.1196 148 123 126
-2.1260 1.4118 -0.1235 254 254 249
-2.1379 1.4102 -0.1196 147 123 127
-2.1288 1.4704 -0.1235 248 226 209
-2.1486 1.4704 -0.1195 127 109 117
-2.1287 1.5303 -0.1236 229 133 74
-2.1084 1.5413 -0.1196 82 75 97
-2.1286 1.5902 -0.1236 237 144 77
-2.1182 1.5875 -0.1197 83 75 96
-2.1287 1.6503 -0.1236 236 144 78
-2.1358 1.6471 -0.1197 83 76 97
-2.1285 1.7104 -0.1237 236 150 91
-2.1494 1.7004 -0.1197 82 76 97
-2.1311 1.7691 -0.1237 254 254 250
-2.1079 1.7817 -0.1198 148 123 126
-2.1399 1.8279 -0.1237 254 253 245
-2.1221 1.8301 -0.1199 146 121 126
-2.1488 1.8857 -0.1237 254 251 238
-2.1393 1.8881 -0.1199 145 121 126
-2.1550 1.9332 -0.1236 252 243 221
-2.1524 1.9378 -0.1198 142 120 125
-2.1484 2.0271 -0.1219 123 78 86
-2.1094 2.0204 -0.1195 79 76 99
-2.1348 2.0747 -0.1219 128 78 85
-2.1187 2.0665 -0.1196 79 76 98
-2.1268 2.1287 -0.1219 129 79 85
-2.1358 2.1261 -0.1196 79 75 98
-2.1309 2.1898 -0.1218 125 78 86
-2.1464 2.1867 -0.1195 78 76 98
-2.1296 2.2512 -0.1218 208 171 151
-2.1078 2.2644 -0.1197 126 109 119
-2.1293 2.3111 -0.1217 223 188 165
-2.1200 2.3133 -0.1197 124 108 120
-2.1285 2.3722 -0.1216 222 186 163
-2.1370 2.3734 -0.1197 123 107 119
-2.1471 2.4418 -0.1219 232 200 174
-2.1506 2.4267 -0.1197 121 106 119
-2.1413 2.4651 -0.1215 227 194 170
-2.1309 2.4674 -0.0766 72 25 71
-2.1317 2.4680 0.0215 78 25 78
-2.1310 2.4680 0.0900 81 26 81
-2.1311 2.4680 0.1498 82 27 85
-2.1310 2.4680 0.2096 83 27 89
-2.1315 2.4680 0.2700 83 28 96
-2.1311 2.4680 0.3300 84 29 106
-2.1316 2.4680 0.3899 83 30 113
-2.1311 2.4680 0.4500 79 29 114
-2.1317 2.4680 0.5101 75 28 113
-2.1316 2.4680 0.5700 70 26 109
-2.1306 2.4680 0.6307 67 25 106
-2.1285 2.4680 0.6902 63 24 102
-2.1285 2.4680 0.7498 60 23 99
-2.1288 2.4680 0.8099 56 22 96
-2.1313 2.4649 0.8720 67 24 106
-2.1162 2.4653 0.9483 64 24 106
-2.1284 2.4654 0.9908 66 28 102
-2.1278 2.4654 1.0502 62 23 105
-2.1288 2.4654 1.1096 61 22 104
-2.1282 2.4654 1.1696 59 22 103
-2.1285 2.4654 1.2297 58 21 102
-2.1280 2.4654 1.2697 74 58 124
-2.0826 -2.5262 -0.1210 87 72 85
-2.0703 -2.5282 -0.0892 89 28 88
-2.0711 -2.5282 -0.0006 91 29 91
-2.0707 -2.5282 0.0889 95 30 97
-2.0707 -2.5282 0.1503 94 29 96
-2.0707 -2.5282 0.2117 91 29 98
-2.0716 -2.5282 0.2713 91 29 100
-2.0697 -2.5282 0.3287 91 29 102
-2.0707 -2.5282 0.3883 92 30 108
-2.0707 -2.5282 0.4497 90 30 109
-2.0707 -2.5282 0.5111 94 32 119
-2.0716 -2.5282 0.5710 97 33 127
-2.0707 -2.5282 0.6301 96 33 125
-2.0704 -2.5282 0.6900 97 33 129
-2.0701 -2.5282 0.7499 98 34 134
-2.0712 -2.5282 0.8098 96 33 134
-2.0709 -2.5282 0.8696 96 33 134
-2.0707 -2.5282 0.9299 97 34 137
-2.0706 -2.5282 0.9905 96 34 137
-2.0708 -2.5282 1.0508 97 34 137
-2.0709 -2.5282 1.1103 97 34 137
-2.0705 -2.5282 1.1698 101 35 140
-2.0703 -2.5282 1.2297 101 35 139
-2.0714 -2.5283 1.2693 94 43 135
-2.0668 -2.4912 -0.1212 69 63 82
-2.0708 -2.4860 -0.1199 85 67 83
-2.0729 -2.4313 -0.1213 68 63 83
-2.0696 -2.4505 -0.1199 82 68 85
-2.0564 -2.3708 -0.1214 68 64 84
-2.0684 -2.3702 -0.1196 79 69 87
-2.0505 -2.3056 -0.1214 80 70 86
-2.0706 -2.2992 -0.1198 93 76 89
-2.0708 -2.2382 -0.1206 166 134 126
-2.0726 -2.2317 -0.1199 150 123 122
-2.0721 -2.1746 -0.1209 176 141 131
-2.0692 -2.1704 -0.1198 138 113 116
-2.0686 -2.1233 -0.1210 181 147 135
-2.0542 -2.1078 -0.1198 137 114 116
-2.0690 -2.0715 -0.1211 188 156 141
-2.0815 -2.0943 -0.1199 144 119 119
-2.0637 -2.0133 -0.1211 128 89 89
-2.0667 -2.0123 -0.1198 81 73 87
-2.0724 -1.9486 -0.1211 105 69 78
-2.0624 -1.9428 -0.1199 70 67 84
-2.0680 -1.8873 -0.1213 109 70 77
-2.0818 -1.9017 -0.1199 70 67 84
-2.0713 -1.8289 -0.1213 106 69 79
-2.0674 -1.8390 -0.1197 81 69 87
-2.0655 -1.7659 -0.1215 180 138 122
-2.0700 -1.7720 -0.1198 126 100 103
-2.0759 -1.7125 -0.1216 208 171 151
-2.0721 -1.7001 -0.1196 142 115 118
-2.0703 -1.6521 -0.1216 210 171 149
-2.0666 -1.6284 -0.1197 146 119 119
-2.0710 -1.5898 -0.1218 221 186 163
-2.0805 -1.5632 -0.1198 147 119 119
-2.0676 -1.5309 -0.1219 183 139 124
-2.0529 -1.5562 -0.1198 141 114 115
-2.0687 -1.4701 -0.1219 128 72 72
-2.0713 -1.4804 -0.1195 80 68 85
-2.0816 -1.4301 -0.1219 129 72 72
-2.0703 -1.4168 -0.1197 81 68 86
-2.0736 -1.3431 -0.1235 208 114 65
-2.0696 -1.3486 -0.1199 81 69 87
-2.0708 -1.2887 -0.1236 237 190 158
-2.0710 -1.2712 -0.1196 120 97 102
-2.0706 -1.2286 -0.1237 254 254 246
-2.0701 -1.2090 -0.1197 144 118 119
-2.0601 -1.1892 -0.1237 254 254 246
-2.0689 -1.1804 -0.1194 136 112 116
-2.0703 -1.1086 -0.1236 254 254 249
-2.0689 -1.1309 -0.1199 150 121 120
-2.0701 -1.0634 -0.1237 254 254 252
-2.0692 -1.0383 -0.1197 120 95 104
-2.0700 -0.9772 -0.1234 226 129 67
-2.0665 -0.9689 -0.1198 83 68 85
-2.0474 -0.9101 -0.1234 151 80 58
-2.0817 -0.9108 -0.1198 81 69 86
-2.0542 -0.8633 -0.1235 141 73 56
-2.0666 -0.8895 -0.1199 82 69 86
-2.0665 -0.8076 -0.1235 158 81 57
-2.0725 -0.7438 -0.1218 145 127 131
-2.0674 -0.7722 -0.1198 125 100 103
-2.0661 -0.6767 -0.1235 254 252 240
-2.0719 -0.7057 -0.1200 150 121 121
-2.0698 -0.6290 -0.1235 254 253 244
-2.0693 -0.5687 -0.1237 254 254 251
-2.0764 -0.5290 -0.1237 250 227 205
-2.0950 -0.4710 -0.1236 223 134 75
-2.0858 -0.3700 -0.1236 124 64 54
-2.0697 -0.3292 -0.1237 136 69 54
-2.0687 -0.2705 -0.1236 196 141 114
-2.0688 -0.2105 -0.1236 253 243 219
-2.0686 -0.1501 -0.1236 254 248 229
-2.0975 -0.1682 -0.1173 102 93 109
-2.0686 -0.0902 -0.1236 254 252 241
-2.0686 -0.0010 -0.1236 240 182 142
-2.0686 0.0897 -0.1235 231 137 74
-2.0688 0.1498 -0.1235 230 136 75
-2.0686 0.2097 -0.1235 232 146 87
-2.0650 0.2690 -0.1235 254 254 249
-2.0601 0.3288 -0.1234 254 253 244
-2.0551 0.3880 -0.1234 254 253 245
-2.0502 0.4467 -0.1234 254 253 246
-2.0943 0.5259 -0.1237 233 139 82
-2.0931 0.5743 -0.1237 232 140 81
-2.0881 0.6322 -0.1237 230 138 79
-2.0825 0.6913 -0.1237 217 123 73
-2.0662 0.6964 -0.1197 151 99 65
-2.0769 0.7510 -0.1237 243 216 192
-2.0706 0.7682 -0.1191 193 176 163
-2.0586 0.8141 -0.1208 249 229 168
-2.0811 0.8212 -0.1177 162 125 111
-2.0692 0.8689 -0.1237 246 219 189
-2.0666 0.8758 -0.1198 115 104 118
-2.0829 0.9218 -0.1236 242 215 186
-2.0690 0.9450 -0.1197 113 103 117
-2.0955 0.9643 -0.1236 240 220 202
-2.0673 1.0083 -0.1195 79 79 101
-2.0773 1.0480 -0.1237 223 125 64
-2.0650 1.0462 -0.1190 209 198 154
-2.0875 1.1059 -0.1237 233 139 71
-2.0783 1.1215 -0.1190 75 77 100
-2.0946 1.1528 -0.1237 235 143 77
-2.0642 1.1671 -0.1196 84 75 96
-2.0681 1.2306 -0.1235 239 185 147
-2.0808 1.2263 -0.1195 111 95 108
-2.0686 1.2902 -0.1235 254 254 248
-2.0853 1.2806 -0.1195 149 124 126
-2.0690 1.3505 -0.1236 254 254 248
-2.0494 1.3570 -0.1197 147 120 124
-2.0687 1.4103 -0.1236 254 254 251
-2.0634 1.4087 -0.1197 152 126 127
-2.0687 1.4702 -0.1236 252 232 212
-2.0806 1.4678 -0.1197 132 110 118
-2.0687 1.5302 -0.1237 245 157 80
-2.0897 1.5210 -0.1196 83 75 96
-2.0743 1.5883 -0.1237 244 158 82
-2.0484 1.5895 -0.1199 85 75 96
-2.0833 1.6474 -0.1237 243 156 82
-2.0660 1.6472 -0.1199 84 75 97
-2.0918 1.7038 -0.1237 241 155 86
-2.0846 1.7093 -0.1199 94 82 100
-2.0904 1.7490 -0.1237 254 254 251
-2.0923 1.7547 -0.1197 149 124 126
-2.0483 1.8223 -0.1234 254 251 239
-2.0513 1.8391 -0.1196 137 114 121
-2.0680 1.8927 -0.1218 225 190 166
-2.0649 1.8915 -0.1196 141 118 123
-2.0706 1.9504 -0.1218 222 189 166
-2.0813 1.9511 -0.1196 136 115 122
-2.0718 2.0086 -0.1217 130 83 89
-2.0858 2.0055 -0.1195 82 76 98
-2.0645 2.0703 -0.1217 124 78 87
-2.0482 2.0752 -0.1197 80 75 96
-2.0850 2.1353 -0.1219 132 80 85
-2.0624 2.1263 -0.1197 79 75 98
-2.0719 2.1906 -0.1219 131 79 85
-2.0807 2.1898 -0.1197 78 76 98
-2.0712 2.2507 -0.1219 214 177 156
-2.0869 2.2426 -0.1196 116 99 111
-2.0682 2.3106 -0.1218 226 189 164
-2.0488 2.3122 -0.1198 124 107 119
-2.0682 2.3712 -0.1217 224 187 163
-2.0662 2.3701 -0.1199 122 106 118
-2.0707 2.4300 -0.1217 226 192 169
-2.0850 2.4330 -0.1199 123 107 118
-2.0753 2.4652 -0.1211 213 177 157
-2.0754 2.4675 -0.0700 73 25 72
-2.0706 2.4681 0.0290 80 25 79
-2.0694 2.4681 0.0900 83 26 82
-2.0695 2.4681 0.1500 84 27 86
-2.0694 2.4681 0.2102 85 27 91
-2.0694 2.4681 0.2703 86 29 98
-2.0699 2.4681 0.3301 86 30 108
-2.0699 2.4681 0.3901 84 30 113
-2.0697 2.4681 0.4500 80 29 114
-2.0699 2.4681 0.5099 76 28 112
-2.0700 2.4681 0.5701 70 26 109
-2.0694 2.4681 0.6295 67 25 105
-2.0672 2.4681 0.6899 62 23 101
-2.0674 2.4681 0.7499 59 22 97
-2.0597 2.4653 0.8290 98 62 112
-2.0710 2.4650 0.8705 66 24 106
-2.0711 2.4655 0.9484 62 25 101
-2.0756 2.4655 0.9903 63 23 105
-2.0750 2.4655 1.0504 62 23 105
-2.0754 2.4655 1.1105 61 22 104
-2.0756 2.4655 1.1698 58 22 102
-2.0755 2.4655 1.2299 58 22 102
-2.0744 2.4655 1.2702 75 60 125
-2.0038 -2.5257 -0.1209 109 89 99
-2.0133 -2.5282 -0.0909 95 30 93
-2.0121 -2.5282 -0.0001 98 31 96
-2.0130 -2.5282 0.0894 103 32 103
-2.0123 -2.5282 0.1487 105 33 105
-2.0123 -2.5282 0.2110 101 32 104
-2.0123 -2.5282 0.2695 103 33 107
-2.0123 -2.5282 0.3280 102 33 110
-2.0123 -2.5282 0.3903 102 33 115
-2.0133 -2.5282 0.4508 104 34 117
-2.0113 -2.5282 0.5091 102 34 123
-2.0123 -2.5282 0.5695 99 34 129
-2.0132 -2.5282 0.6303 101 34 127
-2.0122 -2.5282 0.6899 100 34 130
-2.0115 -2.5282 0.7499 100 35 135
-2.0131 -2.5282 0.8099 98 34 135
-2.0124 -2.5282 0.8699 98 34 136
-2.0123 -2.5282 0.9300 97 34 136
-2.0121 -2.5282 0.9896 97 34 137
-2.0124 -2.5282 1.0495 98 34 137
-2.0125 -2.5282 1.1100 98 34 137
-2.0125 -2.5282 1.1699 101 35 139
-2.0118 -2.5282 1.2299 101 35 139
-2.0136 -2.5283 1.2697 92 44 134
-2.0109 -2.4902 -0.1212 97 85 98
-2.0122 -2.4997 -0.1198 108 88 96
-2.0141 -2.4316 -0.1212 91 80 95
-2.0135 -2.4539 -0.1199 113 94 104
-2.0093 -2.3720 -0.1213 98 85 98
-2.0109 -2.3739 -0.1196 112 94 102
-2.0069 -2.3113 -0.1214 95 81 95
-2.0085 -2.3028 -0.1198 116 95 102
-2.0106 -2.2494 -0.1216 91 78 93
-2.0132 -2.2363 -0.1199 115 95 103
-2.0018 -2.1903 -0.1217 80 70 87
-2.0090 -2.1731 -0.1198 102 86 98
-1.9926 -2.1318 -0.1217 75 65 84
-2.0122 -2.1120 -0.1199 110 92 101
-1.9904 -2.0816 -0.1217 86 71 86
-2.0074 -2.0721 -0.1198 83 77 92
-2.0136 -2.0086 -0.1212 151 118 114
-1.9965 -1.9979 -0.1199 97 85 98
-2.0032 -1.9513 -0.1213 164 132 125
-2.0174 -1.9625 -0.1199 82 77 92
-2.0143 -1.8890 -0.1213 147 111 109
-2.0096 -1.9050 -0.1195 112 94 103
-2.0042 -1.8268 -0.1215 176 139 127
-2.0097 -1.8366 -0.1197 118 97 105
-2.0130 -1.7741 -0.1215 157 116 108
-2.0094 -1.7693 -0.1198 114 90 97
-2.0109 -1.7098 -0.1216 157 115 108
-2.0090 -1.6972 -0.1196 106 88 99
-2.0092 -1.6454 -0.1217 156 112 104
-2.0096 -1.6263 -0.1197 107 89 99
-2.0105 -1.5868 -0.1218 168 124 113
-2.0110 -1.5943 -0.1189 101 87 98
-2.0115 -1.5285 -0.1219 168 121 108
-2.0088 -1.5563 -0.1199 111 90 98
-2.0100 -1.4760 -0.1219 182 139 125
-2.0092 -1.4778 -0.1195 112 95 104
-2.0090 -1.4102 -0.1217 169 129 119
-2.0131 -1.4141 -0.1197 112 93 102
-2.0217 -1.3304 -0.1234 222 154 115
-2.0092 -1.3458 -0.1199 120 99 105
-2.0110 -1.2891 -0.1235 236 190 158
-2.0082 -1.2688 -0.1196 110 89 97
-2.0104 -1.2289 -0.1236 240 186 147
-2.0199 -1.2186 -0.1196 127 104 109
-2.0073 -1.1744 -0.1237 244 185 135
-2.0047 -1.1946 -0.1197 98 82 95
-1.9911 -1.1286 -0.1237 243 164 99
-2.0082 -1.1288 -0.1199 109 89 99
-2.0100 -1.0648 -0.1237 245 189 144
-2.0085 -1.0360 -0.1196 108 87 96
-2.0067 -0.9702 -0.1234 164 123 107
-2.0102 -0.9662 -0.1198 116 97 105
-2.0093 -0.9254 -0.1235 161 115 100
-2.0084 -0.9141 -0.1196 114 96 104
-2.0089 -0.8694 -0.1235 178 127 106
-2.0103 -0.8961 -0.1200 119 97 104
-2.0089 -0.8095 -0.1236 191 140 115
-2.0097 -0.8357 -0.1197 116 97 104
-2.0072 -0.7608 -0.1217 128 104 107
-2.0108 -0.7650 -0.1199 111 90 97
-2.0080 -0.6866 -0.1235 238 178 132
-2.0118 -0.6982 -0.1200 113 92 101
-2.0097 -0.6287 -0.1236 243 188 143
-2.0114 -0.5715 -0.1237 248 199 155
-2.0297 -0.5320 -0.1237 241 236 233
-1.9912 -0.4521 -0.1234 200 161 137
-1.9865 -0.3950 -0.1234 235 203 173
-2.0347 -0.3192 -0.1237 143 75 56
-2.0315 -0.2666 -0.1237 203 155 128
-2.0260 -0.2082 -0.1237 253 243 219
-2.0206 -0.1486 -0.1237 254 247 225
-2.0148 -0.0888 -0.1237 252 240 223
-2.0091 0.0000 -0.1237 244 196 160
-2.0088 0.0897 -0.1236 242 181 134
-2.0083 0.1496 -0.1236 244 185 137
-2.0088 0.2095 -0.1236 243 184 141
-2.0088 0.2695 -0.1236 250 224 200
-2.0087 0.3296 -0.1236 250 224 197
-2.0088 0.3898 -0.1235 249 221 195
-2.0089 0.4499 -0.1235 249 222 197
-2.0085 0.5100 -0.1235 236 176 138
-2.0082 0.5692 -0.1235 232 168 132
-2.0031 0.6286 -0.1235 233 176 142
-1.9982 0.6883 -0.1234 231 184 156
-2.0067 0.7072 -0.1195 200 181 162
-1.9965 0.7559 -0.1208 242 215 152
-2.0107 0.7577 -0.1194 144 102 86
-2.0038 0.8156 -0.1205 112 94 106
-2.0060 0.7971 -0.1191 135 117 124
-2.0347 0.8662 -0.1237 237 201 170
-2.0070 0.8812 -0.1198 105 94 111
-2.0329 0.9079 -0.1237 254 254 252
-2.0071 0.9400 -0.1196 100 91 108
-2.0344 0.9744 -0.1237 247 224 197
-2.0029 0.9768 -0.1194 195 185 148
-2.0087 1.0506 -0.1235 224 171 139
-2.0124 1.0422 -0.1191 83 80 101
-2.0089 1.1105 -0.1235 233 179 144
-2.0232 1.0949 -0.1195 98 83 100
-2.0089 1.1706 -0.1236 239 186 150
-1.9905 1.1701 -0.1197 133 109 114
-2.0088 1.2307 -0.1236 243 198 164
-2.0083 1.2306 -0.1197 122 99 107
-2.0084 1.2905 -0.1236 248 209 174
-2.0255 1.2886 -0.1197 138 113 118
-2.0098 1.3495 -0.1237 250 215 180
-2.0131 1.3484 -0.1197 123 102 112
-2.0179 1.4083 -0.1237 253 240 225
-1.9934 1.4101 -0.1199 109 89 101
-2.0270 1.4669 -0.1237 253 239 225
-2.0120 1.4722 -0.1199 114 93 104
-2.0344 1.5183 -0.1237 247 166 84
-2.0289 1.5311 -0.1199 94 79 97
-2.0088 1.5896 -0.1237 216 148 111
-1.9986 1.5918 -0.1191 109 94 107
-2.0086 1.6496 -0.1236 229 160 117
-1.9928 1.6525 -0.1196 122 101 110
-2.0089 1.7097 -0.1236 234 169 127
-2.0088 1.7085 -0.1196 113 94 106
-2.0089 1.7692 -0.1235 249 225 204
-2.0230 1.7692 -0.1195 126 105 113
-2.0088 1.8294 -0.1235 250 225 200
-2.0235 1.8193 -0.1195 123 104 114
-2.0056 1.8878 -0.1235 248 220 194
-1.9914 1.8916 -0.1197 101 85 100
-1.9963 1.9461 -0.1234 245 203 170
-2.0077 1.9469 -0.1197 112 93 105
-1.9874 2.0004 -0.1234 249 236 220
-2.0240 2.0054 -0.1197 91 80 98
-2.0107 2.0708 -0.1218 149 103 101
-2.0142 2.0625 -0.1196 98 86 103
-2.0099 2.1308 -0.1218 153 109 107
-1.9924 2.1288 -0.1199 115 97 109
-2.0268 2.2075 -0.1219 144 93 93
-2.0114 2.1914 -0.1199 99 86 102
-2.0193 2.2549 -0.1219 219 183 160
-2.0290 2.2500 -0.1199 119 102 113
-2.0080 2.3093 -0.1219 208 165 143
-2.0146 2.2958 -0.1195 108 96 110
-2.0081 2.3675 -0.1218 204 159 139
-1.9913 2.3717 -0.1196 91 82 101
-2.0124 2.4285 -0.1218 215 177 155
-2.0090 2.4333 -0.1196 100 88 104
-2.0079 2.4650 -0.1212 202 161 142
-1.9877 2.4655 -0.0868 217 192 155
-1.9842 2.4653 0.0033 230 206 164
-1.9868 2.4656 0.0916 220 196 165
-1.9873 2.4656 0.1494 219 193 161
-1.9877 2.4656 0.2074 219 192 161
-1.9879 2.4655 0.2693 220 196 163
-1.9888 2.4656 0.3311 217 189 160
-1.9893 2.4656 0.3890 215 189 160
-1.9894 2.4655 0.4510 215 189 159
-1.9903 2.4656 0.5129 209 183 155
-1.9908 2.4656 0.5707 205 179 151
-1.9913 2.4656 0.6285 200 175 147
-1.9867 2.4654 0.6918 204 179 143
-1.9870 2.4654 0.7517 198 174 141
-2.0040 2.4652 0.8190 83 43 107
-2.0076 2.4652 0.8699 69 28 108
-2.0087 2.4652 0.9300 65 24 106
-2.0089 2.4652 0.9904 67 28 109
-2.0097 2.4651 1.0505 63 23 105
-2.0103 2.4651 1.1103 61 23 105
-2.0107 2.4651 1.1695 60 22 103
-2.0112 2.4651 1.2297 61 25 104
-2.0129 2.4652 1.2695 74 56 123
-1.9319 -2.5275 -0.1216 247 233 220
-1.9526 -2.5282 -0.0899 206 184 202
-1.9523 -2.5281 0.0007 209 185 204
-1.9516 -2.5282 0.0909 212 188 206
-1.9529 -2.5282 0.1502 208 179 201
-1.9522 -2.5282 0.2104 208 181 201
-1.9522 -2.5282 0.2697 206 179 198
-1.9522 -2.5282 0.3291 202 175 190
-1.9532 -2.5282 0.3905 183 148 158
-1.9512 -2.5282 0.4497 167 126 129
-1.9528 -2.5282 0.5103 159 118 127
-1.9519 -2.5282 0.5700 159 119 129
-1.9522 -2.5282 0.6298 159 119 128
-1.9528 -2.5282 0.6903 156 115 128
-1.9513 -2.5282 0.7500 161 122 131
-1.9532 -2.5282 0.8101 157 117 130
-1.9519 -2.5282 0.8702 160 120 133
-1.9524 -2.5282 0.9300 158 120 131
-1.9523 -2.5282 0.9901 156 118 132
-1.9522 -2.5282 1.0502 160 121 132
-1.9522 -2.5282 1.1099 157 120 133
-1.9527 -2.5282 1.1701 159 121 136
-1.9520 -2.5282 1.2302 159 121 133
-1.9525 -2.5282 1.2698 151 119 132
-1.9531 -2.4879 -0.1211 181 169 171
-1.9636 -2.5020 -0.1199 129 103 106
-1.9477 -2.4294 -0.1212 177 164 164
-1.9612 -2.4554 -0.1198 148 121 121
-1.9518 -2.3689 -0.1213 144 126 129
-1.9501 -2.3727 -0.1197 146 121 120
-1.9480 -2.3089 -0.1214 118 98 105
-1.9476 -2.3073 -0.1198 140 113 114
-1.9509 -2.2495 -0.1215 72 65 85
-1.9523 -2.2395 -0.1199 83 71 90
-1.9509 -2.1898 -0.1216 70 63 83
-1.9554 -2.1827 -0.1198 98 76 106
-1.9505 -2.1296 -0.1217 70 63 82
-1.9510 -2.1154 -0.1199 101 77 107
-1.9491 -2.0692 -0.1218 73 63 82
-1.9464 -2.0622 -0.1198 168 101 171
-1.9437 -2.0220 -0.1219 123 100 105
-1.9603 -2.0205 -0.1199 205 118 202
-1.9535 -1.9500 -0.1212 192 157 143
-1.9500 -1.9527 -0.1198 148 121 121
-1.9451 -1.8865 -0.1213 198 164 147
-1.9513 -1.9022 -0.1195 141 116 118
-1.9537 -1.8319 -0.1214 203 168 150
-1.9520 -1.8337 -0.1197 148 122 120
-1.9479 -1.7677 -0.1215 150 110 104
-1.9488 -1.7664 -0.1198 100 80 91
-1.9455 -1.7057 -0.1217 113 71 77
-1.9504 -1.6949 -0.1196 78 70 88
-1.9486 -1.6486 -0.1217 116 71 76
-1.9519 -1.6232 -0.1197 80 69 87
-1.9490 -1.5891 -0.1218 121 72 74
-1.9509 -1.5903 -0.1189 76 69 87
-1.9523 -1.5293 -0.1219 171 125 112
-1.9483 -1.5537 -0.1199 90 74 89
-1.9477 -1.4877 -0.1221 231 199 174
-1.9491 -1.4778 -0.1195 141 116 118
-1.9491 -1.4127 -0.1217 211 172 150
-1.9513 -1.4114 -0.1197 146 119 120
-1.9485 -1.3476 -0.1218 218 182 158
-1.9486 -1.3430 -0.1199 152 124 122
-1.9544 -1.2807 -0.1234 230 165 124
-1.9490 -1.2732 -0.1196 102 83 94
-1.9504 -1.2286 -0.1235 226 130 69
-1.9497 -1.2564 -0.1192 87 75 90
-1.9508 -1.1686 -0.1237 235 142 73
-1.9510 -1.1934 -0.1197 79 69 88
-1.9416 -1.1288 -0.1237 241 152 77
-1.9480 -1.1264 -0.1199 81 69 87
-1.9508 -1.0666 -0.1237 228 134 70
-1.9506 -1.0334 -0.1196 110 89 97
-1.9500 -0.9810 -0.1234 253 251 240
-1.9505 -0.9832 -0.1194 138 115 117
-1.9644 -0.9166 -0.1236 233 213 196
-1.9532 -0.9510 -0.1198 148 121 120
-1.9718 -0.8624 -0.1236 221 183 155
-1.9463 -0.8941 -0.1199 151 123 122
-1.9447 -0.7965 -0.1220 147 127 128
-1.9463 -0.8276 -0.1197 147 121 120
-1.9597 -0.7524 -0.1224 163 109 86
-1.9543 -0.7579 -0.1199 88 73 89
-1.9494 -0.6891 -0.1235 227 131 70
-1.9618 -0.6920 -0.1200 81 69 88
-1.9491 -0.6289 -0.1236 237 145 74
-1.9530 -0.5829 -0.1237 241 153 78
-1.9704 -0.4856 -0.1231 220 188 161
-1.9530 -0.4439 -0.1235 221 183 155
-1.9488 -0.3900 -0.1235 237 204 173
-1.9484 -0.3306 -0.1235 248 227 199
-1.9436 -0.2712 -0.1235 224 184 156
-1.9270 -0.2648 -0.1181 102 68 111
-1.9392 -0.2112 -0.1234 186 98 63
-1.9330 -0.2152 -0.1172 169 80 172
-1.9340 -0.1518 -0.1234 199 107 66
-1.9518 -0.1640 -0.1172 75 73 92
-1.9294 -0.0941 -0.1234 211 118 69
-1.9401 -0.1084 -0.1176 73 73 92
-1.9743 0.0308 -0.1237 254 253 249
-1.9695 0.0925 -0.1237 254 254 252
-1.9640 0.1517 -0.1237 254 254 253
-1.9586 0.2112 -0.1237 254 249 243
-1.9527 0.2710 -0.1237 242 155 83
-1.9488 0.3300 -0.1237 242 153 82
-1.9485 0.3899 -0.1237 242 153 82
-1.9488 0.4500 -0.1236 239 148 81
-1.9484 0.5097 -0.1236 253 244 233
-1.9489 0.5697 -0.1236 254 254 247
-1.9489 0.6299 -0.1236 254 253 244
-1.9471 0.6478 -0.1195 212 202 188
-1.9433 0.7008 -0.1210 249 232 172
-1.9787 0.7184 -0.1194 140 117 121
-1.9493 0.7586 -0.1207 95 87 103
-1.9453 0.7331 -0.1193 130 114 120
-1.9475 0.8184 -0.1206 90 80 97
-1.9486 0.8213 -0.1191 87 81 102
-1.9491 0.8699 -0.1235 159 85 69
-1.9362 0.8836 -0.1196 198 188 151
-1.9462 0.9291 -0.1235 142 77 69
-1.9616 0.9422 -0.1196 80 78 100
-1.9462 0.9820 -0.1234 165 115 103
-1.9507 0.9666 -0.1192 114 106 113
-1.9520 1.0358 -0.1235 237 216 194
-1.9534 1.0510 -0.1197 153 126 127
-1.9489 1.1103 -0.1237 254 252 240
-1.9696 1.1091 -0.1197 149 122 124
-1.9522 1.1685 -0.1237 254 254 249
-1.9266 1.1868 -0.1198 154 127 128
-1.9614 1.2275 -0.1237 248 218 193
-1.9387 1.2311 -0.1199 122 102 112
-1.9700 1.2850 -0.1237 240 152 79
-1.9560 1.2893 -0.1199 85 76 96
-1.9751 1.3311 -0.1236 235 151 80
-1.9711 1.3436 -0.1199 88 77 96
-1.9598 1.4335 -0.1236 117 61 57
-1.9290 1.4247 -0.1194 83 76 97
-1.9486 1.4692 -0.1236 157 102 86
-1.9370 1.4733 -0.1196 105 91 106
-1.9490 1.5292 -0.1235 248 224 195
-1.9537 1.5285 -0.1196 146 121 125
-1.9719 1.5978 -0.1237 254 250 235
-1.9669 1.5864 -0.1195 140 117 122
-1.9623 1.6528 -0.1237 254 254 246
-1.9457 1.6497 -0.1196 141 118 123
-1.9519 1.7113 -0.1237 253 247 238
-1.9352 1.7084 -0.1197 140 116 121
-1.9489 1.7695 -0.1237 234 142 77
-1.9520 1.7687 -0.1197 82 76 97
-1.9485 1.8295 -0.1236 235 142 77
-1.9684 1.8265 -0.1197 85 76 97
-1.9487 1.8896 -0.1236 237 145 78
-1.9367 1.8971 -0.1198 84 76 98
-1.9490 1.9500 -0.1235 236 143 78
-1.9377 1.9501 -0.1199 83 76 97
-1.9489 2.0096 -0.1235 253 245 235
-1.9551 2.0087 -0.1199 138 115 121
-1.9447 2.0674 -0.1235 254 254 247
-1.9708 2.0629 -0.1198 133 113 121
-1.9349 2.1264 -0.1234 254 253 247
-1.9295 2.1414 -0.1194 133 114 122
-1.9269 2.1784 -0.1234 253 252 245
-1.9346 2.1894 -0.1196 133 114 122
-1.9501 2.2504 -0.1218 142 100 101
-1.9524 2.2497 -0.1196 89 82 101
-1.9663 2.3211 -0.1219 134 81 84
-1.9663 2.3108 -0.1195 80 77 99
-1.9520 2.3722 -0.1219 134 81 85
-1.9282 2.3863 -0.1195 77 76 99
-1.9595 2.4416 -0.1206 219 191 151
-1.9329 2.4259 -0.1197 76 75 98
-1.9528 2.4646 -0.1215 127 79 86
-1.9474 2.4652 -0.0898 136 98 106
-1.9483 2.4652 0.0001 140 101 110
-1.9483 2.4653 0.0906 136 97 111
-1.9497 2.4653 0.1508 140 102 115
-1.9502 2.4653 0.2075 140 102 116
-1.9508 2.4653 0.2688 155 119 122
-1.9513 2.4653 0.3302 160 124 125
-1.9508 2.4653 0.3897 154 117 123
-1.9536 2.4653 0.4508 161 126 127
-1.9504 2.4653 0.5115 147 111 123
-1.9493 2.4653 0.5697 141 104 121
-1.9502 2.4653 0.6298 140 104 121
-1.9468 2.4653 0.6893 124 87 115
-1.9473 2.4653 0.7490 121 85 115
-1.9477 2.4653 0.8094 80 39 107
-1.9481 2.4653 0.8700 68 26 107
-1.9482 2.4653 0.9295 65 23 106
-1.9501 2.4653 0.9900 66 26 108
-1.9494 2.4653 1.0495 62 23 105
-1.9505 2.4653 1.1099 61 22 104
-1.9504 2.4652 1.1707 63 26 105
-1.9521 2.4652 1.2300 59 23 103
-1.9520 2.4653 1.2696 70 49 119
-1.9065 -2.5260 -0.1216 251 243 235
-1.8893 -2.5281 -0.0900 254 252 253
-1.8907 -2.5281 -0.0012 254 253 254
-1.8907 -2.5281 0.0896 254 252 254
-1.8903 -2.5281 0.1495 254 252 254
-1.8903 -2.5281 0.2097 254 252 254
-1.8903 -2.5281 0.2700 254 252 254
-1.8903 -2.5281 0.3302 254 253 253
-1.8903 -2.5281 0.3905 254 252 247
-1.8909 -2.5281 0.4500 245 235 214
-1.8896 -2.5281 0.5102 216 191 160
-1.8913 -2.5281 0.5697 205 176 146
-1.8893 -2.5281 0.6299 205 177 147
-1.8913 -2.5281 0.6898 204 174 144
-1.8892 -2.5281 0.7501 204 176 145
-1.8913 -2.5281 0.8103 204 176 146
-1.8899 -2.5281 0.8698 205 177 147
-1.8906 -2.5281 0.9296 205 179 150
-1.8905 -2.5281 0.9899 206 179 150
-1.8900 -2.5281 1.0501 205 178 149
-1.8905 -2.5281 1.1104 206 178 150
-1.8904 -2.5281 1.1703 205 180 151
-1.8902 -2.5281 1.2301 207 179 152
-1.8907 -2.5282 1.2695 202 173 148
-1.8899 -2.4907 -0.1210 248 246 246
-1.8929 -2.4681 -0.1198 145 118 119
-1.8868 -2.4295 -0.1211 247 245 244
-1.8899 -2.4461 -0.1195 138 114 116
-1.8925 -2.3697 -0.1212 249 247 247
-1.8875 -2.3758 -0.1197 147 121 121
-1.8880 -2.3108 -0.1213 231 226 225
-1.8901 -2.3111 -0.1198 141 115 116
-1.8907 -2.2494 -0.1215 195 190 194
-1.8922 -2.2433 -0.1199 83 70 87
-1.8909 -2.1881 -0.1216 131 123 135
-1.8916 -2.1855 -0.1197 80 69 86
-1.8908 -2.1300 -0.1217 116 107 120
-1.8905 -2.1265 -0.1199 81 69 87
-1.8903 -2.0695 -0.1218 76 64 82
-1.8885 -2.0821 -0.1196 80 70 88
-1.8883 -2.0100 -0.1219 133 108 110
-1.8873 -2.0150 -0.1197 125 101 105
-1.8710 -1.9670 -0.1217 157 126 122
-1.8936 -1.9517 -0.1198 147 120 120
-1.8928 -1.8934 -0.1214 199 166 150
-1.8930 -1.8997 -0.1195 143 118 119
-1.8875 -1.8266 -0.1215 204 169 151
-1.8905 -1.8308 -0.1197 147 121 120
-1.8858 -1.7675 -0.1216 151 106 98
-1.8883 -1.7636 -0.1198 97 77 89
-1.8893 -1.7115 -0.1217 118 72 76
-1.8917 -1.6917 -0.1196 80 69 86
-1.8886 -1.6498 -0.1218 119 71 75
-1.8892 -1.6317 -0.1192 77 69 87
-1.8881 -1.5899 -0.1219 121 72 74
-1.8899 -1.6139 -0.1197 80 69 87
-1.8918 -1.5287 -0.1220 172 126 113
-1.8881 -1.5508 -0.1199 93 75 89
-1.8865 -1.4779 -0.1237 254 254 252
-1.8890 -1.4785 -0.1195 141 116 117
-1.8896 -1.4161 -0.1217 210 172 150
-1.8891 -1.4086 -0.1197 147 121 120
-1.8903 -1.3489 -0.1218 218 182 158
-1.8882 -1.3402 -0.1199 151 124 122
-1.9044 -1.2685 -0.1234 218 124 69
-1.8897 -1.2681 -0.1196 98 80 91
-1.8908 -1.2284 -0.1235 228 132 69
-1.8915 -1.2526 -0.1192 86 73 88
-1.8908 -1.1688 -0.1236 236 143 73
-1.8890 -1.1903 -0.1197 81 69 86
-1.8873 -1.1139 -0.1237 241 152 78
-1.8875 -1.1237 -0.1199 81 69 87
-1.8699 -1.0756 -0.1237 237 150 79
-1.8926 -1.0291 -0.1197 113 91 98
-1.8897 -0.9819 -0.1235 254 250 237
-1.8900 -0.9744 -0.1195 137 114 116
-1.8898 -0.9285 -0.1236 254 251 238
-1.8909 -0.9497 -0.1199 147 120 120
-1.8906 -0.8719 -0.1237 254 253 245
-1.8904 -0.8911 -0.1199 152 125 123
-1.8884 -0.8085 -0.1219 145 131 139
-1.8885 -0.8201 -0.1197 146 120 120
-1.8868 -0.7411 -0.1235 229 133 70
-1.8929 -0.7502 -0.1199 83 70 86
-1.8894 -0.6888 -0.1236 236 143 73
-1.8891 -0.6289 -0.1237 242 153 78
-1.9015 -0.5928 -0.1237 243 157 81
-1.8965 -0.4898 -0.1219 251 240 204
-1.9072 -0.4288 -0.1235 221 184 155
-1.8900 -0.3887 -0.1236 234 200 170
-1.8888 -0.3302 -0.1236 248 226 197
-1.8884 -0.2704 -0.1236 227 184 153
-1.9061 -0.2605 -0.1172 175 70 170
-1.8888 -0.2103 -0.1236 197 105 63
-1.8919 -0.2108 -0.1175 159 79 163
-1.8887 -0.1503 -0.1235 210 116 67
-1.8888 -0.0901 -0.1235 220 124 70
-1.8617 -0.1025 0.7076 82 40 117
-1.8609 -0.1025 0.7412 68 25 110
-1.8626 -0.1022 0.8126 72 30 110
-1.8627 -0.1048 0.8684 67 25 110
-1.8614 -0.1043 0.9141 65 24 109
-1.8626 -0.1022 0.9908 63 25 107
-1.8626 -0.1022 1.0502 83 76 137
-1.8627 -0.1025 1.1235 95 113 157
-1.8616 -0.1028 1.1722 94 113 157
-1.8607 -0.1029 1.2145 94 112 158
-1.8628 -0.1027 1.2876 96 114 159
-1.8630 -0.1030 1.3332 95 114 158
-1.8880 -0.0021 -0.1235 242 203 176
-1.8819 0.0893 -0.1235 254 253 246
-1.8768 0.1492 -0.1234 254 254 249
-1.8721 0.2073 -0.1234 253 248 239
-1.8673 0.2653 -0.1234 229 136 77
-1.9147 0.3441 -0.1237 245 162 89
-1.9129 0.3940 -0.1237 243 158 86
-1.9078 0.4521 -0.1237 242 155 85
-1.9022 0.5112 -0.1237 253 245 237
-1.8964 0.5709 -0.1237 254 254 248
-1.8929 0.5915 -0.1197 228 222 202
-1.8859 0.6486 -0.1210 227 210 164
-1.8728 0.6299 -0.1194 203 190 175
-1.8904 0.7040 -0.1207 122 113 126
-1.8884 0.6699 -0.1195 164 143 141
-1.8915 0.7609 -0.1207 94 86 102
-1.8912 0.7550 -0.1193 90 82 102
-1.8884 0.8209 -0.1206 89 79 96
-1.8786 0.8164 -0.1195 204 192 154
-1.8892 0.8693 -0.1236 149 79 66
-1.8925 0.8851 -0.1195 106 104 112
-1.9016 0.9225 -0.1236 133 73 68
-1.9105 0.9212 -0.1197 106 85 94
-1.9120 0.9696 -0.1236 150 95 85
-1.8681 0.9985 -0.1198 150 123 123
-1.9049 1.0471 -0.1237 254 246 225
-1.8824 1.0476 -0.1199 156 128 127
-1.9130 1.1025 -0.1237 254 250 237
-1.9012 1.1105 -0.1199 157 129 128
-1.8872 1.1694 -0.1217 218 183 161
-1.9128 1.1597 -0.1198 159 133 131
-1.8926 1.2319 -0.1218 166 127 121
-1.8688 1.2407 -0.1195 96 82 99
-1.8884 1.2900 -0.1218 116 75 86
-1.8810 1.2902 -0.1196 84 75 96
-1.8878 1.3468 -0.1219 116 76 87
-1.8981 1.3498 -0.1196 84 75 96
-1.9065 1.4338 -0.1232 108 62 65
-1.9102 1.4038 -0.1195 83 76 97
-1.8916 1.4751 -0.1237 166 112 93
-1.8675 1.4804 -0.1197 118 100 111
-1.8889 1.5290 -0.1236 249 227 197
-1.8796 1.5306 -0.1197 149 124 126
-1.8885 1.5891 -0.1236 253 240 215
-1.8972 1.5901 -0.1197 149 123 126
-1.8890 1.6492 -0.1235 254 249 232
-1.9106 1.6434 -0.1197 149 125 128
-1.9097 1.7282 -0.1237 251 227 198
-1.8672 1.7180 -0.1198 139 116 120
-1.9106 1.7767 -0.1237 240 151 80
-1.8817 1.7671 -0.1199 84 74 95
-1.9011 1.8328 -0.1237 241 153 82
-1.9003 1.8299 -0.1199 83 75 97
-1.8909 1.8911 -0.1237 242 154 82
-1.9126 1.8794 -0.1198 82 75 97
-1.8888 1.9495 -0.1237 242 154 83
-1.8681 1.9642 -0.1195 85 77 97
-1.8889 2.0095 -0.1236 253 245 236
-1.8800 2.0102 -0.1196 138 116 122
-1.8888 2.0695 -0.1236 254 254 250
-1.8961 2.0663 -0.1196 136 115 122
-1.8887 2.1294 -0.1235 254 254 250
-1.9089 2.1236 -0.1195 135 115 123
-1.8889 2.1894 -0.1235 254 254 248
-1.8679 2.2034 -0.1196 133 114 122
-1.8836 2.2475 -0.1235 236 172 132
-1.8778 2.2473 -0.1197 91 82 101
-1.8725 2.3198 -0.1211 238 201 151
-1.8959 2.3071 -0.1197 78 75 98
-1.8854 2.3702 -0.1207 169 148 128
-1.9103 2.3603 -0.1197 76 75 98
-1.9062 2.4325 -0.1206 99 91 104
-1.8665 2.4381 -0.1198 76 75 97
-1.8928 2.4650 -0.1218 132 81 86
-1.8972 2.4654 -0.0897 69 25 74
-1.8988 2.4653 0.0011 70 22 75
-1.8999 2.4654 0.0892 71 22 78
-1.8995 2.4654 0.1491 71 23 80
-1.9004 2.4654 0.2084 72 23 82
-1.9011 2.4654 0.2684 71 23 83
-1.9016 2.4654 0.3285 71 23 88
-1.9022 2.4654 0.3886 72 23 92
-1.9022 2.4654 0.4496 71 24 93
-1.9023 2.4654 0.5076 72 24 97
-1.8993 2.4654 0.5704 71 24 100
-1.9011 2.4654 0.6302 70 24 102
-1.9004 2.4654 0.6902 69 24 103
-1.9022 2.4654 0.7500 68 24 105
-1.9012 2.4655 0.8104 71 28 107
-1.9035 2.4655 0.8699 67 26 107
-1.9026 2.4654 0.9304 70 30 110
-1.9041 2.4654 0.9907 65 25 107
-1.9043 2.4654 1.0506 63 23 105
-1.9046 2.4654 1.1110 65 28 107
-1.9054 2.4654 1.1704 62 26 105
-1.9064 2.4653 1.2300 57 21 101
-1.9054 2.4654 1.2702 73 57 123
-1.8298 -2.5269 -0.1226 250 234 210
-1.8527 -2.5285 -0.0904 248 234 247
-1.8539 -2.5283 0.0026 253 244 252
-1.8523 -2.5285 0.0916 252 236 251
-1.8523 -2.5285 0.1487 253 236 252
-1.8526 -2.5285 0.2093 253 239 252
-1.8523 -2.5285 0.2700 254 238 253
-1.8526 -2.5285 0.3306 253 240 253
-1.8522 -2.5285 0.3912 252 236 250
-1.8522 -2.5285 0.4483 252 236 245
-1.8526 -2.5285 0.5090 245 221 210
-1.8522 -2.5285 0.5696 204 164 151
-1.8525 -2.5285 0.6304 204 166 152
-1.8522 -2.5285 0.6912 200 161 148
-1.8522 -2.5285 0.7484 199 163 149
-1.8526 -2.5285 0.8091 200 166 150
-1.8522 -2.5285 0.8698 199 164 150
-1.8526 -2.5285 0.9306 197 165 149
-1.8522 -2.5285 0.9912 197 166 151
-1.8522 -2.5285 1.0484 195 163 149
-1.8526 -2.5285 1.1090 197 166 151
-1.8522 -2.5285 1.1697 193 164 150
-1.8526 -2.5285 1.2304 195 165 149
-1.8468 -2.5292 1.2709 172 133 147
-1.8449 -2.4954 -0.1208 220 212 211
-1.8321 -2.4721 -0.1198 143 117 117
-1.8476 -2.4328 -0.1211 242 238 238
-1.8298 -2.4492 -0.1195 138 114 116
-1.8363 -2.3695 -0.1212 246 244 243
-1.8285 -2.3751 -0.1197 144 119 119
-1.8381 -2.3089 -0.1213 247 245 244
-1.8348 -2.3120 -0.1198 144 118 118
-1.8282 -2.2499 -0.1214 247 245 245
-1.8323 -2.2473 -0.1199 85 69 84
-1.8331 -2.1890 -0.1215 246 244 244
-1.8301 -2.1926 -0.1197 80 68 85
-1.8307 -2.1315 -0.1216 247 245 246
-1.8302 -2.1332 -0.1199 81 69 85
-1.8307 -2.0696 -0.1217 240 237 236
-1.8294 -2.0806 -0.1195 82 70 86
-1.8298 -2.0096 -0.1218 220 211 209
-1.8298 -2.0144 -0.1196 125 100 104
-1.8255 -1.9610 -0.1219 215 204 201
-1.8330 -1.9514 -0.1198 147 120 119
-1.8279 -1.8898 -0.1214 199 165 149
-1.8294 -1.8968 -0.1195 143 118 119
-1.8277 -1.8289 -0.1215 206 172 154
-1.8286 -1.8281 -0.1197 148 122 121
-1.8334 -1.7742 -0.1216 161 117 106
-1.8277 -1.7612 -0.1199 96 75 86
-1.8309 -1.7133 -0.1217 120 72 76
-1.8287 -1.6888 -0.1196 80 68 85
-1.8280 -1.6528 -0.1218 122 73 75
-1.8304 -1.6326 -0.1192 78 69 85
-1.8288 -1.5906 -0.1219 126 73 73
-1.8282 -1.6110 -0.1197 81 69 86
-1.8343 -1.5401 -0.1220 147 93 87
-1.8280 -1.5487 -0.1199 96 76 88
-1.8305 -1.4689 -0.1237 254 254 251
-1.8275 -1.4764 -0.1196 141 115 117
-1.8177 -1.4307 -0.1237 254 253 251
-1.8276 -1.4059 -0.1197 147 121 120
-1.8313 -1.3505 -0.1218 218 182 158
-1.8277 -1.3374 -0.1199 152 125 122
-1.8281 -1.2919 -0.1219 202 158 135
-1.8312 -1.2646 -0.1196 97 77 87
-1.8350 -1.2182 -0.1235 229 132 68
-1.8339 -1.2491 -0.1192 84 71 84
-1.8305 -1.1688 -0.1235 235 140 71
-1.8271 -1.1879 -0.1197 82 69 85
-1.8308 -1.1087 -0.1236 242 152 76
-1.8271 -1.1210 -0.1199 82 68 85
-1.8229 -1.0667 -0.1237 245 159 80
-1.8302 -1.0254 -0.1197 116 93 99
-1.8297 -0.9841 -0.1235 253 246 226
-1.8281 -0.9665 -0.1195 137 114 116
-1.8302 -0.9293 -0.1236 254 248 229
-1.8336 -0.9474 -0.1198 145 119 119
-1.8272 -0.8579 -0.1227 188 178 176
-1.8304 -0.8878 -0.1199 153 125 122
-1.8304 -0.8215 -0.1220 148 135 143
-1.8308 -0.8127 -0.1197 141 115 115
-1.8292 -0.7488 -0.1235 238 151 86
-1.8317 -0.7424 -0.1199 83 68 83
-1.8298 -0.6886 -0.1236 241 149 75
-1.8322 -0.6359 -0.1237 245 160 80
-1.8146 -0.5563 -0.1235 123 65 57
-1.8237 -0.5159 -0.1230 172 138 122
-1.8492 -0.4467 -0.1219 225 191 163
-1.8444 -0.3764 -0.1237 235 204 175
-1.8384 -0.3289 -0.1237 247 223 194
-1.8176 -0.3018 -0.1188 186 50 170
-1.8325 -0.2690 -0.1237 227 179 146
-1.8107 -0.2695 -0.1184 125 62 126
-1.8286 -0.2103 -0.1237 204 108 61
-1.8038 -0.2231 -0.1184 71 72 90
-1.8286 -0.1505 -0.1237 222 124 67
-1.8058 -0.1439 -0.1177 87 84 97
-1.8285 -0.0904 -0.1236 231 136 72
-1.8060 -0.1090 -0.1174 74 71 90
-1.8582 -0.0865 0.0449 254 177 254
-1.8584 -0.0790 0.0904 254 198 254
-1.8584 -0.0786 0.1499 255 200 254
-1.8584 -0.0786 0.2100 255 200 254
-1.8584 -0.0786 0.2698 255 197 254
-1.8584 -0.0787 0.3296 255 188 254
-1.8584 -0.0786 0.3900 255 176 254
-1.8584 -0.0786 0.4501 255 162 254
-1.8584 -0.0786 0.5101 255 146 254
-1.8584 -0.0788 0.5699 254 128 252
-1.8307 -0.1029 0.6539 183 86 171
-1.8230 -0.1025 0.7064 182 86 159
-1.8325 -0.1025 0.7516 124 38 138
-1.8348 -0.1025 0.8097 136 40 143
-1.8327 -0.1025 0.8699 135 39 140
-1.8305 -0.1025 0.9300 131 37 136
-1.8294 -0.1025 0.9893 125 35 132
-1.8281 -0.1025 1.0492 128 61 143
-1.8266 -0.1025 1.1097 124 68 143
-1.8251 -0.1025 1.1700 116 65 137
-1.8335 -0.1025 1.2326 102 75 137
-1.8333 -0.1025 1.2908 93 59 121
-1.8324 -0.1025 1.3502 81 57 115
-1.8309 -0.1025 1.4103 80 57 115
-1.8294 -0.1025 1.4701 79 57 115
-1.8290 -0.1025 1.5143 83 72 125
-1.8287 -0.0011 -0.1236 247 209 180
-1.8586 0.0432 -0.0326 255 208 254
-1.8586 -0.0030 0.1000 255 213 255
-1.8586 0.0058 0.1500 255 215 255
-1.8586 0.0055 0.2100 255 212 255
-1.8586 0.0060 0.2700 255 204 255
-1.8586 0.0058 0.3301 255 193 255
-1.8586 0.0055 0.3902 255 178 255
-1.8586 0.0058 0.4501 255 160 254
-1.8586 0.0059 0.5099 254 138 253
-1.8586 0.0055 0.5699 252 112 247
-1.8586 0.0057 0.6300 235 83 226
-1.8586 0.0049 0.6895 214 65 205
-1.8586 -0.0210 0.7432 207 61 199
-1.8585 -0.0483 0.7880 208 62 200
-1.8582 -0.0025 0.8676 219 67 209
-1.8581 -0.0338 0.9195 211 63 202
-1.8577 0.0004 0.9900 230 74 218
-1.8577 -0.0135 1.0456 220 68 210
-1.8576 -0.0441 1.0951 217 66 207
-1.8573 0.0037 1.1695 224 71 213
-1.8572 -0.0211 1.2223 218 67 208
-1.8570 -0.0187 1.2768 222 70 212
-1.8569 0.0054 1.3339 225 71 214
-1.8286 0.0894 -0.1236 254 254 249
-1.8372 0.0988 0.0485 254 124 252
-1.8358 0.0988 0.0897 254 126 253
-1.8357 0.0988 0.1497 254 122 252
-1.8362 0.0988 0.2097 254 117 251
-1.8356 0.0988 0.2701 253 110 249
-1.8357 0.0988 0.3304 251 101 245
-1.8359 0.0988 0.3900 246 88 236
-1.8358 0.0988 0.4499 232 75 222
-1.8358 0.0988 0.5100 215 63 207
-1.8358 0.0988 0.5700 210 60 202
-1.8359 0.0988 0.6301 210 60 202
-1.8358 0.0988 0.6901 210 60 202
-1.8359 0.0988 0.7499 208 59 200
-1.8358 0.0988 0.8099 209 60 202
-1.8385 0.0988 0.8595 209 60 202
-1.8299 0.0985 0.9300 209 60 201
-1.8300 0.0985 0.9900 210 60 202
-1.8426 0.0985 1.0292 209 60 202
-1.8297 0.0991 1.1095 215 65 206
-1.8241 0.0971 1.1709 173 124 118
-1.8245 0.0971 1.2301 244 88 234
-1.8241 0.0971 1.2903 241 84 230
-1.8253 0.0970 1.3342 238 81 227
-1.8285 0.1495 -0.1235 254 254 251
-1.8288 0.2100 -0.1235 254 249 240
-1.8291 0.2700 -0.1235 237 143 76
-1.8286 0.3298 -0.1235 236 142 77
-1.8249 0.3890 -0.1235 233 139 77
-1.8201 0.4487 -0.1234 230 135 76
-1.8149 0.5079 -0.1234 251 239 224
-1.8465 0.5362 -0.1198 255 255 233
-1.8072 0.5610 -0.1220 252 240 200
-1.8163 0.5580 -0.1197 193 177 164
-1.8288 0.6294 -0.1207 164 149 137
-1.8297 0.6182 -0.1197 153 128 129
-1.8333 0.7076 -0.1208 125 115 127
-1.8313 0.6944 -0.1195 149 126 128
-1.8321 0.7640 -0.1206 91 82 99
-1.8210 0.7553 -0.1196 197 184 149
-1.8441 0.8214 -0.1210 98 78 90
-1.8284 0.8106 -0.1196 108 102 109
-1.8488 0.8556 -0.1237 149 79 64
-1.8495 0.8897 -0.1192 122 95 90
-1.8551 0.9160 -0.1237 129 67 50
-1.8464 0.9315 -0.1199 119 93 96
-1.8271 0.9879 -0.1218 177 135 124
-1.8506 0.9734 -0.1197 91 77 95
-1.8296 1.0484 -0.1218 219 181 158
-1.8108 1.0547 -0.1195 149 122 125
-1.8289 1.1118 -0.1218 222 186 163
-1.8245 1.1067 -0.1196 151 126 127
-1.8291 1.1675 -0.1219 223 189 165
-1.8409 1.1660 -0.1196 152 127 128
-1.8296 1.2294 -0.1219 184 142 130
-1.8456 1.2212 -0.1195 136 114 120
-1.8374 1.2904 -0.1219 123 76 84
-1.8089 1.2954 -0.1197 86 74 95
-1.8437 1.3472 -0.1219 122 76 85
-1.8250 1.3509 -0.1197 86 75 95
-1.8499 1.3937 -0.1219 117 76 87
-1.8423 1.4106 -0.1197 85 75 96
-1.8547 1.4908 -0.1237 220 184 155
-1.8468 1.4596 -0.1196 88 78 98
-1.8448 1.5351 -0.1237 249 227 197
-1.8106 1.5346 -0.1199 151 125 127
-1.8311 1.5912 -0.1237 253 243 220
-1.8281 1.5924 -0.1199 152 126 127
-1.8289 1.6494 -0.1236 254 251 238
-1.8455 1.6505 -0.1199 154 128 129
-1.8286 1.7091 -0.1236 253 244 230
-1.8517 1.6921 -0.1198 146 121 125
-1.8290 1.7690 -0.1235 228 131 72
-1.8106 1.7784 -0.1196 83 74 95
-1.8216 1.8262 -0.1235 229 133 74
-1.8248 1.8315 -0.1196 83 74 95
-1.8524 1.9097 -0.1237 245 161 86
-1.8417 1.8907 -0.1196 82 75 95
-1.8499 1.9558 -0.1237 244 161 86
-1.8462 1.9448 -0.1195 82 75 96
-1.8398 2.0126 -0.1237 253 248 241
-1.8084 2.0165 -0.1197 140 118 124
-1.8303 2.0707 -0.1237 254 254 252
-1.8226 2.0682 -0.1197 138 116 123
-1.8289 2.1295 -0.1236 254 254 253
-1.8400 2.1280 -0.1197 139 118 124
-1.8285 2.1895 -0.1236 254 254 251
-1.8529 2.1766 -0.1197 136 115 123
-1.8303 2.2635 -0.1212 241 210 160
-1.8092 2.2543 -0.1199 85 77 97
-1.8235 2.3101 -0.1210 116 99 100
-1.8265 2.3117 -0.1199 78 74 96
-1.8294 2.3672 -0.1210 96 84 97
-1.8433 2.3694 -0.1198 77 74 96
-1.8469 2.4189 -0.1212 109 88 95
-1.8525 2.4128 -0.1197 76 74 96
-1.8168 2.4654 -0.1230 202 110 73
-1.8102 2.4685 -0.1141 169 89 77
-1.8449 2.4685 0.0547 95 29 91
-1.8283 2.4686 0.0904 99 31 95
-1.8280 2.4686 0.1499 102 32 99
-1.8280 2.4686 0.2102 103 33 103
-1.8283 2.4686 0.2703 98 31 104
-1.8282 2.4686 0.3300 94 31 110
-1.8283 2.4686 0.3900 90 30 116
-1.8283 2.4686 0.4499 82 28 114
-1.8284 2.4686 0.5100 73 26 109
-1.8285 2.4686 0.5701 66 24 105
-1.8285 2.4686 0.6300 59 21 99
-1.8285 2.4686 0.6900 52 19 93
-1.8285 2.4686 0.7500 48 18 90
-1.8237 2.4706 0.8295 196 175 167
-1.8308 2.4706 0.8720 74 30 108
-1.8292 2.4674 0.9400 193 178 203
-1.8331 2.4673 0.9883 71 25 108
-1.8332 2.4673 1.0488 71 25 108
-1.8228 2.4666 1.1216 180 161 174
-1.8318 2.4665 1.1698 72 33 108
-1.8306 2.4665 1.2289 61 22 102
-1.8293 2.4666 1.2691 69 45 115
-1.7792 -2.5264 -0.1208 191 118 172
-1.7709 -2.5317 -0.0877 211 80 200
-1.7718 -2.5317 0.0034 235 100 226
-1.7719 -2.5317 0.0912 244 116 238
-1.7719 -2.5317 0.1504 250 131 246
-1.7719 -2.5317 0.2095 252 140 249
-1.7719 -2.5317 0.2687 254 160 253
-1.7719 -2.5317 0.3278 253 149 251
-1.7719 -2.5317 0.3869 248 123 244
-1.7709 -2.5317 0.4478 242 119 238
-1.7719 -2.5317 0.5100 230 100 225
-1.7728 -2.5317 0.5722 214 85 211
-1.7719 -2.5317 0.6330 196 73 196
-1.7719 -2.5317 0.6922 187 67 189
-1.7719 -2.5317 0.7513 176 62 181
-1.7718 -2.5317 0.8103 159 55 169
-1.7719 -2.5317 0.8696 142 48 159
-1.7719 -2.5317 0.9287 129 44 152
-1.7712 -2.5317 0.9883 128 44 151
-1.7714 -2.5317 1.0494 116 40 145
-1.7717 -2.5317 1.1101 110 37 141
-1.7715 -2.5317 1.1694 106 36 139
-1.7720 -2.5317 1.2300 103 35 137
-1.7719 -2.5315 1.2701 99 35 135
-1.7679 -2.4785 -0.1206 134 108 109
-1.7719 -2.4759 -0.1198 122 99 104
-1.7717 -2.4246 -0.1207 146 117 116
-1.7696 -2.4539 -0.1195 121 96 102
-1.7685 -2.3644 -0.1208 145 116 115
-1.7706 -2.3796 -0.1197 120 99 104
-1.7741 -2.3039 -0.1208 144 109 103
-1.7713 -2.3121 -0.1198 122 100 105
-1.7684 -2.2402 -0.1210 133 103 104
-1.7717 -2.2512 -0.1199 104 85 94
-1.7885 -2.1912 -0.1214 224 216 216
-1.7701 -2.2011 -0.1197 115 96 104
-1.7857 -2.1238 -0.1216 242 238 238
-1.7698 -2.1405 -0.1199 104 86 96
-1.7839 -2.0652 -0.1217 244 241 241
-1.7698 -2.0811 -0.1196 104 87 96
-1.7781 -2.0077 -0.1218 249 247 247
-1.7720 -2.0141 -0.1197 117 93 99
-1.7723 -1.9493 -0.1219 250 249 248
-1.7725 -1.9508 -0.1198 124 101 106
-1.7556 -1.9096 -0.1219 236 228 227
-1.7681 -1.8975 -0.1195 119 97 102
-1.7709 -1.8332 -0.1216 181 140 125
-1.7663 -1.8254 -0.1197 125 99 103
-1.7716 -1.7683 -0.1216 155 113 106
-1.7673 -1.7586 -0.1199 120 97 102
-1.7705 -1.7067 -0.1218 156 114 107
-1.7705 -1.6867 -0.1195 100 84 94
-1.7707 -1.6495 -0.1219 159 114 107
-1.7701 -1.6314 -0.1192 111 94 103
-1.7689 -1.5903 -0.1220 171 126 114
-1.7706 -1.6078 -0.1196 102 84 94
-1.7780 -1.5503 -0.1222 151 99 92
-1.7675 -1.5460 -0.1199 124 97 101
-1.7708 -1.4687 -0.1236 249 214 184
-1.7689 -1.4746 -0.1196 117 95 102
-1.7665 -1.4176 -0.1237 250 209 169
-1.7699 -1.4035 -0.1197 123 100 104
-1.7691 -1.3447 -0.1218 179 137 123
-1.7671 -1.3346 -0.1199 129 102 104
-1.7685 -1.2946 -0.1219 176 129 114
-1.7723 -1.2717 -0.1192 98 82 92
-1.7887 -1.2060 -0.1234 228 135 74
-1.7726 -1.2569 -0.1196 104 85 93
-1.7720 -1.1677 -0.1235 239 179 134
-1.7692 -1.1854 -0.1197 103 85 96
-1.7711 -1.1087 -0.1236 245 190 144
-1.7669 -1.1183 -0.1199 120 99 105
-1.7684 -1.0521 -0.1237 249 198 148
-1.7712 -1.0402 -0.1193 115 92 98
-1.7488 -1.0137 -0.1237 248 171 88
-1.7693 -1.0112 -0.1197 124 97 101
-1.7699 -0.9281 -0.1236 223 177 147
-1.7680 -0.9509 -0.1198 119 96 102
-1.7679 -0.8620 -0.1220 137 116 120
-1.7707 -0.8843 -0.1199 127 103 105
-1.7658 -0.7948 -0.1234 242 193 156
-1.7681 -0.8047 -0.1197 125 98 100
-1.7696 -0.7486 -0.1235 244 193 154
-1.7707 -0.7347 -0.1199 120 79 112
-1.7698 -0.6887 -0.1237 247 197 154
-1.7750 -0.6474 -0.1237 247 188 134
-1.7841 -0.5622 -0.1237 130 66 51
-1.7729 -0.5036 -0.1235 182 138 117
-1.7632 -0.4514 -0.1235 217 176 147
-1.7579 -0.3919 -0.1234 228 190 159
-1.7529 -0.3326 -0.1234 233 198 169
-1.7625 -0.3092 -0.1193 176 47 162
-1.7480 -0.2728 -0.1234 232 192 160
-1.7570 -0.2757 -0.1193 106 77 115
-1.7948 -0.1965 -0.1237 210 119 70
-1.7582 -0.1906 -0.1187 234 91 224
-1.7925 -0.1461 -0.1237 215 120 67
-1.7591 -0.1625 -0.1184 95 82 97
-1.7870 -0.0879 -0.1237 228 133 72
-1.7918 -0.0909 -0.1173 77 73 91
-1.7573 -0.1008 0.6557 176 141 97
-1.7548 -0.1004 0.6899 137 36 128
-1.7549 -0.1004 0.7474 128 33 121
-1.7547 -0.1004 0.8093 118 30 115
-1.7546 -0.1004 0.8712 106 27 107
-1.7544 -0.1004 0.9291 92 24 99
-1.7537 -0.1004 0.9901 76 21 91
-1.7544 -0.1004 1.0517 73 21 89
-1.7538 -0.1004 1.1107 73 21 89
-1.7536 -0.1004 1.1685 72 21 89
-1.7535 -0.1004 1.2302 71 21 88
-1.7540 -0.1004 1.2912 71 21 88
-1.7576 -0.1004 1.3499 70 20 88
-1.7574 -0.1004 1.4077 70 20 88
-1.7571 -0.1004 1.4694 70 21 88
-1.7577 -0.1005 1.5147 71 23 89
-1.7783 0.0050 -0.1237 250 220 194
-1.7935 -0.0460 -0.1178 72 71 91
-1.7699 0.0910 -0.1237 254 249 241
-1.7708 0.0986 0.0267 255 137 254
-1.7700 0.0986 0.0899 255 136 254
-1.7697 0.0986 0.1498 255 133 254
-1.7707 0.0986 0.2103 255 130 253
-1.7699 0.0986 0.2704 254 126 253
-1.7699 0.0986 0.3300 254 120 252
-1.7702 0.0986 0.3900 254 114 250
-1.7704 0.0986 0.4500 253 106 248
-1.7703 0.0986 0.5100 250 98 243
-1.7702 0.0986 0.5701 245 87 236
-1.7703 0.0986 0.6301 234 76 224
-1.7705 0.0986 0.6899 218 65 209
-1.7704 0.0986 0.7499 211 61 204
-1.7707 0.0986 0.8101 209 60 201
-1.7706 0.0986 0.8701 211 61 203
-1.7705 0.0986 0.9301 209 60 201
-1.7747 0.0986 0.9809 210 60 202
-1.7682 0.0991 1.0500 224 70 214
-1.7682 0.0991 1.1097 217 67 208
-1.7677 0.0972 1.1711 207 102 186
-1.7674 0.0972 1.2302 243 86 233
-1.7673 0.0972 1.2895 239 81 228
-1.7682 0.0971 1.3339 236 79 225
-1.7686 0.1498 -0.1237 254 245 235
-1.7686 0.2096 -0.1236 253 242 227
-1.7689 0.2697 -0.1236 244 169 107
-1.7686 0.3298 -0.1236 241 165 106
-1.7688 0.3895 -0.1236 238 159 103
-1.7581 0.4448 -0.1218 246 206 168
-1.7548 0.5105 -0.1214 250 230 175
-1.7684 0.5023 -0.1199 199 186 173
-1.7703 0.5575 -0.1210 180 165 144
-1.7671 0.5642 -0.1198 163 141 139
-1.7726 0.6286 -0.1207 125 112 123
-1.7664 0.6408 -0.1196 150 126 127
-1.7712 0.7073 -0.1207 117 105 116
-1.7644 0.6924 -0.1198 210 193 154
-1.7809 0.7682 -0.1213 126 107 111
-1.7671 0.7445 -0.1197 110 102 109
-1.7808 0.8191 -0.1210 231 189 156
-1.7985 0.8166 -0.1197 78 77 100
-1.7767 0.8700 -0.1203 86 77 94
-1.7724 0.8882 -0.1186 177 151 122
-1.7715 0.9489 -0.1218 182 118 69
-1.7712 0.9324 -0.1196 127 96 92
-1.7692 0.9899 -0.1219 187 140 122
-1.7855 0.9941 -0.1195 127 105 112
-1.7686 1.0464 -0.1219 202 157 137
-1.7779 1.0442 -0.1194 131 108 114
-1.7794 1.1071 -0.1219 222 186 161
-1.7526 1.1125 -0.1197 118 93 102
-1.7872 1.1697 -0.1219 225 192 168
-1.7704 1.1722 -0.1197 138 112 115
-1.7875 1.2134 -0.1218 203 167 149
-1.7867 1.2306 -0.1197 118 98 108
-1.7707 1.3138 -0.1232 111 64 66
-1.7588 1.2981 -0.1197 117 96 106
-1.7539 1.3408 -0.1234 123 71 67
-1.7543 1.3511 -0.1199 118 95 105
-1.7672 1.4092 -0.1217 141 103 105
-1.7720 1.4095 -0.1199 102 83 98
-1.7718 1.4837 -0.1237 180 131 109
-1.7894 1.4674 -0.1199 103 86 101
-1.7690 1.5296 -0.1236 244 215 183
-1.7876 1.5089 -0.1196 140 117 122
-1.7939 1.6104 -0.1237 254 249 233
-1.7528 1.5914 -0.1196 112 92 104
-1.7847 1.6553 -0.1237 254 253 242
-1.7683 1.6480 -0.1196 127 104 111
-1.7714 1.7116 -0.1237 253 243 230
-1.7854 1.7068 -0.1196 131 109 115
-1.7689 1.7696 -0.1236 236 147 85
-1.7832 1.7605 -0.1195 91 80 98
-1.7690 1.8294 -0.1236 234 146 85
-1.7504 1.8298 -0.1197 116 96 107
-1.7691 1.8896 -0.1235 232 143 85
-1.7674 1.8900 -0.1197 99 84 100
-1.7616 1.9462 -0.1235 234 149 92
-1.7850 1.9488 -0.1197 87 76 95
-1.7492 1.9987 -0.1234 248 226 199
-1.7739 2.0067 -0.1197 116 97 108
-1.7950 2.0896 -0.1236 246 244 243
-1.7529 2.0709 -0.1199 109 91 104
-1.7660 2.1475 -0.1217 246 232 199
-1.7702 2.1281 -0.1199 122 102 111
-1.7625 2.1958 -0.1210 183 168 149
-1.7888 2.1904 -0.1199 133 112 120
-1.7739 2.2463 -0.1210 124 112 113
-1.7812 2.2399 -0.1193 106 91 104
-1.7741 2.2999 -0.1213 106 92 100
-1.7489 2.3178 -0.1195 105 91 106
-1.7690 2.3695 -0.1236 221 135 89
-1.7642 2.3712 -0.1196 93 84 102
-1.7687 2.4295 -0.1236 211 126 87
-1.7818 2.4313 -0.1196 83 77 96
-1.7679 2.4660 -0.1229 200 117 82
-1.7639 2.4687 -0.1058 109 46 79
-1.7694 2.4680 0.0272 87 27 84
-1.7706 2.4687 0.0961 103 32 98
-1.7692 2.4687 0.1501 105 33 101
-1.7694 2.4687 0.2099 106 33 104
-1.7691 2.4687 0.2698 101 32 107
-1.7692 2.4687 0.3299 97 32 112
-1.7694 2.4687 0.3900 90 30 116
-1.7694 2.4687 0.4501 81 28 113
-1.7695 2.4687 0.5100 70 25 107
-1.7695 2.4687 0.5700 61 22 101
-1.7696 2.4687 0.6300 53 20 95
-1.7696 2.4687 0.6900 50 19 92
-1.7711 2.4687 0.7482 48 18 89
-1.7653 2.4706 0.8196 133 99 136
-1.7570 2.4683 0.8855 193 178 204
-1.7701 2.4673 0.9310 125 90 148
-1.7713 2.4673 0.9901 71 25 108
-1.7592 2.4667 1.0683 215 204 199
-1.7695 2.4666 1.1101 97 63 122
-1.7695 2.4666 1.1693 63 22 103
-1.7680 2.4666 1.2304 60 22 101
-1.7672 2.4667 1.2710 71 53 120
-1.7222 -2.5261 -0.1214 164 103 93
-1.7105 -2.5317 -0.0920 225 90 214
-1.7108 -2.5317 0.0007 245 119 239
-1.7109 -2.5317 0.0927 251 139 247
-1.7109 -2.5317 0.1513 254 164 253
-1.7108 -2.5317 0.2099 254 170 254
-1.7109 -2.5317 0.2685 254 175 254
-1.7108 -2.5317 0.3271 254 179 253
-1.7099 -2.5317 0.3892 252 140 249
-1.7119 -2.5317 0.4523 249 133 246
-1.7108 -2.5317 0.5124 240 114 236
-1.7108 -2.5317 0.5710 230 101 226
-1.7108 -2.5317 0.6296 210 82 207
-1.7108 -2.5317 0.6882 192 70 192
-1.7098 -2.5317 0.7482 189 68 190
-1.7106 -2.5317 0.8094 166 58 174
-1.7112 -2.5317 0.8702 147 50 162
-1.7114 -2.5317 0.9314 130 44 152
-1.7108 -2.5317 0.9905 125 42 149
-1.7102 -2.5317 1.0499 115 39 144
-1.7104 -2.5317 1.1099 109 37 140
-1.7105 -2.5317 1.1695 107 36 139
-1.7108 -2.5317 1.2298 102 35 136
-1.7107 -2.5316 1.2695 98 35 134
-1.7090 -2.4876 -0.1206 138 86 85
-1.7112 -2.4730 -0.1199 127 82 87
-1.7131 -2.4266 -0.1207 138 84 84
-1.7199 -2.4486 -0.1194 127 81 86
-1.7099 -2.3696 -0.1208 140 86 85
-1.7075 -2.3836 -0.1197 126 81 87
-1.7098 -2.3153 -0.1209 138 85 85
-1.7095 -2.3133 -0.1198 131 87 91
-1.7085 -2.2542 -0.1210 219 182 165
-1.7117 -2.2482 -0.1199 220 182 165
-1.7080 -2.1918 -0.1210 232 200 183
-1.7065 -2.2132 -0.1197 223 187 172
-1.7165 -2.1270 -0.1211 232 200 183
-1.7098 -2.1473 -0.1199 223 186 170
-1.7064 -2.0711 -0.1213 234 204 187
-1.7112 -2.0802 -0.1196 220 184 168
-1.7112 -2.0105 -0.1213 174 120 110
-1.7099 -2.0137 -0.1197 159 109 102
-1.7092 -1.9483 -0.1214 142 84 82
-1.7116 -1.9509 -0.1198 126 81 87
-1.7263 -1.8996 -0.1217 199 169 168
-1.7109 -1.8948 -0.1196 126 81 87
-1.7081 -1.8276 -0.1216 143 84 81
-1.7093 -1.8228 -0.1197 126 82 88
-1.7092 -1.7661 -0.1217 213 170 152
-1.7068 -1.7557 -0.1199 216 176 160
-1.7113 -1.7085 -0.1218 241 213 192
-1.7191 -1.6856 -0.1195 223 187 171
-1.7123 -1.6474 -0.1219 242 213 190
-1.6955 -1.6629 -0.1195 223 187 171
-1.7105 -1.5926 -0.1220 244 219 197
-1.7130 -1.6064 -0.1197 223 188 172
-1.7107 -1.5292 -0.1234 239 178 134
-1.7069 -1.5431 -0.1198 202 158 142
-1.7107 -1.4687 -0.1235 236 144 74
-1.7102 -1.4713 -0.1196 126 82 87
-1.7104 -1.4090 -0.1237 243 157 80
-1.7122 -1.4006 -0.1197 127 81 86
-1.6986 -1.3710 -0.1237 245 160 81
-1.7067 -1.3318 -0.1199 126 81 87
-1.7110 -1.2984 -0.1219 158 95 86
-1.7051 -1.3033 -0.1189 157 110 104
-1.7080 -1.2135 -0.1234 252 238 215
-1.7089 -1.2538 -0.1196 214 173 157
-1.7169 -1.1561 -0.1235 254 254 247
-1.7123 -1.1830 -0.1197 224 188 172
-1.6922 -1.0881 -0.1234 245 221 200
-1.7065 -1.1152 -0.1199 224 188 172
-1.6860 -1.0655 -0.1235 245 220 197
-1.7095 -1.0348 -0.1193 192 127 140
-1.7047 -1.0042 -0.1237 243 157 80
-1.7077 -1.0150 -0.1197 159 110 102
-1.7100 -0.9285 -0.1236 178 92 58
-1.7081 -0.9474 -0.1198 149 82 113
-1.7076 -0.8766 -0.1221 134 90 92
-1.7126 -0.8810 -0.1199 168 84 135
-1.7080 -0.8054 -0.1235 229 133 71
-1.7265 -0.7993 -0.1198 234 78 216
-1.7098 -0.7488 -0.1236 253 247 237
-1.7353 -0.7303 -0.1199 235 79 218
-1.7109 -0.6903 -0.1237 254 254 253
-1.7297 -0.6563 -0.1237 254 253 251
-1.7365 -0.5557 -0.1237 236 206 176
-1.7287 -0.4885 -0.1235 136 72 61
-1.7106 -0.4478 -0.1236 151 77 59
-1.7088 -0.3901 -0.1235 168 86 60
-1.7088 -0.3302 -0.1235 182 95 62
-1.7088 -0.2706 -0.1235 218 160 129
-1.6924 -0.2611 -0.1177 186 77 169
-1.7088 -0.2105 -0.1235 254 250 236
-1.7193 -0.2158 -0.1172 163 80 156
-1.7057 -0.1510 -0.1235 254 252 242
-1.6920 -0.1528 -0.1188 127 107 115
-1.7008 -0.0915 -0.1235 254 253 245
-1.6836 -0.0802 -0.1179 121 104 115
-1.7037 -0.1004 0.6528 163 68 129
-1.7076 -0.1004 0.6893 147 38 135
-1.7067 -0.1004 0.7484 139 35 129
-1.7082 -0.1004 0.8101 129 33 122
-1.7073 -0.1004 0.8709 119 30 115
-1.7071 -0.1004 0.9287 106 27 107
-1.7069 -0.1004 0.9905 90 24 98
-1.7067 -0.1004 1.0523 74 21 90
-1.7066 -0.1004 1.1101 72 20 88
-1.7064 -0.1004 1.1679 71 20 88
-1.7062 -0.1004 1.2297 71 20 88
-1.7068 -0.1004 1.2919 71 20 88
-1.7102 -0.1004 1.3492 70 20 87
-1.7090 -0.1003 1.4096 70 20 87
-1.7109 -0.1004 1.4711 70 20 87
-1.7123 -0.1004 1.5136 70 21 88
-1.6938 -0.0086 -0.1234 240 192 160
-1.7130 0.1023 -0.1236 238 151 81
-1.7104 0.0986 0.0323 254 124 253
-1.7093 0.0986 0.0901 254 122 252
-1.7094 0.0986 0.1499 254 119 252
-1.7094 0.0986 0.2091 254 116 251
-1.7093 0.0986 0.2693 253 111 249
-1.7098 0.0986 0.3299 252 104 247
-1.7096 0.0986 0.3899 250 97 243
-1.7097 0.0986 0.4500 246 88 236
-1.7098 0.0986 0.5100 236 77 225
-1.7097 0.0986 0.5701 221 66 212
-1.7098 0.0986 0.6301 211 61 203
-1.7099 0.0986 0.6902 210 60 202
-1.7099 0.0986 0.7503 210 60 202
-1.7101 0.0986 0.8101 210 60 202
-1.7100 0.0986 0.8700 209 60 201
-1.7104 0.0986 0.9295 210 60 202
-1.7259 0.0986 0.9684 212 61 204
-1.7085 0.0992 1.0502 228 73 217
-1.6925 0.0977 1.1298 241 86 231
-1.7098 0.0973 1.1708 245 89 235
-1.7094 0.0973 1.2303 241 84 230
-1.7100 0.0973 1.2896 237 79 226
-1.7092 0.0972 1.3339 233 76 221
-1.7346 0.1561 -0.1237 246 163 85
-1.7303 0.2130 -0.1237 248 176 103
-1.7248 0.2716 -0.1237 254 254 253
-1.7192 0.3310 -0.1237 254 254 253
-1.6962 0.3978 -0.1211 254 254 234
-1.7002 0.4660 -0.1208 232 206 155
-1.6993 0.4795 -0.1197 255 254 223
-1.7080 0.5120 -0.1211 152 115 109
-1.7074 0.5172 -0.1199 145 115 120
-1.7115 0.5582 -0.1210 125 93 100
-1.7168 0.5843 -0.1198 127 98 107
-1.7026 0.6220 -0.1202 217 199 152
-1.7027 0.6276 -0.1197 125 94 105
-1.7056 0.6737 -0.1210 128 91 97
-1.7142 0.6815 -0.1199 132 110 113
-1.7100 0.7720 -0.1234 254 246 228
-1.7390 0.7253 -0.1189 87 79 100
-1.7104 0.8125 -0.1235 254 246 227
-1.7181 0.8714 -0.1204 225 190 167
-1.7245 0.8937 -0.1186 211 194 154
-1.7184 0.9513 -0.1218 183 120 73
-1.6994 0.9387 -0.1197 207 166 139
-1.7305 0.9872 -0.1219 182 132 119
-1.7147 0.9938 -0.1197 161 117 118
-1.7074 1.0489 -0.1216 146 85 87
-1.7312 1.0515 -0.1197 129 91 99
-1.7082 1.1101 -0.1216 145 85 87
-1.6858 1.1237 -0.1198 130 87 97
-1.7129 1.1720 -0.1216 142 85 88
-1.6983 1.1683 -0.1199 129 86 97
-1.7068 1.2291 -0.1217 185 139 131
-1.7169 1.2303 -0.1199 174 133 130
-1.7100 1.2898 -0.1217 237 206 185
-1.7317 1.2839 -0.1198 178 144 139
-1.7108 1.3536 -0.1235 235 202 176
-1.6875 1.3637 -0.1195 222 186 173
-1.7026 1.4055 -0.1235 247 225 200
-1.6966 1.4129 -0.1196 224 190 176
-1.7315 1.4905 -0.1237 167 103 79
-1.7149 1.4737 -0.1196 189 151 145
-1.7238 1.5362 -0.1237 173 90 60
-1.7276 1.5302 -0.1195 141 99 104
-1.7100 1.5904 -0.1237 196 104 64
-1.6995 1.5953 -0.1196 123 88 100
-1.7092 1.6491 -0.1236 205 112 68
-1.6954 1.6505 -0.1197 99 80 97
-1.7346 1.7304 -0.1237 241 183 138
-1.7129 1.7111 -0.1197 92 81 99
-1.7249 1.7752 -0.1237 254 254 251
-1.7295 1.7696 -0.1197 134 110 117
-1.7115 1.8314 -0.1237 254 254 251
-1.6855 1.8431 -0.1198 145 121 125
-1.7088 1.8891 -0.1236 254 254 251
-1.6965 1.8867 -0.1199 147 122 126
-1.7084 1.9493 -0.1236 254 254 250
-1.7152 1.9487 -0.1199 143 119 124
-1.7087 2.0093 -0.1235 239 155 94
-1.7326 2.0072 -0.1199 97 81 98
-1.6861 2.0657 -0.1215 239 202 147
-1.7146 2.0603 -0.1194 88 79 98
-1.7112 2.1276 -0.1211 181 157 130
-1.6917 2.1313 -0.1196 81 76 98
-1.7065 2.1835 -0.1210 75 77 101
-1.7076 2.1884 -0.1196 81 76 98
-1.7365 2.2532 -0.1215 131 126 140
-1.7255 2.2472 -0.1196 109 94 107
-1.7276 2.3144 -0.1237 254 253 246
-1.7242 2.3012 -0.1194 117 100 112
-1.7171 2.3722 -0.1237 254 251 237
-1.6894 2.3713 -0.1197 128 110 120
-1.7091 2.4301 -0.1237 254 248 230
-1.7055 2.4262 -0.1197 126 109 120
-1.7082 2.4664 -0.1227 252 240 216
-1.7072 2.4688 -0.0929 103 46 92
-1.6880 2.4688 -0.0492 88 27 83
-1.7116 2.4688 0.1031 106 33 100
-1.7095 2.4688 0.1500 110 35 105
-1.7094 2.4688 0.2101 109 34 106
-1.7097 2.4688 0.2701 105 34 109
-1.7096 2.4688 0.3300 98 32 112
-1.7097 2.4688 0.3900 87 29 114
-1.7097 2.4688 0.4500 76 26 110
-1.7098 2.4688 0.5100 64 23 104
-1.7098 2.4688 0.5700 55 20 98
-1.7089 2.4688 0.6303 51 19 94
-1.7086 2.4688 0.6900 49 18 91
-1.6967 2.4705 0.7705 221 210 185
-1.7093 2.4706 0.8127 101 60 121
-1.7066 2.4675 0.8823 180 159 191
-1.7106 2.4674 0.9296 75 26 110
-1.6955 2.4671 1.0006 162 137 164
-1.7082 2.4667 1.0547 143 115 147
-1.7107 2.4667 1.1104 63 22 103
-1.7096 2.4667 1.1708 63 22 103
-1.7081 2.4667 1.2305 61 22 102
-1.7074 2.4668 1.2696 71 52 120
-1.6391 -2.5235 -0.1208 167 114 105
-1.6508 -2.5317 -0.0888 234 100 225
-1.6512 -2.5317 -0.0008 249 131 245
-1.6503 -2.5317 0.0902 254 168 254
-1.6509 -2.5317 0.1523 255 192 255
-1.6509 -2.5317 0.2103 255 197 254
-1.6509 -2.5317 0.2684 255 207 255
-1.6499 -2.5317 0.3282 254 202 254
-1.6518 -2.5317 0.3907 254 167 254
-1.6509 -2.5317 0.4520 252 155 251
-1.6509 -2.5317 0.5101 246 134 244
-1.6509 -2.5317 0.5681 240 114 236
-1.6498 -2.5317 0.6287 216 86 213
-1.6519 -2.5317 0.6912 201 75 200
-1.6509 -2.5317 0.7517 193 71 194
-1.6508 -2.5317 0.8098 169 59 176
-1.6502 -2.5317 0.8683 148 50 162
-1.6504 -2.5317 0.9291 132 45 153
-1.6513 -2.5317 0.9902 121 41 147
-1.6511 -2.5317 1.0500 116 39 144
-1.6509 -2.5317 1.1095 108 37 139
-1.6499 -2.5317 1.1690 106 36 138
-1.6507 -2.5317 1.2296 100 34 135
-1.6510 -2.5315 1.2698 98 34 134
-1.6523 -2.4970 -0.1207 155 102 96
-1.6511 -2.4757 -0.1199 121 80 87
-1.6521 -2.4401 -0.1207 136 85 86
-1.6469 -2.4439 -0.1194 122 80 86
-1.6472 -2.3750 -0.1208 137 85 86
-1.6489 -2.3868 -0.1196 126 81 86
-1.6494 -2.3066 -0.1209 154 102 96
-1.6481 -2.3172 -0.1198 129 86 89
-1.6515 -2.2459 -0.1210 226 192 177
-1.6503 -2.2505 -0.1199 218 180 163
-1.6504 -2.1865 -0.1212 233 203 187
-1.6590 -2.2163 -0.1195 223 189 173
-1.6469 -2.1295 -0.1212 234 203 186
-1.6496 -2.1541 -0.1199 224 189 173
-1.6531 -2.0690 -0.1212 234 204 187
-1.6523 -2.0805 -0.1196 220 185 169
-1.6435 -2.0076 -0.1214 154 105 102
-1.6479 -2.0133 -0.1197 153 106 101
-1.6539 -1.9510 -0.1214 138 82 83
-1.6508 -1.9504 -0.1198 123 80 86
-1.6486 -1.8862 -0.1215 143 84 82
-1.6477 -1.8919 -0.1196 126 81 85
-1.6474 -1.8279 -0.1217 142 84 82
-1.6526 -1.8201 -0.1197 125 81 87
-1.6497 -1.7715 -0.1217 204 159 141
-1.6463 -1.7530 -0.1199 220 183 166
-1.6507 -1.7087 -0.1218 241 214 193
-1.6462 -1.7058 -0.1190 220 184 169
-1.6507 -1.6492 -0.1219 243 217 195
-1.6537 -1.6719 -0.1195 223 188 172
-1.6528 -1.6054 -0.1221 244 219 199
-1.6507 -1.6080 -0.1197 224 190 173
-1.6515 -1.5285 -0.1234 231 167 128
-1.6464 -1.5404 -0.1199 196 152 137
-1.6507 -1.4693 -0.1235 230 134 72
-1.6512 -1.4693 -0.1196 121 80 86
-1.6504 -1.4088 -0.1236 239 148 77
-1.6506 -1.3977 -0.1197 126 81 85
-1.6469 -1.3575 -0.1237 242 153 79
-1.6460 -1.3290 -0.1199 124 80 85
-1.6515 -1.3012 -0.1219 146 85 81
-1.6536 -1.3101 -0.1188 162 97 115
-1.6496 -1.2157 -0.1234 250 230 206
-1.6505 -1.2507 -0.1196 218 178 163
-1.6712 -1.1467 -0.1234 254 251 242
-1.6504 -1.1799 -0.1197 225 183 176
-1.6524 -1.1065 -0.1235 254 254 249
-1.6464 -1.1124 -0.1199 231 169 189
-1.6533 -1.0436 -0.1235 207 164 142
-1.6694 -1.0354 -0.1191 225 129 192
-1.6439 -0.9909 -0.1235 151 77 58
-1.6620 -1.0104 -0.1197 219 94 197
-1.6413 -0.9121 -0.1223 134 84 86
-1.6702 -0.9429 -0.1199 246 92 232
-1.6583 -0.8899 -0.1225 138 84 83
-1.6760 -0.8805 -0.1200 247 94 234
-1.6498 -0.8087 -0.1235 228 132 71
-1.6497 -0.7488 -0.1236 253 246 239
-1.6529 -0.7012 -0.1237 254 254 253
-1.6522 -0.6536 -0.1237 248 227 203
-1.6497 -0.5666 -0.1235 252 236 212
-1.6578 -0.4933 -0.1235 245 234 223
-1.6600 -0.4331 -0.1237 148 76 58
-1.6486 -0.3902 -0.1237 165 85 58
-1.6488 -0.3305 -0.1237 183 95 60
-1.6487 -0.2706 -0.1236 219 161 131
-1.6339 -0.2714 -0.1192 120 68 123
-1.6486 -0.2104 -0.1236 254 252 242
-1.6567 -0.1883 -0.1189 235 88 222
-1.6485 -0.1501 -0.1236 254 253 247
-1.6585 -0.1597 -0.1194 230 101 221
-1.6488 -0.0899 -0.1236 254 254 249
-1.6658 -0.1040 -0.1186 129 109 117
-1.6465 -0.1003 0.6462 169 65 134
-1.6482 -0.1003 0.6889 159 40 144
-1.6480 -0.1003 0.7508 151 38 137
-1.6479 -0.1003 0.8127 141 36 130
-1.6477 -0.1003 0.8704 132 33 124
-1.6476 -0.1003 0.9281 121 31 116
-1.6474 -0.1003 0.9899 108 27 108
-1.6473 -0.1003 1.0518 91 24 98
-1.6471 -0.1003 1.1095 74 21 89
-1.6460 -0.1003 1.1690 70 20 87
-1.6478 -0.1003 1.2305 70 20 88
-1.6467 -0.1003 1.2906 70 20 87
-1.6465 -0.1003 1.3483 70 20 87
-1.6464 -0.1003 1.4100 70 20 87
-1.6462 -0.1003 1.4716 70 20 87
-1.6468 -0.1003 1.5150 72 30 95
-1.6487 -0.0013 -0.1235 239 183 147
-1.6626 -0.0448 -0.1175 108 95 108
-1.6489 0.0894 -0.1235 233 140 78
-1.6712 0.0987 0.0363 254 115 251
-1.6710 0.0987 0.0899 254 113 250
-1.6712 0.0987 0.1503 253 109 249
-1.6712 0.0987 0.2100 253 106 248
-1.6713 0.0987 0.2697 251 100 245
-1.6712 0.0987 0.3301 249 93 240
-1.6715 0.0987 0.3897 243 84 233
-1.6713 0.0987 0.4501 232 73 220
-1.6715 0.0987 0.5101 213 62 205
-1.6715 0.0986 0.5700 212 61 204
-1.6715 0.0987 0.6299 212 61 204
-1.6716 0.0987 0.6902 210 60 202
-1.6717 0.0987 0.7501 211 60 203
-1.6717 0.0987 0.8100 208 59 201
-1.6718 0.0987 0.8703 210 60 203
-1.6720 0.0987 0.9241 212 61 204
-1.6499 0.0992 0.9901 237 79 226
-1.6503 0.0992 1.0498 231 74 220
-1.6464 0.0974 1.1178 246 91 237
-1.6518 0.0973 1.1701 243 86 233
-1.6512 0.0974 1.2299 239 81 228
-1.6518 0.0973 1.2899 233 76 222
-1.6513 0.0973 1.3341 228 72 217
-1.6482 0.1492 -0.1235 235 142 79
-1.6437 0.2085 -0.1235 234 147 89
-1.6387 0.2683 -0.1234 254 254 250
-1.6441 0.3474 -0.1214 254 254 238
-1.6347 0.3901 -0.1209 245 223 171
-1.6484 0.4494 -0.1209 206 172 148
-1.6371 0.4308 -0.1198 255 253 212
-1.6474 0.5123 -0.1207 127 96 108
-1.6629 0.5177 -0.1198 147 114 119
-1.6451 0.5636 -0.1204 203 179 143
-1.6465 0.5544 -0.1199 129 93 107
-1.6580 0.6220 -0.1202 129 93 106
-1.6647 0.6241 -0.1196 131 94 106
-1.6500 0.6859 -0.1237 169 86 56
-1.6513 0.7719 -0.1234 253 240 219
-1.6498 0.8106 -0.1235 253 239 217
-1.6476 0.8897 -0.1206 226 210 170
-1.6521 0.9516 -0.1216 183 123 81
-1.6301 0.9418 -0.1198 195 152 118
-1.6510 0.9914 -0.1217 176 128 121
-1.6434 0.9893 -0.1199 164 126 128
-1.6483 1.0493 -0.1217 142 83 86
-1.6620 1.0518 -0.1199 124 84 97
-1.6480 1.1091 -0.1217 148 86 86
-1.6726 1.0963 -0.1198 128 85 96
-1.6514 1.1729 -0.1218 147 86 87
-1.6283 1.1808 -0.1195 125 86 98
-1.6495 1.2310 -0.1218 190 145 136
-1.6405 1.2299 -0.1196 174 137 135
-1.6481 1.2883 -0.1219 243 216 195
-1.6582 1.2896 -0.1196 226 192 178
-1.6508 1.3606 -0.1236 246 220 195
-1.6688 1.3443 -0.1195 224 189 175
-1.6488 1.4093 -0.1235 250 231 208
-1.6280 1.4246 -0.1197 226 192 179
-1.6483 1.4688 -0.1235 236 206 184
-1.6399 1.4725 -0.1197 191 156 151
-1.6358 1.5233 -0.1234 185 97 68
-1.6582 1.5318 -0.1197 123 86 100
-1.6710 1.6063 -0.1237 201 109 66
-1.6704 1.5812 -0.1197 126 87 100
-1.6565 1.6542 -0.1237 213 118 68
-1.6276 1.6603 -0.1198 91 78 97
-1.6490 1.7094 -0.1237 224 138 87
-1.6430 1.7125 -0.1199 93 82 100
-1.6487 1.7691 -0.1236 254 254 248
-1.6603 1.7700 -0.1199 151 125 127
-1.6742 1.8511 -0.1237 254 254 252
-1.6725 1.8176 -0.1198 147 124 126
-1.6647 1.8953 -0.1237 254 254 253
-1.6290 1.9049 -0.1195 139 118 123
-1.6511 1.9513 -0.1237 254 254 253
-1.6358 1.9538 -0.1196 138 117 122
-1.6484 2.0219 -0.1215 236 202 149
-1.6533 2.0095 -0.1196 81 77 99
-1.6483 2.0743 -0.1213 105 94 102
-1.6673 2.0645 -0.1196 80 76 98
-1.6618 2.1246 -0.1212 90 83 99
-1.6446 2.1324 -0.1196 80 75 98
-1.6419 2.1861 -0.1235 230 136 79
-1.6333 2.1889 -0.1197 80 76 99
-1.6294 2.2386 -0.1234 240 199 172
-1.6510 2.2483 -0.1197 121 104 115
-1.6522 2.2950 -0.1215 126 108 118
-1.6684 2.3068 -0.1197 132 113 122
-1.6505 2.3695 -0.1212 126 108 119
-1.6326 2.3851 -0.1198 211 199 176
-1.6740 2.4458 -0.1237 249 240 220
-1.6425 2.4523 -0.1198 198 184 162
-1.6711 2.4664 -0.1230 248 236 215
-1.6518 2.4702 -0.0911 192 165 155
-1.6508 2.4705 -0.0020 192 166 158
-1.6511 2.4705 0.0931 192 166 162
-1.6512 2.4705 0.1502 192 165 162
-1.6511 2.4705 0.2078 192 166 163
-1.6511 2.4705 0.2704 192 166 164
-1.6511 2.4705 0.3331 192 166 164
-1.6513 2.4705 0.3906 190 165 165
-1.6512 2.4705 0.4482 191 165 165
-1.6512 2.4705 0.5109 190 165 166
-1.6519 2.4705 0.5728 192 168 169
-1.6505 2.4705 0.6301 184 159 164
-1.6512 2.4705 0.6886 188 163 166
-1.6504 2.4706 0.7518 175 150 162
-1.6383 2.4689 0.8217 164 140 178
-1.6499 2.4674 0.8711 134 99 153
-1.6510 2.4674 0.9292 77 27 111
-1.6435 2.4669 1.0015 176 154 162
-1.6511 2.4668 1.0499 73 31 108
-1.6495 2.4668 1.1101 62 22 102
-1.6488 2.4668 1.1703 63 22 103
-1.6501 2.4668 1.2290 60 22 101
-1.6490 2.4668 1.2694 68 44 114
-1.6064 -2.5271 -0.1205 197 101 157
-1.5908 -2.5317 -0.0887 238 106 230
-1.5920 -2.5317 0.0005 251 142 249
-1.5929 -2.5317 0.0897 254 191 254
-1.5910 -2.5317 0.1517 255 219 254
-1.5920 -2.5317 0.2107 255 228 255
-1.5920 -2.5317 0.2683 255 229 255
-1.5920 -2.5317 0.3305 255 216 254
-1.5920 -2.5317 0.3927 254 196 254
-1.5920 -2.5317 0.4502 254 173 253
-1.5920 -2.5317 0.5078 250 148 248
-1.5914 -2.5317 0.5694 244 118 240
-1.5926 -2.5317 0.6315 223 92 219
-1.5920 -2.5317 0.6897 206 78 204
-1.5908 -2.5317 0.7494 197 73 197
-1.5926 -2.5317 0.8108 169 59 176
-1.5926 -2.5317 0.8709 146 50 161
-1.5914 -2.5317 0.9299 132 45 153
-1.5914 -2.5317 0.9895 119 40 145
-1.5921 -2.5317 1.0493 115 39 143
-1.5930 -2.5317 1.1098 107 37 139
-1.5910 -2.5317 1.1701 105 36 137
-1.5915 -2.5317 1.2298 100 34 135
-1.5918 -2.5315 1.2699 95 34 132
-1.5908 -2.4773 -0.1205 130 80 86
-1.5906 -2.4792 -0.1199 127 80 82
-1.5912 -2.4160 -0.1208 140 86 85
-1.5906 -2.4501 -0.1194 126 80 82
-1.5900 -2.3619 -0.1209 139 87 86
-1.5903 -2.3912 -0.1197 125 80 83
-1.5895 -2.3085 -0.1210 143 91 90
-1.5902 -2.3204 -0.1198 130 84 86
-1.5883 -2.2591 -0.1211 225 191 176
-1.5917 -2.2541 -0.1199 215 176 158
-1.5880 -2.1919 -0.1210 231 197 180
-1.5806 -2.1720 -0.1197 222 184 167
-1.5957 -2.1291 -0.1212 233 201 184
-1.6030 -2.1584 -0.1199 224 187 170
-1.5857 -2.0680 -0.1213 235 206 188
-1.5901 -2.0829 -0.1195 223 188 172
-1.5928 -2.0122 -0.1214 170 116 106
-1.5886 -2.0179 -0.1197 163 111 101
-1.5882 -1.9460 -0.1215 143 84 82
-1.5902 -1.9498 -0.1198 127 80 82
-1.5911 -1.8890 -0.1216 142 84 83
-1.5890 -1.8897 -0.1196 126 80 83
-1.5921 -1.8326 -0.1217 144 85 82
-1.5898 -1.8183 -0.1197 126 81 85
-1.5895 -1.7723 -0.1218 203 159 142
-1.5864 -1.7503 -0.1199 223 188 170
-1.5904 -1.7102 -0.1219 241 211 190
-1.5883 -1.7049 -0.1190 219 181 165
-1.5912 -1.6497 -0.1220 242 212 190
-1.5935 -1.6734 -0.1195 222 184 168
-1.6051 -1.6083 -0.1225 246 225 209
-1.5892 -1.6054 -0.1197 225 190 173
-1.5795 -1.5502 -0.1237 254 250 244
-1.5903 -1.5376 -0.1198 194 146 130
-1.5907 -1.4686 -0.1234 229 132 70
-1.5916 -1.4663 -0.1196 127 80 83
-1.5905 -1.4090 -0.1236 235 141 74
-1.5885 -1.3948 -0.1197 127 80 84
-1.5905 -1.3489 -0.1237 239 148 77
-1.5899 -1.3264 -0.1198 132 81 91
-1.5780 -1.3108 -0.1237 243 157 81
-1.6076 -1.2979 -0.1191 239 93 223
-1.5670 -1.2136 -0.1236 247 220 193
-1.5937 -1.2487 -0.1196 237 137 208
-1.5764 -1.1663 -0.1237 250 227 201
-1.5988 -1.1778 -0.1197 242 128 220
-1.5725 -1.1148 -0.1237 253 241 221
-1.6026 -1.1127 -0.1196 241 132 220
-1.6007 -1.0308 -0.1234 247 241 238
-1.5726 -1.0634 -0.1190 218 185 174
-1.5931 -0.9875 -0.1235 229 209 203
-1.5906 -0.9852 -0.1197 119 86 100
-1.5958 -0.9240 -0.1222 135 96 105
-1.6031 -0.9576 -0.1187 121 86 99
-1.5872 -0.8748 -0.1237 206 154 133
-1.5758 -0.8243 -0.1236 243 196 164
-1.5893 -0.7487 -0.1237 253 247 239
-1.5994 -0.7118 -0.1237 254 254 252
-1.5901 -0.6292 -0.1236 249 227 202
-1.5902 -0.5679 -0.1235 249 228 204
-1.5916 -0.5105 -0.1236 170 101 79
-1.5703 -0.4308 -0.1235 250 239 210
-1.6149 -0.3808 -0.1237 174 89 58
-1.6113 -0.3277 -0.1237 180 93 59
-1.6059 -0.2684 -0.1237 220 167 139
-1.5959 -0.2648 -0.1190 144 70 143
-1.6003 -0.2086 -0.1237 254 253 243
-1.5786 -0.1991 -0.1180 110 97 111
-1.5945 -0.1488 -0.1237 254 254 248
-1.5872 -0.1456 -0.1197 186 112 167
-1.5895 -0.0895 -0.1237 254 254 251
-1.5990 -0.1072 -0.1195 145 119 121
-1.5873 -0.1003 0.6407 179 66 144
-1.5888 -0.1003 0.6886 170 44 152
-1.5886 -0.1003 0.7504 162 42 146
-1.5885 -0.1003 0.8122 155 39 141
-1.5883 -0.1003 0.8699 146 37 134
-1.5882 -0.1003 0.9276 136 34 127
-1.5881 -0.1003 0.9894 124 31 118
-1.5879 -0.1003 1.0511 110 28 109
-1.5878 -0.1003 1.1088 93 24 100
-1.5876 -0.1003 1.1705 75 21 90
-1.5875 -0.1003 1.2321 70 20 87
-1.5873 -0.1003 1.2898 70 20 88
-1.5864 -0.1003 1.3487 70 20 87
-1.5878 -0.1003 1.4101 70 20 87
-1.5869 -0.1003 1.4707 70 20 87
-1.5869 -0.1003 1.5158 70 20 87
-1.5886 -0.0008 -0.1237 245 191 148
-1.5759 -0.0453 -0.1187 125 106 114
-1.5886 0.0899 -0.1236 242 154 82
-1.5891 0.1001 0.0536 255 170 255
-1.5910 0.1001 0.0901 255 170 255
-1.5907 0.1001 0.1505 255 167 255
-1.5907 0.1001 0.2096 255 163 254
-1.5911 0.1001 0.2698 255 156 254
-1.5903 0.1001 0.3305 255 149 254
-1.5907 0.1001 0.3903 255 139 254
-1.5907 0.1001 0.4494 254 127 253
-1.5910 0.1001 0.5098 253 112 249
-1.5826 0.0951 0.5915 249 97 241
-1.5902 0.0960 0.6426 253 109 248
-1.5700 0.0981 0.7139 249 101 242
-1.5873 0.0988 0.7520 245 89 235
-1.5883 0.0988 0.8104 241 85 230
-1.5815 0.0992 0.8864 247 92 238
-1.5897 0.0992 0.9299 244 87 234
-1.5898 0.0992 0.9897 240 82 229
-1.5799 0.0975 1.0606 248 93 239
-1.5894 0.0974 1.1100 246 89 236
-1.5894 0.0974 1.1705 241 83 230
-1.5895 0.0974 1.2303 235 77 223
-1.5899 0.0974 1.2898 226 71 215
-1.6035 0.0974 1.3313 224 70 214
-1.5888 0.1498 -0.1236 241 153 83
-1.5886 0.2099 -0.1236 240 158 95
-1.5726 0.2764 -0.1216 254 254 238
-1.5793 0.3464 -0.1210 242 218 165
-1.5890 0.3884 -0.1210 227 195 169
-1.5800 0.3899 -0.1198 249 240 203
-1.5783 0.4540 -0.1206 225 199 163
-1.5899 0.4521 -0.1198 219 183 171
-1.5877 0.5110 -0.1204 180 154 132
-1.5919 0.5228 -0.1196 133 98 109
-1.6044 0.5665 -0.1204 129 92 104
-1.6097 0.5711 -0.1197 130 93 105
-1.5907 0.6319 -0.1236 163 84 58
-1.5926 0.6852 -0.1237 156 80 56
-1.5901 0.7741 -0.1234 251 232 209
-1.5907 0.8118 -0.1235 249 225 199
-1.5996 0.8832 -0.1221 237 219 182
-1.5950 0.9541 -0.1216 175 113 68
-1.5863 0.9487 -0.1189 209 165 141
-1.5884 0.9893 -0.1218 182 127 114
-1.5699 0.9940 -0.1195 150 105 108
-1.5899 1.0524 -0.1218 151 86 84
-1.5842 1.0461 -0.1196 128 85 96
-1.5898 1.1076 -0.1219 152 87 85
-1.6015 1.1054 -0.1196 128 85 96
-1.5881 1.1681 -0.1219 149 86 86
-1.6061 1.1603 -0.1195 126 86 98
-1.5978 1.2295 -0.1219 191 143 133
-1.5696 1.2377 -0.1197 190 152 146
-1.6043 1.2870 -0.1219 244 218 196
-1.5853 1.2937 -0.1197 225 191 176
-1.5946 1.3673 -0.1237 248 225 201
-1.6031 1.3533 -0.1197 226 191 177
-1.5885 1.4093 -0.1237 251 234 211
-1.6117 1.3980 -0.1196 226 192 178
-1.5890 1.4693 -0.1236 237 207 183
-1.5699 1.4721 -0.1199 194 156 149
-1.5890 1.5298 -0.1235 196 104 67
-1.5867 1.5289 -0.1199 128 86 98
-1.5848 1.5871 -0.1235 211 117 71
-1.6042 1.5874 -0.1199 129 87 98
-1.5714 1.6371 -0.1234 219 125 75
-1.6120 1.6319 -0.1198 122 86 98
-1.6068 1.7185 -0.1237 228 150 104
-1.5677 1.7201 -0.1196 95 83 100
-1.5913 1.7716 -0.1237 254 254 251
-1.5796 1.7703 -0.1196 146 123 126
-1.5890 1.8293 -0.1236 254 254 249
-1.5985 1.8311 -0.1196 143 119 124
-1.5887 1.8892 -0.1236 254 254 250
-1.6070 1.8888 -0.1196 140 118 124
-1.5929 1.9559 -0.1214 204 185 157
-1.5667 1.9632 -0.1197 140 117 123
-1.5962 2.0061 -0.1213 119 107 110
-1.5782 2.0100 -0.1198 84 76 96
-1.6008 2.0567 -0.1216 109 93 99
-1.5966 2.0691 -0.1198 82 74 96
-1.5890 2.1293 -0.1236 242 155 84
-1.6117 2.1235 -0.1197 81 75 97
-1.5888 2.1895 -0.1236 235 144 81
-1.5696 2.1979 -0.1199 80 75 98
-1.5756 2.2539 -0.1219 250 234 205
-1.5806 2.2465 -0.1199 122 104 114
-1.5818 2.3178 -0.1207 251 241 205
-1.5994 2.3090 -0.1199 132 113 122
-1.5697 2.3586 -0.1234 251 249 240
-1.5907 2.3814 -0.1199 167 150 143
-1.5964 2.4210 -0.1213 122 106 117
-1.5912 2.4508 -0.1198 120 105 117
-1.5893 2.4637 -0.1207 124 107 119
-1.5667 2.4698 -0.0931 205 179 141
-1.5680 2.4674 -0.0032 246 242 227
-1.5687 2.4675 0.0899 241 236 225
-1.5691 2.4676 0.1533 239 233 224
-1.5691 2.4676 0.2113 239 233 225
-1.5691 2.4676 0.2698 239 233 226
-1.5691 2.4676 0.3284 239 233 227
-1.5691 2.4676 0.3864 239 233 228
-1.5688 2.4675 0.4497 241 236 231
-1.5691 2.4676 0.5135 239 233 230
-1.5691 2.4676 0.5715 239 233 230
-1.5691 2.4676 0.6296 239 233 231
-1.5691 2.4676 0.6880 238 234 232
-1.5691 2.4676 0.7465 238 234 233
-1.5764 2.4674 0.8141 206 191 207
-1.5863 2.4674 0.8696 79 27 111
-1.5772 2.4670 0.9490 206 188 171
-1.5902 2.4669 0.9907 93 54 118
-1.5889 2.4669 1.0500 66 23 105
-1.5876 2.4669 1.1097 63 22 103
-1.5879 2.4669 1.1687 62 22 103
-1.5911 2.4669 1.2304 59 21 100
-1.5923 2.4669 1.2695 69 47 117
-1.5393 -2.5266 -0.1214 168 105 93
-1.5308 -2.5317 -0.0905 238 106 230
-1.5294 -2.5317 -0.0005 252 148 250
-1.5299 -2.5317 0.0879 254 193 254
-1.5299 -2.5317 0.1495 254 227 254
-1.5299 -2.5317 0.2111 254 239 254
-1.5299 -2.5317 0.2681 254 241 254
-1.5299 -2.5317 0.3297 254 230 254
-1.5299 -2.5317 0.3914 254 214 254
-1.5299 -2.5317 0.4483 254 178 253
-1.5299 -2.5317 0.5100 252 153 251
-1.5299 -2.5317 0.5716 245 119 241
-1.5299 -2.5317 0.6286 232 99 227
-1.5293 -2.5317 0.6896 209 79 206
-1.5305 -2.5317 0.7511 194 72 194
-1.5293 -2.5317 0.8095 173 61 178
-1.5295 -2.5317 0.8698 146 50 161
-1.5306 -2.5317 0.9302 133 45 153
-1.5292 -2.5316 0.9897 120 41 146
-1.5292 -2.5317 1.0492 119 40 145
-1.5310 -2.5316 1.1102 108 37 139
-1.5289 -2.5316 1.1706 102 35 136
-1.5296 -2.5316 1.2299 98 34 134
-1.5303 -2.5315 1.2701 95 33 131
-1.5303 -2.4966 -0.1205 149 102 102
-1.5300 -2.4818 -0.1199 148 103 99
-1.5331 -2.4353 -0.1208 155 105 100
-1.5453 -2.4502 -0.1195 132 86 85
-1.5282 -2.3773 -0.1209 164 116 111
-1.5317 -2.3945 -0.1196 141 95 92
-1.5260 -2.3144 -0.1209 168 120 114
-1.5333 -2.3246 -0.1198 146 100 96
-1.5345 -2.2474 -0.1210 205 166 152
-1.5313 -2.2581 -0.1199 205 163 146
-1.5285 -2.1896 -0.1212 212 168 149
-1.5286 -2.1746 -0.1198 199 155 141
-1.5271 -2.1298 -0.1212 209 168 154
-1.5304 -2.1577 -0.1198 202 157 143
-1.5342 -2.0705 -0.1213 219 184 169
-1.5292 -2.0865 -0.1195 207 169 153
-1.5260 -2.0077 -0.1214 174 122 111
-1.5322 -2.0173 -0.1197 161 111 101
-1.5319 -1.9530 -0.1215 164 117 115
-1.5295 -1.9495 -0.1198 149 104 100
-1.5333 -1.8932 -0.1216 156 101 96
-1.5305 -1.8865 -0.1196 148 102 99
-1.5298 -1.8312 -0.1217 169 115 108
-1.5277 -1.8156 -0.1197 153 108 104
-1.5308 -1.7710 -0.1218 208 165 148
-1.5303 -1.7477 -0.1198 209 170 154
-1.5270 -1.7112 -0.1219 211 169 151
-1.5294 -1.7026 -0.1190 205 158 148
-1.5337 -1.6587 -0.1220 228 188 167
-1.5299 -1.6704 -0.1195 200 155 143
-1.5304 -1.5889 -0.1236 250 229 212
-1.5271 -1.6024 -0.1197 201 160 147
-1.5270 -1.5368 -0.1237 249 213 181
-1.5343 -1.5352 -0.1199 181 130 119
-1.5313 -1.4684 -0.1234 230 154 107
-1.5288 -1.4635 -0.1196 160 105 114
-1.5306 -1.4090 -0.1235 236 164 112
-1.5283 -1.3922 -0.1197 182 98 154
-1.5305 -1.3489 -0.1236 241 171 117
-1.5367 -1.3247 -0.1199 197 103 175
-1.5267 -1.2972 -0.1237 242 181 134
-1.5169 -1.3029 -0.1194 152 110 112
-1.5191 -1.2325 -0.1237 250 237 223
-1.5474 -1.2137 -0.1193 214 178 168
-1.5098 -1.1754 -0.1237 248 222 198
-1.5246 -1.1705 -0.1192 198 156 148
-1.5050 -1.1304 -0.1237 240 171 114
-1.5160 -1.1240 -0.1193 194 151 143
-1.5302 -1.0505 -0.1237 235 191 160
-1.5438 -1.0407 -0.1191 211 174 163
-1.5202 -0.9926 -0.1237 221 139 91
-1.5119 -1.0049 -0.1196 154 111 111
-1.5549 -0.9200 -0.1236 254 253 252
-1.5510 -0.8655 -0.1237 254 254 253
-1.5448 -0.8328 -0.1237 254 251 249
-1.5320 -0.7542 -0.1237 249 226 207
-1.5301 -0.6798 -0.1235 219 177 152
-1.5335 -0.6330 -0.1236 224 186 161
-1.5325 -0.5724 -0.1235 224 190 168
-1.5496 -0.5267 -0.1236 196 141 119
-1.5537 -0.4250 -0.1235 254 250 220
-1.5307 -0.3873 -0.1235 205 143 113
-1.5247 -0.3311 -0.1235 195 104 66
-1.5201 -0.2715 -0.1234 220 160 130
-1.5105 -0.2724 -0.1191 127 62 130
-1.5149 -0.2120 -0.1234 254 252 242
-1.5185 -0.1924 -0.1191 238 93 227
-1.5097 -0.1533 -0.1234 254 251 237
-1.5156 -0.1503 -0.1199 184 102 169
-1.5509 -0.0713 -0.1237 254 254 252
-1.5321 -0.0953 -0.1198 148 120 120
-1.5139 -0.1045 0.5956 252 242 173
-1.5284 -0.1003 0.6345 189 63 158
-1.5295 -0.1003 0.6883 180 47 161
-1.5293 -0.1003 0.7501 175 45 156
-1.5292 -0.1003 0.8118 166 43 150
-1.5290 -0.1003 0.8695 158 40 143
-1.5280 -0.1003 0.9296 149 38 136
-1.5297 -0.1003 0.9910 138 35 128
-1.5286 -0.1003 1.0505 126 32 120
-1.5285 -0.1003 1.1081 112 29 111
-1.5284 -0.1003 1.1698 94 25 100
-1.5282 -0.1003 1.2314 74 21 90
-1.5281 -0.1003 1.2889 70 20 87
-1.5279 -0.1003 1.3505 70 20 87
-1.5278 -0.1003 1.4122 70 20 87
-1.5277 -0.1003 1.4697 70 20 87
-1.5276 -0.1003 1.5148 70 20 88
-1.5507 0.0139 -0.1237 249 186 123
-1.5291 -0.0323 -0.1191 129 108 114
-1.5434 0.0919 -0.1237 247 166 88
-1.5299 0.0722 -0.1183 149 103 103
-1.5293 0.1001 0.0542 255 154 254
-1.5293 0.1001 0.0908 255 152 254
-1.5293 0.1001 0.1501 254 150 254
-1.5293 0.1001 0.2095 255 145 254
-1.5293 0.1001 0.2688 254 140 254
-1.5293 0.1001 0.3298 254 131 253
-1.5293 0.1001 0.3908 254 121 251
-1.5293 0.1001 0.4501 253 109 248
-1.5264 0.0945 0.5370 235 79 225
-1.5225 0.0956 0.5944 252 105 246
-1.5299 0.0965 0.6520 253 118 251
-1.5213 0.0988 0.7094 249 97 241
-1.5274 0.0988 0.7499 247 92 237
-1.5098 0.0991 0.8298 250 99 243
-1.5256 0.0992 0.8720 250 97 242
-1.5276 0.0992 0.9295 247 91 237
-1.5188 0.0976 1.0059 249 96 241
-1.5280 0.0975 1.0501 247 92 238
-1.5280 0.0975 1.1103 243 85 233
-1.5284 0.0975 1.1700 237 79 225
-1.5279 0.0975 1.2293 228 72 217
-1.5332 0.0975 1.2784 221 68 210
-1.5280 0.0970 1.3338 226 73 216
-1.5380 0.1510 -0.1237 247 165 88
-1.5321 0.2108 -0.1237 247 170 101
-1.5168 0.2774 -0.1211 247 226 165
-1.5284 0.3339 -0.1211 224 189 163
-1.5179 0.4041 -0.1206 245 223 167
-1.5295 0.4001 -0.1199 231 201 182
-1.5299 0.4579 -0.1205 211 175 151
-1.5403 0.4639 -0.1197 199 157 145
-1.5513 0.5115 -0.1206 136 94 102
-1.5382 0.4983 -0.1195 153 109 113
-1.5306 0.5784 -0.1235 181 117 95
-1.5329 0.6277 -0.1236 172 105 83
-1.5498 0.6697 -0.1236 149 77 58
-1.5357 0.7747 -0.1234 227 191 167
-1.5296 0.8107 -0.1235 217 175 151
-1.5429 0.8569 -0.1236 238 201 173
-1.5177 0.9486 -0.1234 246 234 200
-1.5496 0.9528 -0.1194 187 115 83
-1.5099 0.9855 -0.1234 205 155 134
-1.5379 0.9859 -0.1194 201 160 149
-1.5069 1.0330 -0.1233 158 82 66
-1.5103 1.0461 -0.1197 176 128 121
-1.5479 1.1097 -0.1219 155 88 85
-1.5281 1.1057 -0.1197 146 99 102
-1.5412 1.1552 -0.1218 159 99 95
-1.5464 1.1700 -0.1197 130 87 98
-1.5313 1.2296 -0.1216 182 133 124
-1.5286 1.2323 -0.1196 167 123 121
-1.5077 1.3069 -0.1233 223 163 128
-1.5131 1.2882 -0.1199 198 153 141
-1.5201 1.3546 -0.1234 241 208 179
-1.5320 1.3501 -0.1199 216 173 160
-1.5469 1.4199 -0.1237 253 240 220
-1.5503 1.4130 -0.1199 228 194 179
-1.5320 1.4717 -0.1237 239 206 179
-1.5428 1.4635 -0.1194 210 173 161
-1.5289 1.5291 -0.1236 211 115 68
-1.5092 1.5351 -0.1196 177 131 124
-1.5287 1.5894 -0.1236 221 125 73
-1.5236 1.5870 -0.1196 157 111 111
-1.5292 1.6490 -0.1235 222 128 74
-1.5412 1.6469 -0.1196 104 83 99
-1.5192 1.7043 -0.1234 221 132 84
-1.5484 1.6983 -0.1197 85 77 98
-1.5520 1.7894 -0.1237 254 254 251
-1.5081 1.7757 -0.1197 117 96 107
-1.5180 1.8313 -0.1218 243 223 179
-1.5235 1.8310 -0.1197 129 106 114
-1.5346 1.8931 -0.1215 190 169 147
-1.5421 1.8909 -0.1197 144 119 123
-1.5384 1.9463 -0.1215 129 116 129
-1.5532 1.9366 -0.1197 144 121 125
-1.5290 2.0093 -0.1235 239 155 93
-1.5108 2.0160 -0.1199 106 89 103
-1.5547 2.0900 -0.1237 248 167 88
-1.5268 2.0724 -0.1199 93 81 99
-1.5448 2.1350 -0.1237 244 159 86
-1.5446 2.1306 -0.1199 82 76 97
-1.5193 2.1950 -0.1210 248 220 171
-1.5539 2.1746 -0.1197 82 76 98
-1.5290 2.2540 -0.1207 203 185 167
-1.5079 2.2609 -0.1189 107 92 105
-1.5322 2.3146 -0.1206 153 135 143
-1.5131 2.3058 -0.1195 110 94 108
-1.5289 2.3695 -0.1235 254 251 238
-1.5129 2.3550 -0.1182 205 185 155
-1.5219 2.4261 -0.1235 254 251 241
-1.5279 2.4378 -0.1193 204 193 181
-1.5118 2.4658 -0.1228 248 241 224
-1.5109 2.4675 -0.1012 171 134 111
-1.5289 2.4674 -0.0016 170 137 155
-1.5289 2.4674 0.0907 170 136 158
-1.5289 2.4674 0.1540 171 136 160
-1.5289 2.4674 0.2117 170 136 161
-1.5289 2.4674 0.2697 171 136 162
-1.5289 2.4674 0.3277 171 136 163
-1.5281 2.4674 0.3897 167 132 162
-1.5298 2.4674 0.4526 174 142 169
-1.5290 2.4674 0.5121 169 136 167
-1.5290 2.4674 0.5698 169 136 170
-1.5290 2.4674 0.6275 169 136 171
-1.5279 2.4674 0.6883 161 127 167
-1.5301 2.4674 0.7513 174 146 180
-1.5289 2.4674 0.8119 115 71 136
-1.5133 2.4672 0.8886 183 158 157
-1.5257 2.4670 0.9347 120 85 126
-1.5306 2.4670 0.9894 68 24 106
-1.5308 2.4670 1.0500 66 23 105
-1.5286 2.4670 1.1100 62 22 103
-1.5286 2.4670 1.1702 61 22 102
-1.5129 2.4666 1.2489 68 57 73
-1.5192 2.4666 1.2707 71 65 71
-1.4598 -2.5262 -0.1205 211 130 170
-1.4689 -2.5316 -0.0887 236 104 228
-1.4689 -2.5317 0.0006 252 151 250
-1.4689 -2.5316 0.0894 254 193 254
-1.4689 -2.5316 0.1505 254 225 254
-1.4689 -2.5316 0.2115 254 230 254
-1.4689 -2.5316 0.2680 254 242 254
-1.4689 -2.5316 0.3290 254 232 254
-1.4689 -2.5316 0.3900 254 215 254
-1.4684 -2.5316 0.4505 253 177 253
-1.4695 -2.5316 0.5114 251 144 249
-1.4683 -2.5316 0.5693 246 123 242
-1.4694 -2.5316 0.6302 231 97 226
-1.4689 -2.5316 0.6906 205 78 203
-1.4678 -2.5316 0.7498 194 72 194
-1.4700 -2.5316 0.8107 168 59 175
-1.4683 -2.5316 0.8698 145 49 160
-1.4685 -2.5316 0.9292 133 45 153
-1.4699 -2.5316 0.9899 119 40 145
-1.4678 -2.5316 1.0497 115 39 143
-1.4693 -2.5316 1.1095 105 36 138
-1.4685 -2.5316 1.1704 98 34 133
-1.4686 -2.5316 1.2300 96 33 132
-1.4695 -2.5315 1.2697 93 33 130
-1.4706 -2.4877 -0.1206 220 182 165
-1.4697 -2.4852 -0.1199 224 189 172
-1.4697 -2.4274 -0.1206 228 194 177
-1.4644 -2.4079 -0.1197 222 185 168
-1.4737 -2.3642 -0.1209 231 200 185
-1.4869 -2.3952 -0.1196 222 185 168
-1.4698 -2.3051 -0.1211 232 200 183
-1.4720 -2.3286 -0.1198 225 190 173
-1.4657 -2.2526 -0.1211 153 100 93
-1.4708 -2.2620 -0.1199 156 107 97
-1.4691 -2.1910 -0.1212 137 85 86
-1.4685 -2.1810 -0.1198 124 79 80
-1.4745 -2.1287 -0.1213 140 85 85
-1.4696 -2.1578 -0.1198 125 80 80
-1.4655 -2.0699 -0.1214 140 85 84
-1.4708 -2.0859 -0.1195 126 80 80
-1.4711 -2.0118 -0.1215 215 177 161
-1.4699 -2.0170 -0.1197 201 156 138
-1.4725 -1.9518 -0.1215 235 204 186
-1.4693 -1.9501 -0.1198 223 187 170
-1.4701 -1.8868 -0.1216 237 206 186
-1.4720 -1.8843 -0.1196 224 188 171
-1.4685 -1.8248 -0.1218 240 212 192
-1.4708 -1.8134 -0.1197 224 185 171
-1.4727 -1.7670 -0.1219 184 133 120
-1.4741 -1.7451 -0.1199 126 81 81
-1.4657 -1.7092 -0.1220 144 83 80
-1.4731 -1.7004 -0.1190 144 83 105
-1.4764 -1.6674 -0.1221 153 87 78
-1.4721 -1.6680 -0.1195 141 84 102
-1.4705 -1.5893 -0.1235 234 139 73
-1.4706 -1.6001 -0.1197 134 82 89
-1.4709 -1.5289 -0.1237 249 218 191
-1.4739 -1.5323 -0.1199 187 131 125
-1.4594 -1.4899 -0.1237 254 254 252
-1.4713 -1.4618 -0.1196 245 135 234
-1.4707 -1.4090 -0.1234 254 253 244
-1.4862 -1.3907 -0.1197 229 130 211
-1.4704 -1.3489 -0.1235 254 254 249
-1.4795 -1.3406 -0.1197 230 148 205
-1.4707 -1.2888 -0.1237 240 192 160
-1.4896 -1.2737 -0.1194 176 133 128
-1.4585 -1.2505 -0.1237 222 127 68
-1.4626 -1.2335 -0.1194 143 104 109
-1.4712 -1.1696 -0.1237 235 141 73
-1.4775 -1.1666 -0.1195 158 115 116
-1.4698 -1.1108 -0.1237 241 150 77
-1.4727 -1.1080 -0.1192 156 113 114
-1.4605 -1.0524 -0.1237 247 193 146
-1.4567 -1.0621 -0.1192 142 102 108
-1.4515 -0.9960 -0.1236 254 235 233
-1.4470 -0.9708 -0.0820 136 106 117
-1.4464 -0.9714 -0.0015 98 75 100
-1.4462 -0.9711 0.0918 91 44 92
-1.4459 -0.9711 0.1491 90 43 93
-1.4456 -0.9712 0.2103 90 43 95
-1.4453 -0.9712 0.2694 91 44 100
-1.4450 -0.9712 0.3282 89 43 103
-1.4448 -0.9712 0.3895 89 43 106
-1.4445 -0.9712 0.4480 89 45 111
-1.4704 -0.9127 -0.1234 236 204 171
-1.4488 -0.9197 -0.1111 240 190 111
-1.4484 -0.9486 0.0535 244 198 115
-1.4485 -0.9361 0.0900 248 210 126
-1.4485 -0.9361 0.1500 250 221 140
-1.4485 -0.9360 0.2101 251 225 148
-1.4485 -0.9364 0.2698 251 226 151
-1.4485 -0.9357 0.3299 250 227 153
-1.4485 -0.9364 0.3901 248 223 152
-1.4485 -0.9356 0.4471 246 219 152
-1.4734 -0.8688 -0.1235 241 214 185
-1.4487 -0.8612 -0.1046 240 176 92
-1.4489 -0.8609 -0.0523 254 238 135
-1.4486 -0.8695 0.0965 251 217 132
-1.4486 -0.8677 0.1503 252 226 143
-1.4486 -0.8675 0.2104 252 230 150
-1.4486 -0.8677 0.2706 252 232 157
-1.4486 -0.8679 0.3301 252 231 158
-1.4486 -0.8674 0.3899 249 226 155
-1.4486 -0.8676 0.4476 246 218 150
-1.4732 -0.8086 -0.1236 244 217 188
-1.4488 -0.8007 -0.0914 246 192 102
-1.4490 -0.7851 -0.0556 250 211 119
-1.4488 -0.8046 0.1039 253 227 141
-1.4488 -0.8018 0.1498 253 232 150
-1.4488 -0.8022 0.2096 253 236 159
-1.4488 -0.8023 0.2695 253 237 164
-1.4488 -0.8020 0.3297 253 235 164
-1.4488 -0.8023 0.3899 250 227 156
-1.4488 -0.8019 0.4475 245 216 147
-1.4769 -0.7656 -0.1237 232 159 102
-1.4489 -0.7666 -0.0910 249 202 110
-1.4489 -0.7663 -0.0531 250 209 116
-1.4489 -0.7665 0.1084 254 237 158
-1.4489 -0.7666 0.1498 254 236 156
-1.4489 -0.7666 0.2101 254 240 168
-1.4489 -0.7666 0.2703 254 240 169
-1.4489 -0.7666 0.3305 253 237 167
-1.4489 -0.7666 0.3907 250 228 159
-1.4489 -0.7666 0.4472 244 215 148
-1.4757 -0.6815 -0.1234 158 81 56
-1.4485 -0.6865 -0.1191 205 107 44
-1.4483 -0.6931 0.0468 228 164 82
-1.4483 -0.6900 0.0901 231 172 89
-1.4483 -0.6900 0.1500 234 184 102
-1.4483 -0.6900 0.2104 236 191 111
-1.4483 -0.6903 0.2705 238 196 119
-1.4483 -0.6900 0.3300 237 197 123
-1.4483 -0.6902 0.3901 231 191 121
-1.4483 -0.6903 0.4477 222 180 120
-1.4869 -0.6059 -0.1234 141 72 61
-1.4484 -0.6456 0.0526 224 157 76
-1.4484 -0.6443 0.0901 227 167 85
-1.4484 -0.6445 0.1501 229 175 94
-1.4484 -0.6446 0.2100 231 183 104
-1.4484 -0.6442 0.2702 231 185 110
-1.4484 -0.6446 0.3299 226 181 109
-1.4484 -0.6445 0.3899 214 170 107
-1.4484 -0.6446 0.4475 196 153 103
-1.4919 -0.5883 -0.1234 143 73 60
-1.4483 -0.5780 0.0466 255 195 255
-1.4483 -0.5760 0.0900 255 189 255
-1.4483 -0.5764 0.1500 255 177 255
-1.4483 -0.5763 0.2097 255 160 254
-1.4483 -0.5758 0.2697 254 135 253
-1.4483 -0.5763 0.3300 243 97 237
-1.4483 -0.5761 0.3900 212 63 204
-1.4483 -0.5761 0.4476 206 59 199
-1.4736 -0.3729 -0.1235 250 238 207
-1.4446 -0.3716 -0.0936 254 248 213
-1.4421 -0.3720 0.0425 254 252 230
-1.4446 -0.3716 0.1028 254 253 236
-1.4446 -0.3716 0.1504 254 254 239
-1.4446 -0.3716 0.2096 254 253 237
-1.4446 -0.3716 0.2701 254 253 234
-1.4446 -0.3716 0.3306 254 251 228
-1.4446 -0.3716 0.3899 252 246 217
-1.4446 -0.3716 0.4471 245 233 201
-1.4690 -0.3303 -0.1236 252 242 224
-1.4675 -0.3014 -0.1195 171 46 159
-1.4687 -0.2702 -0.1236 238 200 172
-1.4801 -0.2558 -0.1179 184 72 177
-1.4687 -0.2102 -0.1235 222 132 79
-1.4634 -0.2021 -0.1188 191 86 188
-1.4686 -0.1499 -0.1235 230 139 81
-1.4494 -0.1357 -0.1194 78 70 91
-1.4687 -0.0900 -0.1235 233 143 83
-1.4590 -0.0881 -0.1196 80 70 90
-1.4522 -0.0988 -0.0505 255 226 255
-1.4485 -0.0988 0.1082 255 231 255
-1.4487 -0.0988 0.1500 255 231 255
-1.4487 -0.0988 0.2103 255 227 255
-1.4488 -0.0988 0.2703 255 219 255
-1.4487 -0.0988 0.3300 255 205 255
-1.4489 -0.0988 0.3901 255 190 255
-1.4488 -0.0988 0.4503 255 165 254
-1.4488 -0.0988 0.5103 254 133 252
-1.4536 -0.1003 0.5973 217 183 117
-1.4704 -0.1003 0.6303 197 60 170
-1.4702 -0.1003 0.6880 192 51 171
-1.4701 -0.1003 0.7497 185 49 165
-1.4700 -0.1003 0.8114 177 46 158
-1.4699 -0.1003 0.8690 171 44 153
-1.4697 -0.1003 0.9307 162 41 146
-1.4696 -0.1003 0.9923 152 39 138
-1.4695 -0.1003 1.0498 141 36 130
-1.4688 -0.1003 1.1081 128 32 121
-1.4697 -0.1003 1.1696 112 29 111
-1.4691 -0.1003 1.2306 93 24 99
-1.4689 -0.1003 1.2882 74 21 89
-1.4688 -0.1003 1.3497 70 20 87
-1.4687 -0.1003 1.4112 70 20 87
-1.4686 -0.1003 1.4687 70 20 87
-1.4685 -0.1003 1.5139 70 20 87
-1.4654 -0.0045 -0.1235 246 206 177
-1.4758 -0.0321 -0.1196 101 82 95
-1.4579 0.0884 -0.1234 254 254 249
-1.4428 0.0729 -0.1181 220 184 172
-1.4691 0.1001 0.0534 254 135 253
-1.4691 0.1001 0.0902 254 136 254
-1.4691 0.1001 0.1498 254 133 253
-1.4691 0.1001 0.2093 254 129 253
-1.4691 0.1001 0.2689 254 122 252
-1.4692 0.1001 0.3300 253 113 250
-1.4690 0.1001 0.3912 251 103 245
-1.4691 0.1001 0.4508 247 92 239
-1.4575 0.0941 0.5363 239 82 228
-1.4683 0.0958 0.5892 252 106 246
-1.4722 0.0966 0.6470 254 120 251
-1.4661 0.0988 0.7005 250 100 243
-1.4684 0.0988 0.7503 248 95 240
-1.4615 0.0992 0.8224 252 106 247
-1.4673 0.0992 0.8701 251 100 244
-1.4553 0.0977 0.9502 250 98 243
-1.4699 0.0976 0.9922 249 94 240
-1.4714 0.0976 1.0504 245 88 235
-1.4711 0.0976 1.1103 239 80 227
-1.4714 0.0976 1.1702 230 74 219
-1.4735 0.0976 1.2274 221 68 211
-1.4885 0.0975 1.2697 211 63 200
-1.4707 0.0971 1.3335 221 71 212
-1.4518 0.1669 -0.1217 254 254 234
-1.4544 0.2131 -0.1213 243 222 167
-1.4688 0.2651 -0.1212 174 141 122
-1.4562 0.3246 -0.1209 200 172 143
-1.4554 0.3214 -0.1084 220 201 171
-1.4546 0.3599 0.0266 165 127 123
-1.4544 0.3599 0.0901 111 56 100
-1.4544 0.3599 0.1503 100 31 97
-1.4541 0.3599 0.2097 102 32 100
-1.4541 0.3599 0.2699 105 33 106
-1.4546 0.3599 0.3300 101 33 112
-1.4541 0.3599 0.3902 98 32 115
-1.4541 0.3599 0.4482 93 31 117
-1.4679 0.3897 -0.1206 173 139 127
-1.4706 0.3775 -0.1154 170 130 130
-1.4588 0.3604 0.0539 127 80 87
-1.4564 0.3604 0.0897 115 68 93
-1.4563 0.3604 0.1499 94 29 91
-1.4565 0.3604 0.2097 96 30 96
-1.4563 0.3604 0.2696 98 31 103
-1.4566 0.3604 0.3298 96 31 111
-1.4564 0.3604 0.3896 92 31 116
-1.4565 0.3604 0.4478 85 29 115
-1.4561 0.4401 -0.1203 184 165 139
-1.4587 0.4646 -0.0917 242 217 146
-1.4584 0.4646 -0.0016 245 222 154
-1.4592 0.4646 0.0733 241 218 155
-1.4733 0.4509 0.1500 254 242 175
-1.4733 0.4511 0.2107 254 246 187
-1.4733 0.4509 0.2706 254 247 194
-1.4733 0.4509 0.3298 254 247 196
-1.4733 0.4509 0.3898 253 245 195
-1.4733 0.4509 0.4479 252 243 193
-1.4846 0.4978 -0.1233 254 232 149
-1.4731 0.5099 -0.0752 250 207 106
-1.4734 0.5072 0.0512 253 230 148
-1.4734 0.5115 0.0901 201 182 138
-1.4734 0.5117 0.1501 220 205 157
-1.4734 0.5116 0.2095 253 241 177
-1.4734 0.5116 0.2695 253 243 186
-1.4734 0.5116 0.3299 253 242 187
-1.4734 0.5115 0.3898 251 238 184
-1.4734 0.5116 0.4479 246 231 177
-1.4842 0.5800 -0.1231 244 206 154
-1.4734 0.5877 -0.1129 252 241 193
-1.4734 0.5521 0.0551 252 225 141
-1.4734 0.5700 0.0908 228 202 134
-1.4734 0.5706 0.1501 241 218 149
-1.4734 0.5707 0.2099 249 228 158
-1.4734 0.5706 0.2700 251 232 167
-1.4734 0.5706 0.3300 247 227 165
-1.4734 0.5706 0.3899 238 212 157
-1.4734 0.5705 0.4479 217 191 142
-1.4883 0.6115 -0.1234 248 226 195
-1.4735 0.6051 -0.1103 254 246 202
-1.4730 0.6287 0.0387 252 225 137
-1.4734 0.6040 0.0938 223 190 121
-1.4734 0.6040 0.1504 168 151 120
-1.4734 0.6040 0.2108 248 225 157
-1.4734 0.6039 0.2702 241 212 144
-1.4734 0.6039 0.3297 238 209 147
-1.4734 0.6040 0.3896 214 182 133
-1.4734 0.6039 0.4475 202 176 131
-1.4854 0.7071 -0.1233 248 229 194
-1.4740 0.7128 -0.1159 249 200 112
-1.4731 0.6885 0.0464 251 219 130
-1.4731 0.6911 0.0901 248 220 138
-1.4731 0.6911 0.1500 225 207 149
-1.4731 0.6911 0.2098 253 241 178
-1.4731 0.6909 0.2699 253 239 179
-1.4731 0.6907 0.3299 253 242 189
-1.4731 0.6909 0.3898 252 239 188
-1.4731 0.6906 0.4479 249 235 185
-1.4859 0.7743 -0.1234 202 126 72
-1.4741 0.7571 -0.1065 242 171 77
-1.4731 0.7435 0.0534 249 214 126
-1.4731 0.7506 0.0900 229 198 125
-1.4731 0.7505 0.1499 237 213 144
-1.4731 0.7506 0.2104 252 233 162
-1.4731 0.7504 0.2704 251 235 171
-1.4731 0.7503 0.3300 250 232 173
-1.4731 0.7503 0.3900 246 225 170
-1.4731 0.7501 0.4479 232 210 157
-1.4862 0.8006 -0.1233 192 114 67
-1.4732 0.7997 -0.1148 221 131 56
-1.4732 0.7957 0.0428 248 209 115
-1.4732 0.7947 0.0907 245 210 127
-1.4732 0.7949 0.1500 249 220 141
-1.4732 0.7946 0.2101 249 225 153
-1.4732 0.7948 0.2697 247 223 157
-1.4732 0.7947 0.3296 242 217 156
-1.4732 0.7945 0.3898 226 196 141
-1.4732 0.7945 0.4478 205 177 130
-1.4848 0.8765 -0.1233 202 122 68
-1.4739 0.8820 -0.1147 228 147 61
-1.4733 0.8688 0.0340 252 224 131
-1.4733 0.8708 0.0899 253 233 150
-1.4733 0.8710 0.1500 253 240 167
-1.4733 0.8715 0.2101 253 243 179
-1.4733 0.8718 0.2700 254 245 187
-1.4734 0.8720 0.3300 253 246 193
-1.4734 0.8724 0.3900 253 244 192
-1.4734 0.8727 0.4481 252 243 191
-1.4907 0.9560 -0.1232 239 228 191
-1.4705 0.9591 -0.0875 182 115 63
-1.4708 0.9591 0.0017 197 134 75
-1.4705 0.9591 0.0908 203 146 85
-1.4705 0.9591 0.1501 212 159 95
-1.4705 0.9591 0.2096 219 170 104
-1.4705 0.9591 0.2690 225 179 112
-1.4705 0.9591 0.3284 229 188 120
-1.4705 0.9591 0.3878 231 193 127
-1.4705 0.9591 0.4472 235 199 137
-1.4483 0.9572 0.4802 211 173 126
-1.4680 0.9884 -0.1234 232 183 156
-1.4549 0.9609 -0.1045 233 194 138
-1.4612 0.9605 0.0415 253 227 140
-1.4568 0.9606 0.0971 239 190 106
-1.4561 0.9606 0.1500 241 196 113
-1.4561 0.9606 0.2105 241 199 120
-1.4561 0.9606 0.2705 239 200 124
-1.4563 0.9606 0.3300 233 191 120
-1.4560 0.9606 0.3900 218 176 114
-1.4562 0.9606 0.4476 200 162 116
-1.4685 1.0493 -0.1235 249 231 209
-1.4471 1.0644 -0.1198 225 189 175
-1.4628 1.1080 -0.1235 254 244 225
-1.4594 1.1129 -0.1199 226 191 176
-1.4549 1.1672 -0.1234 254 250 237
-1.4772 1.1712 -0.1199 221 185 170
-1.4475 1.2239 -0.1234 243 218 198
-1.4923 1.2256 -0.1199 191 146 136
-1.4479 1.2704 -0.1234 209 115 71
-1.4759 1.2757 -0.1194 153 111 112
-1.4689 1.3505 -0.1235 192 103 69
-1.4518 1.3524 -0.1196 127 87 98
-1.4688 1.4105 -0.1236 180 95 68
-1.4704 1.4131 -0.1196 138 94 101
-1.4939 1.4904 -0.1237 209 141 109
-1.4857 1.4684 -0.1196 168 121 118
-1.4809 1.5349 -0.1237 242 219 201
-1.4846 1.5168 -0.1196 202 160 148
-1.4693 1.5893 -0.1237 250 238 225
-1.4508 1.5936 -0.1198 224 190 176
-1.4689 1.6494 -0.1236 251 240 227
-1.4692 1.6526 -0.1198 174 146 142
-1.4690 1.7094 -0.1235 249 231 215
-1.4866 1.7124 -0.1197 129 106 113
-1.4569 1.7730 -0.1217 190 167 136
-1.4681 1.7726 -0.1198 93 82 100
-1.4743 1.8325 -0.1216 116 102 105
-1.4534 1.8330 -0.1199 83 75 97
-1.4865 1.8838 -0.1217 104 95 109
-1.4709 1.8899 -0.1199 88 76 96
-1.4734 1.9531 -0.1237 248 180 116
-1.4876 1.9480 -0.1199 100 84 99
-1.4558 2.0208 -0.1221 252 239 213
-1.4953 1.9895 -0.1198 98 84 100
-1.4595 2.0803 -0.1211 250 238 201
-1.4504 2.0813 -0.1195 140 117 123
-1.4719 2.1357 -0.1208 211 195 173
-1.4568 2.1266 -0.1196 142 119 124
-1.4732 2.1938 -0.1208 147 120 121
-1.4657 2.2009 -0.1197 194 182 175
-1.4736 2.2495 -0.1207 118 100 109
-1.4578 2.2390 -0.1197 217 209 189
-1.4735 2.3095 -0.1206 117 97 106
-1.4659 2.2954 -0.1196 198 194 184
-1.4689 2.3695 -0.1236 225 142 94
-1.4596 2.3504 -0.1171 160 140 119
-1.4688 2.4298 -0.1236 214 131 92
-1.4662 2.4199 -0.1170 150 130 115
-1.4677 2.4662 -0.1227 203 122 88
-1.4581 2.4690 -0.1042 179 143 110
-1.4725 2.4674 0.0006 92 28 90
-1.4725 2.4674 0.0866 92 28 91
-1.4725 2.4674 0.1494 95 30 95
-1.4725 2.4674 0.2121 96 30 97
-1.4726 2.4674 0.2696 97 30 99
-1.4726 2.4674 0.3268 98 31 102
-1.4725 2.4674 0.3895 95 30 102
-1.4726 2.4674 0.4524 97 31 104
-1.4726 2.4674 0.5098 94 30 105
-1.4717 2.4674 0.5682 95 31 109
-1.4726 2.4674 0.6297 93 30 111
-1.4735 2.4674 0.6914 90 30 113
-1.4726 2.4674 0.7498 90 30 114
-1.4717 2.4674 0.8082 86 29 114
-1.4605 2.4671 0.8817 142 111 129
-1.4687 2.4671 0.9293 70 26 106
-1.4714 2.4671 0.9912 66 23 105
-1.4709 2.4671 1.0500 65 23 105
-1.4693 2.4671 1.1100 61 22 103
-1.4504 2.4667 1.1851 70 65 70
-1.4658 2.4666 1.2328 62 46 76
-1.4713 2.4666 1.2696 67 54 107
-1.4142 -2.5262 -0.1213 228 189 166
-1.4091 -2.5316 -0.0902 233 100 224
-1.4091 -2.5317 0.0030 252 152 250
-1.4091 -2.5316 0.0910 254 180 254
-1.4091 -2.5316 0.1515 254 207 254
-1.4091 -2.5316 0.2119 254 220 254
-1.4091 -2.5316 0.2678 254 232 254
-1.4091 -2.5316 0.3283 254 226 254
-1.4091 -2.5316 0.3888 254 207 254
-1.4091 -2.5316 0.4492 253 168 253
-1.4091 -2.5316 0.5097 250 138 248
-1.4091 -2.5316 0.5702 243 118 239
-1.4091 -2.5316 0.6306 224 91 220
-1.4082 -2.5316 0.6899 203 76 201
-1.4100 -2.5316 0.7502 180 64 183
-1.4080 -2.5316 0.8101 162 56 170
-1.4102 -2.5316 0.8704 145 49 159
-1.4079 -2.5316 0.9303 131 44 151
-1.4102 -2.5316 0.9907 117 39 144
-1.4082 -2.5316 1.0506 109 37 139
-1.4090 -2.5316 1.1094 105 36 137
-1.4094 -2.5316 1.1696 97 33 133
-1.4087 -2.5316 1.2300 94 32 131
-1.4084 -2.5315 1.2697 92 32 129
-1.4117 -2.4858 -0.1206 228 194 177
-1.4093 -2.4887 -0.1199 223 187 169
-1.4075 -2.4317 -0.1207 228 193 176
-1.4083 -2.4063 -0.1197 223 187 169
-1.4129 -2.3742 -0.1210 232 203 187
-1.4158 -2.3908 -0.1196 222 187 170
-1.4063 -2.3155 -0.1210 226 191 174
-1.4098 -2.3326 -0.1198 224 189 171
-1.4130 -2.2477 -0.1211 156 104 98
-1.4103 -2.2659 -0.1199 163 113 99
-1.4120 -2.1887 -0.1213 141 89 86
-1.4085 -2.1874 -0.1198 125 79 78
-1.4054 -2.1324 -0.1213 138 85 86
-1.4088 -2.1575 -0.1198 125 79 78
-1.4145 -2.0722 -0.1214 140 85 85
-1.4077 -2.0855 -0.1195 125 80 79
-1.4101 -2.0106 -0.1215 211 171 155
-1.4075 -2.0164 -0.1197 201 156 138
-1.4083 -1.9455 -0.1216 235 203 184
-1.4088 -1.9496 -0.1198 223 185 167
-1.4085 -1.8879 -0.1217 238 209 190
-1.4126 -1.8811 -0.1196 225 191 174
-1.4095 -1.8298 -0.1218 239 210 191
-1.4135 -1.8101 -0.1197 220 180 165
-1.4119 -1.7691 -0.1219 188 136 121
-1.4143 -1.7423 -0.1199 128 81 81
-1.4102 -1.7116 -0.1220 150 87 79
-1.3987 -1.7157 -0.1193 178 98 146
-1.3919 -1.6680 -0.1237 241 153 78
-1.4113 -1.6630 -0.1197 124 80 81
-1.4106 -1.5889 -0.1235 226 130 71
-1.4141 -1.5976 -0.1197 139 85 98
-1.4107 -1.5290 -0.1236 247 215 189
-1.4147 -1.5301 -0.1199 207 138 167
-1.4069 -1.4763 -0.1237 254 254 250
-1.4159 -1.4650 -0.1197 217 182 171
-1.4113 -1.4082 -0.1234 254 252 242
-1.4046 -1.4104 -0.1197 217 181 171
-1.4105 -1.3486 -0.1235 254 253 245
-1.4288 -1.3306 -0.1196 219 185 174
-1.4106 -1.2887 -0.1236 236 188 155
-1.4034 -1.2878 -0.1195 201 164 157
-1.4067 -1.2369 -0.1237 215 119 65
-1.4221 -1.2160 -0.1196 121 88 101
-1.4111 -1.1694 -0.1235 227 131 71
-1.4137 -1.1721 -0.1193 121 87 101
-1.4118 -1.1095 -0.1236 233 139 74
-1.3969 -1.1211 -0.1194 122 87 101
-1.4113 -1.0495 -0.1236 246 196 155
-1.4198 -1.0469 -0.1192 125 88 100
-1.4162 -1.0036 -0.1237 254 251 250
-1.4133 -0.9722 -0.0784 111 72 62
-1.4117 -0.9722 -0.0005 111 75 64
-1.4115 -0.9722 0.0893 114 68 64
-1.4113 -0.9722 0.1501 119 74 69
-1.4109 -0.9722 0.2110 123 79 74
-1.4107 -0.9722 0.2718 124 81 77
-1.4097 -0.9723 0.3310 126 84 82
-1.4104 -0.9722 0.3896 122 82 84
-1.4095 -0.9723 0.4476 116 79 88
-1.4168 -0.3672 -0.1232 253 242 200
-1.4174 -0.3715 -0.0902 254 249 216
-1.4072 -0.3715 -0.0509 254 251 224
-1.4189 -0.3715 0.1062 254 253 237
-1.4176 -0.3715 0.1501 254 253 238
-1.4174 -0.3715 0.2099 255 253 237
-1.4176 -0.3715 0.2699 255 252 233
-1.4175 -0.3715 0.3301 254 249 225
-1.4176 -0.3715 0.3900 250 241 210
-1.4174 -0.3715 0.4474 232 215 182
-1.4134 -0.3292 -0.1237 254 248 231
-1.4090 -0.2701 -0.1237 239 201 173
-1.4075 -0.2638 -0.1193 104 69 114
-1.4085 -0.2102 -0.1237 223 128 71
-1.4167 -0.1939 -0.1192 215 89 209
-1.4087 -0.1501 -0.1236 231 137 75
-1.4279 -0.1554 -0.1195 112 75 120
-1.4086 -0.0902 -0.1236 235 143 78
-1.3884 -0.0807 -0.1197 79 69 90
-1.4367 -0.0985 -0.0509 255 219 255
-1.4092 -0.0987 0.1032 255 226 255
-1.4114 -0.0987 0.1500 255 227 255
-1.4114 -0.0987 0.2100 255 225 255
-1.4113 -0.0987 0.2700 255 219 255
-1.4114 -0.0987 0.3300 255 207 255
-1.4115 -0.0987 0.3900 255 191 255
-1.4115 -0.0987 0.4503 255 171 254
-1.4116 -0.0987 0.5102 254 146 254
-1.4067 -0.1003 0.5942 212 104 158
-1.4112 -0.1003 0.6301 205 57 183
-1.4112 -0.1003 0.6877 200 54 178
-1.4110 -0.1003 0.7493 194 52 173
-1.4109 -0.1003 0.8109 188 50 168
-1.4108 -0.1003 0.8685 182 48 162
-1.4107 -0.1003 0.9302 174 45 155
-1.4105 -0.1003 0.9917 163 42 147
-1.4104 -0.1003 1.0492 153 39 139
-1.4103 -0.1003 1.1108 141 36 131
-1.4101 -0.1003 1.1723 127 32 120
-1.4100 -0.1003 1.2298 112 28 110
-1.4090 -0.1003 1.2892 92 24 99
-1.4107 -0.1003 1.3505 72 20 88
-1.4097 -0.1003 1.4103 70 20 87
-1.4095 -0.1003 1.4677 70 20 87
-1.4094 -0.1003 1.5128 70 20 87
-1.4087 -0.0011 -0.1236 248 213 183
-1.4065 -0.0126 -0.1197 118 97 106
-1.3922 0.1067 -0.1219 255 254 236
-1.4108 0.0727 -0.1187 152 128 130
-1.3968 0.0945 0.0035 241 84 230
-1.3964 0.0947 0.0909 241 84 231
-1.3959 0.0947 0.1513 242 85 231
-1.3977 0.0950 0.2044 242 86 232
-1.4004 0.0954 0.2676 243 87 233
-1.4008 0.0956 0.3285 243 86 233
-1.4004 0.0954 0.3895 242 84 231
-1.4007 0.0956 0.4505 239 82 228
-1.4057 0.0941 0.5285 242 85 232
-1.4035 0.0963 0.5929 254 117 250
-1.3875 0.0986 0.6556 253 112 249
-1.4066 0.0989 0.6913 252 104 246
-1.3906 0.0992 0.7707 253 115 250
-1.4072 0.0992 0.8109 253 111 249
-1.3888 0.0979 0.8917 251 100 244
-1.4056 0.0977 0.9337 250 96 242
-1.4094 0.0977 0.9898 246 89 237
-1.4094 0.0977 1.0499 240 82 229
-1.4092 0.0977 1.1100 231 74 221
-1.4094 0.0977 1.1699 218 66 209
-1.4227 0.0977 1.2124 215 65 207
-1.4133 0.0972 1.2858 219 69 210
-1.4285 0.0970 1.3270 225 73 215
-1.3925 0.1526 -0.1214 248 230 174
-1.4121 0.1221 -0.1186 220 186 173
-1.4086 0.2027 -0.1214 220 186 150
-1.3972 0.2712 -0.1209 202 178 140
-1.4016 0.2637 -0.1199 195 173 145
-1.4094 0.3194 -0.1208 157 127 119
-1.4108 0.3326 -0.1153 143 108 113
-1.4171 0.3600 0.0318 230 216 174
-1.4163 0.3600 0.0897 220 205 179
-1.4163 0.3600 0.1496 216 197 181
-1.4166 0.3600 0.2100 216 197 184
-1.4166 0.3600 0.2700 217 196 180
-1.4166 0.3600 0.3299 216 196 184
-1.4161 0.3600 0.3897 218 200 184
-1.4166 0.3600 0.4477 189 164 169
-1.3995 0.3728 -0.1203 203 186 146
-1.4091 0.4002 -0.1187 119 91 99
-1.4229 0.3603 0.0535 204 184 167
-1.4097 0.3604 0.0912 238 233 219
-1.4085 0.3604 0.1499 238 231 224
-1.4088 0.3604 0.2100 237 230 226
-1.4088 0.3604 0.2701 237 230 223
-1.4088 0.3604 0.3302 237 230 224
-1.4087 0.3604 0.3900 238 231 219
-1.4088 0.3604 0.4475 205 190 191
-1.4097 0.4289 -0.1201 136 125 117
-1.4006 0.4618 -0.0921 243 214 139
-1.4003 0.4617 -0.0021 246 221 151
-1.4005 0.4618 0.0770 246 222 154
-1.3982 0.9587 -0.1209 172 102 56
-1.4137 0.9592 -0.0812 187 118 64
-1.4378 0.9596 0.0027 207 143 80
-1.4369 0.9596 0.0891 215 159 91
-1.4369 0.9596 0.1483 218 166 98
-1.4370 0.9596 0.2097 225 177 108
-1.4368 0.9596 0.2712 232 189 119
-1.4368 0.9596 0.3304 235 196 126
-1.4368 0.9596 0.3896 236 198 130
-1.4368 0.9596 0.4487 238 202 136
-1.4093 0.9887 -0.1235 221 171 138
-1.4121 0.9608 -0.0942 216 141 67
-1.4139 0.9605 0.0468 253 233 146
-1.4152 0.9606 0.1023 237 186 104
-1.4139 0.9606 0.1501 238 191 110
-1.4137 0.9606 0.2096 237 192 116
-1.4139 0.9606 0.2696 232 188 116
-1.4139 0.9606 0.3301 218 175 111
-1.4139 0.9606 0.3901 197 154 103
-1.4139 0.9606 0.4479 194 152 106
-1.4084 1.0496 -0.1236 253 239 216
-1.4325 1.0360 -0.1198 227 192 177
-1.4088 1.1097 -0.1236 254 246 228
-1.3890 1.1218 -0.1194 226 193 179
-1.4086 1.1697 -0.1235 254 251 240
-1.3958 1.1697 -0.1196 227 194 180
-1.4088 1.2295 -0.1235 242 204 177
-1.4146 1.2304 -0.1196 180 142 138
-1.4072 1.2887 -0.1235 223 128 74
-1.4296 1.2897 -0.1196 126 86 98
-1.4003 1.3482 -0.1235 224 129 74
-1.3892 1.3639 -0.1196 127 86 98
-1.3927 1.4074 -0.1234 226 131 75
-1.3935 1.4060 -0.1198 127 87 98
-1.3868 1.4599 -0.1234 230 141 85
-1.4133 1.4700 -0.1198 160 119 122
-1.4118 1.5303 -0.1216 239 208 188
-1.4315 1.5334 -0.1198 226 191 177
-1.4296 1.6034 -0.1237 254 253 248
-1.3958 1.5972 -0.1199 225 190 176
-1.3953 1.6572 -0.1222 245 228 189
-1.3970 1.6490 -0.1199 180 152 147
-1.4083 1.7134 -0.1218 196 173 145
-1.4148 1.7065 -0.1199 148 122 124
-1.4090 1.7634 -0.1218 90 81 98
-1.4302 1.7608 -0.1199 84 75 97
-1.4323 1.8208 -0.1219 107 88 96
-1.4335 1.8124 -0.1196 80 76 98
-1.4026 1.8848 -0.1235 227 133 77
-1.3893 1.8963 -0.1197 81 75 97
-1.3960 1.9623 -0.1213 229 201 160
-1.4064 1.9508 -0.1197 83 76 97
-1.4101 2.0175 -0.1210 211 194 173
-1.4244 2.0140 -0.1195 142 118 123
-1.4051 2.0866 -0.1205 208 197 188
-1.4344 2.0625 -0.1194 139 118 124
-1.3952 2.1120 -0.1203 224 215 199
-1.4118 2.1480 -0.1199 235 228 207
-1.4091 2.1851 -0.1207 160 140 144
-1.3899 2.1904 -0.1173 203 173 131
-1.4095 2.2428 -0.1206 109 93 106
-1.3996 2.2384 -0.1176 187 162 130
-1.4130 2.3057 -0.1205 101 86 100
-1.3974 2.3115 -0.1166 178 151 116
-1.4246 2.3752 -0.1237 212 118 71
-1.4133 2.3518 -0.1171 80 82 105
-1.4111 2.4316 -0.1237 196 106 69
-1.4047 2.4321 -0.1168 87 84 106
-1.4089 2.4662 -0.1229 188 101 68
-1.4008 2.4696 -0.0892 175 142 104
-1.4033 2.4694 -0.0481 167 130 103
-1.4113 2.4675 0.0882 96 30 94
-1.4113 2.4674 0.1504 98 31 96
-1.4113 2.4675 0.2125 101 32 102
-1.4113 2.4675 0.2694 100 31 102
-1.4100 2.4674 0.3295 104 33 107
-1.4126 2.4674 0.3912 100 31 105
-1.4113 2.4675 0.4505 101 32 109
-1.4105 2.4674 0.5085 99 32 108
-1.4121 2.4674 0.5703 99 32 110
-1.4114 2.4675 0.6315 96 31 111
-1.4114 2.4675 0.6884 95 31 114
-1.4106 2.4674 0.7494 92 31 115
-1.3959 2.4673 0.8283 157 131 125
-1.4078 2.4672 0.8698 86 43 110
-1.4092 2.4672 0.9302 67 24 106
-1.4102 2.4672 0.9885 65 23 105
-1.4108 2.4672 1.0495 63 23 104
-1.4065 2.4668 1.1272 70 64 74
-1.4167 2.4667 1.1703 62 48 78
-1.4177 2.4667 1.2294 54 20 97
-1.4183 2.4667 1.2696 70 54 122
-1.3645 -2.5258 -0.1214 229 193 171
-1.3513 -2.5316 -0.0902 224 91 214
-1.3504 -2.5316 -0.0012 251 140 247
-1.3496 -2.5316 0.0892 253 164 252
-1.3514 -2.5316 0.1493 253 188 253
-1.3496 -2.5316 0.2090 254 200 253
-1.3496 -2.5316 0.2711 254 216 254
-1.3514 -2.5316 0.3307 254 200 253
-1.3496 -2.5316 0.3908 253 180 253
-1.3514 -2.5316 0.4505 251 146 250
-1.3496 -2.5316 0.5106 249 131 246
-1.3514 -2.5316 0.5703 236 105 231
-1.3496 -2.5316 0.6304 216 84 212
-1.3514 -2.5316 0.6901 200 74 198
-1.3496 -2.5316 0.7502 179 63 182
-1.3514 -2.5316 0.8100 157 54 166
-1.3496 -2.5316 0.8700 139 47 156
-1.3514 -2.5316 0.9298 129 44 150
-1.3494 -2.5316 0.9893 114 39 141
-1.3508 -2.5316 1.0502 108 37 138
-1.3500 -2.5316 1.1101 104 35 136
-1.3507 -2.5316 1.1700 95 33 131
-1.3500 -2.5316 1.2299 94 32 130
-1.3514 -2.5315 1.2700 88 32 127
-1.3473 -2.4975 -0.1206 216 177 160
-1.3489 -2.4922 -0.1199 222 185 166
-1.3472 -2.4317 -0.1207 228 192 175
-1.3514 -2.4081 -0.1196 223 188 170
-1.3553 -2.3681 -0.1208 231 199 182
-1.3495 -2.3666 -0.1198 226 193 175
-1.3519 -2.3016 -0.1211 229 196 178
-1.3484 -2.3365 -0.1198 224 190 172
-1.3465 -2.2530 -0.1212 163 103 84
-1.3499 -2.2698 -0.1199 171 118 101
-1.3529 -2.1889 -0.1212 151 94 84
-1.3483 -2.1938 -0.1198 130 79 75
-1.3501 -2.1309 -0.1214 170 113 86
-1.3482 -2.1576 -0.1198 131 79 75
-1.3519 -2.0695 -0.1214 172 116 87
-1.3487 -2.0848 -0.1195 128 79 76
-1.3447 -2.0057 -0.1215 229 184 127
-1.3505 -2.0162 -0.1197 201 156 137
-1.3532 -1.9521 -0.1216 235 194 146
-1.3479 -1.9493 -0.1198 223 183 166
-1.3558 -1.8955 -0.1217 232 188 133
-1.3488 -1.8781 -0.1196 226 190 176
-1.3577 -1.8330 -0.1218 231 184 121
-1.3508 -1.8068 -0.1197 217 177 159
-1.3610 -1.7709 -0.1220 230 176 101
-1.3704 -1.7787 -0.1190 255 128 252
-1.3659 -1.7187 -0.1222 235 177 100
-1.3530 -1.7386 -0.1199 133 81 80
-1.3432 -1.6671 -0.1237 243 153 76
-1.3481 -1.6637 -0.1196 213 131 195
-1.3542 -1.5805 -0.1234 223 127 69
-1.3566 -1.5921 -0.1198 232 143 229
-1.3507 -1.5291 -0.1235 245 211 185
-1.3587 -1.5322 -0.1199 222 138 216
-1.3505 -1.4686 -0.1237 254 253 244
-1.3556 -1.4663 -0.1198 216 181 170
-1.3396 -1.4296 -0.1237 254 253 243
-1.3275 -1.4306 -0.1198 217 182 171
-1.3505 -1.3492 -0.1234 254 252 241
-1.3562 -1.3497 -0.1197 220 187 176
-1.3506 -1.2890 -0.1235 233 182 150
-1.3323 -1.3025 -0.1197 207 172 164
-1.3505 -1.2289 -0.1237 206 109 60
-1.3555 -1.2277 -0.1195 124 87 99
-1.3396 -1.1906 -0.1237 198 103 58
-1.3413 -1.1781 -0.1195 125 87 99
-1.3586 -1.1075 -0.1235 227 132 71
-1.3576 -1.1038 -0.1194 124 87 100
-1.3534 -1.0510 -0.1235 240 189 144
-1.3376 -1.0567 -0.1193 89 78 97
-1.3702 -1.0136 -0.1234 248 245 245
-1.3527 -0.9732 -0.0750 124 70 35
-1.3510 -0.9731 0.0001 142 92 47
-1.3505 -0.9732 0.0902 158 111 61
-1.3497 -0.9732 0.1512 165 121 70
-1.3500 -0.9732 0.2118 170 128 77
-1.3498 -0.9732 0.2714 173 134 83
-1.3494 -0.9732 0.3311 175 139 89
-1.3492 -0.9732 0.3907 171 139 90
-1.3485 -0.9732 0.4481 159 133 91
-1.3317 -0.3663 -0.1233 254 245 205
-1.3348 -0.3719 -0.1058 254 247 213
-1.3640 -0.3718 0.0542 254 253 235
-1.3519 -0.3718 0.0901 242 246 236
-1.3516 -0.3718 0.1501 248 247 233
-1.3518 -0.3718 0.2100 254 254 242
-1.3520 -0.3718 0.2698 254 254 243
-1.3517 -0.3718 0.3300 254 253 241
-1.3519 -0.3718 0.3901 254 253 237
-1.3516 -0.3718 0.4475 254 252 233
-1.3290 -0.3325 -0.1234 254 248 228
-1.3746 -0.2541 -0.1237 231 155 105
-1.3298 -0.2638 -0.1194 133 65 135
-1.3730 -0.2061 -0.1237 232 137 73
-1.3540 -0.1880 -0.1193 220 92 215
-1.3678 -0.1479 -0.1237 241 150 78
-1.3646 -0.1484 -0.1197 105 73 110
-1.3623 -0.0883 -0.1237 242 155 81
-1.3513 -0.0887 -0.1197 80 69 89
-1.3210 -0.0985 0.0596 255 208 255
-1.3497 -0.0986 0.0958 255 218 255
-1.3511 -0.0986 0.1500 255 219 255
-1.3510 -0.0986 0.2099 255 219 255
-1.3516 -0.0986 0.2700 255 216 255
-1.3513 -0.0986 0.3300 255 207 255
-1.3513 -0.0986 0.3901 255 193 255
-1.3514 -0.0986 0.4504 255 176 255
-1.3514 -0.0986 0.5103 255 156 254
-1.3498 -0.1003 0.5883 217 85 177
-1.3523 -0.1003 0.6299 212 60 191
-1.3521 -0.1003 0.6874 208 58 186
-1.3520 -0.1003 0.7489 203 56 181
-1.3519 -0.1003 0.8105 197 53 176
-1.3518 -0.1003 0.8681 191 51 170
-1.3517 -0.1003 0.9296 183 48 163
-1.3516 -0.1003 0.9912 175 45 157
-1.3514 -0.1003 1.0487 165 42 148
-1.3513 -0.1003 1.1101 154 39 140
-1.3512 -0.1003 1.1716 141 36 130
-1.3511 -0.1003 1.2291 127 32 120
-1.3510 -0.1003 1.2905 109 28 109
-1.3508 -0.1003 1.3520 86 23 96
-1.3507 -0.1003 1.4094 71 20 88
-1.3506 -0.1003 1.4708 70 20 87
-1.3506 -0.1003 1.5157 70 20 87
-1.3394 0.0306 -0.1224 253 238 213
-1.3398 -0.0012 -0.1199 127 103 109
-1.3313 0.0963 -0.1216 249 228 169
-1.3599 0.0676 -0.1196 170 140 136
-1.3274 0.0948 0.0052 248 94 240
-1.3285 0.0948 0.0911 248 94 239
-1.3282 0.0948 0.1506 249 95 240
-1.3285 0.0948 0.2100 249 95 240
-1.3280 0.0948 0.2698 249 95 240
-1.3286 0.0948 0.3299 248 94 240
-1.3282 0.0948 0.3897 248 94 240
-1.3285 0.0948 0.4492 248 94 239
-1.3353 0.0948 0.5153 248 95 240
-1.3356 0.0967 0.5934 254 122 252
-1.3446 0.0989 0.6493 253 114 249
-1.3496 0.0989 0.6897 253 108 248
-1.3469 0.0992 0.7608 254 121 252
-1.3507 0.0992 0.8101 253 115 250
-1.3453 0.0978 0.8768 251 98 243
-1.3493 0.0978 0.9301 247 91 238
-1.3494 0.0978 0.9902 241 83 231
-1.3494 0.0978 1.0501 232 75 221
-1.3494 0.0978 1.1103 218 66 209
-1.3537 0.0978 1.1606 211 63 204
-1.3635 0.0988 1.2080 217 67 209
-1.3640 0.0973 1.2709 213 65 204
-1.3492 0.0969 1.3332 228 74 217
-1.3466 0.1421 -0.1215 233 204 168
-1.3370 0.1242 -0.1183 224 190 177
-1.3417 0.2178 -0.1210 212 182 144
-1.3331 0.2265 -0.1196 243 232 178
-1.3484 0.2738 -0.1209 131 92 104
-1.3511 0.2815 -0.1199 130 94 105
-1.3412 0.3121 -0.1204 172 156 129
-1.3374 0.3410 -0.1174 210 190 143
-1.3544 0.3596 0.0126 254 245 182
-1.3540 0.3596 0.0904 254 248 194
-1.3540 0.3596 0.1504 254 249 200
-1.3540 0.3596 0.2104 254 250 205
-1.3529 0.3596 0.2704 254 248 196
-1.3540 0.3596 0.3304 254 249 200
-1.3540 0.3596 0.3904 254 247 192
-1.3536 0.3596 0.4486 228 211 179
-1.3511 0.3695 -0.1202 105 96 105
-1.3468 0.3958 -0.1192 161 147 125
-1.3505 0.3600 0.0411 254 253 219
-1.3504 0.3605 0.0981 255 254 246
-1.3486 0.3605 0.1499 255 254 248
-1.3489 0.3605 0.2102 255 254 249
-1.3485 0.3605 0.2702 255 254 246
-1.3487 0.3605 0.3299 255 254 246
-1.3488 0.3605 0.3898 255 254 237
-1.3487 0.3605 0.4478 218 208 204
-1.3490 0.4287 -0.1202 84 79 102
-1.3502 0.4594 -0.0915 228 180 100
-1.3500 0.4594 -0.0017 235 196 120
-1.3511 0.4594 0.0766 238 203 133
-1.3453 0.9586 -0.1212 172 97 55
-1.3578 0.9592 -0.0786 198 129 70
-1.3709 0.9596 0.0112 216 152 84
-1.3705 0.9596 0.0908 224 168 96
-1.3705 0.9596 0.1514 225 174 102
-1.3704 0.9596 0.2097 231 185 113
-1.3705 0.9596 0.2681 236 193 121
-1.3705 0.9596 0.3287 238 199 128
-1.3705 0.9596 0.3892 239 203 134
-1.3704 0.9596 0.4474 240 207 141
-1.3653 0.9983 -0.1237 229 194 169
-1.3400 0.9863 -0.1196 191 143 126
-1.3547 0.9605 0.0535 255 240 153
-1.3481 0.9604 0.0901 255 243 161
-1.3481 0.9604 0.1500 255 248 179
-1.3480 0.9604 0.2095 255 251 195
-1.3480 0.9604 0.2696 255 253 206
-1.3482 0.9604 0.3300 255 253 214
-1.3480 0.9604 0.3898 255 254 220
-1.3482 0.9604 0.4477 254 253 223
-1.3576 1.0517 -0.1237 252 237 213
-1.3576 1.0471 -0.1196 225 189 174
-1.3499 1.1106 -0.1237 254 248 231
-1.3708 1.1049 -0.1196 226 192 177
-1.3485 1.1698 -0.1237 254 252 242
-1.3255 1.1826 -0.1197 228 195 181
-1.3486 1.2299 -0.1236 246 208 178
-1.3391 1.2277 -0.1197 188 147 141
-1.3487 1.2897 -0.1236 236 141 76
-1.3565 1.2873 -0.1198 131 86 96
-1.3490 1.3494 -0.1236 238 145 77
-1.3727 1.3413 -0.1197 130 86 97
-1.3488 1.4092 -0.1235 236 143 78
-1.3270 1.4201 -0.1199 130 86 97
-1.3490 1.4697 -0.1235 239 169 119
-1.3427 1.4700 -0.1199 160 118 120
-1.3457 1.5282 -0.1235 254 254 249
-1.3606 1.5324 -0.1199 225 190 176
-1.3393 1.6034 -0.1220 235 211 170
-1.3738 1.5795 -0.1198 225 190 175
-1.3497 1.6537 -0.1219 184 160 145
-1.3394 1.6667 -0.1197 143 124 130
-1.3641 1.7041 -0.1219 138 121 129
-1.3334 1.7099 -0.1197 136 115 120
-1.3502 1.7704 -0.1237 243 156 83
-1.3483 1.7709 -0.1197 83 74 95
-1.3347 1.8317 -0.1215 249 221 170
-1.3653 1.8312 -0.1197 82 74 95
-1.3463 1.8860 -0.1213 202 178 148
-1.3488 1.8917 -0.1194 82 75 96
-1.3325 1.9440 -0.1206 216 206 190
-1.3321 1.9512 -0.1197 84 75 96
-1.3403 1.9996 -0.1204 236 229 207
-1.3429 2.0172 -0.1182 169 141 114
-1.3501 2.0562 -0.1202 211 195 179
-1.3359 2.0635 -0.1178 199 170 133
-1.3488 2.1236 -0.1201 180 155 148
-1.3354 2.1308 -0.1173 199 168 125
-1.3486 2.1796 -0.1208 166 145 148
-1.3471 2.1973 -0.1172 109 100 113
-1.3477 2.2373 -0.1207 120 98 106
-1.3390 2.2397 -0.1171 94 88 107
-1.3467 2.2975 -0.1206 107 87 97
-1.3468 2.3013 -0.1163 133 117 106
-1.3341 2.3700 -0.1223 229 168 118
-1.3452 2.3498 -0.1162 129 114 103
-1.3371 2.4369 -0.1215 221 184 136
-1.3560 2.4456 -0.1178 90 84 105
-1.3618 2.4669 -0.1217 206 152 113
-1.3515 2.4696 -0.0887 84 26 84
-1.3513 2.4694 -0.0486 91 36 86
-1.3377 2.4674 0.0895 220 193 150
-1.3368 2.4674 0.1509 203 170 143
-1.3391 2.4674 0.2088 211 181 148
-1.3398 2.4674 0.2685 221 195 150
-1.3383 2.4674 0.3315 216 189 147
-1.3369 2.4674 0.3906 198 165 140
-1.3384 2.4674 0.4500 200 169 140
-1.3396 2.4674 0.5103 207 180 139
-1.3388 2.4674 0.5697 202 175 135
-1.3365 2.4674 0.6304 177 145 127
-1.3382 2.4673 0.6902 175 146 124
-1.3399 2.4673 0.7501 178 155 122
-1.3473 2.4673 0.8133 103 66 109
-1.3486 2.4673 0.8697 70 24 106
-1.3485 2.4673 0.9291 66 23 105
-1.3505 2.4673 0.9908 63 23 104
-1.3508 2.4673 1.0501 61 22 103
-1.3494 2.4673 1.1097 60 22 102
-1.3484 2.4673 1.1702 58 21 101
-1.3495 2.4673 1.2307 54 20 97
-1.3501 2.4673 1.2701 70 52 121
-1.3053 -2.5265 -0.1206 202 135 138
-1.2876 -2.5316 -0.0905 223 145 139
-1.2888 -2.5316 -0.0013 237 164 161
-1.2889 -2.5316 0.0896 240 173 167
-1.2889 -2.5316 0.1489 241 185 169
-1.2889 -2.5316 0.2082 242 188 170
-1.2889 -2.5316 0.2720 242 191 172
-1.2889 -2.5316 0.3313 241 185 172
-1.2888 -2.5316 0.3906 241 179 172
-1.2889 -2.5316 0.4500 240 176 173
-1.2888 -2.5316 0.5093 237 165 168
-1.2877 -2.5316 0.5703 231 161 162
-1.2900 -2.5316 0.6295 221 147 157
-1.2880 -2.5316 0.6906 217 150 151
-1.2898 -2.5316 0.7498 206 141 153
-1.2883 -2.5316 0.8097 199 141 144
-1.2885 -2.5316 0.8701 185 128 149
-1.2897 -2.5316 0.9300 138 62 146
-1.2876 -2.5316 0.9902 111 38 140
-1.2901 -2.5316 1.0497 103 35 135
-1.2877 -2.5316 1.1096 100 34 133
-1.2889 -2.5316 1.1696 94 32 130
-1.2888 -2.5316 1.2299 92 32 129
-1.2900 -2.5315 1.2692 86 31 126
-1.2907 -2.4786 -0.1207 228 184 130
-1.2884 -2.4956 -0.1199 213 172 152
-1.2892 -2.4257 -0.1208 231 187 125
-1.2928 -2.4119 -0.1196 218 180 162
-1.2944 -2.3721 -0.1209 233 189 126
-1.2849 -2.3429 -0.1198 215 178 159
-1.2967 -2.3139 -0.1211 234 184 110
-1.2991 -2.3294 -0.1196 219 183 165
-1.3026 -2.2499 -0.1212 238 189 110
-1.2902 -2.2735 -0.1199 168 117 100
-1.3031 -2.1876 -0.1216 242 189 111
-1.2882 -2.2002 -0.1198 138 89 81
-1.3073 -2.1263 -0.1216 244 195 113
-1.2875 -2.1574 -0.1199 138 89 82
-1.3000 -2.0756 -0.1221 246 199 125
-1.2894 -2.0847 -0.1195 140 89 85
-1.3035 -2.0192 -0.1224 249 223 175
-1.2932 -2.0156 -0.1197 203 158 138
-1.2905 -1.9489 -0.1236 253 247 237
-1.2877 -1.9488 -0.1198 214 172 156
-1.2884 -1.8919 -0.1237 254 247 239
-1.2899 -1.8767 -0.1196 224 184 173
-1.2696 -1.8525 -0.1237 250 220 193
-1.2894 -1.8039 -0.1197 210 161 156
-1.2910 -1.7687 -0.1235 236 164 113
-1.2904 -1.7090 -0.1236 235 149 88
-1.2940 -1.7359 -0.1199 152 95 103
-1.2877 -1.6529 -0.1237 234 149 89
-1.3108 -1.6620 -0.1196 255 162 255
-1.2711 -1.6095 -0.1237 243 196 156
-1.2907 -1.5289 -0.1235 243 206 177
-1.3062 -1.5141 -0.1199 187 149 144
-1.2906 -1.4690 -0.1236 252 243 227
-1.2757 -1.4755 -0.1199 207 169 158
-1.2873 -1.4163 -0.1237 251 240 222
-1.3056 -1.4028 -0.1198 218 183 172
-1.2912 -1.3480 -0.1234 252 244 228
-1.2742 -1.3630 -0.1198 209 171 160
-1.2906 -1.2890 -0.1235 227 178 147
-1.3008 -1.2806 -0.1197 197 159 152
-1.2906 -1.2289 -0.1236 196 111 71
-1.2750 -1.2417 -0.1197 143 99 104
-1.2871 -1.1768 -0.1237 177 98 65
-1.3013 -1.1611 -0.1195 126 88 99
-1.2900 -1.1107 -0.1216 101 76 93
-1.2811 -1.1146 -0.1195 90 81 99
-1.3111 -1.0456 -0.1230 215 209 160
-1.3002 -1.0369 -0.1194 78 76 96
-1.2938 -0.9961 -0.1214 170 138 132
-1.2890 -0.9741 -0.0716 137 77 37
-1.2870 -0.9742 0.0006 153 98 48
-1.2863 -0.9742 0.0901 165 116 64
-1.2865 -0.9742 0.1490 174 127 73
-1.2862 -0.9742 0.2100 181 138 83
-1.2894 -0.9741 0.2701 185 145 90
-1.2908 -0.9741 0.3296 186 150 96
-1.2900 -0.9741 0.3897 184 151 99
-1.2908 -0.9741 0.4480 171 144 99
-1.2883 -0.3674 -0.1232 254 247 209
-1.2831 -0.3716 -0.1068 254 250 222
-1.2879 -0.3721 0.0374 254 252 232
-1.2915 -0.3716 0.0950 210 227 238
-1.2897 -0.3716 0.1498 233 241 241
-1.2896 -0.3716 0.2102 254 254 244
-1.2899 -0.3716 0.2705 254 254 244
-1.2897 -0.3716 0.3300 255 254 241
-1.2898 -0.3716 0.3900 254 253 237
-1.2897 -0.3716 0.4476 253 250 229
-1.2888 -0.3305 -0.1235 254 249 233
-1.2888 -0.2703 -0.1235 243 204 175
-1.2993 -0.2528 -0.1175 255 252 228
-1.2864 -0.2111 -0.1235 227 131 73
-1.2894 -0.1950 -0.1193 211 89 205
-1.2814 -0.1514 -0.1235 227 132 74
-1.2938 -0.1511 -0.1199 123 77 128
-1.2769 -0.0914 -0.1235 228 132 74
-1.3107 -0.0929 -0.1198 81 69 88
-1.2749 -0.0984 0.0561 255 206 254
-1.2901 -0.0985 0.0902 255 209 255
-1.2901 -0.0985 0.1500 255 208 255
-1.2905 -0.0985 0.2102 255 208 255
-1.2903 -0.0985 0.2701 255 206 255
-1.2903 -0.0985 0.3299 255 202 255
-1.2904 -0.0985 0.3900 255 191 255
-1.2906 -0.0985 0.4502 255 177 254
-1.2905 -0.0985 0.5103 254 159 254
-1.2918 -0.1003 0.5824 223 85 187
-1.2934 -0.1003 0.6296 219 64 198
-1.2928 -0.1003 0.6906 216 62 194
-1.2936 -0.1003 0.7520 211 60 190
-1.2930 -0.1003 0.8101 206 57 184
-1.2929 -0.1003 0.8676 200 55 179
-1.2928 -0.1003 0.9291 193 52 172
-1.2927 -0.1003 0.9906 185 49 165
-1.2926 -0.1003 1.0481 177 46 158
-1.2925 -0.1003 1.1095 167 43 150
-1.2924 -0.1003 1.1709 155 39 140
-1.2922 -0.1003 1.2283 141 36 130
-1.2921 -0.1003 1.2897 125 31 119
-1.2920 -0.1003 1.3511 105 27 106
-1.2919 -0.1003 1.4085 82 22 93
-1.2918 -0.1003 1.4699 70 20 87
-1.2916 -0.1003 1.5149 70 20 87
-1.2712 0.0415 -0.1217 248 224 159
-1.2713 0.0223 -0.1196 125 101 107
-1.2742 0.1062 -0.1213 245 224 168
-1.2904 0.0871 -0.1196 209 175 163
-1.2698 0.0957 0.0068 252 108 247
-1.2708 0.0957 0.0907 252 107 247
-1.2706 0.0957 0.1485 252 107 247
-1.2706 0.0957 0.2098 252 108 247
-1.2706 0.0957 0.2712 252 108 247
-1.2706 0.0957 0.3326 252 107 247
-1.2708 0.0957 0.3904 252 108 247
-1.2706 0.0957 0.4484 252 107 247
-1.2707 0.0957 0.5099 252 106 247
-1.2856 0.0970 0.5912 254 126 252
-1.2871 0.0989 0.6392 254 119 251
-1.2766 0.0992 0.7100 254 132 253
-1.2914 0.0992 0.7508 254 127 253
-1.2834 0.0979 0.8222 251 99 244
-1.2915 0.0979 0.8698 248 93 240
-1.2916 0.0979 0.9298 243 84 232
-1.2916 0.0979 0.9899 232 75 221
-1.2918 0.0979 1.0501 218 66 209
-1.2934 0.0979 1.1081 211 62 204
-1.3111 0.0980 1.1482 207 61 199
-1.2995 0.0974 1.2161 212 64 203
-1.2900 0.0970 1.2897 227 73 217
-1.2899 0.0970 1.3348 223 71 212
-1.2851 0.1522 -0.1211 238 212 174
-1.2765 0.1369 -0.1188 193 158 146
-1.2770 0.2092 -0.1206 235 210 154
-1.2877 0.2014 -0.1192 187 167 138
-1.2823 0.2710 -0.1202 224 203 144
-1.3016 0.2911 -0.1198 85 77 98
-1.2883 0.3143 -0.1204 85 78 100
-1.2858 0.3344 -0.1189 112 102 107
-1.2896 0.3596 0.0208 254 250 195
-1.2886 0.3596 0.0904 254 250 207
-1.2885 0.3596 0.1502 254 251 212
-1.2882 0.3596 0.2092 254 253 217
-1.2888 0.3596 0.2690 254 251 205
-1.2881 0.3596 0.3299 254 251 207
-1.2886 0.3596 0.3904 254 250 202
-1.2884 0.3596 0.4480 227 215 189
-1.2892 0.3731 -0.1203 85 78 101
-1.2874 0.4001 -0.1192 88 82 103
-1.2774 0.3605 -0.0504 255 254 239
-1.2947 0.3605 0.1051 254 254 251
-1.2925 0.3605 0.1499 254 254 252
-1.2924 0.3605 0.2098 254 254 253
-1.2926 0.3605 0.2699 255 254 249
-1.2926 0.3605 0.3301 255 254 248
-1.2924 0.3605 0.3902 255 254 240
-1.2925 0.3605 0.4479 216 207 205
-1.2900 0.4317 -0.1202 85 78 100
-1.2892 0.4565 -0.0908 232 187 106
-1.2891 0.4565 -0.0012 239 202 126
-1.2889 0.4565 0.0728 207 173 128
-1.2881 0.9592 -0.1215 184 108 58
-1.2995 0.9592 -0.0727 203 132 69
-1.3098 0.9597 0.0189 225 166 91
-1.3094 0.9597 0.0905 230 178 103
-1.3095 0.9597 0.1502 232 183 108
-1.3093 0.9597 0.2099 237 194 120
-1.3095 0.9597 0.2694 241 201 127
-1.3094 0.9597 0.3311 242 206 132
-1.3094 0.9597 0.3908 242 210 139
-1.3093 0.9597 0.4483 242 210 142
-1.2882 0.9904 -0.1234 250 219 186
-1.2750 0.9626 -0.1144 250 213 116
-1.2998 0.9605 0.0207 254 232 138
-1.2891 0.9605 0.0913 255 246 165
-1.2886 0.9605 0.1499 255 250 182
-1.2885 0.9605 0.2100 255 253 200
-1.2885 0.9605 0.2701 255 254 214
-1.2886 0.9605 0.3301 254 254 223
-1.2886 0.9605 0.3900 254 254 226
-1.2885 0.9605 0.4474 254 254 226
-1.2887 1.0508 -0.1235 254 254 250
-1.2845 1.0493 -0.1197 221 183 168
-1.3145 1.1300 -0.1237 254 251 239
-1.3018 1.1091 -0.1197 226 192 177
-1.3112 1.1751 -0.1237 254 253 244
-1.3142 1.1532 -0.1197 229 196 181
-1.3034 1.2322 -0.1237 247 203 169
-1.2695 1.2307 -0.1199 182 134 126
-1.2950 1.2913 -0.1237 241 150 78
-1.2877 1.2908 -0.1199 137 90 97
-1.2890 1.3498 -0.1237 242 153 82
-1.3047 1.3496 -0.1199 132 87 97
-1.2885 1.4097 -0.1236 242 152 81
-1.3164 1.3938 -0.1198 130 86 97
-1.2749 1.4765 -0.1228 245 199 147
-1.2722 1.4841 -0.1196 187 141 132
-1.2833 1.5364 -0.1221 231 203 165
-1.2781 1.5263 -0.1197 210 168 155
-1.2945 1.5851 -0.1220 226 194 174
-1.2903 1.5895 -0.1197 221 185 172
-1.3023 1.6345 -0.1222 229 202 192
-1.3097 1.6481 -0.1197 175 148 144
-1.2753 1.7182 -0.1218 252 241 206
-1.2686 1.7288 -0.1198 107 88 101
-1.2849 1.7788 -0.1213 176 156 137
-1.2797 1.7721 -0.1198 94 80 97
-1.2757 1.8398 -0.1207 235 229 205
-1.2925 1.8326 -0.1197 86 76 96
-1.2866 1.8977 -0.1206 188 178 169
-1.2828 1.8796 -0.1184 149 125 103
-1.2877 1.9573 -0.1204 149 129 131
-1.2645 1.9270 -0.1178 204 172 126
-1.2920 2.0175 -0.1203 171 140 136
-1.2800 2.0037 -0.1176 157 134 118
-1.2901 2.0822 -0.1202 168 138 135
-1.2903 2.0569 -0.1175 138 121 123
-1.2944 2.1453 -0.1201 169 141 137
-1.2800 2.1363 -0.1164 174 144 106
-1.2735 2.1696 -0.1201 167 140 136
-1.2916 2.1932 -0.1174 105 96 111
-1.2732 2.2564 -0.1213 192 168 133
-1.3047 2.2406 -0.1176 98 88 105
-1.2853 2.3112 -0.1212 178 158 130
-1.2922 2.3026 -0.1163 79 80 101
-1.2937 2.3697 -0.1214 169 146 122
-1.2892 2.3522 -0.1161 77 79 100
-1.2989 2.4261 -0.1215 129 107 100
-1.3018 2.4372 -0.1196 94 82 101
-1.3037 2.4650 -0.1216 117 85 89
-1.2934 2.4696 -0.0885 86 26 86
-1.2939 2.4695 -0.0489 85 26 85
-1.3056 2.4674 0.0909 94 29 92
-1.3044 2.4674 0.1518 92 29 91
-1.3033 2.4674 0.2106 100 31 100
-1.3042 2.4674 0.2685 101 32 102
-1.3027 2.4674 0.3304 98 31 102
-1.3008 2.4674 0.3912 98 31 102
-1.3012 2.4674 0.4502 95 30 103
-1.3013 2.4674 0.5092 92 29 102
-1.2993 2.4674 0.5703 85 27 102
-1.2983 2.4674 0.6303 82 27 101
-1.2977 2.4674 0.6908 79 26 106
-1.2983 2.4674 0.7498 76 26 106
-1.2970 2.4674 0.8099 73 25 106
-1.2951 2.4674 0.8700 69 24 106
-1.2950 2.4674 0.9309 65 23 105
-1.2954 2.4674 0.9900 62 22 103
-1.2941 2.4674 1.0497 59 21 102
-1.2925 2.4674 1.1099 59 21 102
-1.2916 2.4674 1.1697 58 21 101
-1.2922 2.4674 1.2294 54 20 97
-1.2907 2.4674 1.2693 68 48 118
-1.2353 -2.5255 -0.1213 164 100 88
-1.2483 -2.5313 -0.0876 230 189 125
-1.2508 -2.5315 0.0018 241 205 135
-1.2497 -2.5313 0.0906 237 199 142
-1.2494 -2.5313 0.1497 236 194 140
-1.2497 -2.5313 0.2087 238 198 142
-1.2497 -2.5313 0.2717 238 202 148
-1.2492 -2.5313 0.3308 235 199 149
-1.2496 -2.5313 0.3899 237 202 149
-1.2493 -2.5313 0.4490 233 197 148
-1.2497 -2.5313 0.5080 233 198 146
-1.2497 -2.5313 0.5710 230 196 145
-1.2493 -2.5313 0.6301 226 193 145
-1.2497 -2.5313 0.6891 227 194 142
-1.2497 -2.5313 0.7522 225 192 143
-1.2493 -2.5313 0.8113 220 187 142
-1.2462 -2.5315 0.8770 231 199 144
-1.2335 -2.5316 0.9337 237 207 152
-1.2284 -2.5316 0.9897 192 150 146
-1.2293 -2.5316 1.0498 127 67 135
-1.2275 -2.5316 1.1098 99 34 133
-1.2286 -2.5316 1.1695 92 32 129
-1.2288 -2.5316 1.2298 89 31 128
-1.2286 -2.5315 1.2697 87 31 127
-1.2434 -2.4891 -0.1211 197 144 100
-1.2280 -2.4991 -0.1199 138 86 74
-1.2300 -2.4291 -0.1217 150 83 76
-1.2298 -2.4159 -0.1196 132 82 74
-1.2298 -2.3690 -0.1219 150 83 77
-1.2293 -2.3458 -0.1198 127 78 72
-1.2249 -2.3213 -0.1219 151 84 76
-1.2176 -2.2898 -0.1197 167 117 100
-1.2352 -2.2358 -0.1234 254 253 247
-1.2345 -2.2770 -0.1199 180 130 111
-1.2306 -2.1888 -0.1235 254 254 249
-1.2282 -2.2066 -0.1198 220 181 163
-1.2305 -2.1287 -0.1236 254 254 251
-1.2269 -2.1575 -0.1199 220 181 162
-1.2252 -2.0839 -0.1237 254 254 252
-1.2299 -2.0841 -0.1195 223 182 171
-1.2347 -1.9974 -0.1234 229 133 71
-1.2308 -2.0153 -0.1197 167 113 98
-1.2308 -1.9487 -0.1235 232 136 71
-1.2267 -1.9479 -0.1199 129 78 71
-1.2305 -1.8888 -0.1236 237 143 74
-1.2330 -1.8735 -0.1196 151 95 102
-1.2244 -1.8455 -0.1237 235 142 74
-1.2510 -1.8044 -0.1196 182 116 138
-1.2343 -1.7589 -0.1234 254 252 242
-1.2164 -1.7989 -0.1198 151 99 85
-1.2304 -1.7091 -0.1235 254 253 244
-1.2322 -1.7331 -0.1199 220 182 162
-1.2306 -1.6488 -0.1236 254 252 241
-1.2232 -1.6070 -0.1237 254 252 241
-1.2337 -1.5200 -0.1234 214 129 84
-1.2306 -1.4687 -0.1235 204 109 63
-1.2513 -1.4446 -0.1199 185 142 134
-1.2310 -1.4087 -0.1237 197 104 60
-1.2239 -1.4098 -0.1199 154 110 111
-1.2197 -1.3696 -0.1237 185 95 57
-1.2491 -1.3311 -0.1198 188 144 135
-1.2308 -1.2890 -0.1234 220 169 141
-1.2208 -1.2952 -0.1198 153 110 111
-1.2305 -1.2286 -0.1235 248 227 199
-1.2482 -1.2162 -0.1197 172 127 122
-1.2307 -1.1686 -0.1237 236 202 170
-1.2196 -1.1790 -0.1197 117 102 114
-1.2284 -1.1351 -0.1237 225 187 156
-1.2469 -1.0965 -0.1195 92 84 102
-1.2307 -1.0507 -0.1216 147 116 116
-1.2233 -1.0519 -0.1195 105 93 108
-1.2285 -0.9962 -0.1214 126 96 103
-1.2277 -0.9751 -0.0693 152 88 41
-1.2256 -0.9751 -0.0003 164 106 52
-1.2261 -0.9751 0.0899 163 115 65
-1.2246 -0.9751 0.1498 174 129 75
-1.2272 -0.9751 0.2095 191 148 87
-1.2334 -0.9750 0.2718 194 154 96
-1.2340 -0.9750 0.3304 195 158 102
-1.2345 -0.9750 0.3903 193 160 107
-1.2339 -0.9750 0.4481 180 151 108
-1.2290 -0.3670 -0.1232 254 221 202
-1.2273 -0.3715 -0.0934 254 244 223
-1.2114 -0.3716 -0.0322 254 253 234
-1.2316 -0.3715 0.1026 233 241 242
-1.2296 -0.3715 0.1499 214 233 242
-1.2296 -0.3715 0.2096 254 254 242
-1.2296 -0.3715 0.2697 254 253 240
-1.2295 -0.3715 0.3300 255 253 240
-1.2297 -0.3715 0.3900 254 251 232
-1.2296 -0.3715 0.4474 251 246 221
-1.2287 -0.3302 -0.1236 220 150 110
-1.2287 -0.2703 -0.1236 234 180 146
-1.2484 -0.2705 -0.1195 125 70 127
-1.2287 -0.2104 -0.1236 249 232 216
-1.2115 -0.1926 -0.1194 238 109 228
-1.2284 -0.1504 -0.1236 250 233 217
-1.2186 -0.1478 -0.1196 140 114 118
-1.2287 -0.0903 -0.1235 251 234 219
-1.2367 -0.0876 -0.1196 128 104 110
-1.2275 -0.0983 0.0486 255 197 255
-1.2311 -0.0983 0.0902 255 199 255
-1.2311 -0.0983 0.1501 255 199 255
-1.2312 -0.0983 0.2097 255 198 255
-1.2311 -0.0983 0.2697 255 198 255
-1.2311 -0.0983 0.3299 255 197 255
-1.2310 -0.0983 0.3899 255 190 255
-1.2314 -0.0983 0.4503 255 174 254
-1.2312 -0.0983 0.5104 254 160 254
-1.2288 -0.1003 0.5762 229 80 201
-1.2304 -0.1003 0.6293 226 68 206
-1.2303 -0.1003 0.6908 222 65 201
-1.2302 -0.1003 0.7523 218 63 197
-1.2301 -0.1003 0.8097 214 61 192
-1.2292 -0.1003 0.8702 208 58 186
-1.2308 -0.1003 0.9314 201 55 180
-1.2298 -0.1003 0.9900 195 52 174
-1.2287 -0.1003 1.0490 187 50 167
-1.2306 -0.1003 1.1102 177 46 158
-1.2295 -0.1003 1.1702 166 43 149
-1.2283 -0.1003 1.2291 154 39 140
-1.2336 -0.1003 1.2895 139 35 129
-1.2333 -0.1003 1.3502 121 31 117
-1.2324 -0.1003 1.4088 101 26 104
-1.2339 -0.1003 1.4699 76 21 90
-1.2329 -0.1003 1.5139 70 20 87
-1.2147 0.0394 -0.1215 232 209 156
-1.2316 0.0026 -0.1197 93 76 92
-1.2146 0.1104 -0.1209 229 206 154
-1.2174 0.0930 -0.1197 91 71 89
-1.2080 0.0967 0.0051 254 124 252
-1.2085 0.0967 0.0903 254 130 253
-1.2085 0.0967 0.1515 254 131 253
-1.2086 0.0967 0.2097 254 130 253
-1.2085 0.0967 0.2677 254 130 253
-1.2085 0.0967 0.3289 254 130 253
-1.2085 0.0967 0.3903 254 129 253
-1.2085 0.0967 0.4516 254 128 253
-1.2083 0.0967 0.5113 254 127 253
-1.2125 0.0987 0.5966 254 130 253
-1.2294 0.0989 0.6310 254 126 252
-1.2275 0.0992 0.6973 254 139 254
-1.2191 0.0980 0.7659 251 100 244
-1.2313 0.0980 0.8104 249 94 241
-1.2314 0.0980 0.8703 242 84 232
-1.2314 0.0980 0.9302 230 73 219
-1.2314 0.0980 0.9900 216 65 208
-1.2314 0.0980 1.0499 210 62 203
-1.2403 0.0980 1.0937 208 61 201
-1.2333 0.0992 1.1581 227 72 217
-1.2316 0.0971 1.2289 229 74 218
-1.2320 0.0971 1.2888 221 69 211
-1.2385 0.0971 1.3319 215 66 206
-1.2132 0.1603 -0.1205 228 206 151
-1.2316 0.1382 -0.1196 90 73 90
-1.2261 0.2157 -0.1203 170 150 126
-1.2280 0.2118 -0.1192 108 91 106
-1.2302 0.2745 -0.1201 120 102 115
-1.2295 0.2855 -0.1198 109 96 112
-1.2317 0.3170 -0.1204 122 103 114
-1.2264 0.3390 -0.1191 127 108 117
-1.2265 0.3597 0.0285 254 252 208
-1.2255 0.3597 0.0899 244 233 208
-1.2254 0.3597 0.1502 245 237 214
-1.2251 0.3597 0.2098 254 252 223
-1.2256 0.3597 0.2701 254 252 209
-1.2251 0.3597 0.3305 254 252 213
-1.2254 0.3597 0.3901 254 253 214
-1.2255 0.3597 0.4484 223 212 194
-1.2312 0.3727 -0.1203 121 102 114
-1.2307 0.4044 -0.1197 125 107 118
-1.2387 0.3601 0.0547 255 254 237
-1.2280 0.3601 0.0899 251 246 234
-1.2279 0.3601 0.1500 251 248 239
-1.2279 0.3601 0.2098 254 254 244
-1.2281 0.3601 0.2697 255 255 235
-1.2279 0.3601 0.3300 255 255 238
-1.2280 0.3601 0.3899 255 254 235
-1.2279 0.3601 0.4479 221 212 205
-1.2306 0.4312 -0.1201 122 103 115
-1.2285 0.4537 -0.0901 235 191 111
-1.2284 0.4536 -0.0006 241 206 131
-1.2284 0.4537 0.0732 241 211 140
-1.2302 0.9591 -0.1206 156 78 45
-1.2297 0.9589 -0.0856 203 130 65
-1.2330 0.9597 0.0274 235 180 99
-1.2314 0.9597 0.0900 235 184 105
-1.2306 0.9597 0.1505 240 195 117
-1.2306 0.9597 0.2100 243 203 125
-1.2306 0.9597 0.2694 243 205 129
-1.2314 0.9597 0.3298 244 209 134
-1.2306 0.9597 0.3903 244 211 138
-1.2305 0.9597 0.4476 242 208 138
-1.2288 0.9895 -0.1235 247 180 111
-1.2251 0.9608 -0.1035 253 225 121
-1.2307 0.9605 0.0973 255 250 176
-1.2293 0.9605 0.1500 255 253 196
-1.2294 0.9605 0.2102 255 254 212
-1.2290 0.9605 0.2703 255 254 223
-1.2293 0.9605 0.3300 255 255 231
-1.2292 0.9605 0.3897 255 255 233
-1.2293 0.9605 0.4474 255 254 229
-1.2288 1.0507 -0.1237 245 162 88
-1.2145 1.0514 -0.1199 131 85 94
-1.2347 1.1068 -0.1237 246 166 91
-1.2317 1.1084 -0.1199 153 102 102
-1.2498 1.1568 -0.1237 246 175 109
-1.2489 1.1671 -0.1199 183 135 124
-1.2305 1.2312 -0.1218 193 142 129
-1.2500 1.2216 -0.1196 194 149 138
-1.2284 1.2862 -0.1218 238 205 182
-1.2103 1.3012 -0.1197 223 187 174
-1.2550 1.3644 -0.1237 245 161 87
-1.2236 1.3516 -0.1197 216 177 163
-1.2372 1.4247 -0.1229 246 208 157
-1.2359 1.4099 -0.1197 207 165 152
-1.2313 1.4750 -0.1222 208 174 146
-1.2517 1.4598 -0.1196 185 138 129
-1.2414 1.5242 -0.1221 179 137 128
-1.2092 1.5380 -0.1198 132 89 99
-1.2149 1.6019 -0.1219 251 227 178
-1.2210 1.5851 -0.1198 139 94 101
-1.2200 1.6542 -0.1216 180 158 140
-1.2355 1.6460 -0.1198 128 96 103
-1.2162 1.7107 -0.1210 242 235 208
-1.2518 1.6993 -0.1198 115 95 105
-1.2245 1.7717 -0.1208 216 197 178
-1.2081 1.7933 -0.1179 202 169 124
-1.2309 1.8203 -0.1207 201 177 162
-1.2105 1.8321 -0.1181 193 161 122
-1.2354 1.8837 -0.1206 140 111 116
-1.2311 1.8761 -0.1181 106 96 112
-1.2294 1.9459 -0.1205 157 126 125
-1.2124 1.9508 -0.1168 170 140 103
-1.2311 2.0054 -0.1204 132 104 111
-1.2294 1.9975 -0.1173 116 104 109
-1.2227 2.0549 -0.1203 110 88 102
-1.2256 2.0636 -0.1176 91 86 105
-1.2297 2.1151 -0.1202 121 98 109
-1.2331 2.1390 -0.1163 86 83 103
-1.2294 2.1818 -0.1201 116 96 109
-1.2329 2.1945 -0.1172 87 84 104
-1.2356 2.2295 -0.1207 129 99 102
-1.2286 2.2549 -0.1199 135 111 118
-1.2477 2.2903 -0.1212 92 86 104
-1.2312 2.3051 -0.1163 94 90 108
-1.2290 2.3694 -0.1237 242 211 186
-1.2342 2.3550 -0.1161 94 89 108
-1.2291 2.4291 -0.1236 239 207 181
-1.2286 2.4136 -0.1196 133 111 118
-1.2285 2.4663 -0.1227 232 195 167
-1.2354 2.4696 -0.0884 89 27 88
-1.2340 2.4694 -0.0481 91 28 90
-1.2274 2.4675 0.0902 122 39 116
-1.2289 2.4675 0.1481 122 39 116
-1.2289 2.4675 0.2084 128 41 123
-1.2289 2.4675 0.2689 124 40 121
-1.2289 2.4675 0.3292 127 41 125
-1.2290 2.4675 0.3895 125 40 123
-1.2290 2.4675 0.4500 124 40 125
-1.2290 2.4675 0.5103 119 38 125
-1.2290 2.4675 0.5706 115 37 121
-1.2290 2.4675 0.6311 111 36 120
-1.2277 2.4675 0.6897 106 35 122
-1.2304 2.4675 0.7498 103 34 122
-1.2276 2.4675 0.8095 100 33 121
-1.2306 2.4675 0.8696 96 32 119
-1.2276 2.4675 0.9301 90 30 116
-1.2306 2.4675 0.9902 85 29 114
-1.2276 2.4675 1.0506 84 28 113
-1.2307 2.4675 1.1109 82 28 112
-1.2278 2.4675 1.1703 77 26 109
-1.2297 2.4675 1.2297 73 25 106
-1.2279 2.4677 1.2699 75 32 111
-1.1720 -2.5263 -0.1216 158 97 87
-1.1693 -2.5288 -0.0663 103 32 97
-1.1710 -2.5290 0.0223 121 38 114
-1.1714 -2.5290 0.0901 129 41 122
-1.1717 -2.5290 0.1495 136 44 129
-1.1715 -2.5290 0.2089 138 45 133
-1.1714 -2.5290 0.2691 135 44 136
-1.1714 -2.5290 0.3294 132 44 139
-1.1714 -2.5290 0.3897 132 44 144
-1.1718 -2.5290 0.4498 126 42 144
-1.1716 -2.5290 0.5100 122 41 142
-1.1714 -2.5290 0.5701 110 37 135
-1.1714 -2.5290 0.6300 96 33 126
-1.1715 -2.5290 0.6900 87 30 121
-1.1716 -2.5290 0.7499 79 27 115
-1.1714 -2.5290 0.8101 74 26 111
-1.1715 -2.5290 0.8702 71 25 108
-1.1715 -2.5290 0.9302 67 24 106
-1.1887 -2.5315 0.9970 230 196 140
-1.1747 -2.5316 1.0528 233 199 140
-1.1687 -2.5316 1.1100 196 154 135
-1.1692 -2.5316 1.1702 133 82 128
-1.1698 -2.5316 1.2306 90 33 127
-1.1682 -2.5314 1.2702 84 30 125
-1.1549 -2.5096 -0.1219 140 79 78
-1.1676 -2.5026 -0.1199 133 85 74
-1.1705 -2.4295 -0.1217 143 81 78
-1.1712 -2.4200 -0.1196 123 76 70
-1.1699 -2.3708 -0.1218 147 82 77
-1.1723 -2.3494 -0.1198 124 76 69
-1.1694 -2.3105 -0.1219 160 97 87
-1.1698 -2.2829 -0.1199 176 126 107
-1.1875 -2.2283 -0.1233 253 250 242
-1.1563 -2.2235 -0.1198 223 188 169
-1.1719 -2.1872 -0.1235 254 254 248
-1.1721 -2.2118 -0.1198 223 185 169
-1.1705 -2.1290 -0.1236 254 254 250
-1.1662 -2.1572 -0.1199 222 186 166
-1.1690 -2.0707 -0.1237 254 254 252
-1.1725 -2.0839 -0.1195 227 183 180
-1.1514 -2.0333 -0.1237 239 181 138
-1.1691 -2.0148 -0.1197 157 106 93
-1.1715 -1.9479 -0.1235 220 124 69
-1.1704 -1.9473 -0.1198 121 75 69
-1.1706 -1.8886 -0.1236 228 133 71
-1.1678 -1.8669 -0.1196 147 95 100
-1.1685 -1.8316 -0.1237 225 129 69
-1.1500 -1.7927 -0.1237 220 131 79
-1.1698 -1.7967 -0.1198 215 155 187
-1.1708 -1.7081 -0.1235 254 251 240
-1.1716 -1.7303 -0.1199 255 193 255
-1.1706 -1.6488 -0.1236 254 250 237
-1.1677 -1.5927 -0.1237 254 249 233
-1.1527 -1.5478 -0.1237 241 215 191
-1.1708 -1.4687 -0.1235 183 95 61
-1.1705 -1.4089 -0.1236 181 94 59
-1.1671 -1.3560 -0.1237 168 85 55
-1.1780 -1.3517 -0.1199 123 87 100
-1.1714 -1.2882 -0.1234 207 155 128
-1.1645 -1.2977 -0.1199 146 110 115
-1.1706 -1.2291 -0.1235 240 210 180
-1.1704 -1.2313 -0.1198 143 124 132
-1.1726 -1.1729 -0.1236 227 190 160
-1.1794 -1.1603 -0.1197 117 103 117
-1.1843 -1.1254 -0.1227 197 161 141
-1.1644 -1.1095 -0.1197 120 105 118
-1.1713 -1.0507 -0.1216 169 137 130
-1.1869 -1.0345 -0.1196 110 98 112
-1.1656 -0.9980 -0.1215 96 74 93
-1.1709 -0.9759 -0.0671 175 110 54
-1.1669 -0.9760 -0.0003 179 119 59
-1.1663 -0.9760 0.0898 185 133 72
-1.1664 -0.9760 0.1506 171 130 79
-1.1687 -0.9760 0.2129 203 162 99
-1.1707 -0.9760 0.2704 202 161 100
-1.1704 -0.9760 0.3291 205 168 110
-1.1702 -0.9760 0.3903 203 169 114
-1.1696 -0.9760 0.4485 192 163 116
-1.1906 -0.3672 -0.1232 254 186 185
-1.1930 -0.3714 -0.0900 254 248 234
-1.1915 -0.3714 -0.0489 255 254 235
-1.1930 -0.3714 0.1071 254 254 245
-1.1932 -0.3714 0.1498 254 254 246
-1.1931 -0.3714 0.2098 254 254 243
-1.1931 -0.3714 0.2702 254 252 236
-1.1932 -0.3714 0.3302 255 253 237
-1.1931 -0.3714 0.3902 253 249 226
-1.1931 -0.3714 0.4474 245 238 207
-1.1866 -0.3282 -0.1237 212 125 80
-1.1812 -0.2685 -0.1237 234 180 145
-1.1722 -0.2644 -0.1197 120 67 124
-1.1756 -0.2090 -0.1237 255 254 249
-1.1769 -0.2035 -0.1187 180 117 168
-1.1698 -0.1495 -0.1237 255 254 251
-1.1486 -0.1380 -0.1197 147 121 123
-1.1609 -0.0784 -0.1216 245 237 207
-1.1631 -0.0861 -0.1197 146 120 122
-1.1712 -0.0982 0.0432 255 188 255
-1.1734 -0.0982 0.0898 255 190 255
-1.1516 -0.1021 0.1535 255 251 234
-1.1507 -0.1021 0.2103 255 251 232
-1.1499 -0.1021 0.2701 255 251 231
-1.1491 -0.1021 0.3299 255 251 231
-1.1484 -0.1021 0.3895 255 251 232
-1.1476 -0.1021 0.4490 255 250 232
-1.1458 -0.1006 0.5334 237 208 145
-1.1677 -0.1003 0.5716 234 78 211
-1.1676 -0.1003 0.6290 231 72 212
-1.1675 -0.1003 0.6905 228 69 208
-1.1674 -0.1003 0.7519 225 67 204
-1.1673 -0.1003 0.8093 220 64 199
-1.1673 -0.1003 0.8706 215 61 193
-1.1672 -0.1003 0.9320 209 59 187
-1.1671 -0.1003 0.9893 203 56 181
-1.1669 -0.1003 1.0507 195 53 174
-1.1669 -0.1003 1.1121 186 49 166
-1.1668 -0.1003 1.1694 176 46 158
-1.1667 -0.1003 1.2307 165 42 148
-1.1701 -0.1003 1.2925 150 38 137
-1.1706 -0.1003 1.3493 136 34 127
-1.1705 -0.1003 1.4105 117 30 114
-1.1704 -0.1003 1.4718 93 24 99
-1.1680 -0.1003 1.5150 76 27 94
-1.1469 0.0426 -0.1208 238 218 159
-1.1849 -0.0113 -0.1197 108 90 102
-1.1634 0.1058 -0.1205 199 178 135
-1.1486 0.0960 -0.1198 81 69 89
-1.1658 0.0990 0.0116 255 164 254
-1.1656 0.0990 0.0905 255 168 254
-1.1656 0.0990 0.1509 255 168 254
-1.1658 0.0990 0.2105 255 168 254
-1.1651 0.0990 0.2689 255 167 254
-1.1656 0.0990 0.3284 255 165 254
-1.1656 0.0990 0.3889 255 161 254
-1.1656 0.0990 0.4494 255 155 254
-1.1656 0.0990 0.5099 255 147 254
-1.1672 0.0990 0.5713 255 140 254
-1.1604 0.0993 0.6485 254 151 254
-1.1523 0.0981 0.7086 250 98 243
-1.1685 0.0981 0.7513 248 93 240
-1.1698 0.0981 0.8101 241 82 230
-1.1702 0.0981 0.8699 227 71 216
-1.1699 0.0981 0.9298 210 61 201
-1.1699 0.0981 0.9899 210 62 203
-1.1751 0.0981 1.0423 209 61 202
-1.1698 0.0993 1.1101 237 79 226
-1.1737 0.0992 1.1515 227 71 216
-1.1687 0.0972 1.2301 221 69 211
-1.1758 0.0972 1.2817 212 65 204
-1.1678 0.0968 1.3326 229 74 218
-1.1698 0.1616 -0.1204 109 99 105
-1.1640 0.1479 -0.1199 82 69 89
-1.1690 0.2177 -0.1203 112 94 108
-1.1732 0.1854 -0.1196 81 70 90
-1.1673 0.2764 -0.1202 148 125 129
-1.1704 0.2812 -0.1198 132 114 124
-1.1711 0.3197 -0.1204 152 127 130
-1.1689 0.3426 -0.1186 149 126 129
-1.1703 0.3597 0.0358 254 253 219
-1.1695 0.3597 0.0901 254 254 226
-1.1693 0.3597 0.1499 250 247 227
-1.1691 0.3597 0.2101 253 251 231
-1.1691 0.3597 0.2702 255 254 224
-1.1695 0.3597 0.3300 255 253 223
-1.1694 0.3597 0.3902 254 253 215
-1.1694 0.3597 0.4480 224 213 190
-1.1691 0.3756 -0.1203 152 127 130
-1.1723 0.4014 -0.1195 150 128 133
-1.1554 0.3611 -0.0289 255 254 234
-1.1699 0.3602 0.0938 255 255 247
-1.1686 0.3602 0.1501 253 252 247
-1.1685 0.3602 0.2104 254 253 249
-1.1687 0.3602 0.2704 255 255 246
-1.1686 0.3602 0.3300 255 255 244
-1.1686 0.3602 0.3899 255 254 233
-1.1686 0.3602 0.4478 221 212 199
-1.1712 0.4340 -0.1201 150 126 130
-1.1681 0.4508 -0.0895 241 204 128
-1.1679 0.4508 -0.0001 243 210 136
-1.1680 0.4508 0.0735 244 214 141
-1.1755 0.9587 -0.1212 182 102 54
-1.1694 0.9589 -0.0789 209 132 65
-1.1624 0.9598 0.0358 238 185 100
-1.1623 0.9598 0.0897 237 184 98
-1.1622 0.9598 0.1490 241 195 112
-1.1623 0.9598 0.2100 243 202 120
-1.1622 0.9598 0.2711 244 206 125
-1.1622 0.9598 0.3304 242 204 128
-1.1622 0.9598 0.3897 244 210 136
-1.1622 0.9598 0.4489 242 208 136
-1.1713 0.9876 -0.1236 247 182 115
-1.1673 0.9606 -0.0920 254 237 132
-1.1468 0.9605 -0.0562 255 246 138
-1.1707 0.9605 0.1041 255 253 195
-1.1687 0.9605 0.1502 255 254 207
-1.1686 0.9605 0.2098 255 254 223
-1.1689 0.9605 0.2697 255 254 233
-1.1685 0.9605 0.3299 255 255 237
-1.1688 0.9605 0.3898 255 255 239
-1.1687 0.9605 0.4475 255 255 233
-1.1863 1.0425 -0.1237 244 158 84
-1.1765 1.0464 -0.1196 126 85 97
-1.1890 1.0919 -0.1231 216 141 87
-1.1531 1.1142 -0.1197 128 85 96
-1.1676 1.1660 -0.1219 151 86 84
-1.1628 1.1728 -0.1197 127 85 97
-1.1692 1.2306 -0.1219 192 145 134
-1.1829 1.2310 -0.1197 175 136 134
-1.1754 1.2918 -0.1219 245 219 197
-1.1816 1.2827 -0.1196 224 188 174
-1.1826 1.3462 -0.1219 244 216 193
-1.1524 1.3528 -0.1198 226 191 177
-1.1913 1.3978 -0.1219 244 216 194
-1.1627 1.4099 -0.1198 225 191 177
-1.1475 1.4848 -0.1221 240 221 184
-1.1820 1.4678 -0.1198 201 164 156
-1.1495 1.5420 -0.1214 238 227 199
-1.1856 1.5191 -0.1198 126 86 99
-1.1609 1.5957 -0.1212 243 234 207
-1.1540 1.6030 -0.1191 159 120 103
-1.1641 1.6500 -0.1211 174 151 145
-1.1575 1.6659 -0.1182 178 147 113
-1.1751 1.7093 -0.1210 149 123 124
-1.1519 1.7038 -0.1181 178 149 114
-1.1722 1.7679 -0.1209 190 155 144
-1.1601 1.7864 -0.1173 172 141 105
-1.1664 1.8327 -0.1208 185 151 141
-1.1684 1.8426 -0.1176 135 118 120
-1.1689 1.8974 -0.1206 182 149 140
-1.1670 1.8723 -0.1180 123 110 123
-1.1702 1.9589 -0.1205 162 131 128
-1.1672 1.9551 -0.1167 97 92 110
-1.1727 2.0157 -0.1204 94 78 98
-1.1643 1.9955 -0.1172 90 87 107
-1.1671 2.0785 -0.1203 93 78 99
-1.1621 2.0661 -0.1180 81 81 105
-1.1690 2.1435 -0.1202 92 78 99
-1.1726 2.1431 -0.1163 79 81 103
-1.1795 2.2076 -0.1201 107 88 103
-1.1708 2.1983 -0.1172 90 86 106
-1.1560 2.2406 -0.1202 140 114 119
-1.1821 2.2636 -0.1198 150 124 127
-1.1528 2.2999 -0.1234 254 250 237
-1.1709 2.3096 -0.1163 109 101 117
-1.1885 2.3818 -0.1237 253 245 225
-1.1697 2.3566 -0.1160 110 102 119
-1.1730 2.4325 -0.1237 252 240 216
-1.1593 2.4176 -0.1172 120 107 120
-1.1689 2.4664 -0.1228 250 233 207
-1.1696 2.4696 -0.0880 91 28 91
-1.1695 2.4695 -0.0484 95 29 93
-1.1668 2.4675 0.0894 136 44 129
-1.1668 2.4676 0.1491 132 42 125
-1.1668 2.4675 0.2088 139 45 132
-1.1669 2.4676 0.2687 137 44 131
-1.1669 2.4675 0.3284 137 44 131
-1.1669 2.4676 0.3881 134 43 131
-1.1669 2.4675 0.4480 131 42 131
-1.1657 2.4675 0.5100 129 42 133
-1.1681 2.4675 0.5693 126 41 129
-1.1659 2.4675 0.6304 119 39 127
-1.1682 2.4675 0.6898 113 37 127
-1.1663 2.4675 0.7508 113 37 127
-1.1679 2.4675 0.8103 105 35 124
-1.1663 2.4675 0.8701 102 34 122
-1.1679 2.4675 0.9298 96 32 120
-1.1663 2.4675 0.9896 91 30 117
-1.1671 2.4675 1.0502 86 29 114
-1.1672 2.4675 1.1099 84 28 113
-1.1671 2.4675 1.1695 79 27 110
-1.1672 2.4675 1.2293 74 25 106
-1.1673 2.4677 1.2707 76 40 115
-1.1185 -2.5260 -0.1214 159 99 89
-1.1101 -2.5288 -0.0691 96 30 92
-1.1109 -2.5290 0.0187 109 34 103
-1.1117 -2.5290 0.0897 115 36 110
-1.1115 -2.5290 0.1503 119 38 115
-1.1113 -2.5290 0.2098 122 39 121
-1.1113 -2.5290 0.2695 121 39 126
-1.1119 -2.5290 0.3302 120 40 131
-1.1109 -2.5290 0.3901 119 40 136
-1.1117 -2.5290 0.4500 113 38 136
-1.1114 -2.5290 0.5100 109 37 134
-1.1114 -2.5290 0.5702 103 35 130
-1.1114 -2.5290 0.6299 93 32 124
-1.1114 -2.5290 0.6898 85 29 119
-1.1116 -2.5290 0.7500 78 27 114
-1.1115 -2.5290 0.8100 73 25 110
-1.1112 -2.5290 0.8699 70 24 107
-1.1115 -2.5290 0.9297 65 23 104
-1.1114 -2.5290 0.9898 63 23 102
-1.1082 -2.5290 1.0365 62 22 101
-1.1255 -2.5314 1.1187 214 173 122
-1.1133 -2.5315 1.1728 204 162 112
-1.1075 -2.5315 1.2300 178 136 109
-1.1069 -2.5314 1.2696 147 104 114
-1.0872 -2.4728 -0.1235 133 67 56
-1.1071 -2.5061 -0.1199 140 89 75
-1.0976 -2.4248 -0.1236 136 69 54
-1.1126 -2.4235 -0.1196 125 76 67
-1.1079 -2.3694 -0.1237 148 75 53
-1.1109 -2.3533 -0.1198 123 75 68
-1.1002 -2.3125 -0.1237 186 120 90
-1.1093 -2.2868 -0.1199 170 119 99
-1.0897 -2.2563 -0.1237 254 247 227
-1.1081 -2.2251 -0.1199 222 186 167
-1.0876 -2.2081 -0.1237 254 248 229
-1.1089 -2.1870 -0.1189 226 179 179
-1.1105 -2.1287 -0.1235 254 254 248
-1.1100 -2.1572 -0.1198 222 185 166
-1.1105 -2.0688 -0.1236 254 254 250
-1.1051 -2.0872 -0.1196 224 188 170
-1.1054 -2.0236 -0.1237 232 144 86
-1.1113 -2.0153 -0.1197 153 102 85
-1.1149 -1.9373 -0.1234 218 122 68
-1.1140 -1.9470 -0.1199 135 84 83
-1.1104 -1.8890 -0.1235 219 123 68
-1.1092 -1.8642 -0.1196 255 194 255
-1.1104 -1.8289 -0.1236 212 117 65
-1.1040 -1.7851 -0.1237 234 188 158
-1.1283 -1.7948 -0.1198 255 195 255
-1.1143 -1.6988 -0.1234 254 247 229
-1.1107 -1.6490 -0.1235 254 246 228
-1.1105 -1.5890 -0.1236 254 245 227
-1.1040 -1.5470 -0.1237 239 210 183
-1.1142 -1.4598 -0.1234 176 91 61
-1.1104 -1.4086 -0.1235 171 88 58
-1.1123 -1.3510 -0.1236 147 75 54
-1.1265 -1.3085 -0.1236 140 89 76
-1.1228 -1.2818 -0.1199 91 83 102
-1.1104 -1.2291 -0.1234 229 194 163
-1.0921 -1.2429 -0.1199 121 106 118
-1.1137 -1.1829 -0.1235 217 177 149
-1.1199 -1.1672 -0.1198 120 106 119
-1.1107 -1.1106 -0.1217 183 149 139
-1.1008 -1.1213 -0.1198 121 106 118
-1.1090 -1.0482 -0.1216 171 139 132
-1.1174 -1.0508 -0.1197 122 107 118
-1.1092 -0.9937 -0.1214 96 74 93
-1.1212 -0.9762 -0.0685 233 181 133
-1.1104 -0.9769 0.0001 200 139 74
-1.1101 -0.9769 0.0901 191 140 78
-1.1098 -0.9769 0.1501 164 127 82
-1.1096 -0.9769 0.2097 214 174 106
-1.1083 -0.9769 0.2696 211 170 105
-1.1091 -0.9769 0.3299 217 180 117
-1.1089 -0.9769 0.3898 215 182 124
-1.1089 -0.9769 0.4480 203 176 125
-1.1039 -0.3669 -0.1231 254 252 235
-1.0939 -0.3716 -0.1120 254 252 229
-1.1283 -0.3718 0.0520 254 254 242
-1.1100 -0.3716 0.0915 249 251 244
-1.1089 -0.3716 0.1500 251 252 246
-1.1091 -0.3716 0.2099 255 254 247
-1.1091 -0.3716 0.2701 255 254 246
-1.1092 -0.3716 0.3300 255 254 244
-1.1090 -0.3716 0.3903 255 253 240
-1.1091 -0.3716 0.4477 254 251 233
-1.1005 -0.3314 -0.1235 212 129 89
-1.0956 -0.2722 -0.1235 229 169 134
-1.0906 -0.2134 -0.1234 255 253 246
-1.1275 -0.1956 -0.1196 227 103 218
-1.1038 -0.1338 -0.1218 249 244 214
-1.1270 -0.1651 -0.1196 144 121 123
-1.0945 -0.0803 -0.1216 222 199 155
-1.0917 -0.0882 -0.1199 151 124 123
-1.1093 -0.0981 0.0358 255 179 255
-1.1112 -0.0981 0.0901 255 180 255
-1.0883 -0.1002 0.1533 250 223 172
-1.0877 -0.1002 0.2072 249 221 165
-1.0877 -0.1002 0.2675 248 221 164
-1.0877 -0.1002 0.3280 248 220 164
-1.0877 -0.1002 0.3885 246 221 165
-1.0877 -0.1002 0.4488 245 221 166
-1.1046 -0.1003 0.5353 239 108 205
-1.1091 -0.1003 0.5713 238 77 220
-1.1091 -0.1003 0.6287 236 76 218
-1.1090 -0.1003 0.6901 234 73 214
-1.1089 -0.1003 0.7515 230 71 210
-1.1088 -0.1003 0.8089 226 68 205
-1.1087 -0.1003 0.8702 221 65 200
-1.1086 -0.1003 0.9314 217 62 195
-1.1085 -0.1003 0.9887 211 59 189
-1.1084 -0.1003 1.0501 204 56 183
-1.1083 -0.1003 1.1114 195 53 174
-1.1082 -0.1003 1.1686 186 49 166
-1.1081 -0.1003 1.2299 175 46 157
-1.1081 -0.1003 1.2912 163 42 147
-1.1080 -0.1003 1.3484 149 38 136
-1.1079 -0.1003 1.4096 133 33 124
-1.1078 -0.1003 1.4708 111 28 110
-1.1078 -0.1003 1.5156 92 24 99
-1.1050 0.0358 -0.1206 188 157 127
-1.1194 0.0026 -0.1199 101 85 100
-1.1127 0.1074 -0.1205 91 80 101
-1.1317 0.0744 -0.1197 79 69 90
-1.1110 0.0990 0.0147 255 169 255
-1.1106 0.0990 0.0898 255 173 255
-1.1108 0.0990 0.1493 255 174 255
-1.1108 0.0990 0.2085 255 173 255
-1.1106 0.0990 0.2697 255 172 255
-1.1110 0.0990 0.3311 255 172 255
-1.1108 0.0990 0.3905 255 167 254
-1.1104 0.0990 0.4502 255 161 254
-1.1106 0.0990 0.5103 255 154 254
-1.0955 0.0992 0.5896 254 159 254
-1.0885 0.0983 0.6521 249 97 241
-1.1053 0.0982 0.6931 247 90 238
-1.1084 0.0982 0.7499 238 79 227
-1.1083 0.0982 0.8098 221 67 211
-1.1084 0.0982 0.8700 210 61 202
-1.1084 0.0982 0.9302 210 61 202
-1.1099 0.0982 0.9882 210 61 203
-1.1273 0.0982 1.0280 217 65 209
-1.1105 0.0993 1.1097 238 79 227
-1.1160 0.0992 1.1465 230 74 220
-1.1111 0.0973 1.2272 211 64 203
-1.1258 0.0972 1.2723 217 67 209
-1.1089 0.0969 1.3333 225 72 215
-1.1091 0.1627 -0.1204 86 79 102
-1.0875 0.1592 -0.1196 79 70 90
-1.1117 0.2195 -0.1203 117 98 110
-1.1020 0.2066 -0.1196 84 72 91
-1.1087 0.2784 -0.1202 152 128 131
-1.1138 0.2815 -0.1198 134 116 125
-1.1105 0.3227 -0.1204 156 129 132
-1.1022 0.3442 -0.1199 164 121 145
-1.1140 0.3598 0.0430 255 254 225
-1.1112 0.3598 0.0900 255 254 229
-1.1113 0.3598 0.1499 253 252 234
-1.1111 0.3598 0.2106 254 253 239
-1.1113 0.3598 0.2706 255 254 230
-1.1114 0.3598 0.3299 255 254 225
-1.1113 0.3598 0.3898 255 254 221
-1.1114 0.3598 0.4482 226 216 195
-1.1070 0.3785 -0.1203 156 130 132
-1.1120 0.4062 -0.1194 152 129 133
-1.0887 0.3603 -0.0564 255 255 247
-1.1121 0.3602 0.1013 255 255 249
-1.1102 0.3602 0.1501 254 254 251
-1.1103 0.3602 0.2099 254 254 252
-1.1101 0.3602 0.2698 255 255 248
-1.1101 0.3602 0.3302 255 255 244
-1.1102 0.3602 0.3902 255 254 234
-1.1101 0.3602 0.4479 220 211 200
-1.1125 0.4367 -0.1201 154 130 131
-1.1077 0.4480 -0.0888 244 212 136
-1.1076 0.4480 0.0004 245 215 142
-1.1076 0.4480 0.0739 246 217 145
-1.0937 0.9588 -0.1213 188 106 55
-1.1182 0.9589 -0.0739 216 138 67
-1.1039 0.9598 0.0424 233 173 91
-1.1018 0.9598 0.0892 236 175 90
-1.1012 0.9598 0.1492 238 184 97
-1.1013 0.9598 0.2101 241 194 107
-1.1012 0.9598 0.2710 239 194 110
-1.1012 0.9598 0.3301 238 194 114
-1.1018 0.9598 0.3901 233 189 116
-1.1012 0.9598 0.4483 226 184 118
-1.1335 0.9679 -0.1233 250 206 118
-1.1320 0.9609 -0.0902 253 241 137
-1.1291 0.9605 -0.0534 255 249 151
-1.1317 0.9605 0.1082 255 254 202
-1.1319 0.9605 0.1499 255 254 217
-1.1320 0.9605 0.2099 255 255 232
-1.1328 0.9605 0.2676 255 255 240
-1.1344 0.9605 0.3305 255 255 242
-1.1345 0.9605 0.3899 255 255 243
-1.1344 0.9605 0.4475 255 255 235
-1.1086 1.0475 -0.1219 151 85 82
-1.1269 1.0482 -0.1197 123 84 96
-1.1185 1.1094 -0.1219 155 87 83
-1.1071 1.1112 -0.1198 127 85 96
-1.1246 1.1697 -0.1219 151 86 84
-1.0968 1.1690 -0.1198 126 85 96
-1.0936 1.2437 -0.1230 231 214 207
-1.1081 1.2308 -0.1198 176 138 135
-1.0890 1.2954 -0.1234 254 247 231
-1.1282 1.2884 -0.1198 227 193 178
-1.0898 1.3671 -0.1222 252 239 198
-1.1022 1.3561 -0.1199 226 191 176
-1.0881 1.4225 -0.1216 253 246 217
-1.1010 1.4101 -0.1199 227 194 179
-1.1002 1.4756 -0.1215 236 221 196
-1.0984 1.4848 -0.1192 187 151 128
-1.1078 1.5294 -0.1214 184 152 143
-1.1021 1.5221 -0.1185 175 139 107
-1.1039 1.5907 -0.1213 144 90 96
-1.0950 1.5913 -0.1182 177 143 109
-1.1128 1.6512 -0.1211 111 79 94
-1.1001 1.6410 -0.1175 167 136 101
-1.1104 1.7090 -0.1210 129 97 105
-1.1094 1.7150 -0.1179 111 100 108
-1.1059 1.7703 -0.1209 192 158 145
-1.1121 1.7876 -0.1171 126 111 114
-1.1074 1.8304 -0.1208 188 154 143
-1.1106 1.8454 -0.1177 123 109 123
-1.1092 1.8820 -0.1207 185 152 142
-1.1115 1.8680 -0.1181 125 111 124
-1.1124 1.9403 -0.1206 176 144 137
-1.1090 1.9582 -0.1167 97 92 111
-1.1127 2.0019 -0.1205 102 83 101
-1.1059 1.9987 -0.1173 89 86 107
-1.1072 2.0611 -0.1204 93 78 98
-1.1053 2.0685 -0.1180 80 81 103
-1.1050 2.1188 -0.1203 93 78 98
-1.1120 2.1443 -0.1163 79 81 103
-1.1086 2.1806 -0.1202 95 80 99
-1.1119 2.2026 -0.1172 91 87 107
-1.1097 2.2477 -0.1201 154 126 126
-1.1098 2.2364 -0.1197 126 106 115
-1.1093 2.3091 -0.1235 254 249 233
-1.1078 2.3108 -0.1163 110 101 118
-1.1018 2.3650 -0.1234 253 244 223
-1.1059 2.3601 -0.1161 111 103 119
-1.1314 2.4504 -0.1237 250 232 206
-1.1037 2.4245 -0.1168 112 102 116
-1.1311 2.4668 -0.1227 243 220 192
-1.1039 2.4696 -0.0879 94 29 93
-1.1056 2.4694 -0.0478 98 30 97
-1.1113 2.4676 0.0909 148 48 139
-1.1113 2.4676 0.1503 145 47 136
-1.1113 2.4676 0.2094 147 48 139
-1.1113 2.4676 0.2686 154 51 146
-1.1114 2.4676 0.3277 147 48 140
-1.1114 2.4676 0.3921 149 49 144
-1.1114 2.4676 0.4514 144 47 140
-1.1114 2.4676 0.5105 142 47 144
-1.1114 2.4676 0.5697 135 44 136
-1.1115 2.4676 0.6288 130 42 135
-1.1103 2.4676 0.6901 122 40 134
-1.1127 2.4676 0.7492 119 39 131
-1.1108 2.4676 0.8105 111 37 127
-1.1124 2.4676 0.8695 106 35 125
-1.1116 2.4676 0.9297 100 33 122
-1.1104 2.4676 0.9910 95 32 119
-1.1128 2.4676 1.0501 89 30 116
-1.1105 2.4676 1.1103 85 29 113
-1.1128 2.4676 1.1693 80 27 110
-1.1110 2.4676 1.2296 74 25 106
-1.1100 2.4678 1.2701 73 33 109
-1.0471 -2.5261 -0.1227 127 66 58
-1.0548 -2.5286 -0.1139 102 44 75
-1.0305 -2.5286 0.0510 100 31 97
-1.0427 -2.5285 0.0907 101 32 99
-1.0431 -2.5285 0.1499 101 32 100
-1.0432 -2.5285 0.2100 102 32 105
-1.0432 -2.5285 0.2700 98 32 109
-1.0430 -2.5285 0.3299 94 31 114
-1.0431 -2.5285 0.3900 88 30 119
-1.0431 -2.5285 0.4501 81 29 120
-1.0431 -2.5285 0.5100 74 27 119
-1.0431 -2.5285 0.5699 71 26 116
-1.0431 -2.5285 0.6299 67 25 114
-1.0431 -2.5285 0.6899 65 24 111
-1.0431 -2.5285 0.7500 65 24 111
-1.0395 -2.5285 0.7976 64 23 109
-1.0510 -2.5290 0.8700 68 24 106
-1.0508 -2.5290 0.9301 65 23 104
-1.0507 -2.5290 0.9901 63 23 102
-1.0491 -2.5290 1.0465 60 22 99
-1.0498 -2.5288 1.1104 64 23 103
-1.0497 -2.5288 1.1700 62 22 101
-1.0652 -2.5314 1.2356 177 135 96
-1.0567 -2.5313 1.2698 174 134 96
-1.0504 -2.4888 -0.1235 134 68 56
-1.0467 -2.5091 -0.1199 145 92 77
-1.0510 -2.4297 -0.1235 149 76 56
-1.0495 -2.4275 -0.1196 128 78 68
-1.0513 -2.3696 -0.1236 164 84 57
-1.0488 -2.3574 -0.1198 127 78 68
-1.0510 -2.3096 -0.1236 201 136 103
-1.0489 -2.2907 -0.1199 167 116 96
-1.0514 -2.2496 -0.1237 254 249 231
-1.0483 -2.2319 -0.1199 219 182 163
-1.0487 -2.1914 -0.1237 254 250 234
-1.0445 -2.1866 -0.1190 213 170 150
-1.0380 -2.1329 -0.1237 254 253 245
-1.0534 -2.1585 -0.1199 218 176 156
-1.0281 -2.0781 -0.1237 254 252 247
-1.0489 -2.0872 -0.1196 226 188 176
-1.0492 -2.0107 -0.1237 224 132 75
-1.0534 -2.0148 -0.1197 170 114 108
-1.0313 -1.9729 -0.1237 207 112 63
-1.0557 -1.9467 -0.1199 145 93 93
-1.0515 -1.8879 -0.1235 207 113 65
-1.0501 -1.8287 -0.1236 201 108 63
-1.0482 -1.7714 -0.1237 243 219 197
-1.0312 -1.7329 -0.1237 253 239 217
-1.0510 -1.6483 -0.1235 253 236 211
-1.0507 -1.5889 -0.1236 253 240 219
-1.0489 -1.5345 -0.1237 199 144 117
-1.0646 -1.4479 -0.1234 172 89 62
-1.0509 -1.4088 -0.1235 159 81 59
-1.0533 -1.3608 -0.1236 149 76 57
-1.0674 -1.2676 -0.1232 225 195 169
-1.0515 -1.2279 -0.1234 216 178 150
-1.0675 -1.2118 -0.1199 120 106 119
-1.0589 -1.1916 -0.1234 203 159 134
-1.0367 -1.1728 -0.1199 118 103 117
-1.0502 -1.1107 -0.1217 190 154 141
-1.0662 -1.0990 -0.1198 126 108 119
-1.0484 -1.0496 -0.1216 179 144 134
-1.0406 -1.0536 -0.1198 121 105 116
-1.0511 -0.9942 -0.1214 106 75 90
-1.0529 -0.9746 -0.0897 232 179 107
-1.0327 -0.9779 0.0320 177 123 64
-1.0327 -0.9779 0.0905 154 111 66
-1.0326 -0.9779 0.1502 162 121 75
-1.0326 -0.9779 0.2099 184 141 85
-1.0326 -0.9779 0.2697 183 143 90
-1.0326 -0.9779 0.3295 174 139 90
-1.0325 -0.9779 0.3892 161 129 88
-1.0325 -0.9779 0.4469 133 109 83
-1.0480 -0.3670 -0.1232 254 251 221
-1.0440 -0.3715 -0.1010 254 253 232
-1.0515 -0.3721 0.0358 254 254 236
-1.0499 -0.3715 0.0985 251 252 246
-1.0480 -0.3715 0.1501 253 253 248
-1.0484 -0.3715 0.2101 255 254 248
-1.0480 -0.3715 0.2699 255 254 247
-1.0481 -0.3715 0.3300 255 254 244
-1.0481 -0.3715 0.3904 254 253 238
-1.0482 -0.3715 0.4476 254 251 230
-1.0487 -0.3302 -0.1236 218 132 82
-1.0485 -0.2702 -0.1235 236 179 142
-1.0388 -0.1937 -0.1219 255 253 217
-1.0588 -0.1935 -0.1198 236 102 228
-1.0381 -0.1290 -0.1215 234 212 156
-1.0717 -0.1510 -0.1199 147 119 121
-1.0370 -0.0824 -0.1209 226 200 145
-1.0554 -0.0976 -0.1193 146 124 126
-1.0486 -0.0980 0.0282 255 170 255
-1.0494 -0.0980 0.0898 255 170 255
-1.0308 -0.1003 0.1574 250 227 167
-1.0307 -0.1003 0.2110 250 225 162
-1.0306 -0.1003 0.2685 250 224 162
-1.0305 -0.1003 0.3296 249 225 163
-1.0305 -0.1003 0.3908 248 227 167
-1.0304 -0.1003 0.4483 247 229 170
-1.0428 -0.1003 0.5193 244 143 203
-1.0506 -0.1003 0.5711 242 82 226
-1.0505 -0.1003 0.6285 240 79 223
-1.0504 -0.1003 0.6898 238 77 220
-1.0503 -0.1003 0.7511 235 74 216
-1.0502 -0.1003 0.8084 232 72 212
-1.0502 -0.1003 0.8697 227 69 207
-1.0501 -0.1003 0.9310 223 66 202
-1.0500 -0.1003 0.9882 218 63 196
-1.0499 -0.1003 1.0494 211 59 189
-1.0498 -0.1003 1.1107 203 56 181
-1.0497 -0.1003 1.1679 195 53 174
-1.0497 -0.1003 1.2291 185 49 165
-1.0496 -0.1003 1.2903 173 45 155
-1.0485 -0.1003 1.3494 160 41 145
-1.0503 -0.1003 1.4103 143 36 132
-1.0493 -0.1003 1.4699 125 31 119
-1.0492 -0.1003 1.5147 109 28 108
-1.0542 0.0000 -0.1207 169 130 121
-1.0378 0.0033 -0.1196 98 82 97
-1.0461 0.0921 -0.1205 108 85 102
-1.0642 0.0888 -0.1196 80 69 89
-1.0496 0.0990 0.0182 255 176 255
-1.0494 0.0990 0.0899 255 180 255
-1.0488 0.0990 0.1503 255 179 255
-1.0493 0.0990 0.2096 255 179 255
-1.0493 0.0990 0.2695 255 178 255
-1.0488 0.0990 0.3301 255 177 254
-1.0496 0.0990 0.3898 255 176 254
-1.0490 0.0990 0.4500 255 169 254
-1.0493 0.0990 0.5099 254 160 254
-1.0310 0.0986 0.5936 247 113 240
-1.0445 0.0983 0.6365 243 85 233
-1.0490 0.0983 0.6901 232 74 221
-1.0492 0.0983 0.7502 214 63 205
-1.0492 0.0983 0.8102 210 61 202
-1.0493 0.0983 0.8700 211 62 203
-1.0489 0.0983 0.9300 210 61 202
-1.0571 0.0983 0.9742 211 62 203
-1.0521 0.0993 1.0498 246 90 237
-1.0532 0.0993 1.1082 238 80 227
-1.0486 0.0975 1.1693 211 64 203
-1.0636 0.0974 1.2118 215 66 207
-1.0508 0.0970 1.2911 223 70 213
-1.0507 0.0970 1.3345 219 68 210
-1.0494 0.1630 -0.1204 89 79 102
-1.0619 0.1350 -0.1197 78 70 91
-1.0499 0.2219 -0.1203 124 101 111
-1.0277 0.2119 -0.1197 94 77 92
-1.0501 0.2805 -0.1202 154 128 131
-1.0408 0.2520 -0.1197 146 119 120
-1.0499 0.3251 -0.1204 157 129 131
-1.0462 0.3460 -0.1199 149 121 131
-1.0540 0.3598 0.0504 255 254 234
-1.0500 0.3598 0.0898 255 254 236
-1.0498 0.3598 0.1497 255 254 243
-1.0500 0.3598 0.2095 254 254 246
-1.0498 0.3598 0.2696 255 254 235
-1.0498 0.3598 0.3300 255 254 230
-1.0501 0.3598 0.3899 255 254 226
-1.0498 0.3598 0.4478 226 218 201
-1.0491 0.3812 -0.1203 158 130 131
-1.0521 0.4104 -0.1190 156 132 135
-1.0631 0.3602 -0.0550 255 255 249
-1.0677 0.3602 0.1069 255 255 251
-1.0668 0.3602 0.1500 255 255 253
-1.0668 0.3602 0.2099 254 254 253
-1.0668 0.3602 0.2699 255 255 250
-1.0669 0.3602 0.3299 255 255 244
-1.0668 0.3602 0.3898 255 254 236
-1.0669 0.3602 0.4476 220 213 202
-1.0536 0.4392 -0.1201 155 129 132
-1.0476 0.4451 -0.0881 245 212 136
-1.0475 0.4451 0.0009 246 217 144
-1.0474 0.4451 0.0743 247 221 151
-1.0522 0.9589 -0.1212 195 114 57
-1.0540 0.9589 -0.0707 219 142 69
-1.0462 0.9598 0.0474 251 239 222
-1.0476 0.9598 0.0905 253 250 243
-1.0476 0.9598 0.1511 254 250 245
-1.0476 0.9598 0.2102 254 251 246
-1.0476 0.9598 0.2692 254 251 247
-1.0483 0.9598 0.3298 254 252 247
-1.0483 0.9598 0.3905 254 252 248
-1.0483 0.9598 0.4479 254 252 247
-1.0693 0.9898 -0.1219 178 106 85
-1.0371 0.9942 -0.1198 148 99 97
-1.0685 0.9608 -0.0535 255 252 162
-1.0697 0.9608 0.1082 255 255 233
-1.0693 0.9608 0.1498 255 255 240
-1.0694 0.9608 0.2099 255 255 246
-1.0694 0.9608 0.2705 255 255 249
-1.0693 0.9608 0.3304 255 255 251
-1.0694 0.9608 0.3900 255 255 250
-1.0694 0.9608 0.4479 255 255 248
-1.0254 1.0667 -0.1233 220 127 76
-1.0556 1.0527 -0.1198 131 85 94
-1.0315 1.1152 -0.1234 225 131 77
-1.0640 1.1093 -0.1198 133 88 97
-1.0395 1.1728 -0.1234 225 131 78
-1.0316 1.1789 -0.1199 144 97 101
-1.0476 1.2314 -0.1235 235 182 151
-1.0418 1.2304 -0.1199 177 138 135
-1.0300 1.2994 -0.1220 254 248 216
-1.0576 1.2874 -0.1199 226 192 177
-1.0417 1.3527 -0.1218 250 236 207
-1.0698 1.3422 -0.1199 223 186 171
-1.0456 1.4084 -0.1216 248 229 204
-1.0269 1.3968 -0.1188 204 170 122
-1.0480 1.4683 -0.1215 211 167 151
-1.0365 1.4859 -0.1179 178 142 105
-1.0530 1.5299 -0.1214 151 91 93
-1.0425 1.5125 -0.1180 163 125 106
-1.0434 1.5856 -0.1213 146 90 95
-1.0527 1.5953 -0.1182 127 93 107
-1.0518 1.6477 -0.1212 120 82 94
-1.0558 1.6350 -0.1174 98 92 102
-1.0455 1.7100 -0.1211 131 96 102
-1.0464 1.7173 -0.1179 99 91 109
-1.0519 1.7683 -0.1210 195 160 147
-1.0489 1.7901 -0.1171 115 104 119
-1.0512 1.8282 -0.1209 187 151 140
-1.0515 1.8487 -0.1176 122 109 122
-1.0467 1.8928 -0.1207 186 151 141
-1.0503 1.8729 -0.1179 128 112 124
-1.0454 1.9543 -0.1206 167 133 128
-1.0510 1.9596 -0.1167 97 90 108
-1.0498 2.0193 -0.1205 98 77 95
-1.0510 2.0063 -0.1173 86 83 103
-1.0504 2.0791 -0.1204 96 77 96
-1.0436 2.0623 -0.1176 79 80 102
-1.0491 2.1422 -0.1203 93 78 98
-1.0501 2.1479 -0.1163 80 81 103
-1.0526 2.2050 -0.1202 106 85 100
-1.0439 2.1716 -0.1170 85 83 104
-1.0529 2.2602 -0.1201 158 131 130
-1.0548 2.2360 -0.1171 102 94 110
-1.0346 2.2914 -0.1209 186 162 156
-1.0471 2.3144 -0.1163 111 102 118
-1.0489 2.3694 -0.1235 252 236 209
-1.0504 2.3631 -0.1161 111 102 118
-1.0478 2.4285 -0.1235 251 235 209
-1.0538 2.4431 -0.1172 115 103 116
-1.0400 2.4662 -0.1226 243 217 188
-1.0460 2.4696 -0.0877 99 31 96
-1.0468 2.4695 -0.0482 102 32 99
-1.0516 2.4676 0.0926 169 57 158
-1.0516 2.4676 0.1513 160 53 150
-1.0517 2.4676 0.2098 158 53 149
-1.0517 2.4676 0.2684 172 58 162
-1.0517 2.4676 0.3270 168 57 159
-1.0518 2.4676 0.3907 168 57 160
-1.0518 2.4676 0.4493 162 54 156
-1.0518 2.4676 0.5079 158 53 156
-1.0518 2.4676 0.5716 147 48 146
-1.0518 2.4676 0.6302 137 45 141
-1.0519 2.4676 0.6887 127 42 138
-1.0507 2.4676 0.7508 123 40 134
-1.0532 2.4676 0.8091 116 38 131
-1.0520 2.4676 0.8695 110 36 127
-1.0506 2.4676 0.9307 105 35 125
-1.0534 2.4676 0.9891 100 33 122
-1.0513 2.4676 1.0494 90 30 116
-1.0514 2.4676 1.1105 86 29 114
-1.0527 2.4676 1.1708 81 27 111
-1.0516 2.4676 1.2301 74 25 106
-1.0518 2.4677 1.2698 73 37 111
-0.9921 -2.5261 -0.1213 222 181 157
-0.9884 -2.5294 -0.0722 74 23 75
-0.9903 -2.5294 0.0010 76 23 78
-0.9900 -2.5294 0.0912 77 24 82
-0.9900 -2.5294 0.1507 79 24 84
-0.9899 -2.5294 0.2103 79 25 87
-0.9899 -2.5294 0.2699 80 25 92
-0.9899 -2.5294 0.3294 82 26 97
-0.9899 -2.5294 0.3890 83 27 104
-0.9901 -2.5294 0.4487 87 29 115
-0.9902 -2.5294 0.5091 89 31 121
-0.9900 -2.5294 0.5698 92 32 125
-0.9898 -2.5294 0.6301 95 33 134
-0.9898 -2.5294 0.6900 96 34 136
-0.9897 -2.5294 0.7500 97 34 137
-0.9897 -2.5294 0.8099 100 35 139
-0.9898 -2.5294 0.8697 103 36 141
-0.9898 -2.5294 0.9300 107 37 143
-0.9898 -2.5294 0.9901 110 38 145
-0.9898 -2.5294 1.0500 115 40 148
-0.9895 -2.5294 1.1100 120 42 151
-0.9897 -2.5294 1.1703 127 45 155
-0.9879 -2.5294 1.2158 129 46 157
-0.9900 -2.5285 1.2692 56 37 100
-1.0134 -2.4763 -0.1234 139 76 64
-0.9863 -2.5125 -0.1199 193 146 126
-1.0050 -2.4260 -0.1234 197 147 121
-0.9910 -2.4319 -0.1196 208 167 148
-0.9952 -2.3673 -0.1235 228 193 165
-0.9873 -2.3613 -0.1198 213 174 154
-0.9912 -2.3092 -0.1235 228 189 160
-0.9885 -2.2947 -0.1199 205 162 141
-0.9912 -2.2494 -0.1235 216 146 108
-0.9886 -2.2388 -0.1199 134 86 73
-0.9911 -2.1894 -0.1236 228 157 111
-0.9844 -2.1839 -0.1190 255 193 255
-0.9913 -2.1293 -0.1236 235 165 117
-0.9927 -2.1585 -0.1199 142 92 78
-0.9914 -2.0694 -0.1237 242 179 130
-0.9909 -2.0865 -0.1196 158 106 103
-0.9870 -2.0121 -0.1237 252 241 230
-0.9915 -2.0148 -0.1198 184 137 117
-0.9758 -1.9538 -0.1237 254 254 252
-0.9931 -1.9483 -0.1199 206 161 131
-0.9669 -1.9017 -0.1237 254 254 252
-0.9906 -1.8289 -0.1235 250 234 213
-0.9906 -1.7690 -0.1236 195 129 98
-0.9846 -1.7252 -0.1237 170 92 63
-0.9943 -1.6385 -0.1234 182 106 78
-0.9905 -1.5887 -0.1235 173 98 72
-0.9934 -1.5394 -0.1236 193 137 112
-0.9788 -1.4747 -0.1237 254 252 242
-0.9938 -1.3997 -0.1234 232 196 170
-0.9968 -1.3703 -0.1235 230 196 173
-0.9898 -1.2914 -0.1222 143 110 109
-1.0002 -1.2209 -0.1233 122 77 73
-1.0041 -1.1848 -0.1227 175 134 119
-1.0151 -1.1455 -0.1199 110 96 111
-0.9901 -1.1113 -0.1219 163 126 120
-0.9874 -1.1103 -0.1199 95 84 102
-0.9891 -1.0501 -0.1217 156 120 116
-1.0123 -1.0306 -0.1198 109 94 108
-0.9895 -0.9955 -0.1215 144 110 112
-0.9903 -0.9745 -0.0903 230 161 74
-0.9882 -0.9786 0.0344 190 136 71
-0.9886 -0.9786 0.0891 155 116 74
-0.9916 -0.9785 0.1502 155 120 80
-0.9912 -0.9785 0.2102 197 153 92
-0.9916 -0.9785 0.2694 195 155 97
-0.9912 -0.9785 0.3295 188 151 97
-0.9919 -0.9785 0.3900 175 142 94
-0.9911 -0.9785 0.4478 146 121 89
-0.9924 -0.3669 -0.1233 254 251 221
-0.9930 -0.3714 -0.0909 254 253 234
-0.9813 -0.3714 -0.0505 254 254 239
-0.9956 -0.3714 0.1052 254 254 247
-0.9938 -0.3714 0.1499 255 254 248
-0.9937 -0.3714 0.2098 255 254 248
-0.9939 -0.3714 0.2699 255 254 246
-0.9938 -0.3714 0.3300 255 254 242
-0.9938 -0.3714 0.3901 254 252 232
-0.9939 -0.3714 0.4474 252 246 219
-0.9891 -0.3297 -0.1237 243 211 184
-0.9710 -0.2561 -0.1221 232 206 183
-0.9713 -0.1979 -0.1213 234 200 147
-0.9774 -0.2024 -0.1195 186 102 186
-0.9860 -0.1381 -0.1210 173 146 124
-0.9909 -0.1536 -0.1196 94 77 93
-0.9906 -0.0810 -0.1209 134 110 117
-1.0060 -0.0933 -0.1196 118 97 106
-0.9889 -0.0979 0.0209 255 158 254
-0.9903 -0.0979 0.0901 255 161 255
-0.9921 -0.1003 0.1570 250 117 227
-0.9926 -0.1003 0.2110 250 114 228
-0.9926 -0.1003 0.2683 250 113 227
-0.9925 -0.1003 0.3296 249 111 226
-0.9924 -0.1003 0.3909 248 110 225
-0.9923 -0.1003 0.4482 247 109 224
-0.9923 -0.1003 0.5096 246 100 226
-0.9922 -0.1003 0.5709 245 85 231
-0.9921 -0.1003 0.6282 243 83 228
-0.9920 -0.1003 0.6895 241 80 224
-0.9920 -0.1003 0.7508 238 78 221
-0.9919 -0.1003 0.8080 236 75 217
-0.9918 -0.1003 0.8693 233 72 213
-0.9917 -0.1003 0.9305 228 69 207
-0.9916 -0.1003 0.9877 223 66 202
-0.9916 -0.1003 1.0489 217 62 195
-0.9915 -0.1003 1.1100 210 59 188
-0.9907 -0.1003 1.1701 202 55 180
-0.9921 -0.1003 1.2311 193 52 172
-0.9913 -0.1003 1.2895 182 48 162
-0.9912 -0.1003 1.3506 169 43 152
-0.9911 -0.1003 1.4118 154 39 140
-0.9910 -0.1003 1.4689 137 35 128
-0.9910 -0.1003 1.5137 122 31 117
-0.9890 -0.0110 -0.1207 177 135 131
-0.9756 0.0146 -0.1197 144 118 119
-0.9910 0.0858 -0.1205 150 120 125
-0.9895 0.0884 -0.1198 129 104 110
-0.9799 0.0993 0.0070 255 185 255
-0.9803 0.0993 0.0904 255 189 255
-0.9797 0.0993 0.1503 255 189 255
-0.9800 0.0993 0.2109 255 189 255
-0.9800 0.0993 0.2709 255 189 255
-0.9797 0.0993 0.3303 255 187 255
-0.9803 0.0993 0.3903 255 186 254
-0.9796 0.0993 0.4500 255 184 254
-0.9804 0.0993 0.5100 255 182 254
-0.9818 0.0984 0.5808 231 73 220
-0.9893 0.0984 0.6300 219 66 210
-0.9894 0.0984 0.6900 209 60 201
-0.9895 0.0984 0.7500 210 61 202
-0.9893 0.0984 0.8100 209 60 201
-0.9894 0.0984 0.8701 211 61 203
-0.9940 0.0983 0.9234 208 60 201
-1.0048 0.0988 0.9756 231 82 224
-0.9906 0.0993 1.0498 247 90 237
-0.9919 0.0993 1.1015 239 81 228
-0.9953 0.0976 1.1570 209 63 202
-0.9885 0.0972 1.2300 223 70 213
-0.9893 0.0972 1.2877 214 65 205
-1.0051 0.0971 1.3288 211 64 203
-0.9894 0.1653 -0.1204 123 103 114
-1.0074 0.1478 -0.1197 110 88 97
-0.9880 0.2240 -0.1203 132 108 116
-0.9890 0.2092 -0.1197 111 89 98
-0.9914 0.2827 -0.1201 125 105 115
-0.9751 0.2710 -0.1199 86 71 89
-0.9894 0.3281 -0.1204 126 103 114
-0.9829 0.3491 -0.1192 129 102 108
-1.0070 0.3598 0.0540 255 254 238
-0.9883 0.3599 0.0910 255 254 245
-0.9878 0.3599 0.1502 255 254 248
-0.9875 0.3599 0.2099 254 254 248
-0.9878 0.3599 0.2700 255 254 241
-0.9878 0.3599 0.3302 255 254 240
-0.9878 0.3599 0.3900 255 254 232
-0.9879 0.3599 0.4478 223 215 205
-0.9911 0.3840 -0.1203 129 107 116
-0.9888 0.4062 -0.1164 139 124 131
-0.9901 0.3607 0.1011 255 255 251
-0.9888 0.3607 0.1501 255 255 252
-0.9889 0.3607 0.2098 255 255 250
-0.9886 0.3607 0.2697 255 255 242
-0.9888 0.3607 0.3299 255 254 237
-0.9885 0.3607 0.3899 255 254 225
-0.9884 0.3607 0.4478 240 234 203
-1.0041 0.4400 -0.1202 144 120 125
-0.9878 0.4423 -0.0875 245 213 138
-0.9877 0.4423 0.0014 247 220 148
-0.9878 0.4423 0.0747 248 224 155
-0.9893 0.9593 -0.1211 233 195 172
-0.9818 0.9586 -0.0838 235 176 125
-1.0071 0.9598 0.0500 254 253 251
-1.0000 0.9599 0.0901 254 254 254
-1.0007 0.9599 0.1505 254 254 254
-1.0003 0.9599 0.2102 254 254 254
-1.0007 0.9599 0.2699 254 254 254
-1.0006 0.9599 0.3296 254 254 253
-1.0007 0.9599 0.3900 254 254 253
-1.0010 0.9599 0.4481 254 254 253
-0.9820 0.9921 -0.1235 246 221 199
-0.9740 0.9910 -0.1199 199 158 147
-0.9881 1.0507 -0.1235 248 229 214
-0.9828 1.0479 -0.1199 215 176 161
-0.9890 1.1102 -0.1235 248 228 210
-1.0040 1.1089 -0.1199 185 137 127
-0.9730 1.1814 -0.1222 247 226 180
-1.0050 1.1612 -0.1199 182 136 127
-0.9857 1.2484 -0.1220 208 173 151
-0.9834 1.2303 -0.1195 196 154 125
-0.9911 1.2899 -0.1219 212 174 154
-0.9679 1.2813 -0.1186 179 142 105
-0.9894 1.3504 -0.1218 205 158 143
-0.9798 1.3583 -0.1181 162 128 106
-0.9877 1.4093 -0.1217 201 155 143
-0.9879 1.3903 -0.1183 168 131 115
-0.9900 1.4689 -0.1216 206 160 145
-0.9890 1.4885 -0.1177 159 119 121
-0.9906 1.5309 -0.1215 187 143 136
-0.9922 1.5162 -0.1180 165 126 127
-0.9921 1.5912 -0.1214 182 137 131
-0.9915 1.5982 -0.1182 172 134 134
-0.9856 1.6494 -0.1213 176 139 133
-0.9949 1.6377 -0.1174 94 89 108
-0.9954 1.7108 -0.1211 149 115 115
-0.9883 1.7202 -0.1179 109 98 113
-0.9903 1.7695 -0.1210 155 122 121
-0.9854 1.7930 -0.1170 93 89 109
-0.9864 1.8331 -0.1209 138 106 111
-1.0019 1.8449 -0.1177 109 98 114
-0.9886 1.8913 -0.1208 145 114 116
-0.9820 1.8728 -0.1177 93 87 106
-0.9902 1.9411 -0.1207 145 116 119
-0.9909 1.9629 -0.1167 86 84 104
-0.9945 1.9999 -0.1206 137 108 113
-0.9975 2.0085 -0.1173 88 85 105
-0.9898 2.0617 -0.1205 131 107 115
-0.9854 2.0646 -0.1176 103 95 112
-0.9918 2.1204 -0.1204 126 103 112
-0.9889 2.1488 -0.1164 97 92 110
-0.9865 2.1773 -0.1203 134 110 117
-0.9862 2.1728 -0.1170 102 95 112
-0.9889 2.2409 -0.1202 124 102 111
-0.9895 2.2372 -0.1170 104 95 112
-0.9909 2.3069 -0.1205 140 116 120
-0.9927 2.3167 -0.1163 95 91 110
-0.9890 2.3695 -0.1236 202 149 123
-0.9950 2.3648 -0.1162 95 90 109
-0.9887 2.4291 -0.1236 194 145 125
-0.9961 2.4230 -0.1172 100 92 110
-0.9886 2.4665 -0.1226 184 133 115
-0.9881 2.4696 -0.0876 103 32 100
-0.9878 2.4694 -0.0474 111 35 106
-0.9882 2.4676 0.0892 186 65 174
-0.9882 2.4676 0.1472 188 67 177
-0.9882 2.4676 0.2103 186 65 175
-0.9883 2.4676 0.2734 188 66 177
-0.9883 2.4676 0.3313 191 68 181
-0.9883 2.4676 0.3892 187 66 177
-0.9883 2.4676 0.4522 182 64 175
-0.9884 2.4676 0.5101 171 58 166
-0.9884 2.4676 0.5682 160 53 156
-0.9884 2.4676 0.6312 152 51 153
-0.9872 2.4676 0.6909 140 46 146
-0.9897 2.4676 0.7485 130 43 139
-0.9885 2.4676 0.8099 125 41 136
-0.9874 2.4676 0.8714 116 38 132
-0.9890 2.4676 0.9300 113 37 130
-0.9893 2.4676 0.9896 102 34 123
-0.9874 2.4676 1.0501 92 31 118
-0.9887 2.4676 1.1096 90 30 117
-0.9891 2.4676 1.1700 81 27 111
-0.9887 2.4676 1.2304 74 25 106
-0.9875 2.4678 1.2699 72 31 107
-0.9417 -2.5262 -0.1213 232 195 171
-0.9278 -2.5294 -0.0749 77 24 77
-0.9281 -2.5294 -0.0009 79 24 81
-0.9280 -2.5294 0.0894 79 25 84
-0.9280 -2.5294 0.1496 82 26 87
-0.9280 -2.5294 0.2098 81 26 89
-0.9279 -2.5294 0.2700 82 26 93
-0.9279 -2.5294 0.3302 84 27 98
-0.9279 -2.5294 0.3904 86 28 106
-0.9279 -2.5294 0.4506 90 30 119
-0.9279 -2.5294 0.5108 91 31 123
-0.9281 -2.5294 0.5708 94 32 128
-0.9280 -2.5294 0.6306 96 34 134
-0.9280 -2.5294 0.6904 97 34 136
-0.9279 -2.5294 0.7502 98 34 137
-0.9279 -2.5294 0.8099 101 35 140
-0.9278 -2.5294 0.8699 104 36 142
-0.9278 -2.5294 0.9299 108 38 144
-0.9290 -2.5294 0.9893 110 38 145
-0.9300 -2.5294 1.0500 115 40 148
-0.9300 -2.5294 1.1099 121 42 152
-0.9300 -2.5294 1.1699 130 46 157
-0.9290 -2.5294 1.2206 134 47 160
-0.9129 -2.5294 1.2689 116 49 147
-0.9311 -2.4891 -0.1218 242 214 191
-0.9256 -2.5152 -0.1199 199 153 131
-0.9292 -2.4298 -0.1219 243 214 191
-0.9339 -2.4342 -0.1197 220 182 162
-0.9133 -2.3900 -0.1219 244 217 195
-0.9304 -2.3655 -0.1198 223 188 169
-0.9522 -2.3012 -0.1234 227 185 156
-0.9287 -2.2985 -0.1199 205 161 140
-0.9435 -2.2468 -0.1234 198 106 64
-0.9282 -2.2455 -0.1199 129 80 68
-0.9336 -2.1881 -0.1235 209 114 65
-0.9484 -2.1822 -0.1190 255 196 255
-0.9313 -2.1298 -0.1235 219 124 67
-0.9320 -2.1585 -0.1199 122 74 64
-0.9312 -2.0698 -0.1236 231 145 88
-0.9310 -2.0850 -0.1196 122 74 64
-0.9312 -2.0093 -0.1236 254 254 250
-0.9343 -2.0148 -0.1198 219 165 106
-0.9312 -1.9491 -0.1236 254 254 251
-0.9526 -1.9483 -0.1199 233 173 91
-0.9314 -1.8895 -0.1237 254 254 253
-0.9247 -1.8320 -0.1237 254 254 253
-0.9138 -1.7738 -0.1237 246 172 101
-0.9059 -1.7260 -0.1237 243 160 83
-0.9453 -1.6274 -0.1234 159 82 61
-0.9310 -1.5884 -0.1235 150 77 59
-0.9360 -1.5491 -0.1235 155 85 65
-0.9310 -1.4693 -0.1236 254 251 238
-0.9465 -1.3885 -0.1234 238 205 179
-0.9495 -1.3727 -0.1232 237 205 182
-0.9294 -1.2908 -0.1223 173 138 129
-0.9289 -1.2292 -0.1222 105 73 86
-0.9304 -1.1694 -0.1221 107 73 87
-0.9162 -1.0964 -0.1229 175 111 83
-0.9071 -1.0433 -0.1237 248 213 182
-0.9379 -1.0476 -0.1199 80 75 97
-0.9147 -0.9900 -0.1235 254 250 200
-0.9175 -0.9690 -0.0915 254 253 184
-0.9301 -0.9795 0.0376 209 155 82
-0.9305 -0.9795 0.0907 215 166 95
-0.9328 -0.9795 0.1498 215 169 99
-0.9332 -0.9795 0.2100 215 172 105
-0.9330 -0.9795 0.2707 213 172 108
-0.9330 -0.9795 0.3304 206 168 107
-0.9333 -0.9795 0.3901 194 160 104
-0.9330 -0.9795 0.4476 167 139 99
-0.9368 -0.3668 -0.1233 255 254 239
-0.9333 -0.3716 -0.0939 254 254 247
-0.9353 -0.3718 0.0493 253 253 242
-0.9279 -0.3718 0.0890 254 254 245
-0.9261 -0.3718 0.1497 254 254 246
-0.9275 -0.3718 0.2102 254 254 246
-0.9288 -0.3718 0.2704 254 254 244
-0.9300 -0.3718 0.3301 254 254 242
-0.9314 -0.3718 0.3902 254 253 237
-0.9293 -0.3718 0.4483 254 251 229
-0.9288 -0.3061 -0.1223 255 253 230
-0.9124 -0.2688 -0.1213 234 206 149
-0.9279 -0.2148 -0.1212 146 123 114
-0.9034 -0.1942 -0.1197 166 126 170
-0.9321 -0.1547 -0.1211 93 78 98
-0.9168 -0.1498 -0.1197 81 73 94
-0.9301 -0.0962 -0.1209 93 78 99
-0.9354 -0.0897 -0.1198 79 70 91
-0.9282 -0.0978 0.0130 255 152 254
-0.9292 -0.0978 0.0900 255 153 254
-0.9303 -0.1003 0.1538 251 103 242
-0.9302 -0.1003 0.2110 252 100 243
-0.9302 -0.1003 0.2684 251 99 242
-0.9301 -0.1003 0.3297 251 97 241
-0.9300 -0.1003 0.3909 250 96 240
-0.9300 -0.1003 0.4481 250 94 239
-0.9299 -0.1003 0.5094 249 92 237
-0.9298 -0.1003 0.5707 248 90 235
-0.9298 -0.1003 0.6279 246 87 232
-0.9297 -0.1003 0.6891 244 84 230
-0.9296 -0.1003 0.7504 242 82 226
-0.9287 -0.1003 0.8087 240 79 223
-0.9303 -0.1003 0.8697 236 76 218
-0.9294 -0.1003 0.9299 233 73 213
-0.9293 -0.1003 0.9911 228 69 208
-0.9293 -0.1003 1.0522 223 66 201
-0.9292 -0.1003 1.1094 217 62 195
-0.9305 -0.1003 1.1695 210 59 188
-0.9331 -0.1003 1.2316 200 54 178
-0.9331 -0.1003 1.2887 190 51 169
-0.9330 -0.1003 1.3497 178 46 159
-0.9329 -0.1003 1.4108 164 42 148
-0.9324 -0.1003 1.4685 149 38 136
-0.9336 -0.1003 1.5131 134 34 125
-0.9273 -0.0076 -0.1207 207 167 156
-0.9319 -0.0041 -0.1198 117 96 105
-0.9307 0.0897 -0.1205 197 166 158
-0.9190 0.0870 -0.1199 151 123 123
-0.9295 0.0984 0.0440 254 124 252
-0.9275 0.0984 0.0899 254 124 252
-0.9274 0.0984 0.1498 254 120 252
-0.9276 0.0984 0.2106 254 116 251
-0.9275 0.0984 0.2706 253 109 249
-0.9276 0.0984 0.3298 251 101 245
-0.9275 0.0984 0.3899 247 92 239
-0.9276 0.0984 0.4500 237 79 227
-0.9275 0.0984 0.5100 219 66 210
-0.9289 0.0984 0.5701 212 61 204
-0.9289 0.0984 0.6300 210 60 202
-0.9288 0.0984 0.6899 210 61 202
-0.9289 0.0984 0.7500 210 61 202
-0.9289 0.0984 0.8100 209 60 202
-0.9300 0.0984 0.8687 208 60 200
-0.9458 0.0984 0.9085 210 61 202
-0.9280 0.0993 0.9898 251 102 245
-0.9282 0.0993 1.0499 246 90 237
-0.9302 0.0993 1.0950 239 81 229
-0.9410 0.0975 1.1556 220 68 211
-0.9281 0.0973 1.2299 213 65 205
-0.9352 0.0972 1.2752 212 64 204
-0.9293 0.0968 1.3344 225 72 215
-0.9295 0.1673 -0.1204 164 136 135
-0.9379 0.1490 -0.1199 155 127 125
-0.9308 0.2261 -0.1203 116 96 108
-0.9528 0.2040 -0.1199 151 123 122
-0.9328 0.2848 -0.1202 88 80 103
-0.9521 0.2525 -0.1193 82 72 91
-0.9287 0.3308 -0.1204 90 79 101
-0.9248 0.3511 -0.1176 109 98 112
-0.9314 0.3593 0.0339 255 254 227
-0.9286 0.3599 0.0972 255 254 250
-0.9269 0.3599 0.1501 255 254 250
-0.9269 0.3599 0.2104 255 254 248
-0.9269 0.3599 0.2703 255 254 248
-0.9270 0.3599 0.3299 255 254 247
-0.9270 0.3599 0.3898 255 254 243
-0.9270 0.3599 0.4477 221 214 215
-0.9297 0.3868 -0.1203 90 79 101
-0.9273 0.4081 -0.1156 110 104 121
-0.9118 0.3606 -0.0573 255 255 250
-0.9292 0.3606 0.1047 254 254 253
-0.9280 0.3606 0.1499 254 254 253
-0.9280 0.3606 0.2099 254 254 251
-0.9279 0.3606 0.2699 254 254 250
-0.9279 0.3606 0.3299 254 254 249
-0.9276 0.3606 0.3900 254 254 244
-0.9276 0.3606 0.4478 239 236 225
-0.9157 0.4408 -0.1203 171 158 136
-0.9246 0.4431 -0.0873 247 217 146
-0.9245 0.4431 0.0016 248 224 153
-0.9245 0.4432 0.0748 248 226 157
-0.9005 0.4828 -0.0923 208 170 118
-0.9006 0.4827 -0.0022 217 184 130
-0.9005 0.4833 0.0725 222 192 138
-0.9275 0.9596 -0.1218 252 250 245
-0.9261 0.9599 -0.1042 254 254 254
-0.9299 0.9595 0.0376 254 254 254
-0.9349 0.9599 0.0955 255 255 254
-0.9330 0.9599 0.1497 255 255 254
-0.9326 0.9599 0.2103 255 255 254
-0.9330 0.9599 0.2705 255 255 254
-0.9330 0.9599 0.3302 255 255 254
-0.9330 0.9599 0.3903 255 255 254
-0.9325 0.9599 0.4480 255 255 254
-0.9285 0.9906 -0.1236 250 235 219
-0.9427 0.9775 -0.1198 182 144 117
-0.9048 1.0638 -0.1232 214 180 131
-0.9370 1.0535 -0.1197 224 189 175
-0.9069 1.0924 -0.1231 214 187 147
-0.9040 1.1103 -0.1188 179 141 101
-0.9302 1.1737 -0.1219 240 211 186
-0.9161 1.1708 -0.1187 182 148 111
-0.9301 1.2263 -0.1217 181 136 129
-0.9247 1.2305 -0.1184 172 134 116
-0.9309 1.2914 -0.1220 155 91 89
-0.9308 1.2769 -0.1184 138 107 109
-0.9297 1.3495 -0.1219 153 90 90
-0.9283 1.3601 -0.1180 125 93 107
-0.9291 1.4099 -0.1217 152 90 91
-0.9323 1.3929 -0.1183 126 93 107
-0.9307 1.4693 -0.1216 190 139 128
-0.9297 1.4906 -0.1177 194 153 145
-0.9278 1.5300 -0.1215 242 213 193
-0.9360 1.5218 -0.1180 213 176 166
-0.9348 1.5918 -0.1214 240 210 189
-0.9288 1.5999 -0.1182 221 186 175
-0.9278 1.6507 -0.1213 214 181 162
-0.9329 1.6407 -0.1174 120 108 122
-0.9346 1.7081 -0.1212 181 144 134
-0.9301 1.7216 -0.1179 101 92 109
-0.9245 1.7684 -0.1211 104 77 94
-0.9283 1.7960 -0.1171 78 81 104
-0.9335 1.8278 -0.1210 101 76 94
-0.9278 1.8136 -0.1181 80 81 104
-0.9332 1.8876 -0.1208 100 76 95
-0.9358 1.8731 -0.1176 79 80 103
-0.9297 1.9519 -0.1207 115 88 100
-0.9309 1.9643 -0.1167 92 88 108
-0.9258 2.0179 -0.1206 174 141 135
-0.9343 2.0057 -0.1174 108 98 114
-0.9301 2.0812 -0.1205 174 142 136
-0.9274 2.0706 -0.1176 123 109 123
-0.9304 2.1396 -0.1204 173 143 137
-0.9275 2.1514 -0.1163 107 99 116
-0.9306 2.2005 -0.1203 161 131 129
-0.9295 2.1784 -0.1170 107 98 114
-0.9315 2.2645 -0.1202 89 77 99
-0.9262 2.2346 -0.1174 95 88 107
-0.9341 2.3207 -0.1203 87 77 98
-0.9317 2.3175 -0.1163 78 81 104
-0.9235 2.3559 -0.1212 110 79 87
-0.9314 2.3674 -0.1161 78 81 103
-0.9521 2.4248 -0.1236 140 74 63
-0.9320 2.4390 -0.1172 88 84 104
-0.9548 2.4661 -0.1227 133 73 68
-0.9312 2.4696 -0.0874 107 33 103
-0.9307 2.4694 -0.0472 116 37 111
-0.9249 2.4676 0.0891 205 76 194
-0.9261 2.4676 0.1484 208 78 197
-0.9261 2.4676 0.2108 210 79 199
-0.9262 2.4676 0.2731 210 79 199
-0.9262 2.4676 0.3304 208 78 198
-0.9262 2.4676 0.3877 205 76 195
-0.9263 2.4676 0.4501 200 73 192
-0.9263 2.4676 0.5124 195 70 188
-0.9251 2.4676 0.5716 182 63 175
-0.9275 2.4676 0.6286 166 56 164
-0.9264 2.4676 0.6894 152 51 154
-0.9257 2.4676 0.7509 146 49 150
-0.9259 2.4676 0.8107 136 45 144
-0.9271 2.4676 0.8695 123 41 136
-0.9272 2.4676 0.9293 117 39 133
-0.9259 2.4676 0.9901 105 35 126
-0.9260 2.4676 1.0498 95 32 119
-0.9268 2.4676 1.1096 91 30 117
-0.9271 2.4676 1.1702 83 28 111
-0.9267 2.4676 1.2299 73 25 105
-0.9270 2.4678 1.2700 74 37 112
-0.8841 -2.5252 -0.1215 232 196 173
-0.8697 -2.5294 -0.0755 79 24 79
-0.8429 -2.5295 0.0106 76 23 78
-0.8433 -2.5295 0.0903 77 24 81
-0.8433 -2.5295 0.1510 78 24 82
-0.8433 -2.5295 0.2118 79 25 87
-0.8434 -2.5295 0.2703 80 25 92
-0.8433 -2.5295 0.3289 82 27 99
-0.8433 -2.5295 0.3896 84 28 106
-0.8433 -2.5295 0.4503 89 30 120
-0.8433 -2.5295 0.5110 90 31 123
-0.8434 -2.5295 0.5707 93 32 130
-0.8432 -2.5295 0.6291 96 33 135
-0.8433 -2.5295 0.6888 96 34 137
-0.8433 -2.5295 0.7496 99 35 139
-0.8433 -2.5295 0.8103 101 36 140
-0.8433 -2.5295 0.8711 105 37 142
-0.8434 -2.5295 0.9307 108 38 144
-0.8433 -2.5295 0.9892 117 41 149
-0.8433 -2.5295 1.0488 123 43 153
-0.8455 -2.5294 1.0909 129 45 156
-0.8717 -2.5294 1.1698 134 47 159
-0.8707 -2.5294 1.2254 139 49 164
-0.8692 -2.5294 1.2692 110 50 144
-0.8704 -2.4892 -0.1217 241 210 188
-0.8793 -2.5114 -0.1197 199 153 132
-0.8695 -2.4296 -0.1218 242 213 190
-0.8687 -2.4349 -0.1197 220 181 161
-0.8638 -2.3800 -0.1219 245 220 199
-0.8729 -2.3688 -0.1198 223 189 170
-0.8700 -2.3107 -0.1216 232 197 175
-0.8689 -2.3024 -0.1199 208 166 146
-0.8707 -2.2496 -0.1217 148 84 80
-0.8677 -2.2522 -0.1199 143 90 73
-0.8898 -2.1712 -0.1229 188 102 70
-0.8907 -2.1228 -0.1234 215 118 66
-0.8721 -2.1585 -0.1199 132 80 65
-0.8814 -2.0669 -0.1235 227 142 89
-0.8882 -2.0849 -0.1196 232 172 88
-0.8727 -2.0089 -0.1235 254 253 245
-0.8710 -1.9498 -0.1235 254 254 247
-0.8713 -1.8896 -0.1236 254 254 251
-0.8713 -1.8295 -0.1236 254 254 251
-0.8713 -1.7696 -0.1236 244 163 92
-0.8708 -1.7101 -0.1237 244 157 79
-0.8625 -1.6522 -0.1237 244 158 80
-0.8519 -1.5945 -0.1237 239 151 78
-0.8464 -1.5501 -0.1237 241 178 126
-0.8593 -1.4880 -0.1222 243 216 194
-0.8710 -1.4094 -0.1236 254 247 230
-0.8738 -1.3456 -0.1224 235 207 188
-0.8448 -1.2747 -0.1237 244 160 81
-0.8512 -1.2259 -0.1237 246 161 81
-0.8597 -1.1679 -0.1237 244 158 79
-0.8683 -1.1089 -0.1237 239 148 76
-0.8715 -1.0505 -0.1237 244 191 150
-0.8712 -0.9925 -0.1235 254 251 212
-0.8781 -0.9689 -0.1005 254 253 186
-0.8553 -0.9639 0.0124 193 143 79
-0.8556 -0.9640 0.0912 197 151 87
-0.8556 -0.9639 0.1508 198 153 89
-0.8556 -0.9637 0.2103 222 181 113
-0.8556 -0.9636 0.2699 219 177 110
-0.8556 -0.9635 0.3294 209 169 105
-0.8556 -0.9633 0.3889 196 157 98
-0.8557 -0.9633 0.4462 176 141 88
-0.8471 -0.9284 -0.1217 253 241 180
-0.8518 -0.9325 -0.0899 254 240 180
-0.8544 -0.9310 0.0064 239 201 125
-0.8544 -0.9316 0.0901 239 204 132
-0.8544 -0.9313 0.1497 238 204 133
-0.8544 -0.9314 0.2097 236 202 133
-0.8544 -0.9308 0.2704 229 190 121
-0.8544 -0.9313 0.3305 223 183 117
-0.8544 -0.9307 0.3901 213 170 107
-0.8544 -0.9306 0.4480 197 154 96
-0.8487 -0.8624 -0.1213 253 227 128
-0.8533 -0.8545 -0.0644 244 210 129
-0.8535 -0.8702 0.0005 244 211 135
-0.8535 -0.8701 0.0902 244 214 143
-0.8535 -0.8704 0.1498 244 215 145
-0.8535 -0.8696 0.2094 242 214 144
-0.8535 -0.8694 0.2690 238 202 132
-0.8535 -0.8698 0.3294 234 199 130
-0.8535 -0.8692 0.3901 227 186 118
-0.8535 -0.8693 0.4483 219 178 113
-0.8476 -0.8040 -0.1212 253 226 127
-0.8526 -0.8078 -0.0700 245 211 130
-0.8527 -0.8108 0.0001 246 217 140
-0.8527 -0.8104 0.0900 237 212 150
-0.8527 -0.8105 0.1505 241 218 154
-0.8527 -0.8103 0.2096 244 222 155
-0.8527 -0.8100 0.2699 242 210 138
-0.8527 -0.8103 0.3306 239 205 134
-0.8527 -0.8097 0.3897 235 198 128
-0.8527 -0.8096 0.4476 229 191 123
-0.8490 -0.7519 -0.1213 252 228 132
-0.8518 -0.7490 -0.0777 245 210 129
-0.8518 -0.7511 0.0001 246 218 144
-0.8518 -0.7507 0.0900 204 177 142
-0.8518 -0.7506 0.1498 214 192 150
-0.8518 -0.7510 0.2088 238 217 155
-0.8518 -0.7507 0.2686 243 210 137
-0.8518 -0.7502 0.3295 242 209 137
-0.8518 -0.7500 0.3901 240 207 137
-0.8518 -0.7498 0.4482 236 201 131
-0.8487 -0.6790 -0.1217 209 157 82
-0.8509 -0.6872 -0.0859 246 212 133
-0.8510 -0.6889 -0.0004 248 221 147
-0.8510 -0.6885 0.0896 245 222 155
-0.8510 -0.6890 0.1500 229 209 157
-0.8509 -0.6882 0.2088 234 215 159
-0.8509 -0.6881 0.2689 246 220 149
-0.8509 -0.6886 0.3302 245 215 144
-0.8510 -0.6891 0.3892 241 209 137
-0.8510 -0.6913 0.4481 236 198 125
-0.8478 -0.6234 -0.1218 244 212 134
-0.8501 -0.6282 -0.0905 248 219 145
-0.8501 -0.6280 -0.0004 248 222 148
-0.8501 -0.6276 0.0900 249 224 153
-0.8501 -0.6275 0.1502 239 218 159
-0.8501 -0.6281 0.2113 239 221 163
-0.8501 -0.6278 0.2719 246 219 147
-0.8501 -0.6272 0.3305 244 213 139
-0.8501 -0.6285 0.3906 242 209 136
-0.8501 -0.6308 0.4480 238 201 128
-0.8468 -0.5687 -0.1217 247 218 142
-0.8493 -0.5700 -0.0897 249 222 148
-0.8493 -0.5694 -0.0001 249 224 151
-0.8493 -0.5694 0.0896 249 224 152
-0.8493 -0.5697 0.1500 249 231 164
-0.8493 -0.5690 0.2113 240 224 167
-0.8493 -0.5689 0.2704 246 219 148
-0.8493 -0.5688 0.3295 244 212 138
-0.8493 -0.5693 0.3903 243 209 136
-0.8492 -0.5685 0.4480 241 206 134
-0.8462 -0.5046 -0.1214 247 217 141
-0.8484 -0.5107 -0.0898 248 220 145
-0.8484 -0.5107 -0.0003 249 224 151
-0.8484 -0.5109 0.0893 250 227 159
-0.8484 -0.5095 0.1493 250 232 166
-0.8484 -0.5106 0.2106 249 231 166
-0.8484 -0.5099 0.2711 247 219 147
-0.8484 -0.5101 0.3298 245 215 143
-0.8484 -0.5100 0.3898 244 211 139
-0.8484 -0.5095 0.4488 242 209 137
-0.8456 -0.4489 -0.1212 246 209 126
-0.8476 -0.4518 -0.0899 248 221 148
-0.8476 -0.4516 -0.0004 249 226 156
-0.8476 -0.4516 0.0902 250 230 163
-0.8476 -0.4511 0.1511 250 229 161
-0.8476 -0.4509 0.2115 248 222 151
-0.8476 -0.4508 0.2719 247 220 149
-0.8476 -0.4514 0.3312 247 223 154
-0.8476 -0.4506 0.3904 246 223 155
-0.8476 -0.4502 0.4491 244 223 155
-0.8459 -0.3898 -0.1213 249 232 161
-0.8469 -0.4029 -0.0895 249 227 156
-0.8469 -0.4029 0.0004 250 230 162
-0.8469 -0.4027 0.0894 251 232 165
-0.8469 -0.4030 0.1490 250 229 161
-0.8469 -0.4024 0.2104 249 225 156
-0.8469 -0.4027 0.2700 249 225 157
-0.8469 -0.4018 0.3287 248 228 160
-0.8469 -0.4021 0.3900 247 229 162
-0.8469 -0.4020 0.4487 246 231 165
-0.8645 -0.3197 -0.1214 213 181 148
-0.8693 -0.2705 -0.1213 118 90 101
-0.8697 -0.2156 -0.1212 96 77 97
-0.8982 -0.2122 -0.1196 254 184 251
-0.8698 -0.1575 -0.1211 96 78 98
-0.8481 -0.1426 -0.1199 106 95 109
-0.8706 -0.0957 -0.1209 94 78 99
-0.8648 -0.0878 -0.1199 80 69 89
-0.8669 -0.0976 0.0059 254 143 254
-0.8671 -0.0976 0.0895 255 145 254
-0.8679 -0.1003 0.1539 253 105 246
-0.8679 -0.1003 0.2111 252 104 246
-0.8678 -0.1003 0.2684 252 103 245
-0.8678 -0.1003 0.3297 252 102 244
-0.8677 -0.1003 0.3908 252 100 243
-0.8676 -0.1003 0.4480 251 98 242
-0.8676 -0.1003 0.5092 250 96 240
-0.8675 -0.1003 0.5704 249 94 238
-0.8674 -0.1003 0.6276 248 91 236
-0.8674 -0.1003 0.6888 247 89 234
-0.8673 -0.1003 0.7499 245 86 231
-0.8672 -0.1003 0.8111 243 82 227
-0.8672 -0.1003 0.8722 240 79 223
-0.8671 -0.1003 0.9294 237 76 219
-0.8671 -0.1003 0.9905 233 73 214
-0.8670 -0.1003 1.0516 228 69 208
-0.8669 -0.1003 1.1087 223 66 202
-0.8685 -0.1003 1.1708 215 61 193
-0.8709 -0.1003 1.2308 206 57 185
-0.8703 -0.1003 1.2884 198 54 177
-0.8712 -0.1003 1.3493 187 49 167
-0.8707 -0.1003 1.4099 175 45 156
-0.8706 -0.1003 1.4709 159 40 143
-0.8706 -0.1003 1.5155 145 36 133
-0.8675 -0.0055 -0.1207 210 170 158
-0.8867 -0.0176 -0.1199 115 94 104
-0.8683 0.0919 -0.1205 199 168 159
-0.8584 0.1121 -0.1193 149 123 125
-0.8947 0.0986 0.0432 254 126 252
-0.8969 0.0985 0.0898 254 120 251
-0.8969 0.0985 0.1493 254 116 250
-0.8969 0.0985 0.2086 253 111 248
-0.8970 0.0985 0.2697 251 104 245
-0.8969 0.0985 0.3308 247 95 239
-0.8969 0.0985 0.3903 239 84 228
-0.8969 0.0985 0.4498 217 69 208
-0.8969 0.0985 0.5093 212 67 204
-0.8969 0.0985 0.5688 213 67 206
-0.8970 0.0985 0.6299 213 66 205
-0.8969 0.0985 0.6910 211 66 204
-0.8969 0.0985 0.7505 209 64 202
-0.8969 0.0985 0.8099 213 65 206
-0.8964 0.0986 0.8629 207 63 201
-0.8675 0.0993 0.9300 253 113 250
-0.8676 0.0993 0.9899 251 101 245
-0.8675 0.0993 1.0501 245 88 236
-0.8721 0.0993 1.0884 239 80 228
-0.8680 0.0974 1.1697 213 65 205
-0.8732 0.0974 1.2221 211 64 203
-0.8673 0.0970 1.2901 224 70 213
-0.8658 0.0970 1.3340 218 68 209
-0.8691 0.1699 -0.1204 164 136 135
-0.8531 0.1471 -0.1196 150 124 124
-0.8695 0.2284 -0.1203 114 93 106
-0.8718 0.2050 -0.1196 140 114 117
-0.8698 0.2873 -0.1201 90 79 101
-0.8836 0.2693 -0.1196 82 70 89
-0.8683 0.3338 -0.1204 92 79 100
-0.8729 0.3530 -0.1158 115 102 118
-0.8868 0.3593 0.0387 253 251 235
-0.8882 0.3599 0.1021 255 254 252
-0.8879 0.3599 0.1500 255 254 251
-0.8879 0.3599 0.2095 255 254 250
-0.8879 0.3599 0.2696 255 254 249
-0.8880 0.3599 0.3299 255 254 248
-0.8880 0.3599 0.3899 255 254 244
-0.8879 0.3599 0.4478 224 218 217
-0.8681 0.3895 -0.1203 90 79 101
-0.8713 0.4132 -0.1153 115 108 125
-0.8749 0.3908 0.0396 254 254 246
-0.8754 0.3905 0.1032 255 254 253
-0.8754 0.3895 0.1501 255 255 253
-0.8754 0.3899 0.2097 255 254 253
-0.8754 0.3899 0.2699 255 254 253
-0.8754 0.3899 0.3301 255 255 252
-0.8754 0.3895 0.3898 255 254 249
-0.8754 0.3899 0.4478 249 248 240
-0.8679 0.4480 -0.1201 118 104 111
-0.8997 0.4753 -0.0905 237 206 147
-0.8997 0.4762 -0.0005 241 217 160
-0.8993 0.4737 0.0686 243 222 167
-0.8753 0.4506 0.1497 255 255 254
-0.8753 0.4504 0.2092 255 255 254
-0.8753 0.4503 0.2693 255 255 254
-0.8753 0.4506 0.3299 255 255 254
-0.8753 0.4506 0.3900 255 254 252
-0.8753 0.4507 0.4478 254 254 249
-0.8725 0.4918 -0.1204 184 149 125
-0.8902 0.5071 -0.0984 191 156 119
-0.8992 0.5138 0.0024 218 186 131
-0.8991 0.5142 0.0744 223 193 140
-0.8753 0.5103 0.1502 255 255 253
-0.8753 0.5106 0.2102 255 255 253
-0.8753 0.5099 0.2696 255 255 253
-0.8753 0.5102 0.3299 255 254 252
-0.8753 0.5099 0.3902 254 254 248
-0.8753 0.5102 0.4478 254 254 243
-0.8711 0.5545 -0.1203 183 148 124
-0.8907 0.5664 -0.0967 196 159 116
-0.8967 0.5690 0.0001 214 181 129
-0.8967 0.5685 0.0715 219 189 137
-0.8752 0.5701 0.1499 246 251 249
-0.8752 0.5702 0.2103 255 254 250
-0.8752 0.5702 0.2707 255 254 249
-0.8752 0.5700 0.3299 254 254 246
-0.8752 0.5701 0.3899 254 254 240
-0.8752 0.5701 0.4479 254 251 229
-0.8673 0.6151 -0.1202 178 146 128
-0.8873 0.6299 -0.0968 191 155 116
-0.8941 0.6262 0.0002 212 179 127
-0.8941 0.6260 0.0675 216 186 136
-0.8751 0.6302 0.1503 235 243 240
-0.8751 0.6301 0.2107 254 253 240
-0.8751 0.6303 0.2710 254 253 237
-0.8751 0.6302 0.3307 254 253 235
-0.8751 0.6302 0.3902 254 250 226
-0.8751 0.6302 0.4479 249 242 207
-0.8625 0.6672 -0.1201 172 143 133
-0.8914 0.6864 -0.0911 202 166 119
-0.8914 0.6862 0.0004 208 175 125
-0.8912 0.6861 0.0686 213 184 134
-0.8750 0.6904 0.1498 230 236 225
-0.8750 0.6906 0.2104 254 250 224
-0.8750 0.6903 0.2701 253 246 214
-0.8750 0.6909 0.3295 252 246 214
-0.8750 0.6905 0.3899 247 237 199
-0.8750 0.6904 0.4480 228 216 173
-0.8633 0.7531 -0.1203 149 132 126
-0.8824 0.7416 -0.0965 197 165 130
-0.8886 0.7484 0.0005 205 172 123
-0.8870 0.7486 0.0685 214 186 140
-0.8750 0.7494 0.1497 219 221 202
-0.8750 0.7491 0.2100 250 239 200
-0.8750 0.7492 0.2700 249 237 196
-0.8750 0.7489 0.3299 243 228 185
-0.8750 0.7494 0.3901 223 204 160
-0.8750 0.7491 0.4477 158 144 114
-0.8619 0.8115 -0.1203 148 125 119
-0.8806 0.8036 -0.0990 191 145 115
-0.8862 0.8008 -0.0038 202 169 121
-0.8849 0.8005 0.0648 207 180 136
-0.8744 0.8094 0.1498 215 220 212
-0.8744 0.8087 0.2109 254 249 221
-0.8744 0.8097 0.2706 254 249 222
-0.8744 0.8097 0.3292 253 248 219
-0.8744 0.8108 0.3896 252 246 214
-0.8744 0.8104 0.4485 249 241 205
-0.8612 0.8705 -0.1206 138 108 98
-0.8829 0.8686 -0.0899 188 147 104
-0.8832 0.8684 0.0021 197 164 117
-0.8743 0.8700 0.0902 251 239 198
-0.8743 0.8686 0.1501 250 238 198
-0.8743 0.8683 0.2104 251 240 202
-0.8743 0.8700 0.2703 251 242 205
-0.8743 0.8715 0.3300 250 239 201
-0.8743 0.8704 0.3903 247 234 194
-0.8743 0.8706 0.4479 241 227 186
-0.8636 0.9264 -0.1233 158 108 88
-0.8758 0.9320 -0.0953 165 132 99
-0.8801 0.9378 -0.0008 190 156 111
-0.8742 0.9289 0.0909 247 230 184
-0.8742 0.9299 0.1493 247 231 186
-0.8742 0.9292 0.2099 247 231 186
-0.8742 0.9293 0.2699 245 229 185
-0.8742 0.9295 0.3299 242 225 180
-0.8742 0.9297 0.3902 235 217 171
-0.8742 0.9284 0.4484 224 205 162
-0.8761 0.9889 -0.1234 191 157 123
-0.8737 0.9992 -0.0960 172 138 102
-0.8774 0.9982 -0.0025 186 153 109
-0.8768 0.9609 0.1370 239 217 169
-0.8769 0.9605 0.2205 238 218 170
-0.8769 0.9603 0.3292 222 198 153
-0.8772 0.9611 0.3900 201 177 135
-0.8769 0.9608 0.4315 205 181 141
-0.8904 1.0444 -0.1233 217 189 152
-0.8671 1.0615 -0.1129 192 160 133
-0.8754 1.0264 -0.0135 203 170 122
-0.8888 1.0973 -0.1228 240 211 190
-0.8694 1.1139 -0.1185 204 172 155
-0.8697 1.1667 -0.1219 241 214 194
-0.8710 1.1720 -0.1186 219 185 174
-0.8671 1.2255 -0.1217 188 142 134
-0.8694 1.2316 -0.1184 171 128 126
-0.8728 1.3058 -0.1220 159 92 88
-0.8708 1.2795 -0.1184 127 92 106
-0.8697 1.3502 -0.1219 156 91 89
-0.8711 1.3599 -0.1181 126 92 106
-0.8697 1.4097 -0.1218 152 90 90
-0.8706 1.3930 -0.1182 126 92 106
-0.8701 1.4702 -0.1217 191 141 130
-0.8705 1.4931 -0.1177 195 154 146
-0.8671 1.5290 -0.1216 242 213 192
-0.8705 1.5234 -0.1180 214 177 166
-0.8725 1.5896 -0.1215 241 212 191
-0.8735 1.6023 -0.1182 221 188 176
-0.8723 1.6520 -0.1213 215 182 164
-0.8707 1.6431 -0.1174 120 108 122
-0.8676 1.7109 -0.1212 179 140 130
-0.8729 1.7240 -0.1179 100 91 109
-0.8728 1.7734 -0.1211 106 77 93
-0.8742 1.7977 -0.1170 78 80 103
-0.8709 1.8290 -0.1210 103 76 93
-0.8622 1.8077 -0.1177 80 80 103
-0.8653 1.8919 -0.1209 101 76 94
-0.8775 1.8706 -0.1180 80 79 102
-0.8688 1.9514 -0.1208 104 81 97
-0.8731 1.9676 -0.1167 93 89 108
-0.8714 2.0036 -0.1207 177 143 135
-0.8731 2.0071 -0.1174 109 99 115
-0.8740 2.0620 -0.1206 176 143 136
-0.8687 2.0759 -0.1177 125 110 123
-0.8693 2.1209 -0.1205 175 144 138
-0.8755 2.1420 -0.1165 111 102 118
-0.8695 2.1809 -0.1204 167 137 133
-0.8620 2.1664 -0.1165 106 98 114
-0.8678 2.2356 -0.1203 116 92 103
-0.8773 2.2717 -0.1182 86 81 103
-0.8676 2.3012 -0.1204 89 76 97
-0.8730 2.3178 -0.1163 78 81 103
-0.8704 2.3664 -0.1203 87 76 98
-0.8661 2.3631 -0.1160 78 80 102
-0.8786 2.4168 -0.1217 77 72 94
-0.8697 2.4397 -0.1198 90 79 100
-0.8688 2.4641 -0.1213 83 73 94
-0.8742 2.4696 -0.0872 111 35 107
-0.8739 2.4694 -0.0470 120 38 115
-0.8652 2.4676 0.0877 227 93 217
-0.8652 2.4676 0.1495 228 94 219
-0.8652 2.4676 0.2112 228 93 218
-0.8653 2.4676 0.2729 228 93 218
-0.8646 2.4677 0.3305 216 84 207
-0.8660 2.4676 0.3870 226 91 216
-0.8654 2.4676 0.4479 215 83 206
-0.8654 2.4676 0.5096 205 76 197
-0.8655 2.4676 0.5713 198 72 190
-0.8648 2.4676 0.6322 187 66 181
-0.8651 2.4677 0.6906 167 57 165
-0.8660 2.4676 0.7488 152 51 155
-0.8663 2.4676 0.8088 143 47 149
-0.8656 2.4676 0.8697 128 42 140
-0.8650 2.4676 0.9305 119 39 134
-0.8653 2.4676 0.9904 106 35 126
-0.8656 2.4676 1.0504 98 32 120
-0.8659 2.4676 1.1104 92 30 117
-0.8662 2.4676 1.1703 84 28 112
-0.8666 2.4676 1.2303 74 25 106
-0.8641 2.4678 1.2698 72 31 107
-0.8224 -2.5262 -0.1213 229 191 168
-0.8091 -2.5294 -0.0782 82 25 81
-0.8088 -2.5295 0.0093 78 24 79
-0.8090 -2.5295 0.0894 79 25 83
-0.8089 -2.5295 0.1504 80 25 84
-0.8089 -2.5295 0.2116 80 25 87
-0.8089 -2.5295 0.2704 81 26 93
-0.8089 -2.5295 0.3293 83 27 99
-0.8089 -2.5295 0.3905 85 28 108
-0.8095 -2.5295 0.4506 90 31 122
-0.8087 -2.5295 0.5099 91 31 124
-0.8085 -2.5295 0.5698 94 33 131
-0.8093 -2.5295 0.6299 96 34 136
-0.8090 -2.5295 0.6900 96 34 137
-0.8088 -2.5295 0.7502 100 35 139
-0.8090 -2.5295 0.8103 105 37 142
-0.8089 -2.5295 0.8701 107 37 143
-0.8088 -2.5295 0.9300 110 39 145
-0.8091 -2.5295 0.9901 119 42 150
-0.8089 -2.5295 1.0500 128 45 156
-0.8066 -2.5295 1.0922 137 49 162
-0.8099 -2.5293 1.1701 139 49 163
-0.8093 -2.5293 1.2298 144 51 167
-0.7936 -2.5293 1.2633 160 59 178
-0.8097 -2.4903 -0.1217 239 207 185
-0.8087 -2.5078 -0.1195 201 156 135
-0.8103 -2.4296 -0.1218 241 212 190
-0.8094 -2.4335 -0.1197 219 181 161
-0.8083 -2.3702 -0.1219 244 218 196
-0.8132 -2.3707 -0.1198 222 187 168
-0.7939 -2.3300 -0.1219 242 215 193
-0.8084 -2.3063 -0.1199 213 172 152
-0.8091 -2.2492 -0.1217 147 83 80
-0.8082 -2.2590 -0.1199 156 102 82
-0.8107 -2.1901 -0.1218 147 83 80
-0.8094 -2.1305 -0.1219 145 82 79
-0.8154 -2.1585 -0.1199 141 90 68
-0.8272 -2.0482 -0.1233 184 95 62
-0.8331 -1.9916 -0.1234 254 249 233
-0.8291 -1.9448 -0.1234 254 253 244
-0.8196 -1.8873 -0.1235 254 254 248
-0.8118 -1.8289 -0.1235 254 254 249
-0.8111 -1.7694 -0.1235 241 155 87
-0.8113 -1.7096 -0.1236 239 147 75
-0.8113 -1.6500 -0.1236 238 145 74
-0.8113 -1.5898 -0.1237 239 146 74
-0.7905 -1.5123 -0.1237 253 246 237
-0.7872 -1.4636 -0.1237 254 254 253
-0.7954 -1.4075 -0.1237 254 254 253
-0.8041 -1.3484 -0.1237 254 254 253
-0.8111 -1.2900 -0.1237 250 198 148
-0.8113 -1.2305 -0.1236 243 154 77
-0.8112 -1.1702 -0.1236 239 148 74
-0.8116 -1.1103 -0.1236 235 142 72
-0.8110 -1.0505 -0.1235 242 187 146
-0.8137 -0.9918 -0.1235 254 253 240
-0.7929 -0.9213 -0.1235 227 203 170
-0.8293 -0.9101 -0.1199 138 116 123
-0.8107 -0.8700 -0.1216 221 187 158
-0.8013 -0.8746 -0.1199 143 120 125
-0.8066 -0.8140 -0.1215 216 182 158
-0.8273 -0.7958 -0.1197 142 120 125
-0.7959 -0.7362 -0.1220 85 73 92
-0.8042 -0.7593 -0.1198 94 81 98
-0.8101 -0.6854 -0.1220 90 78 92
-0.8318 -0.6831 -0.1196 83 75 96
-0.8119 -0.6262 -0.1220 129 100 98
-0.8104 -0.5664 -0.1219 132 103 101
-0.8101 -0.5031 -0.1218 200 165 139
-0.8103 -0.4460 -0.1216 198 163 136
-0.8089 -0.3865 -0.1215 198 169 149
-0.8108 -0.3220 -0.1214 186 153 144
-0.8095 -0.2685 -0.1213 119 87 97
-0.8083 -0.2143 -0.1212 101 78 96
-0.8327 -0.1979 -0.1199 196 99 196
-0.8108 -0.1569 -0.1211 101 78 96
-0.8375 -0.1641 -0.1197 168 161 169
-0.8094 -0.0936 -0.1209 98 78 98
-0.7831 -0.0716 -0.1197 137 131 140
-0.8059 -0.0975 0.0039 255 136 253
-0.8058 -0.0975 0.0907 254 137 253
-0.8098 -0.1003 0.1541 253 110 248
-0.8098 -0.1003 0.2112 253 109 248
-0.8097 -0.1003 0.2685 253 107 247
-0.8097 -0.1003 0.3296 253 106 246
-0.8096 -0.1003 0.3908 252 104 245
-0.8095 -0.1003 0.4480 252 102 245
-0.8095 -0.1003 0.5091 252 100 243
-0.8094 -0.1003 0.5702 251 97 241
-0.8086 -0.1003 0.6303 250 95 239
-0.8101 -0.1003 0.6912 249 92 237
-0.8093 -0.1003 0.7496 247 89 234
-0.8092 -0.1003 0.8107 245 86 231
-0.8091 -0.1003 0.8717 243 82 227
-0.8091 -0.1003 0.9288 240 79 223
-0.8090 -0.1003 0.9899 237 76 218
-0.8090 -0.1003 1.0509 232 72 213
-0.8089 -0.1003 1.1080 227 68 206
-0.8089 -0.1003 1.1690 221 64 199
-0.8088 -0.1003 1.2300 213 61 192
-0.8087 -0.1003 1.2910 204 56 182
-0.8087 -0.1003 1.3519 194 52 173
-0.8086 -0.1003 1.4089 182 48 162
-0.8086 -0.1003 1.4699 168 43 151
-0.8085 -0.1003 1.5146 155 40 141
-0.8077 -0.0032 -0.1207 213 172 159
-0.8045 0.0027 -0.1196 131 110 117
-0.8141 0.0858 -0.1206 210 178 167
-0.8298 0.0848 -0.1196 155 130 130
-0.8091 0.0993 0.0133 255 194 254
-0.8088 0.0993 0.0890 255 197 254
-0.8090 0.0993 0.1485 255 197 254
-0.8090 0.0993 0.2082 255 197 254
-0.8084 0.0993 0.2691 254 196 254
-0.8090 0.0993 0.3302 254 195 254
-0.8091 0.0993 0.3905 254 194 254
-0.8090 0.0993 0.4504 254 192 254
-0.8090 0.0993 0.5101 254 189 254
-0.8090 0.0993 0.5698 254 184 254
-0.8089 0.0993 0.6298 254 173 254
-0.8088 0.0993 0.6901 254 162 254
-0.8089 0.0993 0.7502 254 150 254
-0.8089 0.0993 0.8102 254 138 254
-0.8090 0.0993 0.8701 254 126 252
-0.8089 0.0993 0.9300 253 113 250
-0.8090 0.0993 0.9898 251 99 244
-0.8091 0.0993 1.0495 244 86 234
-0.8223 0.0991 1.0855 236 78 226
-0.8118 0.0975 1.1676 208 62 201
-0.8263 0.0974 1.2093 212 64 204
-0.8090 0.0971 1.2900 215 66 206
-0.8117 0.0971 1.3339 214 65 206
-0.8054 0.1552 -0.1204 167 139 136
-0.7884 0.1671 -0.1197 151 124 123
-0.8072 0.2280 -0.1203 116 93 105
-0.7998 0.2139 -0.1198 136 111 114
-0.8065 0.2893 -0.1201 91 78 99
-0.8179 0.2713 -0.1197 84 69 88
-0.8105 0.3350 -0.1204 94 78 99
-0.8167 0.3499 -0.1199 89 77 98
-0.8101 0.3922 -0.1203 92 79 100
-0.8205 0.4140 -0.1198 86 77 98
-0.8084 0.4508 -0.1201 101 84 101
-0.7992 0.4280 -0.1198 88 77 98
-0.8091 0.4948 -0.1205 163 133 131
-0.8119 0.4939 -0.1197 138 115 122
-0.8112 0.5481 -0.1204 164 134 133
-0.8117 0.5670 -0.1196 147 124 129
-0.8103 0.6069 -0.1202 164 136 135
-0.8106 0.6436 -0.1194 147 125 129
-0.8082 0.6690 -0.1201 160 134 133
-0.8116 0.6796 -0.1196 159 132 133
-0.8117 0.7567 -0.1203 95 78 98
-0.8094 0.7268 -0.1192 108 92 107
-0.8098 0.8135 -0.1203 94 78 98
-0.8131 0.8136 -0.1191 85 79 101
-0.8073 0.8697 -0.1202 93 79 98
-0.8134 0.8848 -0.1192 85 80 102
-0.8286 0.9258 -0.1237 248 167 84
-0.8121 0.9148 -0.1189 84 79 102
-0.8112 0.9949 -0.1221 231 196 176
-0.8113 1.0069 -0.1187 190 158 153
-0.8072 1.0491 -0.1220 230 197 180
-0.8096 1.0717 -0.1189 222 188 176
-0.8098 1.1118 -0.1219 244 219 199
-0.8101 1.1174 -0.1185 223 189 178
-0.8075 1.1711 -0.1218 243 217 197
-0.8075 1.1748 -0.1186 218 183 172
-0.8124 1.2345 -0.1217 175 119 112
-0.8087 1.2343 -0.1183 170 125 122
-0.8103 1.2967 -0.1216 148 90 93
-0.8106 1.2826 -0.1184 130 91 103
-0.8109 1.3519 -0.1220 162 92 87
-0.8134 1.3580 -0.1180 129 92 105
-0.8102 1.4103 -0.1219 156 91 89
-0.8094 1.3955 -0.1182 128 92 105
-0.8099 1.4699 -0.1217 193 141 128
-0.8114 1.4955 -0.1177 196 155 146
-0.8100 1.5277 -0.1216 242 213 191
-0.8049 1.5198 -0.1180 213 176 165
-0.8087 1.5891 -0.1215 241 212 192
-0.8122 1.6063 -0.1182 222 188 177
-0.8121 1.6495 -0.1214 219 187 168
-0.8094 1.6453 -0.1174 120 108 121
-0.8050 1.7072 -0.1213 190 152 138
-0.8098 1.7286 -0.1179 98 89 106
-0.8144 1.7684 -0.1212 110 76 91
-0.8299 1.7879 -0.1183 82 76 97
-0.8065 1.8307 -0.1211 106 76 92
-0.8046 1.8024 -0.1171 78 79 101
-0.8095 1.8869 -0.1210 103 76 93
-0.8153 1.8724 -0.1180 81 79 101
-0.8124 1.9461 -0.1208 112 84 97
-0.8082 1.9705 -0.1167 94 88 107
-0.8090 2.0105 -0.1207 173 138 132
-0.8076 2.0083 -0.1174 109 99 114
-0.8072 2.0763 -0.1206 177 144 137
-0.8082 2.0743 -0.1180 129 113 124
-0.8096 2.1403 -0.1205 176 145 139
-0.8110 2.1305 -0.1168 117 106 121
-0.8116 2.1984 -0.1204 164 134 131
-0.8114 2.1652 -0.1164 106 98 114
-0.8127 2.2591 -0.1203 96 77 96
-0.8059 2.2307 -0.1177 96 87 105
-0.8125 2.3251 -0.1204 90 75 95
-0.8097 2.3192 -0.1163 77 79 101
-0.8158 2.3780 -0.1204 88 75 96
-0.8115 2.3651 -0.1160 77 80 102
-0.7948 2.4138 -0.1204 85 75 96
-0.8260 2.4511 -0.1198 98 83 101
-0.8089 2.4650 -0.1210 83 72 92
-0.8165 2.4696 -0.0870 117 37 111
-0.8154 2.4695 -0.0478 132 43 125
-0.8056 2.4677 0.0895 245 118 239
-0.8056 2.4677 0.1506 244 116 238
-0.8056 2.4677 0.2116 242 112 235
-0.8057 2.4677 0.2727 243 113 236
-0.8057 2.4677 0.3337 245 119 240
-0.8046 2.4677 0.3916 238 105 230
-0.8069 2.4677 0.4474 235 101 227
-0.8058 2.4677 0.5069 220 87 212
-0.8059 2.4677 0.5679 213 81 204
-0.8059 2.4677 0.6289 199 73 192
-0.8060 2.4677 0.6900 183 64 179
-0.8060 2.4677 0.7510 163 56 164
-0.8054 2.4677 0.8113 147 49 153
-0.8056 2.4677 0.8706 131 43 142
-0.8060 2.4677 0.9299 123 41 137
-0.8061 2.4677 0.9900 107 35 127
-0.8063 2.4677 1.0502 100 33 122
-0.8066 2.4677 1.1095 90 30 116
-0.8062 2.4677 1.1697 82 27 111
-0.8063 2.4677 1.2306 75 26 106
-0.8084 2.4678 1.2703 73 37 110
-0.7407 -2.5271 -0.1206 182 130 117
-0.7489 -2.5293 -0.0793 86 27 85
-0.7490 -2.5295 0.0086 82 25 82
-0.7487 -2.5295 0.0899 84 26 86
-0.7492 -2.5295 0.1495 85 26 87
-0.7490 -2.5294 0.2111 84 26 90
-0.7489 -2.5294 0.2706 85 27 94
-0.7489 -2.5295 0.3302 86 28 102
-0.7492 -2.5294 0.3901 90 30 112
-0.7487 -2.5294 0.4496 92 31 123
-0.7495 -2.5294 0.5101 95 32 126
-0.7485 -2.5294 0.5698 97 34 134
-0.7493 -2.5294 0.6298 98 34 136
-0.7490 -2.5294 0.6900 98 35 138
-0.7489 -2.5294 0.7499 101 35 140
-0.7490 -2.5294 0.8099 107 37 143
-0.7491 -2.5294 0.8701 109 38 145
-0.7489 -2.5294 0.9299 116 40 148
-0.7489 -2.5294 0.9900 126 44 154
-0.7491 -2.5294 1.0500 132 46 159
-0.7473 -2.5294 1.0971 142 50 165
-0.7488 -2.5293 1.1700 143 50 166
-0.7488 -2.5293 1.2299 150 54 171
-0.7440 -2.5293 1.2663 158 57 177
-0.7305 -2.4941 -0.1216 134 85 89
-0.7369 -2.5137 -0.1197 162 109 91
-0.7506 -2.4287 -0.1217 177 121 110
-0.7518 -2.4377 -0.1197 159 109 92
-0.7492 -2.3691 -0.1218 172 117 106
-0.7479 -2.3690 -0.1198 153 104 89
-0.7441 -2.3198 -0.1219 166 108 100
-0.7492 -2.3097 -0.1199 150 100 83
-0.7490 -2.2500 -0.1216 212 170 152
-0.7526 -2.2639 -0.1199 187 132 83
-0.7507 -2.1893 -0.1217 212 170 151
-0.7497 -2.1288 -0.1219 218 176 156
-0.7557 -2.1584 -0.1199 218 165 92
-0.7445 -2.0797 -0.1219 226 189 168
-0.7556 -1.9953 -0.1234 196 136 110
-0.7509 -1.9491 -0.1235 180 117 95
-0.7642 -1.9141 -0.1235 202 152 128
-0.7740 -1.8127 -0.1233 250 245 239
-0.7674 -1.7654 -0.1234 234 154 98
-0.7252 -1.6943 -0.1237 254 249 234
-0.7314 -1.6459 -0.1237 254 251 240
-0.7399 -1.5879 -0.1237 250 222 194
-0.7487 -1.5287 -0.1237 249 210 175
-0.7514 -1.4702 -0.1237 249 213 183
-0.7513 -1.4103 -0.1236 249 213 182
-0.7511 -1.3506 -0.1236 248 212 183
-0.7513 -1.2905 -0.1236 246 201 163
-0.7515 -1.2307 -0.1235 244 190 145
-0.7577 -1.1724 -0.1235 238 167 114
-0.7388 -1.0875 -0.1235 166 120 106
-0.7390 -1.0712 -0.1234 168 124 110
-0.7501 -0.9910 -0.1219 198 156 138
-0.7435 -0.9130 -0.1235 188 142 121
-0.7366 -0.8920 -0.1235 185 134 113
-0.7795 -0.8470 -0.1199 146 122 125
-0.7284 -0.8307 -0.1236 252 250 220
-0.7514 -0.8114 -0.1199 121 101 110
-0.7484 -0.7487 -0.1221 99 83 99
-0.7584 -0.7458 -0.1198 88 77 96
-0.7494 -0.6864 -0.1220 100 85 100
-0.7567 -0.7063 -0.1197 102 86 102
-0.7509 -0.6248 -0.1220 124 94 103
-0.7513 -0.5727 -0.1219 129 96 103
-0.7485 -0.5109 -0.1218 162 126 121
-0.7499 -0.4440 -0.1216 169 134 128
-0.7497 -0.3846 -0.1215 172 137 131
-0.7510 -0.3215 -0.1214 170 137 131
-0.7503 -0.2691 -0.1213 131 99 105
-0.7487 -0.2143 -0.1212 125 97 107
-0.7514 -0.1549 -0.1211 120 94 106
-0.7501 -0.0930 -0.1209 120 95 106
-0.7738 -0.1021 -0.1197 255 255 252
-0.7455 -0.0974 0.0034 254 131 252
-0.7460 -0.0974 0.0897 254 132 252
-0.7518 -0.1003 0.1542 254 113 249
-0.7518 -0.1003 0.2113 254 113 249
-0.7517 -0.1003 0.2685 254 112 249
-0.7517 -0.1003 0.3296 253 110 248
-0.7516 -0.1003 0.3908 253 108 248
-0.7516 -0.1003 0.4479 253 106 247
-0.7515 -0.1003 0.5090 252 104 245
-0.7515 -0.1003 0.5700 252 101 244
-0.7514 -0.1003 0.6311 251 98 242
-0.7514 -0.1003 0.6921 250 95 240
-0.7513 -0.1003 0.7492 249 93 238
-0.7513 -0.1003 0.8102 247 89 234
-0.7512 -0.1003 0.8713 245 86 231
-0.7512 -0.1003 0.9283 243 82 227
-0.7511 -0.1003 0.9893 240 79 223
-0.7511 -0.1003 1.0503 236 75 217
-0.7506 -0.1003 1.1108 231 71 211
-0.7514 -0.1003 1.1716 225 67 204
-0.7509 -0.1003 1.2292 218 63 197
-0.7508 -0.1003 1.2901 210 59 188
-0.7508 -0.1003 1.3510 200 55 179
-0.7508 -0.1003 1.4080 190 50 169
-0.7507 -0.1003 1.4689 176 46 158
-0.7507 -0.1003 1.5136 163 42 147
-0.7479 -0.0014 -0.1207 201 157 146
-0.7359 0.0083 -0.1198 119 100 109
-0.7523 0.0731 -0.1206 203 165 155
-0.7561 0.0881 -0.1198 136 113 118
-0.7501 0.0993 0.0159 255 196 254
-0.7492 0.0993 0.0904 255 199 254
-0.7498 0.0993 0.1502 255 200 254
-0.7498 0.0993 0.2089 254 199 254
-0.7498 0.0993 0.2699 254 198 254
-0.7498 0.0993 0.3309 254 197 254
-0.7498 0.0993 0.3897 254 195 254
-0.7492 0.0993 0.4495 254 194 254
-0.7499 0.0993 0.5100 254 191 254
-0.7497 0.0993 0.5701 254 184 254
-0.7497 0.0993 0.6303 254 173 254
-0.7497 0.0993 0.6901 254 162 254
-0.7495 0.0993 0.7499 254 150 254
-0.7496 0.0993 0.8098 254 137 254
-0.7499 0.0993 0.8698 254 124 252
-0.7497 0.0993 0.9299 253 111 249
-0.7497 0.0993 0.9901 250 97 243
-0.7508 0.0993 1.0450 243 84 232
-0.7512 0.0976 1.1100 210 62 202
-0.7638 0.0976 1.1533 203 60 196
-0.7515 0.0972 1.2303 217 66 208
-0.7546 0.0972 1.2868 209 62 201
-0.7687 0.0971 1.3263 212 64 204
-0.7495 0.1485 -0.1204 146 120 123
-0.7709 0.1368 -0.1197 140 115 116
-0.7499 0.2295 -0.1203 115 93 106
-0.7294 0.2123 -0.1199 99 80 93
-0.7477 0.2911 -0.1201 112 94 108
-0.7473 0.2692 -0.1199 128 101 105
-0.7502 0.3367 -0.1204 113 93 107
-0.7556 0.3524 -0.1200 102 87 103
-0.7522 0.3949 -0.1203 108 90 105
-0.7717 0.3801 -0.1199 95 77 93
-0.7490 0.4536 -0.1201 120 97 108
-0.7490 0.4283 -0.1198 108 92 107
-0.7498 0.4980 -0.1205 148 119 121
-0.7489 0.4959 -0.1197 127 105 115
-0.7507 0.5508 -0.1204 144 118 122
-0.7518 0.5689 -0.1196 132 111 119
-0.7523 0.6096 -0.1202 148 120 123
-0.7488 0.6463 -0.1194 128 109 118
-0.7493 0.6714 -0.1201 140 116 121
-0.7506 0.7033 -0.1196 126 104 113
-0.7509 0.7565 -0.1203 115 95 108
-0.7463 0.7292 -0.1192 103 89 105
-0.7519 0.8135 -0.1203 112 93 106
-0.7531 0.8159 -0.1191 97 88 106
-0.7487 0.8741 -0.1201 113 96 110
-0.7491 0.8878 -0.1192 115 102 115
-0.7363 0.9505 -0.1223 208 166 152
-0.7508 0.9172 -0.1189 133 111 119
-0.7529 0.9900 -0.1221 208 165 150
-0.7482 1.0094 -0.1187 192 151 144
-0.7486 1.0485 -0.1220 205 164 152
-0.7454 1.0705 -0.1189 188 148 144
-0.7474 1.1086 -0.1219 216 177 160
-0.7500 1.1177 -0.1185 199 160 152
-0.7529 1.1691 -0.1218 229 197 179
-0.7494 1.1779 -0.1187 191 151 145
-0.7492 1.2328 -0.1217 186 132 121
-0.7472 1.2369 -0.1184 163 119 119
-0.7477 1.3142 -0.1219 179 127 120
-0.7508 1.2853 -0.1184 159 121 124
-0.7508 1.3657 -0.1220 179 121 112
-0.7489 1.3591 -0.1181 161 123 125
-0.7495 1.4087 -0.1219 184 131 121
-0.7537 1.3982 -0.1182 152 113 117
-0.7496 1.4692 -0.1218 195 142 128
-0.7522 1.4978 -0.1177 196 155 146
-0.7502 1.5276 -0.1217 218 178 161
-0.7499 1.5251 -0.1180 194 153 146
-0.7484 1.5869 -0.1216 217 178 162
-0.7504 1.6089 -0.1182 198 158 151
-0.7528 1.6501 -0.1215 203 169 154
-0.7481 1.6468 -0.1174 105 95 111
-0.7512 1.7109 -0.1213 163 124 120
-0.7469 1.7312 -0.1179 94 87 105
-0.7475 1.7719 -0.1212 137 103 108
-0.7481 1.7523 -0.1188 98 86 103
-0.7553 1.8320 -0.1211 124 93 103
-0.7466 1.8046 -0.1170 92 88 108
-0.7507 1.8895 -0.1210 120 91 102
-0.7524 1.8708 -0.1177 91 86 106
-0.7441 1.9537 -0.1209 137 105 109
-0.7488 1.9721 -0.1167 102 94 111
-0.7491 2.0120 -0.1208 155 123 122
-0.7499 2.0134 -0.1174 105 95 112
-0.7492 2.0635 -0.1207 152 122 122
-0.7487 2.0750 -0.1180 112 99 113
-0.7526 2.1214 -0.1206 154 125 124
-0.7522 2.1373 -0.1168 104 95 112
-0.7497 2.1798 -0.1205 145 118 121
-0.7515 2.1666 -0.1164 93 88 107
-0.7497 2.2392 -0.1203 127 100 109
-0.7517 2.2330 -0.1178 92 85 104
-0.7452 2.2989 -0.1203 114 96 108
-0.7506 2.3222 -0.1164 88 85 106
-0.7458 2.3636 -0.1202 112 94 108
-0.7556 2.3671 -0.1160 86 85 105
-0.7479 2.4283 -0.1201 107 92 106
-0.7471 2.4327 -0.1196 108 93 107
-0.7618 2.4644 -0.1214 88 79 82
-0.7504 2.4696 -0.0866 125 40 118
-0.7498 2.4695 -0.0470 142 47 134
-0.7473 2.4677 0.0912 252 141 249
-0.7474 2.4677 0.1517 250 136 247
-0.7474 2.4677 0.2121 249 134 246
-0.7475 2.4677 0.2725 251 139 249
-0.7475 2.4677 0.3329 250 135 247
-0.7475 2.4677 0.3933 249 130 245
-0.7476 2.4677 0.4537 245 116 239
-0.7465 2.4677 0.5125 241 108 234
-0.7475 2.4677 0.5703 224 89 216
-0.7477 2.4677 0.6299 210 79 203
-0.7479 2.4677 0.6894 190 68 185
-0.7478 2.4677 0.7490 169 58 169
-0.7478 2.4677 0.8093 159 54 162
-0.7479 2.4677 0.8697 136 45 146
-0.7483 2.4677 0.9293 124 41 137
-0.7479 2.4677 0.9888 107 35 127
-0.7480 2.4677 1.0492 101 33 123
-0.7480 2.4677 1.1095 93 31 117
-0.7481 2.4677 1.1699 84 28 112
-0.7481 2.4677 1.2302 78 26 108
-0.7482 2.4678 1.2703 72 36 110
-0.6890 -2.5272 -0.1213 146 94 99
-0.6884 -2.5293 -0.0812 95 30 92
-0.6664 -2.5295 0.0334 77 24 78
-0.6664 -2.5295 0.0915 80 25 83
-0.6664 -2.5295 0.1509 82 26 85
-0.6663 -2.5295 0.2104 81 25 88
-0.6663 -2.5295 0.2699 82 26 91
-0.6664 -2.5295 0.3293 84 27 102
-0.6663 -2.5295 0.3888 86 29 112
-0.6664 -2.5295 0.4495 90 31 124
-0.6662 -2.5295 0.5109 93 32 129
-0.6663 -2.5295 0.5710 96 34 135
-0.6663 -2.5295 0.6305 98 34 138
-0.6663 -2.5295 0.6899 101 35 140
-0.6663 -2.5295 0.7494 106 37 143
-0.6663 -2.5295 0.8089 111 39 146
-0.6664 -2.5295 0.8696 116 41 149
-0.6663 -2.5295 0.9304 131 46 157
-0.6683 -2.5295 0.9678 139 49 164
-0.6899 -2.5294 1.0501 137 48 162
-0.6884 -2.5294 1.1023 147 52 169
-0.6890 -2.5293 1.1697 141 49 165
-0.6893 -2.5293 1.2298 153 54 173
-0.6884 -2.5293 1.2688 141 57 164
-0.6765 -2.5038 -0.1217 117 75 86
-0.6909 -2.4989 -0.1199 129 82 71
-0.6917 -2.4297 -0.1217 121 77 85
-0.6883 -2.4418 -0.1197 123 75 61
-0.6873 -2.3714 -0.1218 122 77 85
-0.6896 -2.3721 -0.1198 132 82 63
-0.6807 -2.3111 -0.1219 138 91 94
-0.6879 -2.3077 -0.1199 137 87 68
-0.6699 -2.2745 -0.1219 221 185 168
-0.7058 -2.2250 -0.1198 242 193 105
-0.6903 -2.1878 -0.1217 238 206 185
-0.6888 -2.1288 -0.1218 238 207 186
-0.6898 -2.0693 -0.1219 239 209 188
-0.7088 -1.9886 -0.1233 155 83 65
-0.6948 -1.9543 -0.1234 141 73 59
-0.6693 -1.8700 -0.1237 144 72 53
-0.6757 -1.8273 -0.1237 161 82 54
-0.6846 -1.7682 -0.1237 250 235 210
-0.6908 -1.7102 -0.1237 254 250 233
-0.6915 -1.6504 -0.1236 254 252 241
-0.6913 -1.5903 -0.1236 254 254 247
-0.6912 -1.5303 -0.1236 236 164 113
-0.6912 -1.4701 -0.1235 230 134 70
-0.6943 -1.4115 -0.1235 231 136 71
-0.7017 -1.3522 -0.1235 228 132 69
-0.6714 -1.2759 -0.1234 162 120 108
-0.7143 -1.2475 -0.1235 252 248 239
-0.6679 -1.1509 -0.1234 249 241 233
-0.6858 -1.0968 -0.1235 222 185 158
-0.6860 -1.0600 -0.1235 232 200 171
-0.6845 -0.9883 -0.1237 235 142 74
-0.6868 -0.9250 -0.1236 130 70 63
-0.6858 -0.8822 -0.1235 146 78 66
-0.6881 -0.8135 -0.1236 228 181 147
-0.6709 -0.7669 -0.1235 252 251 229
-0.6982 -0.7441 -0.1199 141 117 122
-0.6888 -0.6860 -0.1220 157 128 128
-0.6732 -0.7124 -0.1199 148 123 127
-0.6898 -0.6224 -0.1220 200 164 148
-0.6881 -0.5742 -0.1220 202 166 149
-0.6902 -0.5112 -0.1218 135 101 106
-0.6896 -0.4420 -0.1216 107 77 93
-0.6904 -0.3826 -0.1215 107 78 94
-0.6929 -0.3198 -0.1214 103 78 96
-0.6857 -0.2733 -0.1213 167 133 129
-0.6894 -0.2111 -0.1212 187 153 143
-0.6884 -0.1526 -0.1211 183 148 140
-0.6891 -0.0881 -0.1209 180 148 140
-0.7116 -0.0671 -0.1198 255 255 252
-0.6884 -0.0973 0.0047 254 124 251
-0.6886 -0.0973 0.0903 254 125 251
-0.6898 -0.1003 0.1544 254 116 250
-0.6897 -0.1003 0.2114 254 115 250
-0.6897 -0.1003 0.2685 254 115 250
-0.6896 -0.1003 0.3296 254 115 250
-0.6896 -0.1003 0.3907 254 113 249
-0.6896 -0.1003 0.4478 253 110 248
-0.6895 -0.1003 0.5088 253 108 247
-0.6895 -0.1003 0.5699 253 105 246
-0.6894 -0.1003 0.6309 252 103 245
-0.6894 -0.1003 0.6918 252 100 243
-0.6893 -0.1003 0.7488 250 96 241
-0.6893 -0.1003 0.8098 249 93 238
-0.6892 -0.1003 0.8708 248 89 235
-0.6887 -0.1003 0.9283 246 86 231
-0.6896 -0.1003 0.9891 243 82 227
-0.6891 -0.1003 1.0496 239 79 222
-0.6891 -0.1003 1.1105 235 74 216
-0.6890 -0.1003 1.1714 230 70 209
-0.6890 -0.1003 1.2283 224 66 203
-0.6889 -0.1003 1.2892 216 62 194
-0.6905 -0.1003 1.3492 207 57 185
-0.6929 -0.1003 1.4110 196 53 175
-0.6928 -0.1003 1.4718 182 48 163
-0.6919 -0.1003 1.5160 166 49 154
-0.6880 0.0008 -0.1207 156 109 112
-0.6817 0.0108 -0.1199 150 144 155
-0.6907 0.0753 -0.1206 130 89 101
-0.6926 0.0930 -0.1199 96 85 102
-0.6902 0.0994 0.0185 255 198 254
-0.6905 0.0994 0.0899 255 201 254
-0.6899 0.0994 0.1499 255 201 254
-0.6902 0.0994 0.2096 255 201 254
-0.6902 0.0994 0.2697 255 200 254
-0.6902 0.0994 0.3297 254 199 254
-0.6902 0.0994 0.3897 254 198 254
-0.6898 0.0994 0.4503 254 195 254
-0.6902 0.0994 0.5098 254 192 254
-0.6901 0.0994 0.5700 254 184 254
-0.6902 0.0994 0.6299 254 173 254
-0.6900 0.0994 0.6899 254 161 254
-0.6902 0.0994 0.7499 254 149 254
-0.6901 0.0994 0.8098 254 136 253
-0.6902 0.0994 0.8700 254 122 252
-0.6900 0.0994 0.9297 253 108 248
-0.6900 0.0994 0.9899 249 94 240
-0.6919 0.0994 1.0386 241 82 231
-0.6965 0.0977 1.0984 206 61 199
-0.6919 0.0973 1.1705 215 65 207
-0.6919 0.0973 1.2298 211 64 204
-0.7070 0.0973 1.2724 210 63 202
-0.6903 0.0969 1.3342 222 69 212
-0.6898 0.1504 -0.1204 92 78 100
-0.7059 0.1528 -0.1199 100 88 105
-0.6925 0.2312 -0.1203 142 115 119
-0.7005 0.1993 -0.1194 83 71 91
-0.6890 0.2934 -0.1201 161 133 133
-0.6805 0.2784 -0.1196 149 122 123
-0.6897 0.3393 -0.1204 166 136 133
-0.6956 0.3535 -0.1199 155 128 129
-0.6901 0.3979 -0.1203 164 136 134
-0.6776 0.3979 -0.1197 152 124 124
-0.6901 0.4563 -0.1201 144 117 121
-0.6923 0.4267 -0.1198 153 128 130
-0.6907 0.5003 -0.1205 94 77 98
-0.6904 0.4987 -0.1197 94 82 101
-0.6900 0.5538 -0.1204 93 78 99
-0.6915 0.5712 -0.1196 86 79 101
-0.6903 0.6120 -0.1202 92 78 99
-0.6923 0.6488 -0.1194 85 79 102
-0.6902 0.6746 -0.1201 92 80 101
-0.6901 0.6830 -0.1197 94 81 100
-0.6901 0.7615 -0.1203 166 137 134
-0.6881 0.7315 -0.1192 120 101 113
-0.6899 0.8193 -0.1203 166 137 136
-0.6936 0.8180 -0.1191 140 119 126
-0.6896 0.8797 -0.1201 216 184 172
-0.6860 0.8900 -0.1192 220 186 174
-0.6865 0.9417 -0.1221 234 202 184
-0.6893 0.9196 -0.1189 220 185 174
-0.6926 0.9895 -0.1220 154 101 101
-0.6901 1.0102 -0.1187 138 99 108
-0.6921 1.0499 -0.1219 142 89 92
-0.6859 1.0700 -0.1189 127 91 105
-0.6892 1.1110 -0.1219 153 90 89
-0.6905 1.1212 -0.1185 127 92 105
-0.6901 1.1738 -0.1218 147 88 91
-0.6913 1.1804 -0.1186 140 100 108
-0.6884 1.2270 -0.1217 214 171 153
-0.6912 1.2391 -0.1184 196 154 145
-0.6900 1.3078 -0.1219 244 217 195
-0.6914 1.2882 -0.1184 221 186 175
-0.6884 1.3464 -0.1219 243 213 191
-0.6864 1.3626 -0.1181 220 185 174
-0.6902 1.4124 -0.1220 246 222 200
-0.6917 1.4014 -0.1182 219 184 173
-0.6898 1.4691 -0.1219 214 172 155
-0.7026 1.4984 -0.1180 156 112 115
-0.6901 1.5304 -0.1217 150 89 90
-0.6879 1.5084 -0.1177 149 108 113
-0.6893 1.5883 -0.1216 148 88 90
-0.6891 1.6118 -0.1182 126 91 105
-0.6913 1.6485 -0.1215 124 80 90
-0.6872 1.6497 -0.1174 80 80 103
-0.6930 1.7101 -0.1214 132 96 101
-0.6947 1.7317 -0.1179 105 94 111
-0.6870 1.7676 -0.1213 199 162 146
-0.6804 1.7529 -0.1181 118 103 116
-0.6946 1.8296 -0.1212 195 158 144
-0.6896 1.8071 -0.1171 118 106 121
-0.6842 1.8917 -0.1211 190 155 143
-0.6938 1.8774 -0.1177 124 110 123
-0.6907 1.9464 -0.1209 184 150 140
-0.6888 1.9752 -0.1167 94 89 108
-0.6944 2.0041 -0.1208 107 81 96
-0.6889 2.0206 -0.1174 83 82 103
-0.6888 2.0678 -0.1207 95 75 95
-0.6862 2.0744 -0.1177 80 80 103
-0.6848 2.1323 -0.1206 94 76 96
-0.6959 2.1384 -0.1168 78 80 102
-0.6894 2.1996 -0.1205 99 81 98
-0.6914 2.1696 -0.1164 83 83 104
-0.6886 2.2592 -0.1204 162 132 130
-0.6924 2.2297 -0.1174 103 94 111
-0.6881 2.3236 -0.1203 156 129 130
-0.6931 2.3165 -0.1165 114 104 120
-0.6946 2.3830 -0.1202 152 126 129
-0.6910 2.3708 -0.1159 108 100 118
-0.6889 2.4319 -0.1203 162 134 132
-0.6842 2.4130 -0.1175 121 108 120
-0.6833 2.4637 -0.1205 161 134 131
-0.6849 2.4696 -0.0866 132 42 124
-0.6858 2.4694 -0.0464 150 52 141
-0.6903 2.4677 0.0929 253 155 251
-0.6903 2.4677 0.1527 253 163 251
-0.6904 2.4677 0.2125 254 169 253
-0.6904 2.4677 0.2723 254 176 254
-0.6905 2.4677 0.3320 254 172 253
-0.6905 2.4677 0.3918 254 157 252
-0.6906 2.4677 0.4516 252 135 249
-0.6906 2.4677 0.5113 242 113 237
-0.6906 2.4677 0.5711 236 102 229
-0.6907 2.4677 0.6308 221 87 213
-0.6907 2.4677 0.6906 203 75 197
-0.6908 2.4677 0.7503 173 60 173
-0.6908 2.4677 0.8101 163 56 165
-0.6909 2.4677 0.8698 142 47 150
-0.6909 2.4677 0.9295 128 42 140
-0.6909 2.4677 0.9892 110 36 128
-0.6910 2.4677 1.0489 102 34 123
-0.6904 2.4677 1.1094 92 31 117
-0.6911 2.4677 1.1699 84 28 112
-0.6911 2.4677 1.2296 79 27 109
-0.6901 2.4678 1.2704 74 41 113
-0.6202 -2.5266 -0.1213 152 103 100
-0.6285 -2.5293 -0.0833 102 32 97
-0.6308 -2.5295 0.0321 80 25 81
-0.6308 -2.5295 0.0901 83 26 84
-0.6308 -2.5295 0.1501 85 26 87
-0.6308 -2.5295 0.2100 84 26 90
-0.6308 -2.5295 0.2700 85 27 93
-0.6308 -2.5295 0.3299 86 28 105
-0.6308 -2.5295 0.3899 89 30 114
-0.6308 -2.5295 0.4498 92 32 125
-0.6309 -2.5295 0.5099 95 33 130
-0.6311 -2.5295 0.5700 97 34 136
-0.6309 -2.5295 0.6301 98 34 138
-0.6308 -2.5295 0.6902 102 36 140
-0.6308 -2.5295 0.7501 107 37 144
-0.6309 -2.5295 0.8099 114 40 147
-0.6308 -2.5295 0.8699 121 42 152
-0.6308 -2.5295 0.9299 133 47 159
-0.6276 -2.5295 0.9683 143 51 167
-0.6312 -2.5294 1.0499 143 50 166
-0.6299 -2.5294 1.1071 154 55 174
-0.6309 -2.5293 1.1701 140 49 164
-0.6306 -2.5293 1.2303 155 55 174
-0.6306 -2.5293 1.2692 133 56 159
-0.6297 -2.5028 -0.1217 119 75 85
-0.6391 -2.4762 -0.1199 134 86 71
-0.6336 -2.4315 -0.1217 121 77 85
-0.6163 -2.4510 -0.1199 127 79 69
-0.6301 -2.3693 -0.1218 120 76 85
-0.6267 -2.3774 -0.1198 123 75 62
-0.6304 -2.3084 -0.1219 141 96 97
-0.6308 -2.3106 -0.1199 202 149 85
-0.6258 -2.2562 -0.1219 225 191 174
-0.6310 -2.1889 -0.1216 236 204 183
-0.6296 -2.1298 -0.1217 238 208 187
-0.6310 -2.0702 -0.1218 239 209 188
-0.6251 -2.0209 -0.1219 146 91 89
-0.6498 -1.9531 -0.1232 136 72 63
-0.6096 -1.8744 -0.1234 143 74 61
-0.6093 -1.8508 -0.1235 149 78 60
-0.6314 -1.7705 -0.1236 248 233 208
-0.6313 -1.7103 -0.1236 254 248 229
-0.6319 -1.6507 -0.1235 254 252 239
-0.6378 -1.5923 -0.1235 254 253 243
-0.6458 -1.5336 -0.1235 226 159 119
-0.6537 -1.4782 -0.1235 219 123 68
-0.6436 -1.4064 -0.1234 195 104 64
-0.6053 -1.3352 -0.1237 241 154 80
-0.6259 -1.2783 -0.1235 153 110 102
-0.6167 -1.2522 -0.1235 232 199 171
-0.6109 -1.1484 -0.1237 236 212 190
-0.6273 -1.1080 -0.1236 232 199 170
-0.6293 -1.0516 -0.1235 239 209 180
-0.6307 -0.9653 -0.1237 123 65 60
-0.6296 -0.9312 -0.1237 142 75 62
-0.6284 -0.8723 -0.1235 162 85 66
-0.6110 -0.8337 -0.1235 174 95 72
-0.6078 -0.7302 -0.1236 254 251 238
-0.6032 -0.7298 -0.1200 153 127 128
-0.6172 -0.6870 -0.1237 254 253 245
-0.6292 -0.6210 -0.1221 212 178 159
-0.6301 -0.5719 -0.1220 210 174 156
-0.6293 -0.5088 -0.1218 131 97 105
-0.6291 -0.4399 -0.1216 108 77 93
-0.6296 -0.3814 -0.1215 108 78 94
-0.6319 -0.3326 -0.1214 105 78 95
-0.6295 -0.2810 -0.1213 147 117 120
-0.6298 -0.2080 -0.1212 189 155 144
-0.6290 -0.1504 -0.1211 187 153 143
-0.6297 -0.0874 -0.1209 183 150 142
-0.6436 -0.0972 0.0043 254 118 249
-0.6437 -0.0972 0.0894 254 119 250
-0.6278 -0.1003 0.1545 254 117 251
-0.6278 -0.1003 0.2115 254 117 251
-0.6278 -0.1003 0.2686 254 117 251
-0.6277 -0.1003 0.3296 254 116 250
-0.6277 -0.1003 0.3906 254 116 250
-0.6277 -0.1003 0.4477 254 115 250
-0.6276 -0.1003 0.5087 254 112 249
-0.6276 -0.1003 0.5696 253 110 248
-0.6275 -0.1003 0.6306 253 107 247
-0.6275 -0.1003 0.6916 252 103 245
-0.6275 -0.1003 0.7485 252 100 243
-0.6274 -0.1003 0.8095 251 96 241
-0.6274 -0.1003 0.8704 249 93 238
-0.6274 -0.1003 0.9313 247 89 235
-0.6273 -0.1003 0.9922 245 85 230
-0.6273 -0.1003 1.0490 242 81 225
-0.6272 -0.1003 1.1099 238 77 220
-0.6272 -0.1003 1.1707 233 73 214
-0.6263 -0.1003 1.2300 228 69 208
-0.6281 -0.1003 1.2906 221 64 199
-0.6290 -0.1003 1.3502 212 60 190
-0.6311 -0.1003 1.4101 201 55 180
-0.6311 -0.1003 1.4709 189 50 169
-0.6311 -0.1003 1.5154 179 47 160
-0.6302 0.0012 -0.1207 149 106 111
-0.6572 -0.0196 -0.1200 255 255 252
-0.6292 0.0775 -0.1206 129 89 102
-0.6325 0.0718 -0.1199 92 79 101
-0.6302 0.0994 0.0202 255 201 254
-0.6302 0.0994 0.0901 255 202 254
-0.6307 0.0994 0.1507 255 203 254
-0.6298 0.0994 0.2097 254 202 254
-0.6302 0.0994 0.2694 254 202 254
-0.6302 0.0994 0.3307 254 200 254
-0.6297 0.0994 0.3905 254 199 254
-0.6306 0.0994 0.4497 254 196 254
-0.6301 0.0994 0.5098 254 192 254
-0.6300 0.0994 0.5700 254 182 254
-0.6303 0.0994 0.6301 254 171 254
-0.6300 0.0994 0.6901 254 159 254
-0.6302 0.0994 0.7501 254 146 254
-0.6302 0.0994 0.8102 254 133 253
-0.6301 0.0994 0.8699 254 119 251
-0.6302 0.0994 0.9300 252 104 247
-0.6300 0.0994 0.9900 246 90 237
-0.6333 0.0994 1.0322 238 79 227
-0.6186 0.1002 1.0848 207 60 199
-0.6303 0.0974 1.1701 208 62 201
-0.6382 0.0974 1.2172 212 64 205
-0.6274 0.0970 1.2899 218 67 209
-0.6287 0.0970 1.3342 214 65 205
-0.6359 0.1385 -0.1205 93 78 99
-0.6173 0.1683 -0.1195 220 218 211
-0.6281 0.2163 -0.1203 129 106 115
-0.6291 0.2098 -0.1196 159 147 149
-0.6302 0.2954 -0.1201 162 134 134
-0.6321 0.2706 -0.1196 150 122 122
-0.6292 0.3424 -0.1204 169 139 135
-0.6411 0.3538 -0.1199 156 129 130
-0.6280 0.4008 -0.1203 166 137 135
-0.6194 0.3709 -0.1199 158 131 130
-0.6313 0.4591 -0.1201 140 115 119
-0.6285 0.4299 -0.1198 155 129 131
-0.6309 0.5035 -0.1205 90 78 100
-0.6331 0.4999 -0.1197 90 82 103
-0.6295 0.5564 -0.1204 91 78 99
-0.6313 0.5739 -0.1196 86 79 101
-0.6290 0.6148 -0.1202 92 78 99
-0.6327 0.6488 -0.1194 85 79 102
-0.6306 0.6754 -0.1201 92 80 101
-0.6228 0.6653 -0.1197 86 79 101
-0.6298 0.7623 -0.1203 175 144 140
-0.6298 0.7336 -0.1192 122 103 114
-0.6282 0.8195 -0.1203 226 194 180
-0.6335 0.8204 -0.1191 206 175 167
-0.6299 0.8776 -0.1202 228 196 183
-0.6277 0.8932 -0.1192 224 190 178
-0.6307 0.9142 -0.1204 230 198 183
-0.6278 0.9219 -0.1189 220 186 175
-0.6308 0.9895 -0.1220 148 99 102
-0.6321 1.0134 -0.1187 130 96 110
-0.6154 1.0731 -0.1220 152 89 89
-0.6413 1.0556 -0.1191 125 91 106
-0.6322 1.1079 -0.1219 152 90 89
-0.6298 1.1187 -0.1185 126 91 105
-0.6300 1.1675 -0.1218 147 88 90
-0.6279 1.1834 -0.1186 143 103 110
-0.6292 1.2216 -0.1217 202 160 147
-0.6300 1.2408 -0.1183 197 157 148
-0.6323 1.3019 -0.1219 245 220 199
-0.6324 1.2908 -0.1184 221 188 176
-0.6286 1.3512 -0.1218 244 217 195
-0.6305 1.3669 -0.1181 220 186 176
-0.6331 1.4257 -0.1220 245 220 198
-0.6302 1.4039 -0.1182 221 187 176
-0.6305 1.4690 -0.1219 211 170 155
-0.6429 1.4849 -0.1189 164 123 124
-0.6304 1.5304 -0.1218 143 86 90
-0.6346 1.5074 -0.1176 144 107 115
-0.6289 1.5912 -0.1217 147 87 90
-0.6277 1.6134 -0.1182 126 91 105
-0.6290 1.6490 -0.1216 122 79 90
-0.6264 1.6528 -0.1174 80 81 103
-0.6316 1.7108 -0.1214 135 99 103
-0.6294 1.7075 -0.1184 97 88 106
-0.6310 1.7690 -0.1213 201 165 149
-0.6324 1.7511 -0.1179 114 101 115
-0.6296 1.8291 -0.1212 196 161 147
-0.6319 1.8089 -0.1170 119 107 122
-0.6255 1.8879 -0.1211 192 157 145
-0.6362 1.8837 -0.1177 124 110 123
-0.6344 1.9467 -0.1210 176 142 134
-0.6376 1.9718 -0.1169 95 91 110
-0.6257 2.0096 -0.1209 101 79 97
-0.6252 1.9943 -0.1169 89 87 108
-0.6290 2.0722 -0.1208 94 75 95
-0.6289 2.0786 -0.1176 79 81 104
-0.6272 2.1264 -0.1207 93 75 96
-0.6277 2.1361 -0.1168 79 81 103
-0.6319 2.1792 -0.1205 94 77 97
-0.6297 2.1722 -0.1164 84 84 105
-0.6312 2.2336 -0.1205 141 113 116
-0.6314 2.2304 -0.1172 100 92 110
-0.6311 2.2946 -0.1204 158 132 131
-0.6349 2.3202 -0.1165 115 105 121
-0.6284 2.3559 -0.1203 163 134 132
-0.6280 2.3730 -0.1160 109 102 119
-0.6310 2.4247 -0.1204 151 128 129
-0.6236 2.4163 -0.1168 109 100 117
-0.6318 2.4629 -0.1209 98 101 117
-0.6282 2.4696 -0.0864 140 45 131
-0.6291 2.4694 -0.0465 151 53 142
-0.6294 2.4677 0.0912 254 172 253
-0.6294 2.4677 0.1530 254 192 254
-0.6301 2.4677 0.2129 254 202 254
-0.6301 2.4677 0.2721 254 198 254
-0.6302 2.4677 0.3312 254 194 254
-0.6302 2.4677 0.3903 254 181 254
-0.6303 2.4677 0.4494 254 157 253
-0.6303 2.4677 0.5085 250 131 247
-0.6303 2.4677 0.5676 242 115 237
-0.6294 2.4677 0.6281 226 92 219
-0.6302 2.4677 0.6892 209 80 203
-0.6305 2.4677 0.7496 182 64 180
-0.6307 2.4677 0.8100 166 57 167
-0.6310 2.4677 0.8705 146 49 153
-0.6312 2.4677 0.9309 127 42 139
-0.6307 2.4677 0.9906 112 37 129
-0.6301 2.4677 1.0504 105 35 125
-0.6303 2.4677 1.1108 94 31 118
-0.6308 2.4677 1.1705 83 28 111
-0.6306 2.4677 1.2302 81 27 110
-0.6310 2.4679 1.2704 73 35 109
-0.5559 -2.5277 -0.1213 164 108 99
-0.5682 -2.5293 -0.0847 114 36 108
-0.5708 -2.5295 0.0303 88 27 87
-0.5711 -2.5295 0.0899 89 28 89
-0.5716 -2.5295 0.1493 93 29 93
-0.5712 -2.5295 0.2094 91 29 96
-0.5712 -2.5295 0.2702 93 29 100
-0.5713 -2.5295 0.3309 92 30 110
-0.5715 -2.5295 0.3905 94 31 117
-0.5710 -2.5295 0.4497 96 33 128
-0.5710 -2.5295 0.5098 98 34 132
-0.5713 -2.5295 0.5699 99 35 137
-0.5713 -2.5295 0.6299 100 35 139
-0.5712 -2.5295 0.6899 104 36 142
-0.5712 -2.5295 0.7500 108 37 144
-0.5714 -2.5295 0.8100 117 41 149
-0.5711 -2.5295 0.8701 129 45 157
-0.5711 -2.5295 0.9303 136 48 161
-0.5693 -2.5295 0.9732 150 54 171
-0.5710 -2.5294 1.0499 146 52 168
-0.5709 -2.5294 1.1098 158 56 177
-0.5596 -2.5294 1.1448 161 58 179
-0.5715 -2.5293 1.2301 152 53 172
-0.5710 -2.5293 1.2688 135 54 160
-0.5678 -2.4914 -0.1217 133 78 81
-0.5675 -2.5032 -0.1198 133 81 71
-0.5604 -2.4447 -0.1219 126 77 83
-0.5679 -2.4311 -0.1199 130 80 74
-0.5674 -2.3672 -0.1217 124 77 85
-0.5737 -2.3788 -0.1198 211 156 84
-0.5708 -2.3083 -0.1218 146 98 98
-0.5704 -2.2477 -0.1219 225 189 173
-0.5610 -2.2052 -0.1219 224 185 168
-0.5711 -2.1295 -0.1217 236 203 181
-0.5524 -2.0710 -0.1234 245 220 196
-0.5554 -2.0245 -0.1227 196 146 129
-0.5575 -1.9306 -0.1235 126 66 56
-0.5747 -1.8679 -0.1234 155 80 61
-0.5650 -1.8322 -0.1235 156 80 60
-0.5504 -1.7825 -0.1236 204 153 129
-0.5900 -1.7147 -0.1234 254 244 222
-0.5541 -1.6318 -0.1234 241 209 184
-0.5452 -1.6040 -0.1234 246 222 200
-0.5478 -1.5238 -0.1237 244 166 99
-0.5558 -1.4674 -0.1237 245 157 78
-0.5649 -1.4084 -0.1237 244 157 80
-0.5502 -1.3266 -0.1236 134 77 65
-0.5682 -1.2889 -0.1236 149 99 89
-0.5661 -1.2418 -0.1235 241 214 185
-0.5674 -1.1472 -0.1237 234 200 171
-0.5692 -1.1113 -0.1237 242 213 183
-0.5695 -1.0510 -0.1235 245 221 193
-0.5657 -1.0026 -0.1235 173 91 68
-0.5729 -0.9238 -0.1237 165 86 63
-0.5690 -0.8712 -0.1236 179 95 67
-0.5642 -0.8259 -0.1235 186 100 70
-0.5484 -0.7280 -0.1235 217 186 165
-0.5711 -0.6896 -0.1236 254 253 243
-0.5705 -0.6188 -0.1221 218 182 162
-0.5687 -0.5705 -0.1220 218 185 165
-0.5712 -0.5098 -0.1218 140 100 103
-0.5682 -0.4429 -0.1217 113 78 92
-0.5686 -0.3787 -0.1215 109 78 93
-0.5711 -0.3304 -0.1214 106 78 94
-0.5705 -0.2790 -0.1213 152 121 122
-0.5703 -0.2070 -0.1212 190 154 143
-0.5693 -0.1485 -0.1211 187 152 142
-0.5704 -0.0867 -0.1209 185 152 143
-0.5680 -0.0971 0.0041 252 108 245
-0.5680 -0.0971 0.0900 252 108 245
-0.5701 -0.1003 0.1547 254 119 251
-0.5700 -0.1003 0.2116 254 119 251
-0.5700 -0.1003 0.2686 254 118 251
-0.5700 -0.1003 0.3296 254 118 251
-0.5699 -0.1003 0.3906 254 118 251
-0.5692 -0.1003 0.4505 254 117 251
-0.5707 -0.1003 0.5112 254 116 250
-0.5699 -0.1003 0.5694 254 113 249
-0.5698 -0.1003 0.6303 253 110 248
-0.5698 -0.1003 0.6913 253 106 247
-0.5698 -0.1003 0.7482 252 103 245
-0.5697 -0.1003 0.8090 251 100 243
-0.5697 -0.1003 0.8699 250 96 240
-0.5697 -0.1003 0.9308 249 92 237
-0.5696 -0.1003 0.9916 247 88 233
-0.5696 -0.1003 1.0484 244 84 229
-0.5696 -0.1003 1.1092 241 80 224
-0.5695 -0.1003 1.1700 236 76 218
-0.5695 -0.1003 1.2308 231 71 211
-0.5695 -0.1003 1.2916 224 66 203
-0.5695 -0.1003 1.3484 217 62 195
-0.5694 -0.1003 1.4091 207 57 185
-0.5694 -0.1003 1.4699 196 53 175
-0.5693 -0.1003 1.5144 186 49 166
-0.5724 0.0047 -0.1207 150 102 107
-0.5677 0.0797 -0.1206 131 89 100
-0.5688 0.0985 -0.1199 93 79 100
-0.5705 0.0994 0.0226 255 202 255
-0.5700 0.0994 0.0895 255 203 255
-0.5699 0.0994 0.1490 255 204 254
-0.5702 0.0994 0.2090 255 203 254
-0.5702 0.0994 0.2692 255 203 254
-0.5702 0.0994 0.3294 254 201 254
-0.5702 0.0994 0.3896 254 199 254
-0.5702 0.0994 0.4498 254 197 254
-0.5700 0.0994 0.5099 254 190 254
-0.5698 0.0994 0.5698 254 180 254
-0.5701 0.0994 0.6297 254 168 254
-0.5701 0.0994 0.6899 254 156 254
-0.5701 0.0994 0.7501 254 143 254
-0.5702 0.0994 0.8100 254 129 253
-0.5702 0.0994 0.8699 253 114 250
-0.5700 0.0994 0.9303 251 99 244
-0.5700 0.0994 0.9900 242 84 232
-0.5766 0.0994 1.0265 233 74 221
-0.5625 0.1014 1.0915 211 61 203
-0.5731 0.0975 1.1635 210 63 203
-0.5817 0.0973 1.2157 215 65 207
-0.5666 0.0971 1.2897 211 63 203
-0.5749 0.0971 1.3314 211 64 203
-0.5689 0.1305 -0.1205 104 82 99
-0.5687 0.1678 -0.1198 91 79 101
-0.5724 0.2055 -0.1203 120 98 110
-0.5547 0.2246 -0.1197 241 237 223
-0.5678 0.2879 -0.1202 170 140 138
-0.5820 0.2670 -0.1198 154 126 125
-0.5685 0.3448 -0.1204 170 138 135
-0.5541 0.3424 -0.1199 186 151 143
-0.5699 0.4033 -0.1203 169 140 136
-0.5753 0.3651 -0.1199 158 130 130
-0.5719 0.4619 -0.1201 138 111 116
-0.5646 0.4340 -0.1198 160 133 133
-0.5714 0.5059 -0.1205 93 77 97
-0.5697 0.5024 -0.1197 91 80 101
-0.5689 0.5593 -0.1204 93 77 98
-0.5706 0.5756 -0.1196 87 78 100
-0.5703 0.6151 -0.1203 92 78 99
-0.5693 0.6487 -0.1194 85 79 101
-0.5721 0.6767 -0.1201 93 80 101
-0.5682 0.6696 -0.1197 91 81 102
-0.5692 0.7662 -0.1203 228 196 181
-0.5715 0.7358 -0.1192 173 140 137
-0.5701 0.8225 -0.1202 227 192 178
-0.5735 0.8227 -0.1191 222 186 174
-0.5717 0.8829 -0.1201 228 195 180
-0.5769 0.8924 -0.1193 224 191 178
-0.5724 0.9350 -0.1204 231 199 183
-0.5642 0.9189 -0.1189 222 188 175
-0.5679 0.9908 -0.1219 157 101 99
-0.5825 1.0061 -0.1188 140 101 110
-0.5690 1.0722 -0.1220 154 89 87
-0.5641 1.0233 -0.1187 129 90 104
-0.5711 1.1110 -0.1219 153 89 88
-0.5719 1.1219 -0.1184 126 91 105
-0.5674 1.1668 -0.1218 148 88 90
-0.5723 1.1847 -0.1187 145 105 111
-0.5718 1.2334 -0.1216 219 182 166
-0.5667 1.2381 -0.1183 195 153 146
-0.5672 1.3025 -0.1219 244 215 191
-0.5726 1.2938 -0.1184 221 186 175
-0.5725 1.3492 -0.1218 243 215 193
-0.5684 1.3612 -0.1181 220 185 174
-0.5707 1.4110 -0.1217 244 219 199
-0.5690 1.4071 -0.1182 221 187 175
-0.5726 1.4736 -0.1220 206 160 144
-0.5785 1.4829 -0.1190 168 125 125
-0.5702 1.5306 -0.1218 149 87 88
-0.5746 1.5099 -0.1176 146 106 112
-0.5694 1.5901 -0.1217 148 87 90
-0.5800 1.6138 -0.1183 126 91 105
-0.5700 1.6488 -0.1216 122 79 89
-0.5647 1.6537 -0.1174 82 82 103
-0.5692 1.7096 -0.1215 134 96 101
-0.5715 1.7105 -0.1184 100 89 107
-0.5716 1.7693 -0.1214 202 166 150
-0.5747 1.7519 -0.1179 114 101 115
-0.5672 1.8262 -0.1213 195 157 143
-0.5683 1.8115 -0.1170 118 107 121
-0.5733 1.8892 -0.1212 193 157 144
-0.5779 1.8847 -0.1176 125 110 123
-0.5653 1.9512 -0.1210 176 141 132
-0.5720 1.9677 -0.1171 98 91 109
-0.5693 2.0075 -0.1209 98 74 93
-0.5705 1.9918 -0.1168 90 86 106
-0.5742 2.0656 -0.1208 96 75 94
-0.5708 2.0854 -0.1176 79 79 102
-0.5682 2.1321 -0.1207 93 75 95
-0.5683 2.1356 -0.1168 79 81 103
-0.5686 2.1987 -0.1206 102 82 98
-0.5681 2.1756 -0.1164 85 84 105
-0.5661 2.2598 -0.1205 158 130 129
-0.5711 2.2325 -0.1173 101 92 110
-0.5722 2.3193 -0.1203 156 128 129
-0.5706 2.3304 -0.1170 121 108 122
-0.5695 2.3858 -0.1203 162 133 132
-0.5717 2.3746 -0.1160 109 101 118
-0.5774 2.4475 -0.1203 142 119 121
-0.5714 2.4256 -0.1169 107 98 115
-0.5613 2.4632 -0.1207 135 114 114
-0.5706 2.4696 -0.0862 153 50 143
-0.5707 2.4695 -0.0470 162 57 153
-0.5710 2.4678 0.0869 254 192 254
-0.5710 2.4678 0.1501 254 208 254
-0.5711 2.4678 0.2134 254 226 254
-0.5711 2.4678 0.2718 254 222 254
-0.5712 2.4678 0.3303 254 218 254
-0.5712 2.4678 0.3888 254 206 254
-0.5712 2.4678 0.4472 254 168 254
-0.5683 2.4678 0.5102 253 149 251
-0.5680 2.4678 0.5719 245 122 241
-0.5670 2.4678 0.6317 225 91 219
-0.5671 2.4678 0.6901 210 80 205
-0.5665 2.4678 0.7492 189 68 186
-0.5666 2.4678 0.8095 165 57 167
-0.5672 2.4678 0.8699 150 51 156
-0.5678 2.4678 0.9303 127 42 140
-0.5680 2.4678 0.9907 112 37 129
-0.5667 2.4678 1.0504 107 35 126
-0.5670 2.4678 1.1100 96 32 119
-0.5672 2.4678 1.1697 82 28 110
-0.5675 2.4678 1.2294 82 28 111
-0.5681 2.4679 1.2695 74 34 110
-0.5000 -2.5274 -0.1210 181 125 128
-0.5109 -2.5293 -0.0869 129 41 121
-0.4885 -2.5296 0.0541 85 26 84
-0.4875 -2.5296 0.0897 83 26 83
-0.4875 -2.5296 0.1499 85 27 87
-0.4875 -2.5296 0.2101 84 26 89
-0.4875 -2.5296 0.2703 84 27 93
-0.4875 -2.5296 0.3304 86 28 108
-0.4876 -2.5296 0.3901 88 30 116
-0.4874 -2.5296 0.4503 92 32 128
-0.4876 -2.5296 0.5099 95 33 134
-0.4874 -2.5296 0.5701 98 34 138
-0.4875 -2.5296 0.6300 102 36 140
-0.4875 -2.5296 0.6899 109 38 144
-0.4875 -2.5296 0.7501 117 41 149
-0.4875 -2.5296 0.8100 126 44 155
-0.4917 -2.5296 0.8504 143 51 166
-0.5117 -2.5295 0.9299 139 49 163
-0.5102 -2.5295 0.9780 154 55 174
-0.5095 -2.5294 1.0501 144 51 167
-0.5097 -2.5294 1.1100 155 55 175
-0.5054 -2.5294 1.1481 151 53 171
-0.5108 -2.5293 1.2296 146 51 167
-0.5111 -2.5293 1.2691 131 54 157
-0.5092 -2.4905 -0.1217 185 144 136
-0.5129 -2.4774 -0.1198 173 128 113
-0.5030 -2.4466 -0.1218 201 164 152
-0.5143 -2.4294 -0.1199 182 136 111
-0.4926 -2.3867 -0.1218 210 171 157
-0.4997 -2.3854 -0.1200 201 159 141
-0.5036 -2.2879 -0.1234 181 135 112
-0.4924 -2.2599 -0.1234 121 65 57
-0.5102 -2.1909 -0.1219 172 125 120
-0.4954 -2.1486 -0.1219 138 88 91
-0.5120 -2.0586 -0.1234 201 145 120
-0.5035 -2.0129 -0.1235 226 190 166
-0.4894 -1.9650 -0.1236 245 222 198
-0.5316 -1.8680 -0.1234 162 84 61
-0.5109 -1.8282 -0.1235 214 173 150
-0.5098 -1.7690 -0.1236 205 152 125
-0.5003 -1.7200 -0.1237 180 104 74
-0.5284 -1.6267 -0.1234 243 213 189
-0.5108 -1.5881 -0.1234 197 143 121
-0.5004 -1.5315 -0.1235 218 175 150
-0.4898 -1.4763 -0.1236 248 224 198
-0.4889 -1.4301 -0.1237 246 209 177
-0.5035 -1.3310 -0.1237 160 98 83
-0.4877 -1.3075 -0.1235 193 146 128
-0.5087 -1.2320 -0.1235 244 219 193
-0.4974 -1.1560 -0.1235 218 174 151
-0.5118 -1.1082 -0.1237 246 222 194
-0.5094 -1.0513 -0.1236 246 222 194
-0.4918 -0.9685 -0.1235 125 79 77
-0.5040 -0.9414 -0.1234 125 77 76
-0.5089 -0.8714 -0.1236 202 119 82
-0.4943 -0.7984 -0.1235 206 143 111
-0.5031 -0.7429 -0.1235 210 172 148
-0.4957 -0.7163 -0.1234 215 173 147
-0.5108 -0.6170 -0.1221 216 176 155
-0.5104 -0.5697 -0.1220 214 177 157
-0.5099 -0.5182 -0.1219 151 109 107
-0.5114 -0.4501 -0.1217 120 84 95
-0.5110 -0.3782 -0.1215 115 82 95
-0.5078 -0.3315 -0.1214 121 88 98
-0.5113 -0.2770 -0.1213 156 123 122
-0.5109 -0.2063 -0.1212 183 147 137
-0.5098 -0.1463 -0.1211 177 139 132
-0.5111 -0.0841 -0.1209 180 146 138
-0.5122 -0.0970 0.0050 251 105 243
-0.5116 -0.0970 0.0893 251 105 243
-0.5124 -0.1003 0.1548 254 120 252
-0.5124 -0.1003 0.2117 255 120 252
-0.5123 -0.1003 0.2687 255 120 251
-0.5123 -0.1003 0.3296 255 120 251
-0.5123 -0.1003 0.3905 255 120 252
-0.5123 -0.1003 0.4514 254 119 251
-0.5122 -0.1003 0.5123 254 118 251
-0.5122 -0.1003 0.5692 254 117 250
-0.5122 -0.1003 0.6301 254 113 250
-0.5122 -0.1003 0.6909 253 110 248
-0.5117 -0.1003 0.7484 253 107 247
-0.5126 -0.1003 0.8091 252 103 245
-0.5121 -0.1003 0.8694 251 99 242
-0.5121 -0.1003 0.9302 250 95 239
-0.5121 -0.1003 0.9910 248 91 236
-0.5112 -0.1003 1.0490 246 87 232
-0.5128 -0.1003 1.1096 243 83 227
-0.5120 -0.1003 1.1693 239 78 222
-0.5120 -0.1003 1.2300 234 73 215
-0.5119 -0.1003 1.2908 228 69 207
-0.5112 -0.1003 1.3504 220 64 199
-0.5127 -0.1003 1.4109 212 60 190
-0.5119 -0.1003 1.4689 201 55 180
-0.5118 -0.1003 1.5134 192 51 171
-0.5125 0.0054 -0.1207 153 105 108
-0.5088 0.0807 -0.1206 145 100 107
-0.5279 0.1156 -0.1199 114 85 102
-0.5105 0.0994 0.0251 255 203 255
-0.5095 0.0994 0.0905 255 204 255
-0.5100 0.0994 0.1505 255 204 255
-0.5100 0.0994 0.2097 255 204 255
-0.5100 0.0994 0.2689 255 203 255
-0.5095 0.0994 0.3294 255 202 254
-0.5103 0.0994 0.3904 255 200 254
-0.5102 0.0994 0.4503 254 195 254
-0.5098 0.0994 0.5102 254 186 254
-0.5099 0.0994 0.5703 254 175 254
-0.5100 0.0994 0.6302 254 164 254
-0.5099 0.0994 0.6900 254 151 254
-0.5099 0.0994 0.7499 254 138 254
-0.5100 0.0994 0.8099 254 123 252
-0.5099 0.0994 0.8699 253 108 248
-0.5099 0.0994 0.9298 248 93 240
-0.5109 0.0994 0.9882 235 77 224
-0.5274 0.1001 1.0306 228 71 218
-0.5059 0.1015 1.1043 210 61 202
-0.5261 0.0976 1.1490 212 63 204
-0.5068 0.0972 1.2301 211 63 204
-0.5128 0.0972 1.2815 210 63 203
-0.5100 0.0968 1.3346 222 69 212
-0.5098 0.1330 -0.1205 144 99 106
-0.5006 0.1269 -0.1199 151 106 111
-0.5105 0.1862 -0.1204 143 100 107
-0.4961 0.2160 -0.1196 204 183 175
-0.5115 0.2451 -0.1203 219 182 168
-0.5039 0.2733 -0.1199 228 206 191
-0.5127 0.3077 -0.1201 218 180 166
-0.5313 0.3157 -0.1198 217 176 161
-0.5116 0.4052 -0.1203 224 189 175
-0.5120 0.3681 -0.1199 212 172 159
-0.5125 0.4645 -0.1201 179 137 131
-0.5134 0.4315 -0.1198 220 184 171
-0.5080 0.5066 -0.1205 146 105 111
-0.5107 0.5052 -0.1197 142 100 108
-0.5083 0.5621 -0.1204 145 106 112
-0.5115 0.5776 -0.1196 132 97 107
-0.5124 0.6175 -0.1203 135 96 105
-0.5137 0.6531 -0.1194 131 97 108
-0.5126 0.6793 -0.1201 131 98 108
-0.5084 0.6668 -0.1197 137 100 109
-0.5084 0.7676 -0.1203 213 176 164
-0.5131 0.7379 -0.1192 206 166 155
-0.5126 0.8250 -0.1202 220 180 166
-0.5141 0.8249 -0.1191 212 173 162
-0.5125 0.8851 -0.1201 222 186 171
-0.5092 0.8760 -0.1197 215 177 164
-0.5103 0.9303 -0.1204 215 176 162
-0.5100 0.9193 -0.1189 213 176 165
-0.4990 0.9721 -0.1205 180 133 126
-0.5117 0.9956 -0.1191 153 109 113
-0.5089 1.0661 -0.1220 165 104 98
-0.5104 1.0243 -0.1188 138 100 109
-0.5084 1.1095 -0.1219 163 101 96
-0.5121 1.1228 -0.1185 138 100 110
-0.5127 1.1711 -0.1218 156 96 94
-0.5122 1.1833 -0.1187 159 118 119
-0.5099 1.2352 -0.1216 230 193 171
-0.5126 1.2397 -0.1183 199 159 150
-0.5109 1.3027 -0.1219 238 204 182
-0.5118 1.2951 -0.1184 206 168 159
-0.5098 1.3527 -0.1218 236 200 177
-0.5134 1.3632 -0.1181 211 172 162
-0.5106 1.4046 -0.1217 237 208 188
-0.5069 1.4098 -0.1182 203 165 156
-0.5153 1.4842 -0.1220 177 117 105
-0.5118 1.4728 -0.1188 175 131 128
-0.5101 1.5287 -0.1219 164 106 103
-0.5146 1.5121 -0.1176 147 107 112
-0.5097 1.5907 -0.1218 159 101 99
-0.5089 1.6067 -0.1186 148 109 117
-0.5099 1.6506 -0.1217 133 89 95
-0.5096 1.6558 -0.1174 89 85 105
-0.5075 1.7108 -0.1216 134 96 100
-0.5124 1.7169 -0.1184 107 94 110
-0.5130 1.7702 -0.1214 194 158 144
-0.5114 1.7548 -0.1179 113 100 114
-0.5103 1.8287 -0.1213 180 141 132
-0.5110 1.8143 -0.1171 112 101 118
-0.5078 1.8897 -0.1212 181 145 135
-0.5116 1.8837 -0.1179 118 103 117
-0.5079 1.9468 -0.1211 168 135 130
-0.5091 1.9715 -0.1171 92 87 106
-0.5147 2.0083 -0.1210 110 83 97
-0.5125 1.9960 -0.1169 87 84 105
-0.5042 2.0764 -0.1209 107 84 100
-0.5149 2.0908 -0.1177 84 83 104
-0.5097 2.1355 -0.1207 105 83 99
-0.5074 2.1392 -0.1168 88 85 106
-0.5121 2.1867 -0.1206 101 82 99
-0.5140 2.1759 -0.1165 89 86 106
-0.5123 2.2375 -0.1205 138 111 113
-0.5131 2.2422 -0.1173 106 97 113
-0.5094 2.2956 -0.1205 152 123 125
-0.5064 2.3259 -0.1164 102 95 114
-0.5080 2.3552 -0.1204 147 119 122
-0.5081 2.3789 -0.1160 99 93 112
-0.5125 2.4195 -0.1204 144 122 125
-0.5114 2.4458 -0.1170 98 91 109
-0.5232 2.4656 -0.1207 143 120 123
-0.5132 2.4696 -0.0861 162 54 152
-0.5125 2.4695 -0.0461 173 63 162
-0.5131 2.4678 0.0887 254 202 254
-0.5141 2.4678 0.1480 254 221 254
-0.5123 2.4678 0.2103 255 231 254
-0.5133 2.4678 0.2716 255 237 254
-0.5133 2.4678 0.3295 254 226 254
-0.5134 2.4678 0.3873 254 214 254
-0.5134 2.4678 0.4498 254 170 254
-0.5115 2.4678 0.5111 254 155 253
-0.5092 2.4678 0.5698 250 131 247
-0.5087 2.4678 0.6283 229 94 222
-0.5090 2.4678 0.6892 207 78 201
-0.5103 2.4678 0.7507 191 69 187
-0.5094 2.4678 0.8101 158 53 161
-0.5086 2.4678 0.8694 151 51 156
-0.5095 2.4678 0.9302 124 41 137
-0.5099 2.4678 0.9903 111 37 129
-0.5102 2.4678 1.0496 107 35 126
-0.5088 2.4678 1.1096 95 32 119
-0.5096 2.4678 1.1697 82 27 110
-0.5102 2.4678 1.2297 80 27 110
-0.5098 2.4679 1.2697 73 36 111
-0.4363 -2.5279 -0.1207 186 129 133
-0.4324 -2.5294 -0.0674 142 46 132
-0.4481 -2.5296 0.0539 88 27 86
-0.4503 -2.5296 0.0902 88 27 87
-0.4503 -2.5296 0.1502 91 28 91
-0.4501 -2.5296 0.2096 90 28 94
-0.4505 -2.5296 0.2696 89 28 98
-0.4498 -2.5296 0.3303 89 29 109
-0.4501 -2.5296 0.3904 93 31 121
-0.4504 -2.5296 0.4501 95 33 130
-0.4502 -2.5296 0.5101 97 34 136
-0.4502 -2.5296 0.5699 98 35 138
-0.4503 -2.5296 0.6299 103 36 141
-0.4501 -2.5296 0.6900 110 38 145
-0.4502 -2.5296 0.7499 119 41 150
-0.4502 -2.5296 0.8100 127 45 156
-0.4437 -2.5296 0.8448 143 51 166
-0.4504 -2.5295 0.9299 141 50 165
-0.4492 -2.5295 0.9832 160 57 178
-0.4490 -2.5294 1.0501 133 46 159
-0.4489 -2.5294 1.1101 148 52 168
-0.4469 -2.5294 1.1530 158 56 176
-0.4516 -2.5293 1.2306 140 49 163
-0.4515 -2.5293 1.2694 124 50 152
-0.4447 -2.4800 -0.1234 226 189 159
-0.4399 -2.5083 -0.1197 217 178 159
-0.4308 -2.4419 -0.1235 228 191 161
-0.4501 -2.4373 -0.1198 222 185 165
-0.4444 -2.3764 -0.1219 226 192 175
-0.4510 -2.3630 -0.1200 228 192 164
-0.4677 -2.2860 -0.1232 171 115 94
-0.4505 -2.2480 -0.1235 131 68 56
-0.4416 -2.1933 -0.1236 130 67 54
-0.4280 -2.1474 -0.1236 134 68 53
-0.4530 -2.0520 -0.1234 171 89 61
-0.4505 -2.0090 -0.1235 245 223 198
-0.4494 -1.9494 -0.1236 251 232 207
-0.4403 -1.9088 -0.1237 251 234 211
-0.4517 -1.8223 -0.1235 253 241 220
-0.4504 -1.7686 -0.1236 198 132 101
-0.4489 -1.7116 -0.1237 179 93 58
-0.4513 -1.6502 -0.1236 210 115 64
-0.4541 -1.5771 -0.1234 164 85 61
-0.4505 -1.5292 -0.1235 222 182 156
-0.4506 -1.4688 -0.1236 251 232 208
-0.4459 -1.4141 -0.1237 251 234 210
-0.4386 -1.3404 -0.1235 245 220 198
-0.4493 -1.3127 -0.1235 245 218 194
-0.4353 -1.2151 -0.1236 149 86 77
-0.4498 -1.1709 -0.1235 155 89 79
-0.4382 -1.1354 -0.1234 166 95 80
-0.4289 -1.0273 -0.1236 196 152 129
-0.4461 -0.9874 -0.1235 228 193 165
-0.4503 -0.9435 -0.1235 233 199 171
-0.4514 -0.8680 -0.1237 254 252 239
-0.4415 -0.8007 -0.1236 228 192 164
-0.4492 -0.7513 -0.1235 133 75 70
-0.4511 -0.7151 -0.1234 140 77 69
-0.4515 -0.6149 -0.1221 129 81 87
-0.4503 -0.5672 -0.1220 127 82 89
-0.4494 -0.5163 -0.1219 198 158 142
-0.4545 -0.4543 -0.1217 211 174 155
-0.4461 -0.3997 -0.1216 207 169 152
-0.4498 -0.3416 -0.1215 206 170 153
-0.4522 -0.2750 -0.1213 148 116 117
-0.4512 -0.2030 -0.1212 104 77 94
-0.4505 -0.1443 -0.1211 102 77 95
-0.4548 -0.0891 -0.1209 102 77 95
-0.4442 -0.0967 0.0047 247 94 234
-0.4438 -0.0967 0.0899 247 95 235
-0.4509 -0.1003 0.1549 255 122 252
-0.4509 -0.1003 0.2118 255 122 252
-0.4508 -0.1003 0.2687 255 122 252
-0.4508 -0.1003 0.3296 255 121 252
-0.4508 -0.1003 0.3904 255 121 252
-0.4508 -0.1003 0.4513 255 120 252
-0.4508 -0.1003 0.5121 254 120 251
-0.4508 -0.1003 0.5690 254 119 251
-0.4507 -0.1003 0.6298 254 117 251
-0.4507 -0.1003 0.6906 254 113 250
-0.4507 -0.1003 0.7514 253 110 248
-0.4507 -0.1003 0.8121 253 106 246
-0.4507 -0.1003 0.8689 252 102 244
-0.4506 -0.1003 0.9297 251 98 242
-0.4506 -0.1003 0.9904 250 94 239
-0.4506 -0.1003 1.0511 247 89 234
-0.4506 -0.1003 1.1118 245 85 230
-0.4506 -0.1003 1.1685 241 80 225
-0.4506 -0.1003 1.2292 237 76 219
-0.4505 -0.1003 1.2899 231 71 211
-0.4505 -0.1003 1.3505 224 66 203
-0.4505 -0.1003 1.4112 216 62 194
-0.4495 -0.1003 1.4694 205 57 184
-0.4525 -0.1003 1.5135 196 53 175
-0.4483 -0.0075 -0.1208 196 164 155
-0.4514 0.0814 -0.1206 229 196 180
-0.4501 0.0994 0.0275 254 203 254
-0.4497 0.0994 0.0897 255 204 255
-0.4499 0.0994 0.1502 255 204 255
-0.4499 0.0994 0.2105 255 203 255
-0.4495 0.0994 0.2702 255 203 255
-0.4503 0.0994 0.3304 255 201 254
-0.4494 0.0994 0.3900 254 198 254
-0.4502 0.0994 0.4499 254 190 254
-0.4497 0.0994 0.5100 254 181 254
-0.4499 0.0994 0.5698 254 170 254
-0.4498 0.0994 0.6299 254 158 254
-0.4499 0.0994 0.6902 254 145 254
-0.4498 0.0994 0.7501 254 131 253
-0.4498 0.0994 0.8102 254 116 251
-0.4499 0.0994 0.8702 251 101 245
-0.4497 0.0994 0.9299 243 84 233
-0.4514 0.0994 0.9822 226 69 215
-0.4342 0.1013 1.0266 210 61 202
-0.4489 0.1015 1.1099 220 66 210
-0.4397 0.1014 1.1500 212 61 204
-0.4505 0.0973 1.2269 209 62 201
-0.4665 0.0973 1.2685 207 61 199
-0.4481 0.0969 1.3343 214 65 206
-0.4507 0.1348 -0.1205 231 198 183
-0.4508 0.1478 -0.1199 229 197 182
-0.4505 0.1882 -0.1204 229 195 180
-0.4522 0.2163 -0.1198 199 155 143
-0.4501 0.2473 -0.1202 140 96 104
-0.4334 0.2870 -0.1197 224 212 197
-0.4537 0.3095 -0.1201 132 91 102
-0.4564 0.3327 -0.1197 126 83 93
-0.4501 0.4063 -0.1203 135 91 101
-0.4497 0.3725 -0.1199 131 90 101
-0.4536 0.4671 -0.1201 181 133 125
-0.4534 0.4355 -0.1198 133 91 101
-0.4492 0.5091 -0.1205 230 198 182
-0.4518 0.5070 -0.1197 223 188 174
-0.4478 0.5649 -0.1204 229 195 180
-0.4516 0.5797 -0.1196 222 188 175
-0.4503 0.6206 -0.1202 228 195 179
-0.4534 0.6499 -0.1194 224 190 177
-0.4541 0.6815 -0.1201 227 193 179
-0.4506 0.6717 -0.1197 227 193 180
-0.4438 0.7594 -0.1204 145 102 109
-0.4499 0.7403 -0.1192 161 117 117
-0.4504 0.8275 -0.1202 133 90 101
-0.4547 0.8272 -0.1191 129 92 105
-0.4535 0.8861 -0.1201 133 90 101
-0.4509 0.8804 -0.1197 131 90 102
-0.4498 0.9249 -0.1204 136 89 98
-0.4539 0.9218 -0.1189 134 95 105
-0.4478 0.9887 -0.1203 215 174 159
-0.4522 0.9970 -0.1191 207 167 156
-0.4490 1.0601 -0.1220 245 219 198
-0.4529 1.0261 -0.1187 220 186 174
-0.4502 1.1102 -0.1219 245 220 198
-0.4522 1.1265 -0.1184 219 185 173
-0.4505 1.1746 -0.1217 244 219 197
-0.4492 1.1867 -0.1187 211 173 162
-0.4515 1.2301 -0.1216 181 130 120
-0.4513 1.2432 -0.1183 162 120 121
-0.4500 1.2962 -0.1219 152 88 86
-0.4520 1.2982 -0.1184 125 91 105
-0.4502 1.3463 -0.1218 151 88 87
-0.4504 1.3676 -0.1181 129 93 106
-0.4469 1.4062 -0.1217 150 88 88
-0.4512 1.4124 -0.1182 131 93 105
-0.4503 1.4697 -0.1216 203 155 140
-0.4498 1.4575 -0.1191 163 118 118
-0.4508 1.5339 -0.1219 244 216 195
-0.4498 1.5139 -0.1176 205 166 157
-0.4517 1.5898 -0.1218 242 213 192
-0.4505 1.6085 -0.1186 222 187 175
-0.4502 1.6501 -0.1217 220 186 165
-0.4547 1.6578 -0.1174 119 106 120
-0.4493 1.7078 -0.1216 191 153 138
-0.4530 1.7183 -0.1183 107 95 110
-0.4518 1.7695 -0.1215 105 74 90
-0.4464 1.7517 -0.1180 90 84 104
-0.4527 1.8322 -0.1214 103 74 90
-0.4540 1.8163 -0.1170 79 81 104
-0.4428 1.8889 -0.1213 102 74 91
-0.4437 1.8829 -0.1177 79 80 103
-0.4536 1.9500 -0.1211 112 83 95
-0.4528 1.9730 -0.1171 97 90 108
-0.4452 2.0118 -0.1210 178 143 134
-0.4547 1.9946 -0.1167 99 92 111
-0.4511 2.0693 -0.1209 177 145 137
-0.4489 2.0931 -0.1177 125 110 123
-0.4537 2.1278 -0.1208 175 143 136
-0.4494 2.1448 -0.1169 115 104 119
-0.4508 2.1907 -0.1207 165 133 129
-0.4539 2.1780 -0.1164 105 97 114
-0.4467 2.2513 -0.1206 106 87 101
-0.4512 2.2436 -0.1173 91 86 105
-0.4462 2.3200 -0.1205 88 77 99
-0.4475 2.3302 -0.1164 78 81 103
-0.4502 2.3795 -0.1204 88 77 99
-0.4449 2.3803 -0.1160 79 81 103
-0.4531 2.4450 -0.1205 93 77 95
-0.4597 2.4051 -0.1195 86 76 98
-0.4573 2.4647 -0.1218 132 80 84
-0.4566 2.4696 -0.0859 180 62 169
-0.4558 2.4695 -0.0459 182 67 171
-0.4524 2.4678 0.0906 254 201 254
-0.4525 2.4678 0.1478 255 222 255
-0.4526 2.4678 0.2096 255 234 255
-0.4526 2.4678 0.2714 255 239 255
-0.4527 2.4678 0.3286 255 225 255
-0.4527 2.4678 0.3904 254 203 254
-0.4528 2.4678 0.4522 254 172 254
-0.4528 2.4678 0.5092 253 156 252
-0.4518 2.4678 0.5691 249 127 245
-0.4541 2.4678 0.6307 227 93 221
-0.4530 2.4678 0.6899 201 74 196
-0.4519 2.4678 0.7490 189 68 186
-0.4537 2.4678 0.8100 153 52 158
-0.4537 2.4678 0.8698 150 51 156
-0.4521 2.4678 0.9296 126 42 139
-0.4534 2.4678 0.9900 112 37 130
-0.4543 2.4678 1.0497 108 36 127
-0.4523 2.4678 1.1101 93 31 118
-0.4536 2.4678 1.1705 80 27 109
-0.4533 2.4678 1.2302 76 26 107
-0.4549 2.4679 1.2703 74 39 113
-0.3948 -2.5266 -0.1215 211 162 154
-0.3894 -2.5294 -0.0646 162 54 151
-0.3892 -2.5296 0.0522 99 31 95
-0.3909 -2.5296 0.0900 99 31 96
-0.3910 -2.5296 0.1497 103 32 100
-0.3911 -2.5296 0.2091 102 32 103
-0.3909 -2.5296 0.2690 101 32 107
-0.3909 -2.5296 0.3293 99 32 115
-0.3909 -2.5296 0.3895 100 33 125
-0.3910 -2.5296 0.4500 101 35 134
-0.3911 -2.5296 0.5101 101 35 138
-0.3910 -2.5296 0.5700 101 35 140
-0.3909 -2.5296 0.6300 103 36 141
-0.3909 -2.5296 0.6900 113 39 147
-0.3909 -2.5296 0.7501 125 44 154
-0.3909 -2.5296 0.8101 128 45 156
-0.3879 -2.5296 0.8493 145 51 167
-0.3892 -2.5295 0.9300 143 50 166
-0.3885 -2.5295 0.9884 157 56 175
-0.3893 -2.5294 1.0500 131 45 156
-0.3893 -2.5294 1.1099 142 49 164
-0.3877 -2.5294 1.1579 151 53 171
-0.3912 -2.5293 1.2294 131 45 156
-0.3920 -2.5293 1.2686 116 46 145
-0.3932 -2.4720 -0.1234 238 204 171
-0.3909 -2.4868 -0.1197 222 184 162
-0.3900 -2.4288 -0.1235 238 206 175
-0.4020 -2.4142 -0.1198 227 190 160
-0.3796 -2.3743 -0.1236 241 213 183
-0.3920 -2.3681 -0.1199 226 192 175
-0.3672 -2.3300 -0.1236 239 209 178
-0.3840 -2.3261 -0.1200 224 189 172
-0.3916 -2.2426 -0.1235 156 79 57
-0.3902 -2.1887 -0.1236 157 80 55
-0.3885 -2.1308 -0.1237 153 77 53
-0.3709 -2.0882 -0.1237 158 82 55
-0.3906 -2.0086 -0.1235 248 230 208
-0.3900 -1.9486 -0.1236 253 241 219
-0.3883 -1.9019 -0.1237 254 245 227
-0.3922 -1.8159 -0.1235 254 246 228
-0.3905 -1.7687 -0.1235 214 142 104
-0.3904 -1.7091 -0.1237 203 109 62
-0.3808 -1.6748 -0.1237 208 113 62
-0.3744 -1.6030 -0.1237 165 84 56
-0.3912 -1.5286 -0.1234 229 191 165
-0.3904 -1.4689 -0.1235 253 241 218
-0.3780 -1.3981 -0.1236 247 222 199
-0.3898 -1.3512 -0.1235 248 228 206
-0.3902 -1.3108 -0.1235 248 225 201
-0.3892 -1.2300 -0.1236 161 92 78
-0.3894 -1.1712 -0.1235 166 95 80
-0.3905 -1.1344 -0.1234 169 96 80
-0.3845 -1.0467 -0.1237 152 94 81
-0.3898 -0.9911 -0.1236 242 213 183
-0.3901 -0.9408 -0.1235 244 217 187
-0.3829 -0.8536 -0.1237 238 209 181
-0.3893 -0.8116 -0.1236 240 210 180
-0.3904 -0.7511 -0.1235 154 85 70
-0.3845 -0.7148 -0.1234 157 85 69
-0.3901 -0.6139 -0.1221 128 81 87
-0.3911 -0.5651 -0.1220 127 83 90
-0.3895 -0.5142 -0.1219 203 165 147
-0.3905 -0.4603 -0.1217 214 177 156
-0.3891 -0.4020 -0.1216 210 174 155
-0.3894 -0.3395 -0.1215 207 171 154
-0.3913 -0.2739 -0.1213 149 115 116
-0.3899 -0.2008 -0.1212 103 77 94
-0.3910 -0.1423 -0.1211 101 77 95
-0.3892 -0.0995 -0.1210 101 77 95
-0.3831 -0.0966 0.0040 246 91 231
-0.3832 -0.0966 0.0906 245 91 231
-0.3895 -0.1003 0.1551 255 123 252
-0.3894 -0.1003 0.2119 255 123 252
-0.3894 -0.1003 0.2687 255 123 252
-0.3894 -0.1003 0.3296 255 123 252
-0.3894 -0.1003 0.3904 255 123 252
-0.3894 -0.1003 0.4512 255 122 252
-0.3894 -0.1003 0.5119 255 121 252
-0.3894 -0.1003 0.5687 255 120 252
-0.3894 -0.1003 0.6295 254 120 251
-0.3894 -0.1003 0.6902 254 116 250
-0.3893 -0.1003 0.7510 254 113 249
-0.3893 -0.1003 0.8117 253 109 248
-0.3893 -0.1003 0.8684 253 105 246
-0.3893 -0.1003 0.9291 252 100 243
-0.3893 -0.1003 0.9898 251 96 241
-0.3893 -0.1003 1.0504 249 92 237
-0.3893 -0.1003 1.1111 246 87 233
-0.3883 -0.1003 1.1696 243 82 227
-0.3902 -0.1003 1.2299 239 78 221
-0.3893 -0.1003 1.2890 234 73 215
-0.3892 -0.1003 1.3496 228 69 207
-0.3892 -0.1003 1.4102 219 63 197
-0.3892 -0.1003 1.4708 209 58 188
-0.3894 -0.1003 1.5151 200 55 179
-0.3909 -0.0126 -0.1208 185 154 149
-0.3899 0.0835 -0.1206 231 198 182
-0.3900 0.0994 0.0297 255 202 255
-0.3904 0.0994 0.0904 255 203 255
-0.3896 0.0994 0.1495 255 203 255
-0.3900 0.0994 0.2092 255 203 255
-0.3900 0.0994 0.2704 255 202 255
-0.3895 0.0994 0.3304 255 198 255
-0.3905 0.0994 0.3895 255 192 255
-0.3897 0.0994 0.4498 254 184 254
-0.3897 0.0994 0.5101 254 174 254
-0.3900 0.0994 0.5702 254 163 254
-0.3897 0.0994 0.6301 254 150 254
-0.3900 0.0994 0.6899 254 137 254
-0.3899 0.0994 0.7499 254 123 252
-0.3898 0.0994 0.8098 253 108 248
-0.3898 0.0994 0.8699 247 91 239
-0.3898 0.0994 0.9300 231 73 220
-0.3922 0.0994 0.9758 213 62 204
-0.3867 0.1013 1.0363 211 61 203
-0.3895 0.1016 1.1098 232 74 221
-0.3866 0.1015 1.1617 220 66 210
-0.4032 0.0974 1.2124 208 62 200
-0.3869 0.0970 1.2899 210 63 202
-0.3867 0.0970 1.3340 211 63 203
-0.3877 0.1368 -0.1205 232 202 187
-0.3964 0.1705 -0.1199 230 197 182
-0.3906 0.1906 -0.1204 228 194 179
-0.3921 0.2138 -0.1199 192 151 144
-0.3888 0.2474 -0.1203 137 93 102
-0.3910 0.2774 -0.1200 131 93 105
-0.3902 0.3081 -0.1201 129 89 102
-0.3780 0.3391 -0.1198 182 155 151
-0.3881 0.4088 -0.1203 131 89 101
-0.3950 0.3701 -0.1199 128 88 101
-0.3905 0.4704 -0.1201 188 141 131
-0.3889 0.4379 -0.1198 131 91 102
-0.3898 0.5118 -0.1205 231 198 182
-0.3893 0.5086 -0.1197 225 191 177
-0.3911 0.5676 -0.1204 229 195 179
-0.3956 0.5776 -0.1196 229 200 184
-0.3883 0.6234 -0.1203 231 200 185
-0.3890 0.6488 -0.1194 225 192 179
-0.3907 0.6820 -0.1201 228 195 180
-0.3885 0.6776 -0.1197 224 190 176
-0.3905 0.7473 -0.1204 162 117 116
-0.3866 0.7427 -0.1192 155 111 113
-0.3880 0.8307 -0.1202 130 89 101
-0.3945 0.8294 -0.1191 125 90 104
-0.3898 0.8911 -0.1201 130 89 101
-0.3912 0.8805 -0.1196 127 89 103
-0.3927 0.9454 -0.1205 142 95 101
-0.3926 0.9241 -0.1189 133 95 106
-0.3890 1.0013 -0.1204 220 185 170
-0.3905 0.9963 -0.1191 208 168 157
-0.3766 1.0433 -0.1210 237 207 188
-0.3897 1.0284 -0.1187 222 187 175
-0.3930 1.1110 -0.1219 246 222 200
-0.3868 1.1290 -0.1184 222 189 177
-0.3893 1.1667 -0.1217 244 218 197
-0.3906 1.1873 -0.1188 209 171 160
-0.3913 1.2235 -0.1216 191 144 133
-0.3898 1.2444 -0.1183 158 116 118
-0.3908 1.2894 -0.1219 152 87 86
-0.3921 1.3016 -0.1184 125 91 105
-0.3877 1.3492 -0.1218 149 87 87
-0.3878 1.3684 -0.1181 125 91 105
-0.3913 1.4155 -0.1217 147 87 89
-0.3900 1.4155 -0.1182 131 95 107
-0.3903 1.4773 -0.1215 214 170 151
-0.3891 1.4742 -0.1191 184 140 133
-0.3948 1.5467 -0.1219 242 214 191
-0.3850 1.5172 -0.1176 208 170 160
-0.3903 1.5899 -0.1219 242 213 192
-0.3902 1.6062 -0.1186 223 189 177
-0.3898 1.6506 -0.1218 220 187 166
-0.3938 1.6603 -0.1174 119 106 120
-0.3895 1.7082 -0.1217 190 151 136
-0.3899 1.7155 -0.1184 107 95 110
-0.3907 1.7690 -0.1216 106 74 89
-0.3881 1.7585 -0.1180 87 83 104
-0.3939 1.8303 -0.1214 102 73 90
-0.3901 1.8188 -0.1170 78 81 104
-0.3859 1.8881 -0.1213 100 73 91
-0.3854 1.8895 -0.1177 79 80 103
-0.3895 1.9491 -0.1212 112 83 96
-0.4047 1.9724 -0.1172 97 90 108
-0.3860 2.0063 -0.1211 179 144 135
-0.3868 1.9916 -0.1167 100 93 111
-0.3949 2.0670 -0.1210 178 145 136
-0.3942 2.0945 -0.1177 127 112 124
-0.3690 2.0896 0.6166 190 69 187
-0.3860 2.1327 -0.1209 176 145 138
-0.3926 2.1523 -0.1168 114 103 119
-0.3712 2.1015 0.6106 206 78 200
-0.3900 2.1948 -0.1207 167 135 131
-0.3908 2.1809 -0.1164 103 95 113
-0.3890 2.2474 -0.1207 101 81 98
-0.3882 2.2434 -0.1178 91 84 105
-0.3886 2.2995 -0.1206 89 75 96
-0.4023 2.3344 -0.1168 78 81 104
-0.3893 2.3566 -0.1205 87 75 96
-0.3880 2.3776 -0.1159 80 82 104
-0.3865 2.4163 -0.1204 80 69 89
-0.3856 2.4289 -0.1190 83 78 98
-0.4140 2.4649 -0.1203 110 88 102
-0.3907 2.4696 -0.0855 193 69 181
-0.3906 2.4695 -0.0465 195 71 183
-0.3922 2.4678 0.0910 254 186 254
-0.3917 2.4678 0.1498 255 213 255
-0.3892 2.4678 0.2101 255 224 255
-0.3893 2.4678 0.2712 255 227 255
-0.3883 2.4678 0.3289 255 205 255
-0.3903 2.4678 0.3897 254 186 254
-0.3894 2.4678 0.4497 254 166 253
-0.3886 2.4678 0.5096 251 138 248
-0.3905 2.4678 0.5704 245 115 239
-0.3884 2.4678 0.6299 217 86 211
-0.3932 2.4678 0.6919 197 72 193
-0.3891 2.4678 0.7507 186 67 183
-0.3892 2.4678 0.8099 143 48 151
-0.3911 2.4678 0.8703 146 49 152
-0.3887 2.4678 0.9302 120 40 135
-0.3902 2.4678 0.9900 110 37 129
-0.3900 2.4678 1.0504 102 34 123
-0.3897 2.4678 1.1102 91 30 116
-0.3903 2.4678 1.1700 78 26 108
-0.3901 2.4678 1.2303 74 25 106
-0.3899 2.4679 1.2704 72 36 110
-0.3253 -2.5285 -0.1213 205 139 150
-0.3276 -2.5294 -0.0652 167 56 155
-0.3297 -2.5296 0.0504 112 35 106
-0.3315 -2.5296 0.0898 115 36 109
-0.3311 -2.5296 0.1502 118 38 114
-0.3310 -2.5296 0.2098 120 38 118
-0.3310 -2.5296 0.2693 120 38 121
-0.3313 -2.5296 0.3302 113 37 125
-0.3311 -2.5296 0.3901 113 38 135
-0.3309 -2.5296 0.4498 110 38 139
-0.3313 -2.5296 0.5099 106 37 141
-0.3312 -2.5296 0.5700 107 37 142
-0.3311 -2.5296 0.6300 107 37 143
-0.3310 -2.5296 0.6900 114 39 147
-0.3311 -2.5296 0.7500 123 43 153
-0.3311 -2.5296 0.8100 131 46 158
-0.3293 -2.5296 0.8543 146 52 168
-0.3303 -2.5295 0.9300 139 48 163
-0.3304 -2.5295 0.9899 148 52 169
-0.3242 -2.5295 1.0248 133 46 158
-0.3307 -2.5294 1.1099 136 47 159
-0.3293 -2.5294 1.1629 144 50 165
-0.3298 -2.5293 1.2302 124 42 151
-0.3298 -2.5293 1.2694 104 44 137
-0.3370 -2.4663 -0.1234 246 220 189
-0.3530 -2.4830 -0.1197 234 194 139
-0.3299 -2.4284 -0.1235 248 225 195
-0.3266 -2.4486 -0.1197 222 185 167
-0.3304 -2.3687 -0.1236 249 230 201
-0.3292 -2.3706 -0.1198 226 192 175
-0.3282 -2.3219 -0.1237 248 227 199
-0.3316 -2.2969 -0.1200 203 158 140
-0.3317 -2.2366 -0.1234 179 92 59
-0.3303 -2.1889 -0.1235 179 92 57
-0.3304 -2.1286 -0.1237 179 91 56
-0.3245 -2.0932 -0.1237 183 94 56
-0.3313 -2.0068 -0.1235 253 242 224
-0.3302 -1.9489 -0.1236 254 248 231
-0.3289 -1.8948 -0.1237 254 251 238
-0.3344 -1.8096 -0.1234 254 251 239
-0.3305 -1.7686 -0.1235 228 153 108
-0.3303 -1.7086 -0.1236 219 122 65
-0.3267 -1.6684 -0.1237 221 124 66
-0.3280 -1.5925 -0.1237 186 96 58
-0.3099 -1.5505 -0.1237 203 124 87
-0.3234 -1.4454 -0.1237 249 227 202
-0.3299 -1.4113 -0.1237 250 231 209
-0.3295 -1.3502 -0.1235 252 239 218
-0.3301 -1.3090 -0.1235 252 239 220
-0.3295 -1.2314 -0.1236 184 104 81
-0.3305 -1.1710 -0.1235 190 107 82
-0.3243 -1.1353 -0.1234 194 109 82
-0.3303 -1.0506 -0.1237 170 103 83
-0.3295 -0.9915 -0.1236 250 229 201
-0.3303 -0.9409 -0.1235 250 231 202
-0.3302 -0.8540 -0.1237 249 229 202
-0.3306 -0.8109 -0.1236 249 230 202
-0.3292 -0.7518 -0.1235 180 98 72
-0.3295 -0.7147 -0.1234 179 95 70
-0.3299 -0.6225 -0.1222 139 85 85
-0.3299 -0.5750 -0.1220 129 81 88
-0.3290 -0.5134 -0.1219 208 169 150
-0.3294 -0.4575 -0.1217 214 175 155
-0.3294 -0.4011 -0.1216 213 177 158
-0.3305 -0.3390 -0.1215 209 174 156
-0.3305 -0.2709 -0.1213 147 110 111
-0.3336 -0.2095 -0.1212 109 77 92
-0.3284 -0.1541 -0.1211 107 77 93
-0.3285 -0.0975 -0.1210 103 77 94
-0.3188 -0.0965 0.0035 243 88 228
-0.3177 -0.0965 0.0897 243 88 228
-0.3321 -0.1003 0.1552 255 125 253
-0.3321 -0.1003 0.2120 255 125 253
-0.3321 -0.1003 0.2688 255 125 253
-0.3321 -0.1003 0.3295 255 124 253
-0.3321 -0.1003 0.3903 255 124 252
-0.3321 -0.1003 0.4510 255 123 252
-0.3321 -0.1003 0.5118 255 123 252
-0.3321 -0.1003 0.5685 255 122 252
-0.3321 -0.1003 0.6292 255 121 252
-0.3321 -0.1003 0.6899 254 120 251
-0.3320 -0.1003 0.7506 254 116 250
-0.3320 -0.1003 0.8112 254 111 249
-0.3320 -0.1003 0.8679 253 107 247
-0.3320 -0.1003 0.9286 252 103 245
-0.3320 -0.1003 0.9892 251 99 242
-0.3320 -0.1003 1.0498 250 94 239
-0.3320 -0.1003 1.1104 248 89 235
-0.3320 -0.1003 1.1710 244 84 230
-0.3320 -0.1003 1.2316 241 80 224
-0.3320 -0.1003 1.2883 236 75 218
-0.3320 -0.1003 1.3488 230 70 210
-0.3320 -0.1003 1.4093 223 66 202
-0.3320 -0.1003 1.4699 213 60 191
-0.3320 -0.1003 1.5143 204 56 182
-0.3302 -0.0105 -0.1208 188 156 150
-0.3281 0.0855 -0.1206 232 199 183
-0.3302 0.0994 0.0317 255 201 255
-0.3302 0.0994 0.0898 255 202 255
-0.3302 0.0994 0.1499 255 202 255
-0.3302 0.0994 0.2100 255 200 255
-0.3302 0.0994 0.2701 255 197 255
-0.3302 0.0994 0.3303 255 191 255
-0.3302 0.0994 0.3904 255 184 255
-0.3300 0.0994 0.4503 255 175 255
-0.3301 0.0994 0.5099 255 165 254
-0.3301 0.0994 0.5698 254 154 254
-0.3302 0.0994 0.6298 254 141 254
-0.3301 0.0994 0.6899 254 128 253
-0.3302 0.0994 0.7501 254 113 250
-0.3300 0.0994 0.8101 250 97 243
-0.3301 0.0994 0.8701 239 80 228
-0.3302 0.0994 0.9299 216 64 207
-0.3336 0.0994 0.9694 212 61 204
-0.3296 0.1014 1.0478 220 66 210
-0.3120 0.1014 1.0866 218 65 209
-0.3294 0.1016 1.1696 230 72 219
-0.3165 0.1014 1.2085 223 67 213
-0.3274 0.0972 1.2891 211 63 203
-0.3441 0.0971 1.3300 212 63 204
-0.3286 0.1392 -0.1205 233 202 187
-0.3300 0.1925 -0.1204 228 195 180
-0.3287 0.1988 -0.1200 222 185 171
-0.3304 0.2487 -0.1203 138 90 99
-0.3458 0.2771 -0.1199 134 91 102
-0.3273 0.3111 -0.1201 136 89 99
-0.3284 0.3421 -0.1198 195 172 168
-0.3305 0.4113 -0.1203 134 89 100
-0.3325 0.3733 -0.1200 138 95 103
-0.3269 0.4731 -0.1201 193 146 135
-0.3328 0.4357 -0.1198 133 90 101
-0.3302 0.5148 -0.1205 230 196 180
-0.3304 0.5123 -0.1197 225 190 176
-0.3306 0.5703 -0.1204 229 195 179
-0.3313 0.5815 -0.1195 225 192 178
-0.3303 0.6262 -0.1203 232 201 186
-0.3421 0.6413 -0.1195 226 194 181
-0.3270 0.6848 -0.1201 229 197 182
-0.3230 0.6642 -0.1194 226 194 181
-0.3328 0.7517 -0.1204 159 110 110
-0.3282 0.7449 -0.1192 155 108 110
-0.3272 0.8247 -0.1203 138 89 98
-0.3343 0.8317 -0.1191 131 90 102
-0.3266 0.8906 -0.1201 134 89 100
-0.3340 0.8864 -0.1196 132 90 101
-0.3324 0.9152 -0.1205 137 89 98
-0.3309 0.9262 -0.1189 136 95 105
-0.3277 0.9778 -0.1204 198 153 141
-0.3293 0.9949 -0.1191 205 164 153
-0.3309 1.0409 -0.1203 230 196 179
-0.3260 1.0307 -0.1187 221 186 174
-0.3310 1.1096 -0.1218 246 223 202
-0.3269 1.1301 -0.1185 223 190 178
-0.3282 1.1638 -0.1217 245 220 200
-0.3323 1.1916 -0.1187 208 168 157
-0.3300 1.2231 -0.1216 193 143 131
-0.3284 1.2481 -0.1183 157 112 114
-0.3289 1.2893 -0.1219 160 90 84
-0.3272 1.3039 -0.1184 130 90 102
-0.3328 1.3514 -0.1218 157 89 86
-0.3356 1.3674 -0.1182 129 90 103
-0.3280 1.4131 -0.1216 150 87 88
-0.3182 1.3992 -0.1180 133 93 105
-0.3302 1.4718 -0.1215 203 157 143
-0.3446 1.4819 -0.1191 190 148 141
-0.3294 1.5344 -0.1214 239 207 186
-0.3261 1.5196 -0.1176 210 171 161
-0.3321 1.5923 -0.1219 242 214 193
-0.3265 1.6123 -0.1186 223 190 178
-0.3289 1.6483 -0.1218 221 189 169
-0.3345 1.6615 -0.1174 117 104 118
-0.3305 1.7102 -0.1217 184 145 132
-0.3203 1.6935 -0.1178 111 98 113
-0.3285 1.7687 -0.1216 109 73 87
-0.3329 1.7626 -0.1180 87 81 102
-0.3327 1.8288 -0.1215 107 73 88
-0.3277 1.8211 -0.1170 78 78 101
-0.3316 1.8894 -0.1214 103 73 90
-0.3285 1.8950 -0.1177 79 79 102
-0.3248 1.9502 -0.1213 110 80 93
-0.3250 1.9571 -0.1180 96 88 106
-0.3338 2.0109 -0.1211 179 145 136
-0.3295 1.9927 -0.1167 100 93 111
-0.3094 2.0286 0.6199 56 69 71
-0.3271 2.0709 -0.1210 177 143 135
-0.3312 2.0887 -0.1177 125 110 123
-0.3004 2.0994 0.3498 112 105 111
-0.3004 2.0997 0.3689 42 42 39
-0.3358 2.0661 0.6158 59 41 61
-0.3297 2.1294 -0.1209 178 146 138
-0.3325 2.1528 -0.1173 122 108 120
-0.3128 2.1148 0.3449 161 114 159
-0.3208 2.1213 0.3900 115 81 114
-0.3195 2.1205 0.4505 103 69 101
-0.3208 2.1214 0.5102 112 65 109
-0.3196 2.1204 0.5700 91 52 88
-0.3247 2.1255 0.6279 112 89 135
-0.3206 2.1386 0.6903 143 146 199
-0.3222 2.1445 0.7506 127 146 191
-0.3255 2.1492 0.8056 122 134 183
-0.3253 2.1591 0.8422 102 67 139
-0.3354 2.1869 -0.1208 167 136 132
-0.3297 2.1834 -0.1164 102 94 111
-0.3053 2.1629 0.8249 112 172 197
-0.3103 2.1717 0.8459 114 120 172
-0.3290 2.2500 -0.1208 109 85 98
-0.3270 2.2445 -0.1178 92 83 102
-0.3259 2.3122 -0.1206 92 73 93
-0.3302 2.3146 -0.1197 88 74 95
-0.3249 2.3826 -0.1205 80 67 85
-0.3419 2.3750 -0.1159 79 80 102
-0.3259 2.4435 -0.1204 90 75 95
-0.3472 2.4040 -0.1176 80 79 102
-0.3362 2.4696 -0.0824 211 79 199
-0.3336 2.4694 -0.0438 212 83 201
-0.3312 2.4678 0.0899 254 163 253
-0.3301 2.4679 0.1495 255 191 254
-0.3273 2.4678 0.2106 254 191 254
-0.3274 2.4679 0.2710 255 205 255
-0.3284 2.4678 0.3301 254 179 254
-0.3443 2.4679 0.3913 254 168 253
-0.3445 2.4679 0.4481 253 156 252
-0.3445 2.4679 0.5085 249 129 246
-0.3447 2.4679 0.5690 242 111 236
-0.3446 2.4679 0.6293 207 80 202
-0.3464 2.4682 0.7064 191 69 187
-0.3447 2.4679 0.7502 189 69 186
-0.3480 2.4680 0.8098 144 48 152
-0.3487 2.4682 0.8699 146 49 152
-0.3325 2.4679 0.9366 116 38 132
-0.3285 2.4678 0.9901 107 35 126
-0.3278 2.4679 1.0504 98 32 121
-0.3282 2.4679 1.1100 87 29 114
-0.3283 2.4678 1.1702 78 26 109
-0.3284 2.4679 1.2304 72 25 105
-0.3283 2.4680 1.2694 69 33 107
-0.2774 -2.5244 -0.1215 225 173 173
-0.2681 -2.5294 -0.0671 171 58 159
-0.2696 -2.5296 0.0486 133 43 125
-0.2710 -2.5296 0.0902 143 46 134
-0.2708 -2.5296 0.1500 144 47 136
-0.2707 -2.5296 0.2090 147 48 140
-0.2707 -2.5296 0.2696 144 47 141
-0.2707 -2.5296 0.3301 134 45 142
-0.2711 -2.5296 0.3898 128 43 145
-0.2705 -2.5296 0.4499 120 41 145
-0.2707 -2.5296 0.5100 115 39 146
-0.2708 -2.5296 0.5701 112 38 145
-0.2709 -2.5296 0.6300 110 38 144
-0.2707 -2.5296 0.6900 115 39 147
-0.2708 -2.5296 0.7500 121 42 151
-0.2706 -2.5296 0.8101 134 46 159
-0.2695 -2.5296 0.8594 148 52 169
-0.2719 -2.5295 0.9301 134 46 159
-0.2718 -2.5295 0.9899 141 49 164
-0.2685 -2.5295 1.0290 144 50 165
-0.2705 -2.5294 1.1100 125 43 152
-0.2695 -2.5294 1.1680 129 45 154
-0.2701 -2.5293 1.2297 113 39 143
-0.2700 -2.5293 1.2687 101 41 134
-0.2587 -2.5118 -0.1220 185 126 112
-0.2718 -2.5018 -0.1195 193 147 129
-0.2709 -2.4272 -0.1235 226 179 147
-0.2714 -2.4177 -0.1197 195 150 134
-0.2704 -2.3687 -0.1236 226 181 149
-0.2844 -2.3456 -0.1198 222 186 169
-0.2687 -2.3147 -0.1237 225 175 142
-0.2575 -2.3306 -0.1198 175 126 111
-0.2737 -2.2296 -0.1234 209 148 117
-0.2706 -2.2628 -0.1200 172 122 108
-0.2702 -2.1889 -0.1235 218 164 132
-0.2702 -2.1288 -0.1236 220 165 132
-0.2679 -2.0866 -0.1237 226 177 146
-0.2716 -2.0002 -0.1234 242 202 170
-0.2703 -1.9486 -0.1236 241 197 165
-0.2701 -1.8890 -0.1237 242 200 168
-0.2542 -1.8542 -0.1237 230 149 96
-0.2702 -1.7686 -0.1235 237 186 151
-0.2707 -1.7086 -0.1236 238 183 145
-0.2677 -1.6613 -0.1237 241 193 158
-0.2706 -1.5887 -0.1236 222 164 132
-0.2633 -1.5486 -0.1237 230 181 148
-0.2705 -1.4438 -0.1237 252 240 219
-0.2699 -1.4114 -0.1237 253 241 221
-0.2705 -1.3523 -0.1236 254 246 230
-0.2685 -1.3095 -0.1235 253 245 229
-0.2703 -1.2312 -0.1236 199 114 83
-0.2691 -1.1719 -0.1235 198 113 82
-0.2695 -1.1338 -0.1234 197 111 82
-0.2701 -1.0496 -0.1237 192 117 87
-0.2701 -0.9910 -0.1236 253 241 216
-0.2701 -0.9383 -0.1235 253 242 218
-0.2700 -0.8534 -0.1237 253 244 223
-0.2700 -0.8116 -0.1236 253 244 222
-0.2702 -0.7504 -0.1235 196 106 71
-0.2690 -0.7121 -0.1234 194 105 71
-0.2678 -0.6208 -0.1222 137 86 88
-0.2699 -0.5731 -0.1220 131 82 88
-0.2707 -0.5108 -0.1219 212 173 151
-0.2700 -0.4555 -0.1217 216 178 157
-0.2693 -0.3985 -0.1216 213 176 156
-0.2703 -0.3352 -0.1214 211 176 157
-0.2714 -0.2688 -0.1213 145 107 108
-0.2691 -0.2138 -0.1212 109 77 92
-0.2706 -0.1572 -0.1211 105 77 94
-0.2675 -0.0972 -0.1210 103 76 93
-0.2664 -0.0964 0.0052 240 85 223
-0.2671 -0.0964 0.0903 242 87 226
-0.2708 -0.1003 0.1554 255 126 253
-0.2708 -0.1003 0.2121 255 126 253
-0.2708 -0.1003 0.2688 255 126 253
-0.2708 -0.1003 0.3295 255 125 253
-0.2708 -0.1003 0.3902 255 125 252
-0.2708 -0.1003 0.4509 255 125 253
-0.2708 -0.1003 0.5116 255 124 252
-0.2708 -0.1003 0.5683 255 123 252
-0.2708 -0.1003 0.6289 255 122 252
-0.2708 -0.1003 0.6896 254 121 251
-0.2708 -0.1003 0.7502 254 118 251
-0.2708 -0.1003 0.8108 254 114 250
-0.2709 -0.1003 0.8714 253 110 248
-0.2708 -0.1003 0.9320 253 105 246
-0.2708 -0.1003 0.9886 252 101 244
-0.2709 -0.1003 1.0492 250 96 241
-0.2709 -0.1003 1.1098 248 91 237
-0.2709 -0.1003 1.1703 246 87 232
-0.2709 -0.1003 1.2308 243 82 227
-0.2709 -0.1003 1.2913 238 77 220
-0.2709 -0.1003 1.3518 232 72 213
-0.2709 -0.1003 1.4083 225 67 204
-0.2709 -0.1003 1.4688 216 62 194
-0.2687 -0.1003 1.5149 195 63 182
-0.2695 -0.0084 -0.1208 187 155 150
-0.2700 0.0880 -0.1206 232 199 183
-0.2712 0.0994 0.0340 255 197 255
-0.2710 0.0994 0.0899 255 197 255
-0.2704 0.0994 0.1506 255 195 255
-0.2708 0.0994 0.2108 255 192 255
-0.2708 0.0994 0.2699 255 188 255
-0.2704 0.0994 0.3295 255 182 255
-0.2708 0.0994 0.3899 255 174 255
-0.2710 0.0994 0.4501 255 165 255
-0.2706 0.0994 0.5101 255 155 255
-0.2708 0.0994 0.5702 255 144 254
-0.2707 0.0994 0.6301 254 131 253
-0.2706 0.0994 0.6901 254 117 251
-0.2708 0.0994 0.7501 251 102 245
-0.2708 0.0994 0.8101 243 85 233
-0.2707 0.0994 0.8700 222 67 213
-0.2707 0.0994 0.9299 209 60 201
-0.2828 0.0995 0.9637 212 62 204
-0.2712 0.1014 1.0495 234 76 223
-0.2660 0.1014 1.0939 223 68 213
-0.2686 0.1017 1.1698 237 78 226
-0.2647 0.1016 1.2194 230 72 219
-0.2760 0.0972 1.2757 209 62 201
-0.2698 0.0968 1.3343 218 66 209
-0.2695 0.1410 -0.1205 233 201 185
-0.2695 0.1946 -0.1204 228 194 179
-0.2701 0.2233 -0.1200 185 137 129
-0.2730 0.2505 -0.1203 136 89 98
-0.2759 0.2898 -0.1198 134 91 101
-0.2688 0.3103 -0.1201 134 90 101
-0.2436 0.3033 -0.1198 150 105 108
-0.2695 0.3922 -0.1203 132 88 99
-0.2726 0.3725 -0.1200 130 89 101
-0.2675 0.4759 -0.1201 198 152 140
-0.2669 0.4392 -0.1198 142 97 104
-0.2707 0.5174 -0.1205 229 194 178
-0.2745 0.5136 -0.1197 224 189 175
-0.2699 0.5732 -0.1204 230 197 181
-0.2695 0.5766 -0.1196 225 191 177
-0.2730 0.6287 -0.1203 232 200 185
-0.2704 0.6072 -0.1198 228 194 180
-0.2677 0.6875 -0.1201 229 196 181
-0.2704 0.6646 -0.1194 225 192 179
-0.2711 0.7307 -0.1205 176 124 117
-0.2698 0.7472 -0.1192 150 104 108
-0.2712 0.8107 -0.1203 134 89 100
-0.2749 0.8339 -0.1191 128 90 103
-0.2677 0.8958 -0.1201 134 90 100
-0.2672 0.8847 -0.1197 134 92 103
-0.2714 0.9353 -0.1204 136 89 99
-0.2686 0.9276 -0.1189 141 99 107
-0.2667 1.0002 -0.1204 223 185 169
-0.2703 0.9963 -0.1191 205 164 153
-0.2685 1.0633 -0.1203 229 194 179
-0.2687 1.0332 -0.1187 220 185 172
-0.2670 1.1058 -0.1218 246 222 200
-0.2814 1.1271 -0.1185 223 190 178
-0.2729 1.1708 -0.1217 245 221 201
-0.2591 1.1538 -0.1185 213 175 164
-0.2707 1.2395 -0.1216 169 106 98
-0.2644 1.2471 -0.1182 153 110 113
-0.2706 1.2899 -0.1219 158 89 84
-0.2682 1.3065 -0.1185 130 92 105
-0.2699 1.3515 -0.1218 152 87 86
-0.2739 1.3376 -0.1192 128 90 103
-0.2684 1.4067 -0.1216 150 87 87
-0.2727 1.3894 -0.1179 129 92 105
-0.2684 1.4659 -0.1215 193 145 133
-0.2608 1.4590 -0.1192 162 116 117
-0.2691 1.5284 -0.1214 239 208 187
-0.2660 1.5222 -0.1176 208 169 159
-0.2776 1.6062 -0.1219 241 212 192
-0.2716 1.6157 -0.1186 223 188 177
-0.2680 1.6491 -0.1219 218 185 165
-0.2706 1.6570 -0.1175 119 105 118
-0.2706 1.7114 -0.1218 178 141 130
-0.2703 1.6911 -0.1177 109 96 111
-0.2685 1.7708 -0.1217 105 72 87
-0.2730 1.7594 -0.1179 87 82 103
-0.2706 1.8293 -0.1215 101 72 89
-0.2718 1.8238 -0.1171 78 80 103
-0.2736 1.8899 -0.1214 98 72 90
-0.2662 1.8954 -0.1177 82 80 102
-0.2680 1.9464 -0.1213 104 76 92
-0.2696 1.9627 -0.1180 98 89 107
-0.2421 1.9682 0.5997 72 71 127
-0.2496 1.9680 0.6123 43 49 49
-0.2715 2.0101 -0.1212 172 137 130
-0.2597 1.9952 -0.0965 85 68 91
-0.2453 2.0020 -0.0347 217 83 205
-0.2408 2.0378 0.3464 40 40 38
-0.2408 2.0387 0.3690 40 40 38
-0.2744 2.0062 0.6140 39 42 43
-0.2781 2.0676 -0.1210 174 141 134
-0.2824 2.0654 -0.1181 127 111 123
-0.2673 2.0736 0.3370 80 116 123
-0.2705 2.0691 0.3714 48 53 52
-0.2880 2.0685 0.6114 32 33 33
-0.2825 2.1283 -0.1210 175 143 136
-0.2925 2.1348 -0.1174 123 109 120
-0.2838 2.1097 0.3177 149 164 206
-0.2718 2.1312 0.4024 125 183 197
-0.2717 2.1342 0.4500 122 184 198
-0.2765 2.1394 0.5103 115 175 189
-0.2799 2.1430 0.5680 106 162 175
-0.2828 2.1476 0.6194 98 149 162
-0.2888 2.1520 0.6871 120 192 211
-0.2935 2.1572 0.7429 116 188 207
-0.2951 2.1583 0.7875 75 126 149
-0.2795 2.1943 -0.1209 165 135 132
-0.2886 2.2023 -0.1187 118 99 111
-0.2466 2.1631 0.3066 70 41 90
-0.2427 2.1611 0.3988 122 195 214
-0.2443 2.1618 0.4636 123 196 215
-0.2477 2.1657 0.5131 116 188 207
-0.2505 2.1708 0.5722 113 183 203
-0.2561 2.1733 0.6226 101 163 182
-0.2597 2.1811 0.6941 105 173 194
-0.2643 2.1872 0.7518 102 170 191
-0.2693 2.1906 0.8086 97 162 184
-0.2815 2.1953 0.8451 89 150 174
-0.2784 2.2518 -0.1208 95 75 93
-0.2810 2.2534 -0.1198 93 77 96
-0.2440 2.2226 0.8304 93 156 179
-0.2493 2.2311 0.8487 76 130 155
-0.2714 2.3041 -0.1207 92 75 94
-0.2845 2.3074 -0.1197 87 75 97
-0.2712 2.3615 -0.1206 87 73 93
-0.2463 2.3862 -0.1166 26 26 33
-0.2690 2.4168 -0.1205 90 75 95
-0.2520 2.4143 -0.1173 38 34 39
-0.2909 2.4652 -0.1204 102 83 99
-0.2588 2.4695 -0.1035 96 46 95
-0.2707 2.4678 0.0001 246 118 240
-0.2712 2.4679 0.0912 252 135 249
-0.2703 2.4679 0.1507 254 160 253
-0.2709 2.4679 0.2111 254 161 253
-0.2709 2.4679 0.2707 254 174 254
-0.2747 2.4680 0.3110 251 144 248
-0.2722 2.4702 0.8923 59 43 104
-0.2648 2.4679 0.9410 103 41 128
-0.2678 2.4679 0.9896 101 34 123
-0.2677 2.4679 1.0497 90 30 116
-0.2686 2.4679 1.1098 85 28 113
-0.2673 2.4679 1.1698 76 26 108
-0.2682 2.4679 1.2298 70 24 104
-0.2686 2.4680 1.2697 69 39 110
-0.2126 -2.5275 -0.1215 181 111 115
-0.2092 -2.5294 -0.0685 193 68 180
-0.2090 -2.5296 0.0468 172 59 161
-0.2098 -2.5296 0.0899 178 61 167
-0.2098 -2.5296 0.1498 180 62 169
-0.2100 -2.5296 0.2104 183 64 174
-0.2102 -2.5296 0.2711 180 63 172
-0.2100 -2.5296 0.3308 169 58 168
-0.2098 -2.5296 0.3904 153 52 162
-0.2099 -2.5296 0.4501 137 46 155
-0.2098 -2.5296 0.5098 125 43 151
-0.2100 -2.5296 0.5698 119 41 148
-0.2100 -2.5296 0.6299 113 39 146
-0.2099 -2.5296 0.6900 117 40 148
-0.2099 -2.5296 0.7500 120 41 150
-0.2099 -2.5296 0.8099 132 46 158
-0.2089 -2.5296 0.8644 148 52 169
-0.2118 -2.5295 0.9299 126 43 153
-0.2115 -2.5295 0.9900 133 46 157
-0.2096 -2.5295 1.0339 137 48 160
-0.2089 -2.5294 1.1101 115 39 144
-0.2094 -2.5294 1.1701 115 39 144
-0.2007 -2.5294 1.2056 117 40 145
-0.2119 -2.5293 1.2693 93 40 129
-0.2097 -2.5033 -0.1220 147 81 77
-0.2197 -2.4727 -0.1195 128 80 77
-0.2117 -2.4199 -0.1235 193 102 61
-0.1866 -2.4542 -0.1195 122 79 77
-0.2101 -2.3685 -0.1236 198 105 61
-0.2115 -2.3842 -0.1197 127 80 77
-0.2102 -2.3090 -0.1237 204 116 71
-0.2128 -2.3056 -0.1198 143 93 86
-0.1953 -2.2746 -0.1237 254 251 236
-0.2183 -2.2336 -0.1200 223 186 167
-0.2100 -2.1887 -0.1235 254 250 234
-0.1878 -2.2166 -0.1200 224 189 171
-0.2103 -2.1285 -0.1236 254 251 237
-0.2084 -2.0793 -0.1237 254 252 242
-0.2121 -1.9941 -0.1234 218 122 68
-0.2104 -1.9489 -0.1235 222 126 69
-0.2102 -1.8886 -0.1237 227 132 69
-0.2058 -1.8507 -0.1237 229 135 70
-0.2115 -1.7642 -0.1235 251 240 224
-0.2107 -1.7086 -0.1236 254 254 247
-0.2085 -1.6537 -0.1237 254 254 250
-0.2106 -1.5890 -0.1236 255 252 240
-0.2073 -1.5362 -0.1237 237 188 155
-0.2145 -1.4438 -0.1237 217 147 114
-0.2096 -1.4116 -0.1237 213 134 99
-0.2099 -1.3512 -0.1236 211 133 99
-0.2102 -1.3084 -0.1235 211 133 101
-0.2099 -1.2313 -0.1236 249 236 221
-0.2105 -1.1704 -0.1235 249 236 219
-0.2075 -1.1320 -0.1234 251 239 222
-0.2106 -1.0480 -0.1237 244 217 192
-0.2093 -0.9920 -0.1236 214 129 87
-0.2102 -0.9384 -0.1235 213 129 89
-0.2116 -0.8515 -0.1237 212 131 90
-0.2098 -0.8114 -0.1236 212 129 88
-0.2094 -0.7520 -0.1235 248 233 214
-0.2107 -0.7118 -0.1234 248 234 215
-0.2067 -0.6211 -0.1222 228 195 172
-0.2108 -0.5720 -0.1220 219 183 161
-0.2100 -0.5089 -0.1219 150 99 94
-0.2104 -0.4535 -0.1217 131 86 92
-0.2093 -0.3957 -0.1216 125 83 91
-0.2100 -0.3352 -0.1215 121 84 94
-0.2120 -0.2671 -0.1213 169 129 121
-0.2083 -0.2117 -0.1212 197 160 145
-0.2095 -0.1567 -0.1211 189 152 139
-0.2106 -0.0954 -0.1210 188 153 141
-0.2099 -0.0962 0.0052 236 80 217
-0.2098 -0.0962 0.0892 235 79 216
-0.2097 -0.1003 0.1555 255 127 253
-0.2097 -0.1003 0.2122 255 127 253
-0.2097 -0.1003 0.2689 255 127 253
-0.2097 -0.1003 0.3295 255 127 253
-0.2097 -0.1003 0.3902 255 126 253
-0.2097 -0.1003 0.4508 255 126 253
-0.2097 -0.1003 0.5114 255 125 253
-0.2097 -0.1003 0.5681 255 124 253
-0.2097 -0.1003 0.6286 255 123 252
-0.2098 -0.1003 0.6892 255 122 252
-0.2098 -0.1003 0.7498 255 120 251
-0.2098 -0.1003 0.8103 254 117 251
-0.2098 -0.1003 0.8709 254 112 249
-0.2098 -0.1003 0.9315 253 107 247
-0.2098 -0.1003 0.9881 252 103 245
-0.2098 -0.1003 1.0486 251 98 242
-0.2098 -0.1003 1.1091 249 94 239
-0.2098 -0.1003 1.1695 247 89 234
-0.2098 -0.1003 1.2300 244 84 229
-0.2098 -0.1003 1.2904 239 78 222
-0.2099 -0.1003 1.3509 234 73 215
-0.2099 -0.1003 1.4113 227 68 206
-0.2099 -0.1003 1.4717 218 63 197
-0.2099 -0.1003 1.5159 211 59 189
-0.2089 -0.0084 -0.1208 157 112 112
-0.2119 0.0895 -0.1206 149 100 105
-0.2106 0.0994 0.0363 255 187 255
-0.2100 0.0994 0.0902 255 186 255
-0.2099 0.0994 0.1496 255 184 255
-0.2101 0.0994 0.2097 255 181 255
-0.2101 0.0994 0.2696 255 176 255
-0.2101 0.0994 0.3294 255 170 255
-0.2096 0.0994 0.3902 255 162 255
-0.2104 0.0994 0.4500 255 153 255
-0.2098 0.0994 0.5100 255 143 254
-0.2100 0.0994 0.5700 254 131 253
-0.2102 0.0994 0.6301 254 118 251
-0.2099 0.0994 0.6900 252 103 246
-0.2100 0.0994 0.7500 245 87 235
-0.2100 0.0994 0.8100 225 69 215
-0.2100 0.0994 0.8700 211 61 203
-0.2114 0.0994 0.9258 209 60 201
-0.2050 0.1009 0.9703 215 63 206
-0.2123 0.1015 1.0501 242 83 232
-0.2100 0.1015 1.1063 232 73 221
-0.1948 0.1016 1.1507 234 76 224
-0.2088 0.1017 1.2295 234 75 223
-0.1950 0.1013 1.2670 228 71 217
-0.2125 0.0969 1.3341 211 63 203
-0.2103 0.1435 -0.1205 140 93 101
-0.2089 0.1966 -0.1204 148 101 105
-0.2341 0.2384 -0.1200 183 135 126
-0.2115 0.2526 -0.1203 219 182 169
-0.2116 0.2478 -0.1200 225 189 173
-0.2095 0.3117 -0.1201 225 189 174
-0.2251 0.3110 -0.1198 218 180 166
-0.2145 0.3774 -0.1203 218 179 165
-0.2122 0.3746 -0.1200 219 181 168
-0.2086 0.4394 -0.1202 215 177 164
-0.2101 0.4412 -0.1198 220 182 169
-0.2011 0.4889 -0.1202 165 115 113
-0.2079 0.5115 -0.1197 137 94 103
-0.2094 0.5759 -0.1204 145 97 103
-0.2110 0.5797 -0.1196 142 98 106
-0.2114 0.6317 -0.1203 147 102 108
-0.2134 0.6099 -0.1198 145 101 108
-0.2086 0.6903 -0.1201 137 92 101
-0.2090 0.6673 -0.1194 131 91 103
-0.2076 0.7331 -0.1205 206 162 148
-0.2114 0.7494 -0.1192 207 166 155
-0.2096 0.7866 -0.1204 224 188 174
-0.2147 0.8362 -0.1191 212 174 163
-0.2119 0.8440 -0.1202 218 180 166
-0.2099 0.8888 -0.1197 223 188 174
-0.2090 0.9051 -0.1201 226 191 176
-0.2072 0.9307 -0.1189 214 176 164
-0.2076 0.9796 -0.1205 184 135 126
-0.2109 0.9992 -0.1191 157 112 114
-0.2096 1.0380 -0.1205 141 91 97
-0.2104 1.0353 -0.1187 137 96 106
-0.2064 1.0943 -0.1204 138 90 97
-0.2125 1.1042 -0.1189 139 98 107
-0.2103 1.1748 -0.1217 159 99 96
-0.2084 1.1481 -0.1186 129 91 104
-0.2021 1.2549 -0.1219 243 214 190
-0.2114 1.2480 -0.1182 197 156 148
-0.2117 1.2908 -0.1219 238 208 186
-0.2081 1.3100 -0.1184 217 180 168
-0.2100 1.3467 -0.1218 239 207 184
-0.2114 1.3405 -0.1192 214 176 165
-0.2090 1.4008 -0.1216 240 210 189
-0.2091 1.3906 -0.1179 212 175 165
-0.2086 1.4590 -0.1215 214 169 150
-0.2168 1.4684 -0.1193 193 148 138
-0.2084 1.5226 -0.1214 151 90 90
-0.2059 1.5244 -0.1176 140 99 107
-0.2116 1.5890 -0.1212 156 100 100
-0.2182 1.6037 -0.1188 151 109 112
-0.2110 1.6536 -0.1219 115 78 89
-0.2102 1.6592 -0.1175 84 81 102
-0.2093 1.7091 -0.1218 127 91 97
-0.2114 1.6942 -0.1177 90 84 104
-0.2098 1.7696 -0.1217 185 149 136
-0.2092 1.7614 -0.1180 115 101 115
-0.2093 1.8289 -0.1216 181 145 134
-0.2143 1.8259 -0.1170 113 102 117
-0.2122 1.8909 -0.1215 176 141 133
-0.2049 1.8931 -0.1178 124 109 122
-0.1902 1.9083 0.5930 36 37 36
-0.1918 1.9097 0.6036 40 40 39
-0.2123 1.9499 -0.1214 164 130 124
-0.2129 1.9691 -0.1179 104 92 109
-0.1830 1.9794 0.3485 40 40 37
-0.1813 1.9788 0.3680 43 44 41
-0.2138 1.9352 0.5963 35 36 34
-0.2225 1.9404 0.6075 38 39 37
-0.1989 2.0073 -0.1213 87 68 79
-0.2188 1.9999 -0.0977 53 51 59
-0.2115 2.0033 -0.0331 91 95 103
-0.2060 2.0118 0.3357 75 106 113
-0.2096 2.0072 0.3695 45 50 50
-0.1965 1.9883 0.5987 22 23 27
-0.2239 2.0166 0.6055 47 65 73
-0.1961 2.0669 -0.1210 56 51 54
-0.2034 2.0545 -0.1175 58 58 72
-0.1995 2.0444 -0.0041 112 80 115
-0.2238 2.0560 0.3147 105 172 190
-0.2362 2.0434 0.6152 23 24 28
-0.1897 2.1225 -0.1210 57 52 55
-0.2041 2.1053 -0.1177 64 65 80
-0.1905 2.1412 0.3049 60 82 100
-0.2378 2.1588 0.4114 118 189 208
-0.2376 2.1574 0.4331 111 179 199
-0.1905 2.1758 -0.1202 36 36 37
-0.2073 2.1827 -0.1163 70 69 84
-0.2036 2.1777 0.3054 66 86 98
-0.2106 2.1882 0.4042 115 186 206
-0.2121 2.1898 0.4491 112 183 203
-0.2168 2.1959 0.5092 109 179 200
-0.2201 2.2008 0.5703 107 176 196
-0.2231 2.2050 0.6162 105 173 194
-0.2290 2.2101 0.6892 101 168 189
-0.2333 2.2156 0.7439 99 166 187
-0.2350 2.2176 0.7923 61 105 130
-0.1975 2.2504 -0.1208 101 85 80
-0.1964 2.2742 -0.0832 63 30 62
-0.1875 2.2668 -0.0201 89 77 102
-0.1803 2.2230 0.3061 111 174 193
-0.1822 2.2216 0.3979 71 121 143
-0.1834 2.2230 0.4620 124 197 216
-0.1872 2.2248 0.5121 109 179 199
-0.1903 2.2296 0.5729 106 174 195
-0.1936 2.2344 0.6246 94 155 175
-0.1992 2.2398 0.6954 98 165 186
-0.2035 2.2458 0.7503 97 162 184
-0.2079 2.2498 0.8080 92 155 177
-0.2175 2.2581 0.8467 78 133 157
-0.1915 2.2986 -0.1208 82 73 66
-0.2015 2.2845 -0.0902 98 70 100
-0.2022 2.2864 -0.0250 220 86 209
-0.1831 2.2820 0.8311 92 154 177
-0.1882 2.2888 0.8483 87 147 171
-0.2149 2.3668 -0.1208 168 136 126
-0.2231 2.3756 -0.1163 87 81 95
-0.2225 2.4285 -0.1206 164 135 132
-0.2316 2.4186 -0.1175 110 97 113
-0.2307 2.4610 -0.1204 146 116 118
-0.2266 2.4680 -0.0839 221 87 210
-0.2125 2.4679 0.0045 232 97 222
-0.2117 2.4679 0.0893 248 124 243
-0.2118 2.4679 0.1482 249 130 245
-0.2119 2.4679 0.2116 251 136 248
-0.2119 2.4679 0.2705 252 139 249
-0.2119 2.4680 0.3069 232 102 223
-0.1892 2.4710 0.8977 83 135 162
-0.2071 2.4679 0.9338 95 35 121
-0.2089 2.4679 0.9897 97 32 121
-0.2085 2.4679 1.0498 84 28 113
-0.2095 2.4679 1.1098 83 28 113
-0.2088 2.4679 1.1699 74 25 106
-0.2090 2.4679 1.2299 69 24 104
-0.2092 2.4680 1.2700 68 32 106
-0.1493 -2.5260 -0.1212 180 97 131
-0.1475 -2.5294 -0.0698 213 80 201
-0.1497 -2.5296 0.0450 210 79 198
-0.1505 -2.5296 0.0899 218 85 207
-0.1502 -2.5296 0.1503 226 93 216
-0.1502 -2.5296 0.2111 226 93 217
-0.1502 -2.5296 0.2701 221 89 213
-0.1502 -2.5296 0.3290 209 80 203
-0.1502 -2.5296 0.3898 180 65 183
-0.1506 -2.5296 0.4500 160 56 171
-0.1503 -2.5296 0.5100 141 48 160
-0.1502 -2.5296 0.5701 128 44 153
-0.1504 -2.5296 0.6301 117 40 147
-0.1503 -2.5296 0.6901 118 40 148
-0.1502 -2.5296 0.7502 119 41 148
-0.1503 -2.5296 0.8102 127 44 154
-0.1497 -2.5296 0.8692 137 48 160
-0.1318 -2.5296 0.9069 127 44 153
-0.1497 -2.5295 0.9900 124 42 150
-0.1484 -2.5295 1.0392 128 44 152
-0.1490 -2.5294 1.1100 106 36 137
-0.1493 -2.5294 1.1698 108 37 139
-0.1457 -2.5294 1.2090 107 37 139
-0.1529 -2.5293 1.2689 94 39 129
-0.1488 -2.5005 -0.1219 139 78 78
-0.1422 -2.4981 -0.1198 234 225 175
-0.1526 -2.4139 -0.1234 206 111 64
-0.1487 -2.4330 -0.1195 124 78 75
-0.1501 -2.3690 -0.1235 210 115 64
-0.1563 -2.3534 -0.1197 124 78 74
-0.1504 -2.3088 -0.1237 217 130 79
-0.1564 -2.3005 -0.1198 167 120 106
-0.1461 -2.2709 -0.1237 254 253 245
-0.1412 -2.2656 -0.1198 217 179 160
-0.1515 -2.1844 -0.1235 254 252 240
-0.1486 -2.1947 -0.1200 223 186 168
-0.1502 -2.1289 -0.1236 254 253 246
-0.1489 -2.0719 -0.1237 254 254 248
-0.1555 -1.9876 -0.1234 211 116 68
-0.1502 -1.9489 -0.1235 220 123 67
-0.1502 -1.8888 -0.1236 231 136 71
-0.1478 -1.8440 -0.1237 235 142 74
-0.1521 -1.7578 -0.1235 254 253 245
-0.1504 -1.7086 -0.1236 254 254 247
-0.1501 -1.6487 -0.1237 254 254 252
-0.1359 -1.6153 -0.1237 255 254 253
-0.1504 -1.5288 -0.1237 234 173 135
-0.1507 -1.4437 -0.1237 213 123 83
-0.1503 -1.4113 -0.1237 216 126 84
-0.1493 -1.3507 -0.1236 216 125 82
-0.1498 -1.3066 -0.1235 214 123 83
-0.1500 -1.2318 -0.1236 255 253 245
-0.1499 -1.1722 -0.1235 255 253 244
-0.1505 -1.1314 -0.1234 255 252 241
-0.1499 -1.0462 -0.1237 248 231 214
-0.1498 -0.9903 -0.1236 210 117 73
-0.1493 -0.9359 -0.1235 211 118 74
-0.1502 -0.8498 -0.1237 220 125 73
-0.1498 -0.8110 -0.1236 219 125 75
-0.1499 -0.7500 -0.1235 254 252 242
-0.1500 -0.7090 -0.1234 254 252 241
-0.1484 -0.6189 -0.1222 233 203 180
-0.1504 -0.5694 -0.1219 227 193 169
-0.1505 -0.5064 -0.1219 130 83 87
-0.1510 -0.4515 -0.1217 117 76 88
-0.1511 -0.3954 -0.1216 117 77 89
-0.1511 -0.3329 -0.1215 113 76 90
-0.1512 -0.2647 -0.1213 180 141 129
-0.1476 -0.2109 -0.1212 202 167 151
-0.1484 -0.1541 -0.1211 196 160 146
-0.1500 -0.0933 -0.1210 192 158 145
-0.1517 -0.0961 0.0014 230 75 210
-0.1524 -0.0961 0.0882 232 77 213
-0.1486 -0.1003 0.1557 255 128 253
-0.1486 -0.1003 0.2122 255 128 253
-0.1487 -0.1003 0.2689 255 128 253
-0.1487 -0.1003 0.3295 255 128 253
-0.1487 -0.1003 0.3901 255 127 253
-0.1487 -0.1003 0.4507 255 127 253
-0.1487 -0.1003 0.5112 255 126 253
-0.1482 -0.1003 0.5684 255 125 253
-0.1492 -0.1003 0.6288 255 124 253
-0.1488 -0.1003 0.6889 255 123 252
-0.1488 -0.1003 0.7494 255 122 252
-0.1488 -0.1003 0.8100 254 119 251
-0.1488 -0.1003 0.8705 254 114 250
-0.1488 -0.1003 0.9310 253 110 248
-0.1488 -0.1003 0.9914 253 105 246
-0.1489 -0.1003 1.0519 252 100 243
-0.1489 -0.1003 1.1083 250 95 240
-0.1489 -0.1003 1.1688 248 90 236
-0.1489 -0.1003 1.2292 245 85 230
-0.1489 -0.1003 1.2896 241 80 224
-0.1489 -0.1003 1.3499 236 75 217
-0.1489 -0.1003 1.4103 229 70 209
-0.1490 -0.1003 1.4707 221 64 200
-0.1490 -0.1003 1.5150 214 61 192
-0.1482 -0.0042 -0.1208 155 115 118
-0.1506 0.0912 -0.1206 134 88 98
-0.1505 0.0995 0.0386 255 175 255
-0.1497 0.0994 0.0898 255 174 255
-0.1500 0.0994 0.1499 255 171 255
-0.1500 0.0994 0.2105 255 168 255
-0.1500 0.0994 0.2712 255 163 255
-0.1496 0.0995 0.3306 255 157 255
-0.1501 0.0995 0.3898 255 149 254
-0.1501 0.0995 0.4500 255 140 254
-0.1498 0.0995 0.5101 254 129 253
-0.1499 0.0995 0.5700 254 117 251
-0.1501 0.0995 0.6300 252 103 246
-0.1498 0.0995 0.6900 245 88 235
-0.1499 0.0995 0.7500 227 70 217
-0.1501 0.0995 0.8100 210 60 202
-0.1499 0.0995 0.8700 209 60 201
-0.1515 0.0995 0.9193 211 61 203
-0.1483 0.1010 0.9800 229 72 218
-0.1517 0.1015 1.0502 247 90 238
-0.1522 0.1015 1.1100 239 80 228
-0.1439 0.1015 1.1519 232 74 221
-0.1502 0.1018 1.2299 239 79 228
-0.1459 0.1017 1.2767 233 74 222
-0.1526 0.0971 1.3337 209 62 201
-0.1507 0.1438 -0.1205 134 88 98
-0.1484 0.1990 -0.1204 147 100 104
-0.1495 0.2549 -0.1203 230 197 182
-0.1507 0.3138 -0.1201 228 195 180
-0.1482 0.3684 -0.1204 231 197 181
-0.1519 0.3767 -0.1200 227 194 179
-0.1490 0.4271 -0.1203 227 193 178
-0.1533 0.4432 -0.1198 219 183 169
-0.1499 0.4888 -0.1201 157 111 112
-0.1494 0.5136 -0.1197 124 88 103
-0.1486 0.5762 -0.1204 131 87 99
-0.1507 0.5810 -0.1196 127 89 103
-0.1493 0.6345 -0.1203 133 88 99
-0.1512 0.6128 -0.1198 130 88 101
-0.1499 0.6929 -0.1201 138 93 101
-0.1523 0.6694 -0.1194 128 89 102
-0.1487 0.7357 -0.1205 215 173 157
-0.1529 0.7515 -0.1192 215 177 165
-0.1486 0.7916 -0.1204 230 198 183
-0.1590 0.8382 -0.1191 223 188 176
-0.1493 0.8490 -0.1202 229 195 179
-0.1421 0.8672 -0.1193 224 190 178
-0.1495 0.9081 -0.1201 228 195 180
-0.1453 0.9318 -0.1189 213 177 166
-0.1521 0.9864 -0.1204 162 116 116
-0.1508 1.0019 -0.1191 142 104 112
-0.1524 1.0500 -0.1204 130 87 98
-0.1467 1.0375 -0.1187 123 89 105
-0.1518 1.1137 -0.1203 133 88 98
-0.1512 1.1071 -0.1189 126 89 103
-0.1497 1.1694 -0.1217 149 86 86
-0.1485 1.1501 -0.1186 126 90 104
-0.1497 1.2502 -0.1219 244 219 196
-0.1648 1.2339 -0.1184 189 148 142
-0.1487 1.2880 -0.1219 246 222 200
-0.1439 1.2713 -0.1182 213 176 166
-0.1482 1.3464 -0.1217 244 217 195
-0.1458 1.3389 -0.1192 224 190 177
-0.1511 1.4114 -0.1216 243 216 194
-0.1454 1.3944 -0.1179 218 184 173
-0.1472 1.4754 -0.1215 186 136 125
-0.1533 1.4811 -0.1193 169 127 125
-0.1552 1.5222 -0.1214 138 83 89
-0.1470 1.5267 -0.1176 132 97 109
-0.1509 1.5841 -0.1212 140 85 90
-0.1492 1.5774 -0.1191 125 89 104
-0.1571 1.6672 -0.1219 101 70 85
-0.1487 1.6618 -0.1174 84 82 103
-0.1492 1.7090 -0.1219 119 87 96
-0.1501 1.6957 -0.1177 92 86 105
-0.1490 1.7704 -0.1218 185 150 138
-0.1460 1.7664 -0.1180 121 106 119
-0.1499 1.8300 -0.1217 181 146 136
-0.1505 1.8283 -0.1170 119 107 121
-0.1307 1.8479 0.5753 44 54 56
-0.1495 1.8908 -0.1215 177 143 134
-0.1474 1.8956 -0.1178 125 110 123
-0.1212 1.9167 0.3474 39 39 36
-0.1212 1.9175 0.3682 39 39 37
-0.1592 1.8773 0.5877 37 37 36
-0.1466 1.9126 0.6017 38 37 40
-0.1537 1.9518 -0.1214 164 132 127
-0.1544 1.9687 -0.1179 101 92 110
-0.1473 1.9506 0.3366 65 89 93
-0.1536 1.9505 0.3691 38 39 38
-0.1475 1.9467 0.5916 27 27 33
-0.1546 1.9603 0.6042 44 38 57
-0.1460 2.0072 -0.1213 91 74 93
-0.1525 1.9979 -0.1167 88 86 107
-0.1551 2.0260 -0.0266 96 97 94
-0.1591 1.9979 0.3125 99 162 180
-0.1796 1.9827 0.3702 29 30 29
-0.1774 1.9819 0.5987 41 42 41
-0.1765 1.9835 0.6064 26 28 32
-0.1526 2.0680 -0.1212 86 71 92
-0.1496 2.0522 -0.1175 79 80 104
-0.1416 2.0565 -0.0013 68 75 92
-0.1531 2.0622 0.3057 146 91 162
-0.1468 2.1252 -0.1211 87 72 93
-0.1546 2.1097 -0.1177 79 80 103
-0.1651 2.1220 0.3045 57 86 102
-0.1545 2.1864 -0.1210 74 62 77
-0.1463 2.1849 -0.1163 86 84 105
-0.1316 2.2027 -0.0013 83 94 125
-0.1634 2.1887 0.3058 150 173 182
-0.1781 2.2183 0.4070 115 186 206
-0.1782 2.2186 0.4345 113 183 203
-0.1472 2.2499 -0.1209 117 96 99
-0.1572 2.2555 -0.1173 108 98 114
-0.1579 2.2388 -0.0080 93 85 119
-0.1424 2.2412 0.3061 141 207 222
-0.1494 2.2475 0.4100 109 178 199
-0.1508 2.2497 0.4524 105 174 195
-0.1570 2.2537 0.5085 104 172 193
-0.1594 2.2589 0.5670 101 168 190
-0.1623 2.2645 0.6211 99 165 186
-0.1685 2.2699 0.6945 94 159 180
-0.1727 2.2759 0.7476 94 159 180
-0.1741 2.2769 0.7926 65 111 135
-0.1481 2.3131 -0.1208 132 110 109
-0.1704 2.2989 -0.0863 25 25 24
-0.1394 2.2944 -0.0128 74 81 101
-0.1202 2.2811 0.3870 74 115 134
-0.1249 2.2825 0.4649 101 168 189
-0.1269 2.2845 0.5145 101 167 189
-0.1288 2.2900 0.5726 97 163 185
-0.1324 2.2947 0.6257 94 159 181
-0.1398 2.2984 0.6968 91 153 176
-0.1460 2.3023 0.7505 90 152 174
-0.1490 2.3077 0.8093 85 145 167
-0.1565 2.3184 0.8479 70 121 146
-0.1398 2.3737 -0.1207 113 96 93
-0.1482 2.3866 -0.1159 79 74 86
-0.1249 2.3422 0.8362 90 152 175
-0.1249 2.3527 0.8494 80 137 161
-0.1419 2.4247 -0.1207 101 87 83
-0.1496 2.4174 -0.1170 83 77 88
-0.1476 2.4630 -0.1212 22 23 23
-0.1495 2.4696 -0.0956 143 62 137
-0.1512 2.4679 0.0177 220 86 209
-0.1493 2.4679 0.0890 235 101 226
-0.1506 2.4679 0.1495 233 100 224
-0.1506 2.4679 0.2121 239 107 231
-0.1507 2.4679 0.2703 241 112 234
-0.1508 2.4680 0.3063 223 91 214
-0.1368 2.4683 0.8963 98 51 128
-0.1521 2.4679 0.9301 93 31 118
-0.1515 2.4679 0.9898 91 30 117
-0.1510 2.4679 1.0501 80 27 111
-0.1517 2.4679 1.1104 79 27 110
-0.1518 2.4679 1.1702 71 24 105
-0.1517 2.4679 1.2293 67 23 103
-0.1511 2.4680 1.2692 66 34 107
-0.0907 -2.5256 -0.1217 175 109 95
-0.0895 -2.5294 -0.0723 219 85 208
-0.0903 -2.5296 0.0432 232 97 222
-0.0899 -2.5296 0.0900 240 108 233
-0.0907 -2.5296 0.1499 246 125 241
-0.0903 -2.5296 0.2104 250 139 247
-0.0903 -2.5296 0.2703 249 134 245
-0.0904 -2.5296 0.3301 241 114 236
-0.0904 -2.5296 0.3902 209 85 208
-0.0904 -2.5296 0.4498 189 69 192
-0.0904 -2.5296 0.5101 159 55 171
-0.0904 -2.5296 0.5700 139 47 158
-0.0904 -2.5296 0.6299 121 41 148
-0.0904 -2.5296 0.6899 117 40 146
-0.0903 -2.5296 0.7498 115 39 145
-0.0904 -2.5296 0.8099 120 41 148
-0.0904 -2.5296 0.8700 127 44 152
-0.0846 -2.5296 0.9056 127 44 152
-0.0885 -2.5295 0.9899 115 39 143
-0.0875 -2.5295 1.0443 119 41 146
-0.0902 -2.5294 1.1095 102 35 134
-0.0902 -2.5294 1.1700 103 35 135
-0.0881 -2.5294 1.2140 102 35 134
-0.0922 -2.5292 1.2695 89 39 126
-0.0921 -2.4891 -0.1219 150 82 76
-0.0919 -2.4901 -0.1194 124 77 73
-0.0957 -2.4075 -0.1234 213 118 66
-0.1061 -2.4092 -0.1195 126 78 73
-0.0902 -2.3689 -0.1235 218 123 67
-0.0778 -2.3933 -0.1196 125 78 73
-0.0903 -2.3087 -0.1236 230 145 86
-0.0920 -2.3174 -0.1197 128 80 73
-0.0879 -2.2640 -0.1237 254 254 251
-0.0875 -2.2357 -0.1198 223 187 168
-0.0922 -2.1779 -0.1234 254 251 238
-0.1007 -2.1680 -0.1200 223 185 166
-0.0901 -2.1287 -0.1235 254 253 245
-0.0703 -2.1510 -0.1200 221 181 161
-0.0905 -2.0685 -0.1237 254 254 251
-0.0812 -2.0341 -0.1237 251 226 198
-0.0908 -1.9478 -0.1235 224 127 67
-0.0902 -1.8887 -0.1236 233 139 72
-0.0885 -1.8367 -0.1237 239 149 77
-0.0930 -1.7511 -0.1234 254 253 246
-0.0895 -1.7089 -0.1235 254 253 246
-0.0898 -1.6487 -0.1236 254 254 251
-0.0860 -1.6102 -0.1237 255 254 254
-0.0907 -1.5286 -0.1236 242 183 136
-0.1067 -1.4440 -0.1237 229 138 86
-0.0894 -1.4116 -0.1237 230 139 86
-0.0906 -1.3520 -0.1236 225 133 83
-0.0881 -1.3068 -0.1235 221 130 84
-0.0900 -1.2305 -0.1236 255 254 250
-0.0906 -1.1701 -0.1235 255 254 248
-0.0894 -1.1291 -0.1234 254 253 244
-0.0901 -1.0453 -0.1237 251 237 222
-0.0893 -0.9924 -0.1236 222 127 76
-0.0896 -0.9353 -0.1235 220 125 75
-0.0897 -0.8491 -0.1237 232 139 78
-0.0901 -0.8118 -0.1237 229 136 79
-0.0896 -0.7525 -0.1235 254 253 245
-0.0894 -0.7093 -0.1234 254 253 242
-0.0893 -0.6161 -0.1222 234 204 180
-0.0890 -0.5674 -0.1220 229 196 171
-0.0898 -0.5058 -0.1219 128 80 85
-0.0913 -0.4495 -0.1217 119 77 87
-0.0910 -0.3926 -0.1216 119 77 88
-0.0907 -0.3308 -0.1215 112 76 89
-0.0886 -0.2651 -0.1213 181 142 130
-0.0900 -0.2110 -0.1212 201 165 149
-0.0897 -0.1523 -0.1211 197 161 146
-0.0893 -0.0912 -0.1210 196 161 148
-0.0887 -0.0960 0.0030 228 74 208
-0.0874 -0.0960 0.0889 229 74 208
-0.0888 -0.1003 0.1537 255 129 253
-0.0868 -0.1003 0.2100 255 129 253
-0.0877 -0.1003 0.2689 255 129 253
-0.0878 -0.1003 0.3295 255 129 253
-0.0878 -0.1003 0.3900 255 128 253
-0.0878 -0.1003 0.4505 255 128 253
-0.0878 -0.1003 0.5110 255 127 253
-0.0878 -0.1003 0.5715 255 126 253
-0.0879 -0.1003 0.6320 255 125 253
-0.0879 -0.1003 0.6886 255 124 252
-0.0879 -0.1003 0.7491 255 123 252
-0.0879 -0.1003 0.8096 254 121 251
-0.0880 -0.1003 0.8700 254 116 250
-0.0880 -0.1003 0.9304 253 111 249
-0.0880 -0.1003 0.9908 253 106 247
-0.0880 -0.1003 1.0512 252 102 244
-0.0876 -0.1003 1.1111 251 97 241
-0.0886 -0.1003 1.1713 249 91 237
-0.0881 -0.1003 1.2283 246 86 232
-0.0881 -0.1003 1.2887 242 81 226
-0.0882 -0.1003 1.3491 237 76 219
-0.0882 -0.1003 1.4094 231 71 211
-0.0882 -0.1003 1.4697 222 65 201
-0.0883 -0.1003 1.5140 215 61 194
-0.0888 -0.0023 -0.1208 165 122 123
-0.0885 0.0916 -0.1206 136 88 97
-0.0911 0.0995 0.0408 255 161 255
-0.0906 0.0995 0.0899 255 160 255
-0.0905 0.0995 0.1501 255 158 255
-0.0902 0.0995 0.2108 255 153 254
-0.0906 0.0995 0.2708 255 148 254
-0.0906 0.0995 0.3303 255 142 254
-0.0904 0.0995 0.3900 255 134 254
-0.0903 0.0995 0.4500 254 124 252
-0.0905 0.0995 0.5101 253 113 250
-0.0906 0.0995 0.5699 251 100 244
-0.0904 0.0995 0.6299 243 85 233
-0.0905 0.0995 0.6900 224 69 214
-0.0905 0.0995 0.7500 210 60 202
-0.0904 0.0995 0.8100 210 60 202
-0.0904 0.0995 0.8700 210 60 202
-0.0931 0.0995 0.9130 209 60 202
-0.0889 0.1010 0.9890 238 79 227
-0.0693 0.1010 1.0243 231 73 220
-0.0906 0.1016 1.1100 244 85 234
-0.0873 0.1016 1.1647 236 77 225
-0.0910 0.1018 1.2301 242 83 232
-0.0896 0.1018 1.2881 235 76 224
-0.0780 0.1009 1.3240 228 72 218
-0.0881 0.1450 -0.1205 133 87 98
-0.0918 0.2010 -0.1204 151 104 106
-0.0915 0.2571 -0.1203 232 200 184
-0.0912 0.3160 -0.1201 228 193 178
-0.0918 0.3710 -0.1204 231 198 182
-0.0915 0.3788 -0.1200 229 195 181
-0.0909 0.4297 -0.1203 227 195 180
-0.0912 0.4453 -0.1198 218 180 166
-0.0902 0.4915 -0.1201 152 105 108
-0.0909 0.5157 -0.1197 126 88 102
-0.0920 0.5784 -0.1204 133 87 98
-0.0905 0.5842 -0.1196 129 88 101
-0.0915 0.6372 -0.1203 132 88 99
-0.0890 0.6158 -0.1198 131 89 101
-0.0904 0.6958 -0.1201 142 97 103
-0.0900 0.6714 -0.1194 127 89 103
-0.0896 0.7380 -0.1205 222 184 168
-0.0904 0.7537 -0.1192 218 181 168
-0.0928 0.7921 -0.1204 230 196 180
-0.0921 0.8369 -0.1194 225 190 177
-0.0915 0.8496 -0.1203 230 196 181
-0.0942 0.8498 -0.1191 224 189 176
-0.0903 0.9101 -0.1201 229 197 182
-0.0896 0.9340 -0.1189 214 177 166
-0.0905 0.9932 -0.1204 155 113 116
-0.0907 1.0048 -0.1191 139 100 109
-0.0888 1.0534 -0.1205 134 87 96
-0.0892 1.0402 -0.1187 125 89 103
-0.0918 1.1128 -0.1204 135 87 97
-0.0898 1.1101 -0.1189 127 89 103
-0.0788 1.1494 -0.1204 133 87 97
-0.0895 1.1539 -0.1186 125 90 104
-0.0895 1.2438 -0.1219 245 222 201
-0.0889 1.2106 -0.1186 173 129 126
-0.0872 1.2888 -0.1218 245 219 196
-0.0879 1.2734 -0.1182 214 177 166
-0.0932 1.3515 -0.1217 244 218 196
-0.0883 1.3447 -0.1192 224 189 176
-0.0896 1.4163 -0.1216 244 219 198
-0.0884 1.3966 -0.1179 218 184 173
-0.0891 1.4756 -0.1215 184 135 126
-0.0787 1.4543 -0.1193 204 164 154
-0.0859 1.5363 -0.1213 140 83 88
-0.0880 1.5290 -0.1176 132 95 106
-0.0941 1.5864 -0.1212 143 85 89
-0.0862 1.6012 -0.1192 127 89 102
-0.0904 1.6496 -0.1211 103 72 88
-0.0870 1.6642 -0.1174 85 82 103
-0.0926 1.7138 -0.1219 115 86 95
-0.0911 1.6984 -0.1177 94 87 106
-0.0909 1.7689 -0.1218 181 146 136
-0.0904 1.7720 -0.1180 123 107 119
-0.0688 1.7962 0.5396 61 35 109
-0.0758 1.7962 0.5490 35 35 33
-0.0906 1.8302 -0.1217 175 140 132
-0.0865 1.8307 -0.1170 119 106 121
-0.0630 1.8567 0.4549 59 43 62
-0.0623 1.8545 0.5048 106 44 115
-0.0933 1.8178 0.5602 41 39 44
-0.0900 1.8892 -0.1216 173 140 133
-0.0883 1.9025 -0.1178 124 110 122
-0.0862 1.8928 0.3355 73 106 113
-0.0844 1.8814 0.3854 50 66 70
-0.0743 1.8683 0.4442 91 52 100
-0.0680 1.8635 0.4988 124 68 143
-0.0872 1.8646 0.5796 46 46 48
-0.0934 1.9489 -0.1215 159 128 125
-0.0924 1.9733 -0.1179 101 92 109
-0.0994 1.9409 0.3119 89 145 161
-0.0767 1.9250 0.3717 34 34 33
-0.1160 1.9220 0.5868 42 43 46
-0.0911 2.0082 -0.1214 89 72 92
-0.0926 2.0011 -0.1167 88 84 105
-0.1154 2.0382 -0.0194 72 75 81
-0.1124 1.9892 0.3053 68 110 126
-0.0869 2.0681 -0.1213 85 70 91
-0.0856 2.0495 -0.1178 79 78 101
-0.0914 2.0549 -0.0281 60 60 58
-0.1051 2.0541 0.3034 69 109 125
-0.0967 2.1307 -0.1211 85 71 92
-0.0951 2.1169 -0.1177 79 79 102
-0.0843 2.1103 0.0094 73 80 98
-0.0799 2.1266 0.3045 58 87 102
-0.0863 2.1906 -0.1210 88 74 94
-0.0919 2.1863 -0.1163 86 84 105
-0.0938 2.1725 0.0069 83 94 123
-0.0815 2.1889 0.3059 104 155 172
-0.0893 2.2515 -0.1210 154 126 125
-0.0933 2.2500 -0.1178 114 99 113
-0.1110 2.2357 0.0077 113 81 119
-0.0789 2.2505 0.3070 53 77 92
-0.1166 2.2779 0.4098 106 172 192
-0.1171 2.2782 0.4296 101 167 187
-0.0949 2.3064 -0.1209 154 126 127
-0.0881 2.3056 -0.1176 120 107 121
-0.0987 2.2924 0.3079 51 73 88
-0.0867 2.3101 0.4090 100 167 188
-0.0907 2.3091 0.4489 97 162 184
-0.0948 2.3159 0.5103 95 160 182
-0.1005 2.3178 0.5699 93 157 179
-0.1035 2.3232 0.6245 91 154 176
-0.1102 2.3284 0.7005 88 150 172
-0.1142 2.3335 0.7490 87 148 170
-0.1180 2.3354 0.7954 84 142 165
-0.0925 2.3665 -0.1208 153 127 128
-0.0914 2.3886 -0.1159 106 98 116
-0.0619 2.3413 0.3091 71 110 127
-0.0623 2.3415 0.4113 93 154 174
-0.0616 2.3421 0.4643 96 160 182
-0.0648 2.3466 0.5141 91 154 175
-0.0727 2.3478 0.5765 89 151 173
-0.0757 2.3528 0.6304 87 149 171
-0.0808 2.3584 0.7009 84 144 166
-0.0827 2.3657 0.7519 84 144 166
-0.0872 2.3694 0.8094 80 138 160
-0.0951 2.3812 0.8482 66 113 139
-0.0902 2.4324 -0.1207 133 111 114
-0.0948 2.4201 -0.1171 111 100 116
-0.0620 2.4037 0.8360 83 141 164
-0.0694 2.4022 0.8456 84 143 166
-0.0754 2.4638 -0.1208 123 100 102
-0.0883 2.4696 -0.0906 213 90 204
-0.0906 2.4679 0.0204 193 71 181
-0.0906 2.4679 0.0890 209 78 197
-0.0907 2.4679 0.1508 207 78 195
-0.0908 2.4679 0.2126 216 84 205
-0.0909 2.4679 0.2701 217 87 207
-0.0909 2.4681 0.3057 201 75 190
-0.0705 2.4662 0.3875 49 50 47
-0.0708 2.4661 0.4508 50 50 46
-0.0710 2.4661 0.5095 50 50 46
-0.0709 2.4661 0.5694 49 49 46
-0.0717 2.4662 0.6125 50 50 47
-0.0814 2.4661 0.6977 145 209 220
-0.0830 2.4661 0.7496 159 229 241
-0.0767 2.4661 0.8107 155 226 239
-0.0875 2.4680 0.8885 100 40 125
-0.0922 2.4679 0.9298 89 30 116
-0.0917 2.4679 0.9894 86 29 114
-0.0915 2.4679 1.0494 77 26 109
-0.0916 2.4679 1.1101 77 26 109
-0.0919 2.4679 1.1701 68 24 103
-0.0922 2.4679 1.2302 65 23 102
-0.0916 2.4680 1.2700 66 35 107
0.0085 -2.5268 -0.1214 225 167 167
0.0015 -2.5294 -0.0741 234 99 225
0.0013 -2.5296 0.0409 250 131 246
-0.0001 -2.5296 0.0902 253 158 251
-0.0002 -2.5296 0.1501 254 199 254
-0.0009 -2.5296 0.2106 254 224 254
-0.0001 -2.5296 0.2707 254 217 254
-0.0001 -2.5296 0.3302 254 185 253
-0.0008 -2.5296 0.3901 241 130 239
-0.0005 -2.5296 0.4502 223 95 221
-0.0004 -2.5296 0.5101 185 66 188
-0.0006 -2.5296 0.5700 155 53 168
-0.0002 -2.5296 0.6300 133 45 154
-0.0005 -2.5296 0.6900 117 40 145
-0.0004 -2.5296 0.7500 111 38 141
-0.0003 -2.5296 0.8100 111 38 141
-0.0004 -2.5296 0.8700 110 38 140
0.0079 -2.5296 0.9131 110 38 139
0.0008 -2.5295 0.9901 104 35 135
0.0017 -2.5295 1.0496 105 36 135
0.0339 -2.5295 1.0856 95 33 128
-0.0005 -2.5294 1.1701 98 33 130
0.0042 -2.5294 1.2216 95 33 128
-0.0011 -2.5292 1.2692 84 36 122
-0.0043 -2.4903 -0.1219 201 156 141
0.0057 -2.4886 -0.1198 195 151 132
-0.0401 -2.4111 -0.1231 222 138 90
0.0235 -2.4296 -0.1198 217 178 159
-0.0058 -2.3653 -0.1235 241 200 170
0.0341 -2.3697 -0.1198 216 179 161
-0.0008 -2.3087 -0.1236 245 210 182
0.0361 -2.3245 -0.1198 215 176 157
0.0042 -2.2526 -0.1237 243 180 131
0.0182 -2.2558 -0.1197 151 105 93
0.0438 -2.2118 -0.1237 243 161 90
-0.0027 -2.1883 -0.1199 177 133 111
-0.0010 -2.1289 -0.1235 240 181 137
-0.0108 -2.1253 -0.1200 233 211 167
-0.0014 -2.0688 -0.1236 245 189 143
0.0297 -2.0953 -0.1200 255 254 210
0.0092 -2.0242 -0.1237 251 227 204
-0.0079 -1.9394 -0.1235 241 196 165
-0.0011 -1.8887 -0.1236 247 211 182
-0.0001 -1.8293 -0.1237 250 217 189
0.0310 -1.7929 -0.1237 254 254 251
-0.0023 -1.7074 -0.1235 237 179 137
-0.0008 -1.6486 -0.1236 244 188 141
0.0071 -1.5989 -0.1237 248 186 130
-0.0024 -1.5287 -0.1235 245 202 167
-0.0009 -1.4691 -0.1237 249 214 185
-0.0012 -1.4109 -0.1237 245 187 145
0.0014 -1.3512 -0.1236 242 186 148
0.0000 -1.3052 -0.1235 237 179 144
0.0005 -1.2317 -0.1237 250 217 191
0.0004 -1.1714 -0.1235 248 214 186
0.0005 -1.1276 -0.1234 246 211 183
-0.0011 -1.0425 -0.1237 250 216 185
0.0002 -0.9912 -0.1236 242 182 141
0.0016 -0.9330 -0.1235 238 179 142
-0.0041 -0.8464 -0.1237 246 187 140
-0.0001 -0.8112 -0.1237 244 186 144
0.0003 -0.7511 -0.1235 247 215 189
0.0031 -0.7066 -0.1234 244 205 175
-0.0003 -0.6122 -0.1221 202 160 143
-0.0043 -0.5692 -0.1220 201 160 143
0.0055 -0.5083 -0.1218 163 117 111
-0.0006 -0.4483 -0.1217 162 119 115
-0.0002 -0.3904 -0.1216 155 115 114
0.0000 -0.3281 -0.1214 152 115 114
0.0021 -0.2607 -0.1213 166 127 120
-0.0022 -0.2071 -0.1212 167 130 125
-0.0012 -0.1497 -0.1211 161 124 122
-0.0000 -0.0879 -0.1210 161 128 125
0.0024 -0.0958 0.0069 224 71 203
0.0016 -0.0958 0.0916 222 70 201
0.0015 -0.1003 0.1520 255 130 254
0.0015 -0.1003 0.2084 255 130 253
0.0015 -0.1003 0.2690 255 130 253
0.0014 -0.1003 0.3294 255 130 253
0.0014 -0.1003 0.3899 255 129 253
0.0014 -0.1003 0.4504 255 128 253
0.0013 -0.1003 0.5108 255 128 253
0.0013 -0.1003 0.5712 255 127 253
0.0013 -0.1003 0.6317 255 126 253
0.0022 -0.1003 0.6887 255 125 253
0.0003 -0.1003 0.7490 255 124 252
0.0012 -0.1003 0.8089 255 122 252
0.0011 -0.1003 0.8692 254 118 251
0.0011 -0.1003 0.9296 254 113 250
0.0011 -0.1003 0.9899 253 108 248
0.0010 -0.1003 1.0502 252 103 245
0.0010 -0.1003 1.1106 251 98 242
0.0010 -0.1003 1.1709 249 93 238
0.0014 -0.1003 1.2309 247 88 233
0.0004 -0.1003 1.2911 243 83 227
0.0028 -0.1003 1.3502 239 78 221
-0.0011 -0.1003 1.4102 233 72 213
0.0028 -0.1003 1.4698 225 67 204
-0.0032 -0.1003 1.5137 218 63 196
0.0003 0.0009 -0.1208 184 141 135
0.0005 0.0955 -0.1206 172 130 129
-0.0016 0.0995 0.0443 254 137 254
0.0013 0.0995 0.0902 254 135 253
0.0017 0.0995 0.1502 254 132 253
0.0008 0.0995 0.2108 254 127 252
0.0008 0.0995 0.2703 254 122 251
0.0014 0.0995 0.3295 253 114 250
0.0012 0.0995 0.3899 251 106 246
0.0014 0.0995 0.4499 247 94 239
0.0013 0.0995 0.5099 237 82 228
0.0011 0.0995 0.5700 224 70 215
0.0013 0.0995 0.6300 214 63 206
0.0013 0.0995 0.6900 210 60 202
0.0013 0.0995 0.7500 210 60 202
0.0012 0.0995 0.8100 209 60 201
0.0003 0.0995 0.8693 210 60 202
-0.0322 0.0995 0.9063 209 60 201
-0.0008 0.1010 0.9902 246 90 237
0.0121 0.1010 1.0378 239 80 228
0.0444 0.1014 1.0882 237 78 226
-0.0014 0.1016 1.1695 242 83 231
0.0171 0.1016 1.2182 236 77 225
-0.0013 0.1019 1.2895 240 81 229
0.0038 0.1018 1.3323 183 71 189
0.0029 0.1481 -0.1205 175 134 133
-0.0032 0.2032 -0.1204 179 133 127
-0.0010 0.2596 -0.1202 192 155 150
-0.0030 0.3189 -0.1201 192 151 145
-0.0029 0.3742 -0.1203 195 154 147
-0.0009 0.3820 -0.1200 191 152 146
-0.0006 0.4318 -0.1202 192 154 148
0.0019 0.4486 -0.1198 190 146 138
-0.0010 0.4923 -0.1201 177 131 127
-0.0005 0.5188 -0.1197 168 128 130
-0.0033 0.5838 -0.1203 169 127 127
0.0023 0.5900 -0.1195 169 130 132
-0.0004 0.6417 -0.1202 171 131 131
-0.0009 0.6199 -0.1198 167 128 129
-0.0020 0.7007 -0.1201 176 131 127
0.0001 0.6738 -0.1194 167 130 132
0.0016 0.7411 -0.1205 193 151 143
0.0023 0.7568 -0.1192 185 146 142
-0.0038 0.7954 -0.1203 195 155 148
-0.0004 0.8312 -0.1198 188 148 143
-0.0003 0.8527 -0.1202 189 148 142
-0.0056 0.8450 -0.1190 188 149 145
-0.0016 0.9125 -0.1201 195 157 151
-0.0021 0.9385 -0.1188 187 145 139
0.0057 0.9912 -0.1205 186 141 134
-0.0007 1.0120 -0.1190 169 130 130
0.0046 1.0540 -0.1203 174 134 133
0.0007 1.0425 -0.1186 167 130 132
0.0002 1.1137 -0.1203 172 131 130
0.0024 1.1128 -0.1188 168 131 133
-0.0041 1.1760 -0.1202 164 124 125
0.0004 1.1510 -0.1184 167 131 133
0.0324 1.2216 -0.1210 209 167 153
0.0009 1.2132 -0.1186 182 138 131
-0.0066 1.2901 -0.1218 219 179 162
-0.0010 1.2714 -0.1181 184 146 142
0.0001 1.3506 -0.1217 208 162 146
0.0328 1.3223 -0.1184 137 99 110
0.0011 1.4069 -0.1216 208 168 154
-0.0020 1.3965 -0.1179 184 147 144
0.0003 1.4676 -0.1215 192 143 131
-0.0046 1.4698 -0.1195 195 152 142
-0.0006 1.5330 -0.1213 180 131 125
-0.0019 1.5298 -0.1176 165 126 129
0.0126 1.5939 -0.1212 196 153 143
0.0226 1.5636 -0.1180 188 153 150
-0.0088 1.6463 -0.1211 142 100 103
-0.0013 1.6698 -0.1174 96 89 107
-0.0349 1.7262 -0.1219 139 106 105
-0.0049 1.6997 -0.1177 99 90 107
-0.0041 1.7719 -0.1219 142 114 116
0.0014 1.7687 -0.1179 105 94 111
0.0008 1.8302 -0.1218 131 104 109
0.0047 1.8364 -0.1131 87 81 97
0.0041 1.8375 0.3349 119 187 207
0.0044 1.8574 0.3643 114 179 209
-0.0551 1.8510 0.4593 35 35 34
-0.0483 1.8413 0.5129 45 34 46
-0.0491 1.8234 0.5486 32 33 33
-0.0082 1.8853 -0.1217 139 112 112
0.0247 1.8775 -0.0887 38 37 43
0.0155 1.8837 -0.0326 122 90 134
-0.0233 1.8752 0.3192 96 157 176
-0.0310 1.8796 0.3658 87 137 162
-0.0571 1.8611 0.4441 37 30 47
-0.0552 1.8621 0.4936 45 36 55
-0.0563 1.8620 0.5599 44 45 46
-0.0239 1.9474 -0.1216 152 122 121
-0.0299 1.9679 -0.1180 101 89 105
-0.0164 1.9508 -0.0194 129 87 138
-0.0161 1.9397 0.3031 64 100 116
0.0144 1.9321 0.3702 149 136 202
-0.0171 2.0108 -0.1215 100 80 95
-0.0163 2.0035 -0.1167 71 69 83
-0.0367 2.0233 -0.0210 118 84 121
0.0370 2.0051 0.3036 58 92 107
-0.0099 2.0720 -0.1213 98 81 97
-0.0093 2.0531 -0.1175 62 62 77
0.0330 2.0827 -0.0198 68 73 85
-0.0113 2.0894 0.0906 125 125 122
-0.0125 2.0883 0.1506 126 126 125
-0.0128 2.0896 0.2043 132 132 133
-0.0124 2.0966 0.2684 140 143 148
-0.0024 2.0691 0.3035 64 101 117
-0.0042 2.1313 -0.1212 107 89 103
-0.0105 2.1173 -0.1177 59 58 73
-0.0202 2.1100 0.0281 111 67 117
-0.0311 2.1130 0.0896 143 60 135
-0.0314 2.1118 0.1490 141 60 133
-0.0273 2.1098 0.2083 140 69 134
-0.0224 2.1058 0.2654 135 75 131
-0.0140 2.1122 0.3008 148 85 142
0.0003 2.1897 -0.1212 104 87 101
-0.0132 2.1907 -0.1163 64 63 76
0.0268 2.1842 0.0093 71 74 81
0.0080 2.1633 0.0888 93 94 92
0.0104 2.1615 0.1639 79 81 86
0.0073 2.1618 0.1927 77 80 87
-0.0126 2.1948 0.3060 58 89 104
-0.0004 2.2490 -0.1211 119 98 108
0.0046 2.2560 -0.1176 60 54 62
0.0463 2.2421 0.0082 76 79 87
0.0246 2.2401 0.3068 55 83 98
-0.0006 2.3106 -0.1210 121 101 111
-0.0406 2.3137 -0.1180 125 109 121
0.0553 2.2847 0.0037 78 90 123
0.0264 2.3231 0.3120 100 161 179
-0.0548 2.3373 0.4107 171 232 241
-0.0569 2.3382 0.4479 169 236 245
0.0005 2.3690 -0.1209 121 101 111
0.0104 2.3639 -0.1163 53 50 58
0.0349 2.3737 0.3326 104 153 164
-0.0391 2.3564 0.4111 90 148 167
-0.0349 2.3639 0.4495 93 157 178
-0.0364 2.3728 0.5080 92 156 178
-0.0430 2.3737 0.5670 91 154 176
-0.0299 2.3806 0.6242 77 123 142
-0.0496 2.3868 0.6938 77 125 142
-0.0533 2.3922 0.7438 86 146 168
-0.0550 2.3968 0.7918 88 148 170
0.0022 2.4288 -0.1208 112 95 107
0.0123 2.4070 -0.1161 73 70 83
0.0111 2.4128 0.3471 70 86 86
-0.0023 2.4167 0.4119 46 47 44
-0.0019 2.4162 0.4657 69 107 121
-0.0052 2.4164 0.5099 77 130 151
-0.0094 2.4164 0.5713 70 117 136
-0.0006 2.4168 0.6185 55 73 89
-0.0337 2.4092 0.6990 82 139 161
-0.0411 2.4106 0.7542 82 140 162
-0.0469 2.4111 0.8070 79 136 158
-0.0525 2.4213 0.8420 77 129 152
0.0138 2.4655 -0.1206 114 92 103
0.0318 2.4696 -0.0932 184 97 179
-0.0323 2.4680 0.0212 176 60 164
-0.0325 2.4680 0.0910 182 63 170
-0.0325 2.4680 0.1520 171 59 160
-0.0257 2.4680 0.2155 186 66 174
-0.0211 2.4680 0.2707 181 64 170
-0.0203 2.4680 0.3056 174 61 163
0.0437 2.4682 0.4149 82 45 81
0.0481 2.4681 0.4497 54 39 52
0.0279 2.4682 0.5123 41 37 44
0.0222 2.4681 0.5699 65 34 66
0.0155 2.4681 0.6256 77 60 100
0.0237 2.4680 0.6992 101 49 122
0.0165 2.4680 0.7504 101 50 127
0.0144 2.4680 0.8111 97 45 122
0.0020 2.4680 0.8713 91 36 118
-0.0014 2.4680 0.9303 83 28 113
-0.0014 2.4680 0.9906 78 27 110
-0.0010 2.4680 1.0504 72 25 107
-0.0012 2.4680 1.1102 70 24 106
-0.0014 2.4680 1.1702 64 22 101
-0.0018 2.4680 1.2302 63 22 101
-0.0019 2.4680 1.2696 63 33 106
0.1046 -2.5290 -0.1209 216 138 162
0.0916 -2.5294 -0.0772 239 106 231
0.0909 -2.5296 0.0381 254 158 252
0.0899 -2.5296 0.0897 255 199 254
0.0901 -2.5296 0.1495 255 250 255
0.0903 -2.5296 0.2103 255 254 255
0.0903 -2.5296 0.2711 255 254 255
0.0900 -2.5296 0.3304 254 227 254
0.0905 -2.5296 0.3893 253 164 251
0.0903 -2.5296 0.4498 238 110 235
0.0899 -2.5296 0.5100 200 74 200
0.0902 -2.5296 0.5699 165 57 174
0.0903 -2.5296 0.6301 135 46 154
0.0901 -2.5296 0.6901 115 39 141
0.0902 -2.5296 0.7500 110 37 138
0.0903 -2.5296 0.8101 104 35 135
0.0902 -2.5296 0.8700 99 34 131
0.0914 -2.5296 0.9202 98 33 130
0.0912 -2.5295 0.9900 93 32 127
0.0914 -2.5295 1.0500 94 32 127
0.0942 -2.5295 1.0902 89 31 124
0.0918 -2.5294 1.1697 90 31 124
0.0923 -2.5294 1.2289 88 30 123
0.0911 -2.5292 1.2686 82 34 120
0.0862 -2.4903 -0.1218 244 217 193
0.1000 -2.5064 -0.1198 220 183 163
0.0937 -2.4417 -0.1219 244 216 192
0.0926 -2.4238 -0.1197 222 184 165
0.0868 -2.3555 -0.1234 254 254 248
0.1095 -2.3789 -0.1197 224 190 172
0.0899 -2.3089 -0.1235 254 248 238
0.0694 -2.3024 -0.1198 202 159 139
0.0898 -2.2489 -0.1237 241 152 78
0.0792 -2.2499 -0.1199 126 78 69
0.0953 -2.2127 -0.1237 244 161 83
0.1003 -2.1930 -0.1199 132 86 73
0.0886 -2.1263 -0.1235 230 135 72
0.1061 -2.1423 -0.1199 158 120 103
0.0895 -2.0687 -0.1236 238 147 77
0.0913 -2.0138 -0.1237 254 246 237
0.0864 -1.9291 -0.1234 254 252 242
0.0898 -1.8887 -0.1235 254 254 249
0.0897 -1.8287 -0.1236 254 254 252
0.0925 -1.7859 -0.1237 251 220 187
0.0879 -1.6997 -0.1234 226 131 69
0.0896 -1.6488 -0.1236 236 144 75
0.0905 -1.5893 -0.1237 244 156 81
0.1087 -1.5551 -0.1237 247 167 91
0.0895 -1.4688 -0.1236 254 254 251
0.0900 -1.4093 -0.1237 254 254 253
0.0895 -1.3512 -0.1236 254 254 252
0.0913 -1.3037 -0.1235 254 253 248
0.0904 -1.2314 -0.1237 242 154 86
0.0899 -1.1721 -0.1235 234 141 81
0.0901 -1.1263 -0.1235 230 137 79
0.0895 -1.0405 -0.1237 247 182 124
0.0903 -0.9913 -0.1236 255 254 251
0.0906 -0.9308 -0.1235 255 254 248
0.0893 -0.8445 -0.1237 255 254 254
0.0895 -0.8114 -0.1237 254 254 252
0.0908 -0.7508 -0.1235 233 143 83
0.0897 -0.7038 -0.1235 224 130 75
0.0888 -0.6104 -0.1222 143 85 82
0.0903 -0.5735 -0.1220 135 81 83
0.0904 -0.5134 -0.1219 202 159 140
0.0917 -0.4453 -0.1218 222 187 165
0.0907 -0.3871 -0.1216 218 183 160
0.0892 -0.3239 -0.1215 214 178 157
0.0854 -0.2659 -0.1213 140 100 101
0.0945 -0.2170 -0.1212 107 75 90
0.0892 -0.1450 -0.1211 103 74 91
0.0894 -0.0849 -0.1210 102 75 92
0.0759 -0.0957 0.0025 219 68 198
0.0763 -0.0957 0.0904 219 68 198
0.0906 -0.1003 0.1522 254 131 253
0.0905 -0.1003 0.2086 255 131 254
0.0905 -0.1003 0.2691 255 131 254
0.0904 -0.1003 0.3294 255 131 254
0.0904 -0.1003 0.3898 255 130 254
0.0903 -0.1003 0.4502 255 130 253
0.0903 -0.1003 0.5105 255 129 253
0.0903 -0.1003 0.5709 255 128 253
0.0902 -0.1003 0.6313 255 127 253
0.0902 -0.1003 0.6916 255 126 253
0.0901 -0.1003 0.7519 255 125 252
0.0901 -0.1003 0.8082 255 123 252
0.0900 -0.1003 0.8685 254 120 251
0.0900 -0.1003 0.9288 254 115 250
0.0900 -0.1003 0.9890 253 110 248
0.0899 -0.1003 1.0493 253 105 246
0.0899 -0.1003 1.1096 252 99 243
0.0898 -0.1003 1.1698 250 94 239
0.0898 -0.1003 1.2299 247 89 235
0.0897 -0.1003 1.2901 244 84 229
0.0897 -0.1003 1.3503 240 79 222
0.0897 -0.1003 1.4105 234 73 214
0.0896 -0.1003 1.4707 226 67 205
0.0897 -0.1003 1.5148 219 64 198
0.0907 0.0020 -0.1208 209 168 155
0.0894 0.0980 -0.1206 233 199 182
0.0709 0.0995 0.0460 254 115 250
0.0709 0.0995 0.0891 254 115 250
0.0709 0.0995 0.1490 253 110 249
0.0708 0.0995 0.2091 253 106 247
0.0711 0.0995 0.2702 251 99 244
0.0709 0.0995 0.3311 247 91 238
0.0709 0.0995 0.3909 239 80 228
0.0709 0.0995 0.4508 224 69 214
0.0709 0.0995 0.5106 208 60 200
0.0709 0.0995 0.5705 210 61 203
0.0709 0.0995 0.6303 210 61 203
0.0709 0.0995 0.6902 210 61 202
0.0709 0.0995 0.7500 209 60 201
0.0709 0.0995 0.8099 210 61 203
0.0709 0.0995 0.8648 209 60 201
0.0885 0.1010 0.9297 253 110 249
0.0887 0.1011 0.9895 250 97 243
0.0890 0.1011 1.0488 243 84 233
0.1060 0.1011 1.0852 238 79 227
0.0898 0.1017 1.1702 245 88 236
0.0893 0.1017 1.2305 239 80 228
0.1012 0.1017 1.2693 235 76 224
0.0929 0.1019 1.3331 177 73 185
0.0897 0.1513 -0.1205 233 202 186
0.0901 0.2071 -0.1204 213 171 155
0.0896 0.2636 -0.1203 129 87 99
0.0899 0.3224 -0.1201 128 87 99
0.0902 0.3792 -0.1204 131 87 98
0.0898 0.3851 -0.1199 128 87 100
0.0911 0.4351 -0.1203 132 88 98
0.0899 0.4517 -0.1198 158 110 110
0.0869 0.4964 -0.1201 224 186 170
0.0900 0.5220 -0.1197 227 192 178
0.0897 0.5873 -0.1204 231 197 181
0.0904 0.5900 -0.1196 225 191 177
0.0906 0.6456 -0.1203 231 200 184
0.0873 0.6241 -0.1198 228 196 181
0.0867 0.7039 -0.1201 215 174 159
0.0905 0.6781 -0.1194 225 191 177
0.0883 0.7452 -0.1205 140 92 99
0.0900 0.7607 -0.1192 131 92 103
0.0900 0.8005 -0.1204 129 86 98
0.0877 0.8354 -0.1198 127 87 100
0.0900 0.8584 -0.1203 129 86 98
0.0850 0.8479 -0.1190 125 88 103
0.0869 0.9170 -0.1202 130 87 99
0.0910 0.9406 -0.1189 148 106 110
0.0888 0.9814 -0.1205 201 156 143
0.0806 1.0096 -0.1191 217 180 167
0.0901 1.0376 -0.1204 229 195 179
0.0927 1.0423 -0.1187 222 187 175
0.0945 1.0937 -0.1204 229 195 180
0.0898 1.1149 -0.1190 224 191 178
0.0913 1.1550 -0.1204 230 199 183
0.0907 1.1525 -0.1185 223 189 177
0.0900 1.2188 -0.1203 195 148 136
0.0909 1.2180 -0.1187 184 140 133
0.0906 1.2884 -0.1218 148 84 83
0.0908 1.2699 -0.1184 130 93 105
0.0925 1.3422 -0.1217 146 83 84
0.0905 1.3253 -0.1184 123 89 104
0.0930 1.4025 -0.1216 145 84 85
0.0888 1.4019 -0.1179 128 92 105
0.0885 1.4606 -0.1214 188 136 123
0.1044 1.4437 -0.1184 156 113 114
0.0899 1.5235 -0.1213 239 209 188
0.0905 1.5312 -0.1177 217 181 170
0.0928 1.5934 -0.1212 226 193 174
0.0929 1.5695 -0.1181 218 183 172
0.0922 1.6488 -0.1210 199 165 149
0.0846 1.6711 -0.1174 114 101 115
0.0912 1.7107 -0.1209 154 120 117
0.0894 1.6994 -0.1179 109 96 111
0.0810 1.7877 -0.1218 81 66 87
0.0903 1.7715 -0.1179 82 80 102
0.0918 1.8277 -0.1219 78 66 88
0.0917 1.8380 -0.1170 77 80 103
0.0671 1.8499 0.3367 101 166 187
0.0898 1.8901 -0.1218 77 65 86
0.0933 1.9022 -0.1177 81 79 102
0.0925 1.8876 0.3339 83 140 162
0.0758 1.9027 0.3614 111 177 205
0.0931 1.9512 -0.1216 78 66 81
0.0777 1.9724 -0.1186 102 90 106
0.0989 1.9366 0.3179 69 115 134
0.0946 1.9432 0.3647 107 170 201
0.0977 2.0126 -0.1215 86 74 74
0.0907 2.0065 -0.1167 102 94 111
0.0782 2.0217 0.3053 56 87 101
0.1088 2.0638 -0.1214 90 77 77
0.0835 2.0629 -0.1175 116 103 115
0.0897 2.0779 -0.0293 102 96 98
0.0869 2.0653 0.3047 56 86 101
0.1120 2.1247 -0.1213 27 26 26
0.0979 2.1160 -0.1177 123 109 120
0.0909 2.1174 0.0075 66 79 111
0.1095 2.1204 0.3052 63 97 111
0.0859 2.1993 -0.1213 116 96 96
0.0912 2.1954 -0.1163 97 91 109
0.0679 2.1992 -0.0119 174 177 177
0.0769 2.1828 0.3056 71 110 125
0.1142 2.2082 0.3795 109 172 204
0.0877 2.2416 -0.1212 96 82 94
0.0919 2.2567 -0.1174 86 83 103
0.0730 2.2415 0.0041 69 81 111
0.1074 2.2624 0.3121 116 184 202
0.0725 2.3049 -0.1211 82 72 93
0.0950 2.3344 -0.0864 92 57 93
0.0958 2.2915 -0.0068 94 103 124
0.0922 2.3135 0.3305 108 158 168
0.1045 2.3162 0.3835 76 115 135
0.0971 2.3116 0.6179 32 28 33
0.0783 2.3776 -0.1211 84 71 90
0.0881 2.3624 -0.1076 95 76 111
0.1138 2.3521 -0.0276 185 187 186
0.0728 2.3489 0.3445 76 95 96
0.0738 2.3501 0.3730 51 51 48
0.0816 2.3699 0.6191 30 30 30
0.0743 2.4278 -0.1210 88 73 93
0.0925 2.4116 -0.1165 51 51 61
0.0692 2.4088 0.6213 33 34 36
0.0955 2.4639 -0.1215 124 81 88
0.0939 2.4681 -0.1116 74 33 70
0.1087 2.4681 0.0184 89 62 89
0.1101 2.4681 0.0876 93 62 94
0.1099 2.4681 0.1469 91 61 93
0.1035 2.4680 0.2156 102 61 103
0.1001 2.4680 0.2735 105 60 106
0.0929 2.4683 0.3079 125 58 119
0.0901 2.4681 0.4135 124 42 124
0.0898 2.4680 0.4519 126 41 124
0.0906 2.4680 0.5106 94 37 96
0.0971 2.4680 0.5685 83 36 85
0.1026 2.4681 0.6227 67 33 72
0.0899 2.4680 0.6899 99 34 114
0.0898 2.4680 0.7493 98 32 117
0.0897 2.4680 0.8096 93 31 114
0.0895 2.4680 0.8700 86 29 113
0.0893 2.4680 0.9302 77 26 110
0.0891 2.4680 0.9901 72 25 106
0.0890 2.4680 1.0499 67 23 104
0.0889 2.4680 1.1097 66 23 104
0.0887 2.4680 1.1695 61 22 101
0.0892 2.4680 1.2298 60 21 101
0.0881 2.4681 1.2699 64 38 110
0.1382 -2.5246 -0.1217 232 196 172
0.1509 -2.5294 -0.0785 233 99 224
0.1507 -2.5296 0.0360 254 158 253
0.1503 -2.5296 0.0902 254 197 254
0.1505 -2.5296 0.1498 255 244 255
0.1505 -2.5296 0.2096 255 253 255
0.1504 -2.5296 0.2696 255 252 255
0.1506 -2.5296 0.3294 254 218 254
0.1500 -2.5296 0.3900 253 161 252
0.1510 -2.5296 0.4498 241 111 237
0.1500 -2.5296 0.5099 206 77 204
0.1506 -2.5296 0.5702 168 59 175
0.1504 -2.5296 0.6300 135 45 153
0.1504 -2.5295 0.6900 114 38 140
0.1503 -2.5295 0.7501 109 37 137
0.1505 -2.5295 0.8099 98 33 130
0.1504 -2.5295 0.8700 91 31 125
0.1514 -2.5295 0.9255 89 31 124
0.1495 -2.5295 0.9900 90 31 124
0.1497 -2.5295 1.0500 88 30 123
0.1514 -2.5295 1.0949 85 29 121
0.1499 -2.5294 1.1699 86 29 121
0.1502 -2.5294 1.2295 84 29 120
0.1545 -2.5293 1.2644 81 29 118
0.1529 -2.4885 -0.1218 243 214 190
0.1509 -2.4940 -0.1198 221 184 164
0.1486 -2.4326 -0.1219 245 217 193
0.1680 -2.4336 -0.1195 222 184 165
0.1458 -2.3489 -0.1234 254 254 248
0.1317 -2.3497 -0.1196 223 187 169
0.1497 -2.3086 -0.1235 254 250 240
0.1325 -2.3039 -0.1197 197 153 133
0.1496 -2.2489 -0.1236 244 155 77
0.1535 -2.2497 -0.1197 137 86 73
0.1526 -2.2057 -0.1237 247 165 82
0.1653 -2.1917 -0.1197 150 106 91
0.1483 -2.1197 -0.1234 233 139 73
0.1248 -2.1127 -0.1199 126 76 67
0.1496 -2.0686 -0.1236 239 147 75
0.1386 -2.0688 -0.1199 138 86 75
0.1498 -2.0087 -0.1237 254 247 239
0.1571 -2.0103 -0.1199 220 181 160
0.1638 -1.9743 -0.1237 254 254 252
0.1724 -1.9616 -0.1199 223 185 164
0.1493 -1.8889 -0.1235 254 254 249
0.1496 -1.8287 -0.1236 254 254 252
0.1517 -1.7787 -0.1237 250 199 147
0.1470 -1.6931 -0.1234 230 133 69
0.1499 -1.6487 -0.1235 239 147 74
0.1496 -1.5886 -0.1236 243 156 79
0.1550 -1.5518 -0.1237 247 164 83
0.1495 -1.4690 -0.1235 254 254 249
0.1495 -1.4083 -0.1237 254 254 253
0.1506 -1.3516 -0.1236 254 254 253
0.1500 -1.3034 -0.1235 254 254 249
0.1495 -1.2315 -0.1237 245 160 86
0.1507 -1.1707 -0.1235 241 151 82
0.1501 -1.1235 -0.1235 233 140 79
0.1495 -1.0387 -0.1237 248 186 129
0.1505 -0.9913 -0.1236 255 254 251
0.1492 -0.9315 -0.1235 255 254 248
0.1474 -0.9090 -0.1131 254 245 237
0.1694 -0.9128 0.0504 254 253 203
0.1551 -0.9103 0.0901 255 254 218
0.1548 -0.9102 0.1499 255 254 229
0.1550 -0.9103 0.2100 255 254 239
0.1551 -0.9103 0.2696 255 254 242
0.1547 -0.9102 0.3297 255 254 246
0.1551 -0.9103 0.3898 255 254 247
0.1549 -0.9103 0.4466 251 249 249
0.1638 -0.8936 -0.1235 255 254 250
0.1453 -0.8854 -0.1120 254 192 161
0.1444 -0.8539 0.0551 254 253 202
0.1449 -0.8690 0.0901 255 254 214
0.1449 -0.8694 0.1503 255 254 227
0.1449 -0.8690 0.2103 255 254 236
0.1449 -0.8690 0.2696 255 254 243
0.1449 -0.8694 0.3296 255 254 246
0.1448 -0.8690 0.3899 255 254 248
0.1448 -0.8690 0.4466 251 250 245
0.1506 -0.8116 -0.1237 254 254 253
0.1425 -0.8020 -0.0902 254 239 150
0.1428 -0.8114 -0.0530 255 249 160
0.1425 -0.8008 0.1053 255 254 231
0.1425 -0.8018 0.1499 255 254 240
0.1425 -0.8022 0.2088 255 255 247
0.1425 -0.8015 0.2697 255 255 251
0.1425 -0.8016 0.3302 255 255 251
0.1425 -0.8015 0.3902 255 255 250
0.1425 -0.8014 0.4466 240 241 238
0.1496 -0.7517 -0.1236 238 150 83
0.1411 -0.7522 -0.0954 254 232 139
0.1416 -0.7473 0.0546 254 251 181
0.1411 -0.7489 0.1010 255 254 222
0.1411 -0.7501 0.1501 255 254 234
0.1411 -0.7512 0.2105 255 254 243
0.1411 -0.7515 0.2703 255 255 248
0.1411 -0.7515 0.3299 255 255 251
0.1411 -0.7513 0.3899 255 255 250
0.1411 -0.7513 0.4466 240 241 239
0.1508 -0.7037 -0.1235 231 136 75
0.1396 -0.6943 -0.1044 253 214 114
0.1400 -0.6887 0.0530 254 248 170
0.1394 -0.6901 0.0962 255 254 205
0.1395 -0.6910 0.1500 255 254 221
0.1395 -0.6910 0.2101 255 254 236
0.1395 -0.6907 0.2703 255 254 244
0.1395 -0.6912 0.3301 255 255 248
0.1395 -0.6908 0.3901 255 255 249
0.1395 -0.6909 0.4467 240 241 239
0.1480 -0.6077 -0.1222 145 85 81
0.1381 -0.6403 -0.1125 248 187 95
0.1374 -0.6102 0.0573 254 248 161
0.1378 -0.6295 0.0912 255 253 192
0.1378 -0.6303 0.1500 255 254 214
0.1378 -0.6302 0.2100 255 254 228
0.1378 -0.6299 0.2698 255 254 238
0.1378 -0.6304 0.3299 255 254 244
0.1378 -0.6300 0.3900 255 254 246
0.1378 -0.6302 0.4467 240 242 237
0.1511 -0.5716 -0.1220 136 81 82
0.1366 -0.5710 -0.0751 250 196 91
0.1360 -0.5646 0.0556 254 251 176
0.1361 -0.5704 0.0900 255 252 186
0.1366 -0.5424 0.1568 255 254 231
0.1366 -0.5433 0.2103 255 254 240
0.1366 -0.5447 0.2734 255 254 248
0.1367 -0.5457 0.3305 255 254 250
0.1367 -0.5474 0.3909 255 254 250
0.1367 -0.5468 0.4470 235 236 235
0.1502 -0.5094 -0.1219 207 166 145
0.1356 -0.5073 -0.0900 254 237 140
0.1357 -0.5113 -0.0421 254 250 150
0.1351 -0.4922 0.1154 255 254 205
0.1357 -0.5103 0.1506 255 254 228
0.1357 -0.5113 0.2098 255 254 238
0.1357 -0.5115 0.2698 255 254 244
0.1357 -0.5121 0.3300 255 254 247
0.1357 -0.5121 0.3904 255 254 248
0.1357 -0.5098 0.4465 235 237 234
0.1500 -0.4434 -0.1218 222 186 163
0.1340 -0.4498 -0.0900 254 235 136
0.1342 -0.4582 -0.0511 254 247 139
0.1339 -0.4455 0.1139 254 254 199
0.1340 -0.4511 0.1499 255 254 209
0.1340 -0.4514 0.2102 255 254 230
0.1340 -0.4515 0.2702 255 254 234
0.1341 -0.4519 0.3300 255 254 240
0.1340 -0.4517 0.3896 255 254 243
0.1340 -0.4506 0.4466 235 237 232
0.1507 -0.3842 -0.1216 220 186 164
0.1324 -0.3918 -0.0941 254 237 171
0.1312 -0.3891 0.0409 254 233 117
0.1323 -0.3879 0.1090 254 251 158
0.1323 -0.3904 0.1501 254 253 175
0.1323 -0.3905 0.2098 254 254 195
0.1324 -0.3912 0.2698 254 254 210
0.1324 -0.3909 0.3299 254 254 223
0.1324 -0.3912 0.3898 254 254 231
0.1324 -0.3913 0.4466 236 238 233
0.1496 -0.3236 -0.1215 214 179 158
0.1309 -0.3394 -0.1033 251 217 200
0.1297 -0.3366 0.0367 216 166 103
0.1309 -0.3371 0.1045 252 218 113
0.1309 -0.3380 0.1499 254 235 141
0.1309 -0.3381 0.2102 249 240 169
0.1309 -0.3380 0.2707 254 250 194
0.1309 -0.3383 0.3304 254 252 208
0.1309 -0.3382 0.3900 174 152 152
0.1309 -0.3383 0.4469 143 135 155
0.1479 -0.2725 -0.1214 146 101 98
0.1513 -0.2190 -0.1212 111 75 89
0.1482 -0.1454 -0.1211 107 75 90
0.1503 -0.0827 -0.1210 103 75 91
0.1341 -0.0957 0.0057 203 60 182
0.1371 -0.0959 0.0929 204 62 183
0.1511 -0.1003 0.1523 255 132 254
0.1510 -0.1003 0.2087 255 132 254
0.1510 -0.1003 0.2691 255 132 254
0.1509 -0.1003 0.3294 255 131 254
0.1509 -0.1003 0.3898 255 131 254
0.1509 -0.1003 0.4501 255 130 254
0.1508 -0.1003 0.5103 255 129 253
0.1508 -0.1003 0.5707 255 128 253
0.1507 -0.1003 0.6310 255 127 253
0.1507 -0.1003 0.6913 255 126 253
0.1506 -0.1003 0.7515 255 125 253
0.1513 -0.1003 0.8108 255 124 252
0.1497 -0.1003 0.8709 254 121 251
0.1505 -0.1003 0.9282 254 116 250
0.1504 -0.1003 0.9885 254 111 249
0.1504 -0.1003 1.0487 253 105 246
0.1503 -0.1003 1.1088 252 100 243
0.1503 -0.1003 1.1690 250 95 240
0.1502 -0.1003 1.2291 248 90 235
0.1502 -0.1003 1.2893 244 84 229
0.1501 -0.1003 1.3494 240 79 223
0.1501 -0.1003 1.4095 234 73 215
0.1500 -0.1003 1.4696 226 68 206
0.1501 -0.1003 1.5137 220 64 199
0.1502 0.0039 -0.1208 211 171 157
0.1514 0.1002 -0.1206 234 203 186
0.1488 0.1011 0.0104 255 190 255
0.1481 0.1011 0.0902 255 191 255
0.1485 0.1011 0.1506 255 191 255
0.1489 0.1011 0.2113 255 191 255
0.1482 0.1011 0.2700 255 191 255
0.1485 0.1011 0.3291 255 189 255
0.1484 0.1011 0.3900 255 188 255
0.1481 0.1011 0.4501 255 186 255
0.1485 0.1011 0.5100 255 183 255
0.1482 0.1011 0.5700 255 179 255
0.1484 0.1011 0.6299 255 169 255
0.1486 0.1011 0.6900 255 159 254
0.1482 0.1011 0.7501 254 147 254
0.1486 0.1011 0.8100 254 136 254
0.1483 0.1011 0.8699 254 124 252
0.1483 0.1011 0.9299 253 112 250
0.1487 0.1011 0.9897 251 100 245
0.1483 0.1011 1.0497 246 88 236
0.1533 0.1011 1.0919 240 80 229
0.1662 0.1016 1.1491 239 80 228
0.1494 0.1018 1.2303 242 83 231
0.1539 0.1018 1.2798 236 77 225
0.1494 0.1019 1.3333 178 74 187
0.1488 0.1534 -0.1205 233 202 186
0.1502 0.2095 -0.1204 209 166 150
0.1477 0.2655 -0.1203 133 87 97
0.1529 0.3245 -0.1201 135 87 97
0.1507 0.3822 -0.1204 134 87 97
0.1503 0.3872 -0.1199 131 87 99
0.1491 0.4378 -0.1203 132 87 98
0.1468 0.4537 -0.1198 160 112 111
0.1503 0.4994 -0.1201 226 191 175
0.1485 0.5241 -0.1197 226 191 177
0.1495 0.5891 -0.1204 231 199 182
0.1506 0.5932 -0.1196 226 193 179
0.1494 0.6462 -0.1203 232 201 186
0.1495 0.6270 -0.1198 230 198 184
0.1502 0.7072 -0.1201 210 168 153
0.1521 0.6809 -0.1194 224 189 176
0.1486 0.7479 -0.1205 138 88 96
0.1485 0.7630 -0.1192 133 90 101
0.1501 0.8023 -0.1204 135 86 96
0.1499 0.8383 -0.1198 132 87 98
0.1473 0.8595 -0.1203 133 87 97
0.1454 0.8502 -0.1190 128 88 101
0.1505 0.9200 -0.1201 132 87 98
0.1523 0.9430 -0.1189 152 108 111
0.1522 0.9967 -0.1206 217 179 165
0.1503 0.9822 -0.1196 201 157 145
0.1525 1.0571 -0.1205 228 192 177
0.1484 1.0438 -0.1187 222 186 174
0.1527 1.1158 -0.1203 230 198 183
0.1464 1.1172 -0.1189 225 192 180
0.1523 1.1771 -0.1204 230 198 183
0.1511 1.1549 -0.1185 223 190 178
0.1522 1.2411 -0.1203 162 111 108
0.1492 1.2216 -0.1187 182 136 130
0.1533 1.2885 -0.1218 154 86 82
0.1462 1.2728 -0.1184 132 92 102
0.1492 1.3534 -0.1217 151 85 84
0.1508 1.3279 -0.1184 128 88 101
0.1499 1.4201 -0.1215 144 84 85
0.1547 1.4023 -0.1180 128 91 103
0.1555 1.4772 -0.1214 212 167 147
0.1538 1.4435 -0.1183 156 112 114
0.1475 1.5239 -0.1213 232 199 179
0.1500 1.5337 -0.1177 194 163 158
0.1514 1.5859 -0.1212 203 167 149
0.1477 1.5750 -0.1181 149 128 134
0.1508 1.6445 -0.1210 199 164 149
0.1464 1.6734 -0.1174 114 101 115
0.1511 1.7055 -0.1209 161 124 119
0.1472 1.7026 -0.1179 108 95 110
0.1521 1.7699 -0.1208 98 71 88
0.1533 1.7742 -0.1180 82 78 100
0.1475 1.8339 -0.1219 78 65 86
0.1501 1.8385 -0.1171 77 78 100
0.1523 1.8882 -0.1218 77 66 88
0.1501 1.9047 -0.1177 81 79 101
0.1295 1.9101 0.3352 84 142 164
0.1497 1.9503 -0.1217 83 71 90
0.1500 1.9527 -0.1184 94 85 103
0.1527 1.9458 0.3338 69 118 140
0.1565 1.9697 0.3606 60 96 126
0.1499 2.0108 -0.1216 137 113 117
0.1506 2.0095 -0.1167 102 94 111
0.1574 2.0004 0.3099 59 96 111
0.1662 2.0029 0.3636 48 77 109
0.1462 2.0723 -0.1215 140 115 120
0.1462 2.0650 -0.1174 122 108 121
0.1487 2.0717 -0.0291 123 123 117
0.1490 2.0688 0.3075 56 82 99
0.1397 2.0522 0.3696 82 131 163
0.1511 2.1304 -0.1214 124 104 108
0.1544 2.1218 -0.1177 125 110 122
0.1574 2.1079 0.0010 59 71 103
0.1436 2.1335 0.3063 51 76 90
0.1606 2.1321 0.3768 50 81 114
0.1548 2.1916 -0.1213 119 100 105
0.1520 2.1965 -0.1163 98 91 108
0.1584 2.1805 0.3064 69 111 126
0.1394 2.1844 0.3773 54 84 118
0.1513 2.2451 -0.1213 83 72 87
0.1518 2.2658 -0.1174 84 80 101
0.1528 2.2531 0.3318 121 174 183
0.1689 2.2462 0.3838 80 31 84
0.1623 2.2460 0.5963 25 25 25
0.1498 2.2586 0.6085 25 26 27
0.1568 2.3052 -0.1212 72 66 73
0.1383 2.3363 -0.1001 53 49 57
0.1214 2.3358 -0.0356 192 192 187
0.1328 2.2904 0.3465 77 95 95
0.1270 2.2938 0.3827 31 31 32
0.1596 2.2888 0.5990 51 52 49
0.1259 2.2855 0.6125 32 28 33
0.1673 2.3727 -0.1211 85 75 82
0.1493 2.3704 -0.1145 73 75 97
0.1219 2.3465 -0.0377 190 190 185
0.1406 2.3489 0.6142 103 51 102
0.1670 2.4318 -0.1212 98 82 98
0.1477 2.4115 -0.1161 82 81 102
0.1495 2.4649 -0.1213 124 80 87
0.1462 2.4696 -0.0935 175 91 172
0.1522 2.4680 0.0162 119 41 114
0.1509 2.4680 0.0891 124 39 117
0.1508 2.4680 0.1478 121 38 115
0.1507 2.4680 0.2105 122 39 115
0.1507 2.4680 0.2733 122 39 116
0.1506 2.4683 0.3072 121 38 115
0.1527 2.4681 0.4100 113 48 121
0.1504 2.4680 0.4492 111 35 112
0.1510 2.4680 0.5088 108 34 111
0.1505 2.4680 0.5697 108 34 114
0.1489 2.4681 0.6234 94 31 109
0.1494 2.4680 0.6910 93 30 111
0.1500 2.4680 0.7505 92 30 111
0.1506 2.4680 0.8100 86 28 110
0.1500 2.4680 0.8700 80 27 110
0.1498 2.4680 0.9299 73 25 107
0.1495 2.4680 0.9899 68 24 105
0.1494 2.4680 1.0494 64 23 103
0.1499 2.4680 1.1098 63 22 102
0.1492 2.4680 1.1706 60 21 101
0.1494 2.4680 1.2306 58 21 99
0.1490 2.4681 1.2698 61 31 105
0.2174 -2.5288 -0.1209 208 132 154
0.2097 -2.5293 -0.0810 221 87 209
0.2105 -2.5295 0.0345 251 135 247
0.2107 -2.5295 0.0896 254 169 253
0.2105 -2.5295 0.1502 254 212 254
0.2104 -2.5295 0.2108 254 231 254
0.2105 -2.5295 0.2697 254 227 254
0.2101 -2.5295 0.3297 254 186 254
0.2110 -2.5295 0.3904 251 142 249
0.2103 -2.5295 0.4501 236 103 231
0.2103 -2.5295 0.5099 206 77 204
0.2107 -2.5295 0.5699 163 56 172
0.2104 -2.5295 0.6299 134 45 152
0.2106 -2.5295 0.6900 115 39 140
0.2104 -2.5295 0.7499 105 36 134
0.2105 -2.5295 0.8100 91 31 125
0.2106 -2.5295 0.8700 85 29 121
0.2108 -2.5295 0.9297 84 29 120
0.2256 -2.5295 0.9659 85 29 120
0.2095 -2.5294 1.0499 83 29 119
0.2109 -2.5294 1.0999 81 28 118
0.2096 -2.5293 1.1699 82 28 119
0.2098 -2.5293 1.2300 81 28 118
0.2109 -2.5293 1.2682 77 31 114
0.2086 -2.4907 -0.1218 237 204 180
0.2067 -2.4753 -0.1198 215 174 153
0.2107 -2.4287 -0.1219 240 210 187
0.2172 -2.4403 -0.1197 205 161 141
0.1962 -2.3458 -0.1233 251 248 242
0.1903 -2.3691 -0.1196 224 190 171
0.2094 -2.3088 -0.1235 252 241 227
0.2084 -2.3137 -0.1196 210 169 148
0.2096 -2.2487 -0.1236 243 164 97
0.2238 -2.2487 -0.1196 165 119 100
0.2116 -2.1986 -0.1237 247 174 105
0.2097 -2.1884 -0.1197 149 97 82
0.2071 -2.1134 -0.1234 231 143 85
0.1914 -2.1271 -0.1197 127 75 67
0.2099 -2.0687 -0.1235 239 157 93
0.2103 -2.0670 -0.1197 143 91 79
0.2095 -2.0087 -0.1236 253 240 225
0.2293 -2.0070 -0.1197 205 159 137
0.2139 -1.9703 -0.1237 253 242 230
0.1817 -1.9324 -0.1199 224 188 168
0.2083 -1.8839 -0.1235 253 245 235
0.1940 -1.8934 -0.1199 245 233 208
0.2097 -1.8288 -0.1236 253 245 236
0.2078 -1.8496 -0.1199 255 255 244
0.2112 -1.7711 -0.1237 248 192 139
0.2041 -1.6865 -0.1234 224 137 81
0.2099 -1.6488 -0.1235 234 149 90
0.2095 -1.5888 -0.1236 242 161 95
0.2124 -1.5450 -0.1237 247 179 114
0.2087 -1.4677 -0.1235 253 247 237
0.2100 -1.4079 -0.1237 254 254 253
0.2100 -1.3516 -0.1236 254 254 253
0.2102 -1.3017 -0.1235 254 254 250
0.2105 -1.2312 -0.1237 248 166 86
0.2098 -1.1719 -0.1236 242 152 82
0.2105 -1.1239 -0.1235 235 141 78
0.2095 -1.0376 -0.1237 250 190 130
0.2097 -0.9913 -0.1236 255 254 252
0.2109 -0.9314 -0.1235 255 254 249
0.2304 -0.9127 -0.0899 254 237 163
0.2269 -0.9127 -0.0404 254 243 166
0.2287 -0.9127 0.1052 254 253 204
0.2285 -0.9128 0.1496 254 254 211
0.2279 -0.9128 0.2096 255 254 213
0.2275 -0.9128 0.2695 255 253 203
0.2309 -0.9127 0.3269 255 251 198
0.2318 -0.9127 0.3900 254 245 188
0.2313 -0.9127 0.4456 251 233 166
0.2096 -0.8945 -0.1234 255 254 249
0.2382 -0.8870 -0.0901 255 254 247
0.2385 -0.8860 -0.0479 254 253 186
0.2381 -0.8871 0.1058 254 254 234
0.2382 -0.8870 0.1500 254 254 240
0.2382 -0.8870 0.2097 254 254 246
0.2382 -0.8870 0.2696 254 254 250
0.2382 -0.8871 0.3301 254 254 251
0.2382 -0.8871 0.3902 254 254 250
0.2382 -0.8870 0.4466 254 254 253
0.2098 -0.8113 -0.1237 254 254 253
0.2104 -0.7510 -0.1236 242 155 85
0.2096 -0.7015 -0.1235 234 140 76
0.2070 -0.6049 -0.1222 146 85 80
0.2119 -0.5697 -0.1220 139 81 81
0.2104 -0.5089 -0.1219 209 167 145
0.2108 -0.4427 -0.1218 222 187 164
0.2089 -0.3844 -0.1216 220 185 163
0.2084 -0.3213 -0.1215 215 180 160
0.2066 -0.3090 -0.0852 105 82 87
0.1876 -0.3095 -0.0389 136 108 86
0.2373 -0.3081 0.1142 122 103 86
0.2230 -0.3085 0.1475 120 103 88
0.2162 -0.3091 0.2231 196 150 174
0.2054 -0.3097 0.2683 239 184 234
0.1825 -0.3104 0.3050 255 195 255
0.2326 -0.3082 0.4036 150 133 108
0.2128 -0.3087 0.4471 182 117 156
0.2101 -0.2704 -0.1214 142 95 94
0.2118 -0.2169 -0.1212 112 75 88
0.2092 -0.1420 -0.1211 107 74 89
0.2111 -0.0805 -0.1210 105 74 90
0.2026 -0.0956 0.0052 194 57 173
0.2095 -0.0955 0.0885 193 56 173
0.2115 -0.1003 0.1524 255 132 254
0.2114 -0.1003 0.2088 255 132 254
0.2114 -0.1003 0.2691 255 132 254
0.2113 -0.1003 0.3294 255 131 254
0.2113 -0.1003 0.3897 255 131 254
0.2112 -0.1003 0.4499 255 130 254
0.2112 -0.1003 0.5102 255 130 253
0.2111 -0.1003 0.5705 255 128 253
0.2110 -0.1003 0.6307 255 128 253
0.2110 -0.1003 0.6909 255 126 253
0.2109 -0.1003 0.7511 255 125 253
0.2109 -0.1003 0.8113 255 124 252
0.2108 -0.1003 0.8715 254 121 251
0.2107 -0.1003 0.9317 254 116 250
0.2107 -0.1003 0.9918 253 111 249
0.2116 -0.1003 1.0498 253 105 246
0.2097 -0.1003 1.1097 252 100 243
0.2110 -0.1003 1.1688 250 95 240
0.2101 -0.1003 1.2288 248 90 235
0.2104 -0.1003 1.2885 245 84 230
0.2104 -0.1003 1.3485 240 79 223
0.2103 -0.1003 1.4086 234 74 215
0.2103 -0.1003 1.4686 227 68 207
0.2111 -0.1003 1.5160 210 66 194
0.2082 0.0080 -0.1208 215 174 159
0.2096 0.1022 -0.1206 233 201 184
0.2090 0.1011 0.0067 255 186 255
0.2089 0.1011 0.0902 255 188 255
0.2083 0.1011 0.1499 255 187 255
0.2088 0.1011 0.2107 255 187 255
0.2088 0.1011 0.2708 255 187 255
0.2082 0.1011 0.3299 255 186 255
0.2094 0.1011 0.3900 255 184 255
0.2082 0.1011 0.4499 255 183 255
0.2088 0.1011 0.5099 255 180 255
0.2088 0.1011 0.5700 255 176 255
0.2086 0.1011 0.6301 255 168 255
0.2088 0.1011 0.6901 255 158 254
0.2086 0.1011 0.7502 254 147 254
0.2087 0.1011 0.8103 254 136 254
0.2087 0.1011 0.8701 254 125 252
0.2088 0.1011 0.9300 253 114 250
0.2088 0.1011 0.9897 252 102 246
0.2085 0.1011 1.0498 248 91 239
0.2112 0.1011 1.1017 241 82 230
0.2134 0.1015 1.1539 238 78 226
0.2098 0.1018 1.2303 243 85 233
0.2101 0.1018 1.2893 238 79 227
0.2231 0.1018 1.3265 228 75 219
0.2120 0.1531 -0.1205 234 204 187
0.2104 0.2088 -0.1204 210 166 150
0.2093 0.2675 -0.1203 137 87 96
0.2119 0.3267 -0.1201 134 87 97
0.2074 0.3847 -0.1204 134 86 96
0.2107 0.3894 -0.1199 132 87 98
0.2106 0.4407 -0.1203 136 88 97
0.2090 0.4559 -0.1198 166 116 112
0.2131 0.5003 -0.1201 227 192 176
0.2071 0.5262 -0.1197 225 190 176
0.2136 0.5693 -0.1204 231 197 180
0.2009 0.5817 -0.1197 227 192 178
0.2107 0.6486 -0.1203 232 201 185
0.2152 0.6067 -0.1196 227 194 180
0.2139 0.7098 -0.1201 209 165 150
0.2089 0.6830 -0.1194 223 189 176
0.2111 0.7503 -0.1205 140 87 94
0.2070 0.7652 -0.1192 134 89 99
0.2104 0.8049 -0.1204 136 87 96
0.2105 0.8625 -0.1203 133 86 97
0.2058 0.8522 -0.1191 129 88 100
0.2137 0.9221 -0.1202 133 86 96
0.2139 0.9452 -0.1189 156 109 110
0.2061 0.9833 -0.1206 201 155 142
0.2103 0.9855 -0.1196 204 161 148
0.2079 1.0439 -0.1205 228 193 178
0.2119 1.0462 -0.1187 222 186 174
0.2104 1.1080 -0.1204 229 196 181
0.2082 1.1205 -0.1189 225 192 179
0.2135 1.1635 -0.1205 231 200 184
0.2106 1.1573 -0.1185 223 190 178
0.2160 1.2180 -0.1205 198 153 142
0.2070 1.2238 -0.1187 181 134 127
0.2141 1.2721 -0.1204 137 87 95
0.2083 1.2741 -0.1183 133 90 101
0.2116 1.3554 -0.1216 150 84 83
0.2110 1.3308 -0.1184 128 88 101
0.2085 1.4141 -0.1215 148 84 84
0.2117 1.4054 -0.1180 129 90 102
0.2100 1.4759 -0.1214 197 149 132
0.2098 1.4469 -0.1183 160 114 114
0.2134 1.5309 -0.1212 204 166 148
0.2095 1.5361 -0.1177 124 109 121
0.2082 1.5824 -0.1212 200 163 146
0.2097 1.5719 -0.1181 147 127 133
0.2113 1.6555 -0.1210 197 162 146
0.2127 1.6539 -0.1182 131 114 123
0.2059 1.7147 -0.1209 152 112 108
0.2067 1.6868 -0.1174 108 96 111
0.2105 1.7636 -0.1208 100 71 87
0.2116 1.7757 -0.1180 81 77 99
0.2009 1.8483 -0.1218 77 65 86
0.2056 1.8409 -0.1171 77 77 100
0.2085 1.8922 -0.1219 74 65 87
0.2094 1.9076 -0.1177 81 78 100
0.2118 1.9483 -0.1218 79 68 89
0.2135 1.9313 -0.1188 84 78 99
0.1903 1.9703 0.3374 72 123 145
0.2103 2.0102 -0.1217 130 108 115
0.2091 2.0114 -0.1167 103 94 111
0.2137 2.0071 0.3315 63 107 127
0.1912 2.0062 0.3617 47 75 107
0.2048 2.0678 -0.1215 133 111 118
0.2142 2.0712 -0.0880 64 45 68
0.2093 2.0703 -0.0372 183 167 177
0.2208 2.0584 0.3129 54 88 102
0.2207 2.0749 0.3685 46 74 108
0.1968 2.1346 -0.1214 136 114 120
0.1925 2.1313 -0.1179 125 110 121
0.1871 2.1047 -0.0050 70 81 112
0.1965 2.1157 0.3079 53 80 94
0.1937 2.1079 0.3742 41 60 80
0.2068 2.1877 -0.1214 139 118 123
0.1889 2.1969 -0.1168 104 94 109
0.2088 2.1764 0.3219 103 155 168
0.2266 2.1838 0.3983 50 26 52
0.2332 2.1760 0.4441 81 28 86
0.2380 2.1731 0.4880 103 33 106
0.2152 2.1920 0.5819 29 24 32
0.1947 2.2184 0.6009 21 24 30
0.2084 2.2496 -0.1213 87 74 93
0.1921 2.2635 -0.1179 84 78 97
0.1899 2.2311 0.3454 76 90 88
0.1866 2.2282 0.3823 29 30 31
0.1835 2.2247 0.5932 26 27 26
0.1892 2.2315 0.6049 27 28 30
0.2145 2.3083 -0.1212 78 69 91
0.1968 2.3056 -0.1187 81 74 96
0.2049 2.2891 0.5964 56 56 52
0.1943 2.2998 0.6078 62 69 67
0.2050 2.3679 -0.1211 78 70 92
0.2121 2.3633 -0.1188 79 73 96
0.2115 2.4302 -0.1210 77 71 92
0.1951 2.4181 -0.1185 83 76 97
0.2247 2.4625 -0.1211 99 76 91
0.2164 2.4695 -0.0858 144 88 139
0.2250 2.4688 -0.0157 73 42 88
0.2099 2.4681 0.0912 108 34 102
0.2098 2.4681 0.1492 104 32 99
0.2087 2.4681 0.2089 107 33 102
0.2105 2.4681 0.2707 107 33 102
0.2118 2.4683 0.3073 98 35 98
0.2076 2.4681 0.4060 102 37 107
0.2102 2.4681 0.4494 100 31 102
0.2084 2.4681 0.5112 98 30 102
0.2092 2.4681 0.5705 98 31 105
0.2102 2.4681 0.6240 92 29 106
0.2092 2.4681 0.6898 87 28 107
0.2084 2.4681 0.7503 86 28 108
0.2088 2.4681 0.8099 81 27 107
0.2093 2.4681 0.8700 75 25 107
0.2085 2.4681 0.9301 68 24 105
0.2081 2.4681 0.9897 67 23 104
0.2089 2.4681 1.0502 63 22 102
0.2085 2.4681 1.1103 61 22 101
0.2082 2.4681 1.1695 60 21 101
0.2087 2.4681 1.2295 56 20 98
0.2068 2.4681 1.2699 61 37 108
0.2609 -2.5248 -0.1216 170 106 92
0.2709 -2.5293 -0.0818 203 74 190
0.2709 -2.5295 0.0328 241 109 233
0.2700 -2.5295 0.0905 250 134 246
0.2704 -2.5295 0.1507 253 157 252
0.2704 -2.5295 0.2103 254 171 253
0.2704 -2.5295 0.2699 254 164 253
0.2704 -2.5295 0.3295 252 144 250
0.2702 -2.5295 0.3893 242 113 237
0.2702 -2.5295 0.4496 224 90 219
0.2704 -2.5295 0.5099 194 71 194
0.2704 -2.5295 0.5700 159 55 168
0.2704 -2.5295 0.6298 131 44 149
0.2703 -2.5295 0.6897 111 37 136
0.2703 -2.5295 0.7500 101 34 131
0.2704 -2.5295 0.8101 87 30 122
0.2704 -2.5295 0.8699 83 28 119
0.2705 -2.5295 0.9299 80 28 116
0.2747 -2.5295 0.9665 79 27 115
0.2704 -2.5294 1.0500 80 28 116
0.2715 -2.5294 1.1050 78 27 115
0.2706 -2.5293 1.1700 79 27 117
0.2704 -2.5293 1.2299 77 27 115
0.2707 -2.5293 1.2691 70 34 110
0.2744 -2.4864 -0.1218 147 82 78
0.2727 -2.5010 -0.1197 138 87 74
0.2698 -2.4289 -0.1219 133 75 74
0.2680 -2.4356 -0.1198 143 91 78
0.2678 -2.3906 -0.1219 126 72 74
0.2693 -2.3724 -0.1194 144 93 78
0.2683 -2.3038 -0.1235 234 149 90
0.2857 -2.3048 -0.1194 169 126 107
0.2698 -2.2486 -0.1236 254 254 251
0.2711 -2.1911 -0.1237 254 254 253
0.2488 -2.1836 -0.1196 185 134 113
0.2647 -2.1068 -0.1234 253 252 246
0.2666 -2.1270 -0.1196 210 167 146
0.2697 -2.0689 -0.1235 254 254 248
0.2845 -2.0703 -0.1196 217 178 157
0.2696 -2.0087 -0.1236 242 161 94
0.2959 -2.0343 -0.1196 160 108 90
0.2722 -1.9632 -0.1237 243 156 79
0.2482 -1.9469 -0.1197 208 174 139
0.2675 -1.8772 -0.1234 225 129 68
0.2656 -1.8918 -0.1197 255 255 239
0.2698 -1.8287 -0.1235 231 136 71
0.2698 -1.7688 -0.1237 250 229 209
0.2772 -1.7340 -0.1237 254 254 251
0.2685 -1.6475 -0.1235 254 253 246
0.2699 -1.5888 -0.1236 254 254 251
0.2719 -1.5378 -0.1237 249 214 182
0.2662 -1.4580 -0.1234 232 137 71
0.2701 -1.4059 -0.1237 251 206 160
0.2692 -1.3502 -0.1236 248 201 162
0.2715 -1.3011 -0.1235 244 191 151
0.2703 -1.2318 -0.1237 251 215 182
0.2704 -1.1710 -0.1236 249 211 179
0.2703 -1.1210 -0.1235 247 207 177
0.2686 -1.0358 -0.1237 252 218 180
0.2707 -0.9916 -0.1236 249 199 154
0.2697 -0.9308 -0.1235 245 193 154
0.2660 -0.9117 -0.0925 253 220 113
0.2714 -0.9108 0.0444 254 247 173
0.2737 -0.9115 0.1017 254 251 193
0.2716 -0.9116 0.1501 254 252 205
0.2713 -0.9116 0.2101 254 253 211
0.2704 -0.9116 0.2702 255 253 212
0.2698 -0.9116 0.3299 255 252 210
0.2696 -0.9116 0.3893 254 249 201
0.2690 -0.9116 0.4461 253 245 192
0.2740 -0.8946 -0.1234 241 180 137
0.2435 -0.8679 -0.0899 254 253 221
0.2440 -0.8662 -0.0516 254 252 173
0.2434 -0.8681 0.1075 254 254 238
0.2435 -0.8679 0.1499 254 254 243
0.2435 -0.8678 0.2098 254 254 248
0.2435 -0.8679 0.2701 254 254 251
0.2435 -0.8678 0.3302 254 254 251
0.2435 -0.8679 0.3900 254 254 250
0.2435 -0.8679 0.4466 254 254 250
0.2698 -0.8109 -0.1237 250 205 163
0.2589 -0.8097 -0.0681 252 210 112
0.2584 -0.8153 0.0551 254 253 202
0.2602 -0.8091 0.0900 254 254 209
0.2602 -0.8091 0.1499 254 254 224
0.2602 -0.8090 0.2096 254 254 235
0.2602 -0.8090 0.2698 254 254 242
0.2602 -0.8091 0.3301 254 254 246
0.2602 -0.8092 0.3901 254 254 247
0.2602 -0.8090 0.4467 254 254 247
0.2693 -0.7512 -0.1236 247 208 176
0.2804 -0.7364 -0.1139 254 237 134
0.2714 -0.7680 0.0580 254 251 196
0.2767 -0.7498 0.0910 255 254 213
0.2769 -0.7493 0.1500 255 254 228
0.2769 -0.7491 0.2100 255 254 238
0.2769 -0.7491 0.2700 255 254 244
0.2769 -0.7494 0.3299 255 254 247
0.2769 -0.7493 0.3900 255 254 247
0.2769 -0.7493 0.4467 254 254 247
0.2702 -0.7011 -0.1235 244 204 174
0.2937 -0.6890 -0.1070 254 240 140
0.2918 -0.6911 0.0526 254 245 166
0.2925 -0.6933 0.0956 255 254 214
0.2927 -0.6924 0.1501 255 254 226
0.2927 -0.6924 0.2105 255 254 238
0.2927 -0.6925 0.2704 255 254 244
0.2927 -0.6925 0.3299 255 254 245
0.2927 -0.6924 0.3900 255 254 243
0.2927 -0.6925 0.4466 254 254 243
0.2702 -0.6051 -0.1221 198 155 138
0.2697 -0.5676 -0.1220 196 152 135
0.2670 -0.5105 -0.1219 185 136 120
0.2725 -0.4474 -0.1218 162 115 109
0.2691 -0.3817 -0.1216 164 121 116
0.2689 -0.3193 -0.1215 158 120 117
0.2797 -0.3069 0.0162 125 101 78
0.2501 -0.3077 0.0848 129 107 84
0.2918 -0.3073 0.1666 254 160 254
0.2600 -0.3082 0.2069 255 179 255
0.2902 -0.3065 0.2769 141 119 96
0.2657 -0.3072 0.3307 146 125 101
0.2453 -0.3078 0.3755 152 132 106
0.2723 -0.2682 -0.1214 174 133 122
0.2721 -0.2149 -0.1212 169 132 126
0.2671 -0.1462 -0.1211 152 117 116
0.2749 -0.0935 -0.1210 170 135 129
0.2774 -0.0955 0.0054 185 54 166
0.2807 -0.0956 0.0915 188 56 169
0.2718 -0.1003 0.1526 255 132 254
0.2717 -0.1003 0.2089 255 132 254
0.2716 -0.1003 0.2692 255 132 254
0.2716 -0.1003 0.3294 255 132 254
0.2715 -0.1003 0.3896 255 131 254
0.2715 -0.1003 0.4498 255 130 254
0.2714 -0.1003 0.5100 255 129 253
0.2713 -0.1003 0.5703 255 129 253
0.2713 -0.1003 0.6304 255 128 253
0.2712 -0.1003 0.6906 255 127 253
0.2711 -0.1003 0.7507 255 125 253
0.2711 -0.1003 0.8108 255 124 252
0.2710 -0.1003 0.8710 254 121 252
0.2710 -0.1003 0.9311 254 116 250
0.2709 -0.1003 0.9912 253 111 249
0.2708 -0.1003 1.0513 253 105 246
0.2708 -0.1003 1.1113 252 100 243
0.2707 -0.1003 1.1714 250 95 240
0.2706 -0.1003 1.2315 248 89 235
0.2706 -0.1003 1.2915 244 84 229
0.2705 -0.1003 1.3515 240 79 223
0.2709 -0.1003 1.4110 234 74 215
0.2699 -0.1003 1.4709 226 68 206
0.2703 -0.1003 1.5155 220 64 199
0.2678 0.0093 -0.1208 184 137 129
0.2678 0.1044 -0.1206 179 135 131
0.2691 0.1011 0.0040 254 182 253
0.2695 0.1011 0.0896 255 183 255
0.2696 0.1011 0.1496 255 184 255
0.2687 0.1011 0.2107 255 184 255
0.2693 0.1011 0.2712 255 183 255
0.2693 0.1011 0.3303 255 182 255
0.2691 0.1011 0.3897 255 180 255
0.2689 0.1011 0.4497 255 179 255
0.2693 0.1011 0.5099 255 177 255
0.2691 0.1011 0.5699 255 173 255
0.2692 0.1011 0.6299 255 166 255
0.2691 0.1011 0.6899 255 156 254
0.2694 0.1011 0.7500 254 146 254
0.2691 0.1011 0.8097 254 136 254
0.2693 0.1011 0.8698 254 125 253
0.2692 0.1011 0.9300 254 114 250
0.2690 0.1011 0.9899 252 104 246
0.2692 0.1011 1.0498 248 93 240
0.2698 0.1011 1.1094 242 83 231
0.2858 0.1012 1.1464 237 78 226
0.2817 0.1017 1.2161 240 82 229
0.2690 0.1018 1.2908 239 80 228
0.2706 0.1018 1.3335 174 70 182
0.2710 0.1550 -0.1205 170 127 127
0.2710 0.2110 -0.1204 186 137 127
0.2709 0.2699 -0.1203 195 156 149
0.2709 0.3288 -0.1201 193 153 147
0.2679 0.3873 -0.1204 189 149 143
0.2712 0.3915 -0.1199 194 156 149
0.2721 0.4436 -0.1203 195 154 146
0.2711 0.4581 -0.1198 190 142 132
0.2724 0.5021 -0.1201 168 122 121
0.2710 0.5284 -0.1197 167 123 124
0.2719 0.5701 -0.1204 168 123 122
0.2736 0.5664 -0.1199 165 121 122
0.2727 0.6511 -0.1203 167 125 125
0.2713 0.6072 -0.1195 167 125 126
0.2728 0.7125 -0.1201 186 137 127
0.2705 0.6848 -0.1194 168 128 128
0.2704 0.7527 -0.1205 197 158 149
0.2705 0.7673 -0.1192 188 150 145
0.2715 0.8077 -0.1204 196 158 150
0.2710 0.8646 -0.1203 193 152 145
0.2652 0.8544 -0.1191 181 141 138
0.2730 0.9249 -0.1202 198 160 152
0.2701 0.9469 -0.1189 187 143 135
0.2709 0.9961 -0.1207 180 133 128
0.2702 0.9887 -0.1196 177 128 123
0.2705 1.0538 -0.1206 170 125 125
0.2700 1.0479 -0.1187 162 121 122
0.2695 1.1082 -0.1205 171 128 126
0.2697 1.1220 -0.1189 166 127 128
0.2721 1.1670 -0.1203 165 124 125
0.2700 1.1594 -0.1185 163 123 125
0.2704 1.2291 -0.1205 198 152 139
0.2705 1.2264 -0.1187 184 139 131
0.2690 1.2920 -0.1203 189 150 144
0.2702 1.2770 -0.1184 189 151 146
0.2712 1.3490 -0.1216 206 161 145
0.2710 1.3335 -0.1184 188 150 146
0.2703 1.4081 -0.1215 199 153 139
0.2699 1.4084 -0.1180 178 141 139
0.2702 1.4713 -0.1214 159 117 111
0.2715 1.4490 -0.1183 119 98 109
0.2709 1.5377 -0.1212 156 112 109
0.2692 1.5382 -0.1177 138 102 110
0.2683 1.5931 -0.1211 145 109 109
0.2700 1.5758 -0.1181 97 88 106
0.2706 1.6506 -0.1210 139 105 108
0.2683 1.6572 -0.1182 98 88 105
0.2695 1.7131 -0.1209 142 105 104
0.2682 1.6891 -0.1174 95 86 104
0.2734 1.7657 -0.1208 154 121 119
0.2691 1.7784 -0.1180 108 96 111
0.2661 1.8292 -0.1207 140 109 112
0.2679 1.8444 -0.1171 101 93 111
0.2710 1.8967 -0.1205 146 116 117
0.2646 1.9059 -0.1178 102 91 108
0.2526 1.9487 -0.1217 87 76 93
0.2803 1.9351 -0.1182 108 95 110
0.2588 2.0065 -0.1217 104 87 100
0.2680 2.0142 -0.1167 91 84 104
0.2485 2.0320 0.3390 62 106 128
0.2660 2.0693 -0.1216 96 83 99
0.2468 2.0848 -0.0928 35 34 36
0.2429 2.0771 -0.0406 82 81 81
0.2644 2.0535 0.3350 65 112 132
0.2519 2.0629 0.3633 61 105 133
0.2799 2.1255 -0.1214 54 51 63
0.2641 2.1142 -0.1025 43 42 48
0.2428 2.1006 -0.0316 118 121 131
0.2728 2.1141 0.3307 97 161 181
0.2598 2.1178 0.3640 67 109 137
0.2540 2.1561 0.4663 24 25 25
0.2590 2.1490 0.5132 36 24 40
0.2670 2.1468 0.5550 31 22 33
0.2877 2.1814 -0.1215 55 47 50
0.2762 2.1997 -0.1164 66 64 76
0.2423 2.1655 0.3414 175 239 248
0.2440 2.1697 0.4134 31 35 36
0.2450 2.1641 0.4496 31 25 33
0.2447 2.1636 0.5000 89 28 94
0.2562 2.1691 0.5679 38 24 43
0.2736 2.2493 -0.1219 203 161 142
0.2805 2.2339 -0.1171 72 67 78
0.2564 2.2295 0.5878 44 50 53
0.2526 2.3137 -0.1213 99 88 103
0.2756 2.3256 -0.1183 69 64 72
0.2616 2.3739 -0.1212 104 90 104
0.2789 2.3788 -0.1165 57 53 62
0.2689 2.4333 -0.1211 113 99 111
0.2744 2.4158 -0.1162 50 46 54
0.2538 2.4670 -0.1210 127 109 117
0.2767 2.4696 -0.0836 214 98 207
0.2754 2.4692 -0.0323 202 85 195
0.2711 2.4681 0.0902 97 30 93
0.2704 2.4681 0.1506 95 29 92
0.2703 2.4681 0.2076 97 30 94
0.2702 2.4681 0.2687 97 30 94
0.2703 2.4682 0.3093 95 35 97
0.2668 2.4682 0.4105 92 29 95
0.2680 2.4681 0.4513 93 29 96
0.2701 2.4681 0.5095 89 28 97
0.2700 2.4681 0.5698 90 28 99
0.2683 2.4681 0.6326 83 27 96
0.2705 2.4681 0.6899 83 27 103
0.2691 2.4681 0.7502 82 27 103
0.2694 2.4681 0.8104 78 26 105
0.2697 2.4681 0.8702 72 24 104
0.2688 2.4681 0.9297 67 23 104
0.2693 2.4681 0.9899 66 23 103
0.2691 2.4681 1.0501 63 22 102
0.2693 2.4681 1.1100 59 21 100
0.2685 2.4681 1.1702 58 21 99
0.2691 2.4681 1.2300 55 20 97
0.2693 2.4681 1.2694 59 32 105
0.3440 -2.5289 -0.1208 162 95 119
0.3301 -2.5293 -0.0845 182 63 170
0.3304 -2.5295 0.0308 221 87 210
0.3296 -2.5295 0.0893 233 100 224
0.3300 -2.5295 0.1492 243 113 236
0.3300 -2.5295 0.2097 245 119 240
0.3300 -2.5295 0.2701 242 113 236
0.3300 -2.5295 0.3305 236 102 229
0.3297 -2.5295 0.3907 215 84 211
0.3298 -2.5295 0.4504 203 75 200
0.3299 -2.5295 0.5102 179 63 182
0.3300 -2.5295 0.5700 153 52 163
0.3300 -2.5295 0.6302 126 42 145
0.3299 -2.5295 0.6903 106 36 133
0.3298 -2.5295 0.7501 96 32 127
0.3299 -2.5295 0.8099 84 29 120
0.3299 -2.5295 0.8701 80 28 117
0.3300 -2.5295 0.9301 77 27 114
0.3320 -2.5295 0.9711 75 26 113
0.3306 -2.5294 1.0498 77 27 114
0.3311 -2.5294 1.1094 74 26 112
0.3477 -2.5294 1.1487 74 26 112
0.3298 -2.5293 1.2302 74 26 112
0.3298 -2.5293 1.2693 70 33 109
0.3312 -2.4932 -0.1217 118 71 78
0.3301 -2.4801 -0.1197 120 74 65
0.3270 -2.4302 -0.1218 118 70 75
0.3223 -2.4153 -0.1198 124 75 66
0.3350 -2.3823 -0.1219 124 71 74
0.3466 -2.3891 -0.1197 132 85 73
0.3277 -2.2970 -0.1234 231 151 96
0.3538 -2.3346 -0.1192 255 255 220
0.3295 -2.2486 -0.1235 254 254 250
0.3079 -2.2487 -0.1194 221 183 164
0.3297 -2.1888 -0.1237 254 254 252
0.3262 -2.1904 -0.1194 222 184 165
0.3367 -2.1538 -0.1237 254 254 253
0.3463 -2.1268 -0.1194 222 186 166
0.3288 -2.0675 -0.1235 254 253 246
0.3580 -2.0897 -0.1194 223 188 169
0.3296 -2.0087 -0.1236 232 146 89
0.3056 -2.0034 -0.1196 125 75 67
0.3315 -1.9560 -0.1237 237 144 76
0.3218 -1.9519 -0.1196 233 224 197
0.3265 -1.8711 -0.1234 220 125 67
0.3348 -1.9107 -0.1196 255 255 244
0.3298 -1.8289 -0.1235 226 130 69
0.3294 -1.7687 -0.1236 249 227 209
0.3328 -1.7278 -0.1237 254 254 251
0.3279 -1.6412 -0.1235 254 253 246
0.3300 -1.5888 -0.1236 254 254 249
0.3312 -1.5307 -0.1237 242 190 153
0.3465 -1.4866 -0.1236 228 133 72
0.3296 -1.4060 -0.1237 246 164 87
0.3303 -1.3524 -0.1236 241 152 82
0.3302 -1.3010 -0.1235 234 140 78
0.3299 -1.2307 -0.1237 254 254 253
0.3302 -1.1714 -0.1236 255 254 251
0.3302 -1.1210 -0.1235 255 254 249
0.3300 -1.0341 -0.1237 251 226 201
0.3298 -0.9994 -0.1234 242 158 88
0.3295 -0.9834 -0.0982 248 217 140
0.3300 -0.9836 0.0177 219 205 151
0.3299 -0.9836 0.0895 219 207 171
0.3298 -0.9836 0.1504 220 208 185
0.3298 -0.9836 0.2113 230 212 201
0.3297 -0.9836 0.2700 233 216 207
0.3296 -0.9836 0.3287 234 217 211
0.3295 -0.9836 0.3896 236 217 219
0.3295 -0.9836 0.4460 251 219 243
0.3030 -0.9391 -0.1228 241 166 108
0.3032 -0.9398 -0.1079 238 146 76
0.3302 -0.9091 0.0369 254 239 152
0.3026 -0.9416 0.0955 158 105 61
0.3023 -0.9419 0.1498 169 118 69
0.3022 -0.9420 0.2100 190 141 83
0.3022 -0.9419 0.2701 197 151 92
0.3021 -0.9419 0.3303 203 160 101
0.3022 -0.9419 0.3904 204 152 131
0.3023 -0.9417 0.4462 254 151 251
0.3009 -0.8960 -0.1234 235 140 75
0.3007 -0.8916 0.0322 176 131 118
0.3007 -0.8916 0.0888 171 128 124
0.3007 -0.8916 0.1492 155 114 131
0.3007 -0.8916 0.2097 248 137 241
0.3007 -0.8916 0.2701 251 141 244
0.3007 -0.8916 0.3305 251 141 244
0.3007 -0.8915 0.3909 251 139 245
0.3007 -0.8915 0.4474 255 137 254
0.3013 -0.8090 -0.1233 241 154 87
0.3015 -0.8118 -0.0731 239 211 187
0.3012 -0.8073 0.0019 164 121 116
0.3013 -0.8003 0.0911 176 138 133
0.3013 -0.7955 0.1498 164 99 156
0.3014 -0.7902 0.2088 249 131 240
0.3014 -0.7874 0.2615 247 132 234
0.3017 -0.8298 0.3305 196 150 90
0.3017 -0.8297 0.3901 200 147 120
0.3017 -0.8296 0.4463 255 149 255
0.3017 -0.7494 -0.1233 255 254 250
0.3029 -0.7486 -0.1035 255 254 248
0.3020 -0.7440 0.0132 172 126 118
0.3021 -0.7443 0.0912 178 138 132
0.3021 -0.7443 0.1515 169 109 154
0.3021 -0.7444 0.2098 249 141 240
0.3015 -0.7722 0.2870 254 133 251
0.3015 -0.7729 0.3308 254 132 253
0.3015 -0.7679 0.3890 254 131 253
0.3016 -0.7629 0.4474 254 130 253
0.3017 -0.6962 -0.1233 254 254 246
0.3036 -0.6935 -0.0990 254 251 236
0.3030 -0.6754 0.0327 190 144 129
0.3031 -0.6762 0.0901 192 153 143
0.3031 -0.6761 0.1488 155 111 134
0.3031 -0.6761 0.2095 252 156 244
0.3031 -0.6761 0.2701 252 156 244
0.3031 -0.6761 0.3308 253 156 245
0.3031 -0.6761 0.3915 253 155 247
0.3031 -0.6762 0.4483 254 151 254
0.3025 -0.6278 -0.1234 254 249 230
0.3054 -0.6289 -0.1109 254 250 221
0.3053 -0.6352 0.0317 172 116 95
0.3039 -0.6388 0.0896 217 157 101
0.3039 -0.6390 0.1491 247 209 113
0.3039 -0.6390 0.2090 253 173 246
0.3039 -0.6391 0.2688 253 172 246
0.3039 -0.6391 0.3286 253 171 246
0.3039 -0.6391 0.3900 252 168 247
0.3039 -0.6392 0.4480 254 163 253
0.3013 -0.5643 -0.1224 239 216 194
0.3042 -0.5444 -0.0784 142 88 86
0.3038 -0.5426 -0.0004 185 142 134
0.3038 -0.5439 0.0894 173 137 136
0.3038 -0.5439 0.1498 188 110 188
0.3038 -0.5439 0.2100 254 143 254
0.3038 -0.5439 0.2704 254 143 254
0.3038 -0.5439 0.3307 254 142 254
0.3038 -0.5439 0.3911 254 141 254
0.3039 -0.5441 0.4488 254 140 254
0.3023 -0.5159 -0.1223 184 124 104
0.3066 -0.5177 -0.1038 206 117 72
0.3052 -0.5281 0.0380 179 126 117
0.3049 -0.5276 0.0896 190 149 139
0.3049 -0.5276 0.1498 163 127 142
0.3049 -0.5279 0.2104 254 174 246
0.3049 -0.5279 0.2707 254 174 246
0.3049 -0.5277 0.3311 254 172 246
0.3049 -0.5281 0.3916 253 169 246
0.3049 -0.5279 0.4482 253 166 250
0.3033 -0.4543 -0.1221 147 86 79
0.3147 -0.4679 -0.1118 208 128 79
0.3051 -0.4479 0.0027 187 144 135
0.3051 -0.4484 0.0915 175 139 137
0.3051 -0.4484 0.1514 183 119 183
0.3051 -0.4484 0.2113 254 157 254
0.3051 -0.4484 0.2713 254 157 254
0.3051 -0.4484 0.3314 255 156 254
0.3051 -0.4484 0.3913 254 154 254
0.3051 -0.4485 0.4487 254 153 254
0.3090 -0.3839 -0.1219 136 85 84
0.3062 -0.3848 0.0208 186 137 127
0.3062 -0.3850 0.0894 187 145 136
0.3062 -0.3847 0.1507 174 132 171
0.3062 -0.3852 0.2098 255 173 255
0.3062 -0.3853 0.2691 255 172 255
0.3062 -0.3851 0.3304 255 170 255
0.3062 -0.3851 0.3898 255 167 254
0.3062 -0.3855 0.4463 255 165 254
0.3089 -0.3218 -0.1217 123 80 85
0.3254 -0.3056 -0.0896 113 90 94
0.3061 -0.3061 -0.0450 115 90 70
0.3468 -0.3058 0.0968 244 114 238
0.3231 -0.3063 0.1381 225 129 214
0.3211 -0.3057 0.2090 132 110 89
0.3036 -0.3062 0.2474 138 117 94
0.3465 -0.3049 0.4499 171 105 149
0.3139 -0.2693 -0.1218 211 172 151
0.3067 -0.2106 -0.1214 209 172 153
0.3077 -0.1513 -0.1213 206 169 151
0.3065 -0.0914 -0.1211 198 163 148
0.3520 -0.0952 -0.0240 179 51 161
0.3465 -0.0949 0.0855 171 52 155
0.3078 -0.1003 0.1525 255 133 254
0.3078 -0.1003 0.2090 255 133 254
0.3077 -0.1003 0.2695 255 133 254
0.3076 -0.1003 0.3295 255 133 254
0.3076 -0.1003 0.3896 255 132 254
0.3075 -0.1003 0.4496 255 131 254
0.3074 -0.1003 0.5100 255 130 254
0.3085 -0.1003 0.5732 255 129 253
0.3116 -0.1003 0.6303 255 128 253
0.3312 -0.1003 0.6903 255 126 253
0.3312 -0.1003 0.7503 255 125 253
0.3312 -0.1003 0.8104 255 124 252
0.3311 -0.1003 0.8706 255 121 252
0.3310 -0.1003 0.9306 254 115 250
0.3310 -0.1003 0.9906 253 111 249
0.3309 -0.1003 1.0506 253 105 246
0.3308 -0.1003 1.1107 252 100 243
0.3307 -0.1003 1.1707 250 95 239
0.3307 -0.1003 1.2307 248 90 235
0.3306 -0.1003 1.2906 244 84 229
0.3305 -0.1003 1.3506 240 79 222
0.3305 -0.1003 1.4105 234 73 215
0.3304 -0.1003 1.4705 226 68 205
0.3303 -0.1003 1.5145 219 63 198
0.3064 0.0097 -0.1208 161 110 109
0.3089 0.1044 -0.1207 136 85 94
0.3295 0.1012 0.0038 252 176 251
0.3298 0.1012 0.0901 255 179 255
0.3298 0.1012 0.1506 255 179 255
0.3298 0.1012 0.2111 255 179 255
0.3298 0.1012 0.2716 255 178 255
0.3292 0.1012 0.3311 255 177 255
0.3298 0.1012 0.3901 255 176 255
0.3299 0.1012 0.4498 255 175 255
0.3298 0.1012 0.5101 255 173 255
0.3296 0.1012 0.5703 255 170 255
0.3297 0.1012 0.6300 255 162 255
0.3297 0.1012 0.6898 255 153 254
0.3298 0.1012 0.7500 254 144 254
0.3297 0.1012 0.8103 254 134 253
0.3296 0.1012 0.8702 254 124 252
0.3296 0.1012 0.9300 253 114 250
0.3298 0.1012 0.9899 252 104 246
0.3297 0.1012 1.0501 249 94 241
0.3298 0.1012 1.1102 243 85 233
0.3335 0.1012 1.1531 237 78 226
0.3356 0.1016 1.2122 235 77 224
0.3276 0.1019 1.2897 241 82 230
0.3273 0.1019 1.3342 169 71 179
0.3089 0.1535 -0.1206 134 85 95
0.3097 0.2119 -0.1205 176 127 120
0.3111 0.2731 -0.1204 230 196 179
0.3121 0.3310 -0.1202 229 195 179
0.3568 0.3259 -0.0834 172 125 122
0.3572 0.3257 -0.0068 182 143 138
0.3581 0.3258 0.0727 107 97 109
0.3583 0.3342 0.1505 254 244 166
0.3583 0.3342 0.2099 254 247 179
0.3583 0.3342 0.2693 254 248 185
0.3582 0.3342 0.3292 254 248 187
0.3583 0.3343 0.3902 254 247 189
0.3583 0.3343 0.4492 245 237 207
0.3157 0.3904 -0.1204 231 196 179
0.3116 0.3929 -0.1199 227 193 178
0.3170 0.4459 -0.1203 225 189 174
0.3126 0.4595 -0.1198 201 156 144
0.3187 0.5035 -0.1202 131 85 96
0.3136 0.5299 -0.1197 129 87 99
0.3198 0.5617 -0.1205 131 85 95
0.3190 0.5685 -0.1199 129 86 98
0.3285 0.6354 -0.1203 132 86 96
0.3167 0.6147 -0.1196 129 87 99
0.3273 0.7148 -0.1202 179 130 121
0.3162 0.6907 -0.1194 142 98 105
0.3305 0.7548 -0.1205 230 196 179
0.3159 0.7713 -0.1193 224 190 177
0.3271 0.8098 -0.1204 231 197 181
0.3372 0.7805 -0.1197 227 193 179
0.3303 0.8674 -0.1203 229 194 178
0.3147 0.8562 -0.1191 223 187 174
0.3319 0.9272 -0.1202 229 195 180
0.3161 0.9478 -0.1189 203 162 151
0.3245 0.9855 -0.1207 171 123 119
0.3311 0.9911 -0.1196 152 106 109
0.3310 1.0461 -0.1206 128 85 97
0.3174 1.0492 -0.1187 126 88 102
0.3300 1.1110 -0.1205 129 85 97
0.3265 1.1258 -0.1190 127 88 101
0.3306 1.1771 -0.1204 131 87 98
0.3191 1.1615 -0.1186 126 89 102
0.3299 1.2374 -0.1204 204 164 153
0.3293 1.2291 -0.1187 189 145 137
0.3262 1.3001 -0.1204 229 195 180
0.3201 1.2799 -0.1184 221 186 174
0.3447 1.3299 -0.1205 229 196 180
0.3311 1.3366 -0.1184 221 186 174
0.3300 1.4012 -0.1215 230 199 178
0.3227 1.4100 -0.1181 157 134 138
0.3310 1.4639 -0.1214 185 140 129
0.3331 1.4517 -0.1183 152 124 127
0.3302 1.5315 -0.1212 130 80 87
0.3229 1.5408 -0.1178 123 88 103
0.3292 1.5867 -0.1211 106 72 86
0.3343 1.5820 -0.1182 98 82 101
0.3297 1.6468 -0.1210 100 70 87
0.3295 1.6601 -0.1182 80 77 100
0.3300 1.7067 -0.1208 116 83 92
0.3235 1.6913 -0.1174 88 83 103
0.3311 1.7701 -0.1208 184 149 138
0.3267 1.7815 -0.1180 125 109 120
0.3280 1.8397 -0.1206 178 143 135
0.3252 1.8474 -0.1171 118 105 120
0.3325 1.8901 -0.1205 175 142 134
0.3281 1.8716 -0.1183 129 111 122
0.3272 1.9420 -0.1208 176 144 135
0.3273 1.9316 -0.1178 112 99 114
0.3275 2.0007 -0.1206 96 74 91
0.3280 2.0161 -0.1167 84 82 103
0.3286 2.0576 -0.1204 93 72 91
0.3306 2.0708 -0.1175 77 78 101
0.3115 2.1284 -0.1213 74 68 90
0.3330 2.1336 -0.1179 78 77 99
0.3035 2.1580 0.5504 59 59 55
0.3158 2.1927 -0.1215 73 65 84
0.3303 2.2030 -0.1164 88 84 104
0.3065 2.1688 0.5551 22 23 25
0.3335 2.2491 -0.1214 91 79 88
0.3345 2.2335 -0.1171 99 90 108
0.3397 2.3028 -0.1214 90 79 81
0.3168 2.3260 -0.1187 111 97 105
0.3467 2.3607 -0.1213 64 57 56
0.3277 2.3777 -0.1164 110 100 116
0.3292 2.4291 -0.1219 227 195 171
0.3314 2.4199 -0.1161 97 91 108
0.3348 2.4646 -0.1218 232 205 184
0.3327 2.4696 -0.0834 241 106 233
0.3330 2.4692 -0.0336 202 86 195
0.3315 2.4681 0.0902 88 27 85
0.3333 2.4681 0.1503 88 27 85
0.3322 2.4681 0.2082 90 28 87
0.3322 2.4681 0.2684 90 28 88
0.3335 2.4682 0.3092 89 31 89
0.3450 2.4682 0.4061 60 29 68
0.3468 2.4682 0.4481 50 25 51
0.3221 2.4681 0.5104 71 26 76
0.3193 2.4681 0.5723 85 27 93
0.3323 2.4681 0.6397 79 26 95
0.3318 2.4681 0.6904 79 26 100
0.3316 2.4681 0.7499 78 25 102
0.3311 2.4681 0.8100 75 25 102
0.3315 2.4681 0.8698 69 24 103
0.3308 2.4681 0.9300 66 23 103
0.3314 2.4681 0.9902 63 22 102
0.3310 2.4681 1.0499 62 22 102
0.3308 2.4681 1.1101 57 21 99
0.3311 2.4681 1.1699 56 20 98
0.3304 2.4681 1.2296 55 20 97
0.3322 2.4682 1.2693 59 32 105
0.3804 -2.5244 -0.1216 122 82 85
0.3901 -2.5293 -0.0852 162 54 150
0.3891 -2.5295 0.0291 196 70 183
0.3892 -2.5295 0.0904 209 79 197
0.3891 -2.5295 0.1498 217 84 206
0.3890 -2.5295 0.2092 216 84 206
0.3891 -2.5295 0.2703 218 85 209
0.3886 -2.5295 0.3303 210 80 204
0.3896 -2.5295 0.3895 199 73 196
0.3890 -2.5295 0.4500 182 64 183
0.3887 -2.5295 0.5102 164 57 171
0.3893 -2.5295 0.5701 140 47 154
0.3890 -2.5295 0.6300 118 40 140
0.3891 -2.5295 0.6899 103 35 131
0.3890 -2.5295 0.7500 91 31 124
0.3889 -2.5295 0.8101 80 28 116
0.3892 -2.5295 0.8701 77 27 114
0.3890 -2.5295 0.9300 73 25 111
0.3905 -2.5295 0.9760 71 25 109
0.3898 -2.5294 1.0499 74 26 112
0.3896 -2.5294 1.1099 72 25 110
0.3943 -2.5294 1.1465 70 24 108
0.3901 -2.5293 1.2302 72 25 111
0.3901 -2.5293 1.2688 69 30 109
0.3917 -2.4857 -0.1217 112 69 76
0.4094 -2.5090 -0.1194 128 78 66
0.3903 -2.4280 -0.1218 120 70 75
0.3948 -2.4471 -0.1197 128 80 70
0.3921 -2.3751 -0.1219 123 71 74
0.3875 -2.3758 -0.1198 127 80 71
0.3864 -2.2909 -0.1234 228 155 106
0.3733 -2.3118 -0.1194 146 99 86
0.3896 -2.2488 -0.1235 254 254 248
0.3942 -2.2528 -0.1194 222 186 167
0.3895 -2.1887 -0.1236 254 254 249
0.4101 -2.1922 -0.1193 220 182 162
0.3929 -2.1479 -0.1237 254 254 252
0.3883 -2.0615 -0.1234 254 253 245
0.3663 -2.0632 -0.1194 213 174 154
0.3893 -2.0088 -0.1236 229 142 86
0.3830 -2.0102 -0.1194 196 172 145
0.3907 -1.9495 -0.1237 236 143 72
0.3997 -1.9572 -0.1194 255 255 245
0.4078 -1.9134 -0.1237 239 148 74
0.3898 -1.8287 -0.1235 219 124 67
0.3895 -1.7686 -0.1236 248 226 207
0.3917 -1.7206 -0.1237 254 254 249
0.3875 -1.6346 -0.1234 254 252 242
0.3897 -1.5888 -0.1235 254 254 249
0.3897 -1.5287 -0.1237 238 181 142
0.3969 -1.4934 -0.1237 226 127 67
0.3899 -1.4046 -0.1237 246 161 85
0.3899 -1.3510 -0.1236 238 147 80
0.3902 -1.2993 -0.1235 233 144 85
0.3901 -1.2300 -0.1237 255 254 253
0.3900 -1.1709 -0.1236 255 254 252
0.3899 -1.1184 -0.1235 255 254 250
0.3901 -1.0334 -0.1237 250 223 200
0.3891 -1.0004 -0.1234 236 151 89
0.3899 -0.9841 -0.0973 255 247 159
0.3906 -0.9843 0.0183 255 252 190
0.3905 -0.9843 0.0899 255 254 216
0.3905 -0.9843 0.1507 255 255 232
0.3904 -0.9843 0.2115 255 255 241
0.3903 -0.9843 0.2700 255 255 247
0.4100 -0.9832 0.3473 233 212 168
0.4182 -0.9828 0.3897 177 148 103
0.4175 -0.9828 0.4468 79 71 62
0.3891 -0.9346 -0.1235 207 119 66
0.3835 -0.9082 -0.1091 239 168 80
0.3987 -0.9076 0.0437 252 226 138
0.3906 -0.9082 0.0907 251 231 154
0.3894 -0.9083 0.1503 253 239 167
0.3888 -0.9083 0.2097 254 242 178
0.3885 -0.9083 0.2700 253 242 182
0.3875 -0.9083 0.3301 253 242 186
0.3869 -0.9084 0.3907 252 239 182
0.3866 -0.9084 0.4472 250 236 181
0.3635 -0.4322 -0.1226 244 166 92
0.3639 -0.4336 -0.0901 255 247 154
0.3637 -0.4342 -0.0534 255 252 168
0.3639 -0.4336 0.1066 255 254 231
0.3639 -0.4336 0.1502 255 255 235
0.3639 -0.4336 0.2103 255 255 246
0.3639 -0.4337 0.2702 255 255 246
0.3640 -0.4334 0.3303 255 255 247
0.3639 -0.4337 0.3900 255 255 244
0.3640 -0.4334 0.4464 251 251 237
0.3709 -0.3859 -0.1232 244 161 90
0.3761 -0.3900 -0.0899 255 246 179
0.3737 -0.3985 -0.0547 255 253 184
0.3762 -0.3898 0.1058 255 254 216
0.3761 -0.3899 0.1499 255 255 226
0.3761 -0.3899 0.2097 255 255 237
0.3761 -0.3899 0.2694 255 255 242
0.3761 -0.3902 0.3296 255 255 245
0.3761 -0.3899 0.3899 254 254 242
0.3761 -0.3899 0.4465 251 249 242
0.3824 -0.3262 -0.1235 242 153 81
0.3907 -0.3380 -0.0910 247 202 177
0.3908 -0.3373 0.0432 243 222 160
0.3908 -0.3375 0.1045 237 223 177
0.3908 -0.3374 0.1502 226 210 179
0.3907 -0.3378 0.2097 221 201 186
0.3908 -0.3376 0.2697 220 200 189
0.3907 -0.3377 0.3302 223 205 195
0.3907 -0.3377 0.3901 215 197 192
0.3908 -0.3376 0.4466 194 170 186
0.3888 -0.2700 -0.1237 254 251 246
0.3909 -0.2101 -0.1237 254 254 253
0.3934 -0.1498 -0.1237 254 254 253
0.3955 -0.0898 -0.1237 254 254 253
0.3637 -0.0954 0.0226 184 54 164
0.3668 -0.0953 0.0930 182 53 163
0.3713 -0.0952 0.1482 179 51 160
0.3767 -0.0952 0.2091 179 51 160
0.3820 -0.0952 0.2688 176 50 158
0.3805 -0.0955 0.3281 180 54 162
0.3840 -0.0955 0.3899 183 55 164
0.3871 -0.0955 0.4520 181 55 163
0.3890 -0.0952 0.5105 176 50 158
0.3705 -0.1018 0.5835 252 110 247
0.3857 -0.1019 0.6335 250 97 241
0.4046 -0.0976 0.6911 119 32 113
0.4051 -0.0976 0.7498 83 22 95
0.4044 -0.0976 0.8097 72 20 89
0.4040 -0.0976 0.8697 72 20 89
0.4031 -0.0976 0.9297 72 20 89
0.4027 -0.0976 0.9900 72 20 89
0.4019 -0.0976 1.0501 72 20 89
0.4029 -0.0976 1.1106 71 19 88
0.4029 -0.0976 1.1700 71 19 89
0.4020 -0.0976 1.2299 71 19 89
0.4028 -0.0976 1.2817 72 20 89
0.3905 -0.1003 1.3497 240 78 222
0.3905 -0.1003 1.4096 233 73 214
0.3904 -0.1003 1.4695 226 67 205
0.3903 -0.1003 1.5134 218 63 197
0.3992 -0.0016 -0.1237 241 161 99
0.4097 -0.0261 -0.1199 178 70 163
0.4026 0.0900 -0.1237 238 147 76
0.3899 0.1012 0.0040 252 172 251
0.3905 0.1012 0.0900 255 174 255
0.3894 0.1012 0.1495 255 175 255
0.3901 0.1012 0.2101 255 174 255
0.3898 0.1012 0.2697 255 175 255
0.3903 0.1012 0.3290 255 174 255
0.3897 0.1012 0.3901 255 172 255
0.3900 0.1012 0.4501 255 171 255
0.3902 0.1012 0.5100 255 169 255
0.3899 0.1012 0.5700 255 166 255
0.3899 0.1012 0.6301 255 159 255
0.3900 0.1012 0.6901 255 151 254
0.3899 0.1012 0.7499 254 141 254
0.3902 0.1012 0.8100 254 132 253
0.3900 0.1012 0.8703 254 123 252
0.3898 0.1012 0.9304 253 114 250
0.3902 0.1012 0.9904 252 104 246
0.3900 0.1012 1.0500 249 95 241
0.3902 0.1012 1.1099 244 86 234
0.3923 0.1012 1.1628 237 78 226
0.3907 0.1017 1.2240 236 77 225
0.3891 0.1019 1.2903 242 83 231
0.3889 0.1019 1.3342 167 72 179
0.4050 0.1498 -0.1237 227 132 70
0.4073 0.2092 -0.1237 241 203 173
0.3863 0.2720 -0.1222 243 216 195
0.3924 0.3097 -0.1217 228 192 166
0.3902 0.3145 -0.0907 236 174 99
0.3903 0.3145 -0.0004 240 201 118
0.3917 0.3140 0.0726 230 210 137
0.4127 0.3110 0.1498 255 253 206
0.4127 0.3110 0.2098 255 253 214
0.4128 0.3110 0.2703 255 253 214
0.4127 0.3110 0.3304 254 251 208
0.4127 0.3110 0.3901 253 243 187
0.4127 0.3110 0.4478 223 201 139
0.3717 0.4123 -0.1222 244 218 196
0.3852 0.4148 -0.0900 205 125 59
0.3849 0.4140 -0.0475 213 135 62
0.3850 0.4143 0.1080 234 179 99
0.3852 0.4148 0.1500 236 188 108
0.3852 0.4148 0.2102 235 190 114
0.3852 0.4148 0.2703 229 185 116
0.3852 0.4148 0.3305 210 165 106
0.3852 0.4148 0.3906 199 156 104
0.3852 0.4148 0.4483 199 158 118
0.3657 0.4593 -0.1219 226 188 167
0.3974 0.4499 -0.0747 212 135 63
0.3978 0.4520 0.0499 249 208 117
0.3974 0.4508 0.0898 250 211 121
0.3973 0.4508 0.1502 251 222 135
0.3974 0.4510 0.2099 252 229 149
0.3974 0.4510 0.2699 252 232 156
0.3974 0.4508 0.3301 252 233 160
0.3974 0.4510 0.3899 251 232 163
0.3974 0.4509 0.4484 244 221 167
0.3692 0.5137 -0.1218 134 81 88
0.4134 0.4968 -0.0761 208 134 65
0.4136 0.4984 0.0482 243 190 101
0.4133 0.4976 0.0904 244 196 107
0.4134 0.4978 0.1501 247 209 122
0.4134 0.4978 0.2093 248 215 132
0.4134 0.4979 0.2702 249 221 142
0.4134 0.4979 0.3310 249 224 150
0.4134 0.4979 0.3902 248 222 151
0.4134 0.4978 0.4478 243 216 156
0.3725 0.5790 -0.1215 137 83 90
0.3664 0.6450 -0.1210 132 84 93
0.3713 0.6966 -0.1209 144 95 99
0.3727 0.7558 -0.1208 231 197 180
0.3724 0.8112 -0.1206 230 198 182
0.3734 0.8693 -0.1205 230 198 182
0.3767 0.9288 -0.1203 229 195 180
0.3946 0.9924 -0.1208 150 108 113
0.3747 0.9916 -0.1199 146 101 106
0.3899 1.0545 -0.1207 128 84 96
0.3671 1.0647 -0.1196 125 86 99
0.3876 1.1065 -0.1206 130 85 96
0.3768 1.1282 -0.1197 127 86 99
0.3895 1.1615 -0.1205 127 85 98
0.3645 1.1553 -0.1192 124 87 102
0.3919 1.2182 -0.1204 177 130 124
0.3744 1.2234 -0.1192 182 138 132
0.3886 1.2790 -0.1204 228 195 180
0.3814 1.2797 -0.1195 225 191 178
0.3900 1.3432 -0.1203 228 194 180
0.3783 1.3502 -0.1190 223 190 178
0.3883 1.4066 -0.1215 240 212 192
0.3770 1.4260 -0.1193 215 179 167
0.3868 1.4612 -0.1214 201 157 142
0.3821 1.4501 -0.1189 198 157 148
0.3910 1.5252 -0.1212 133 80 88
0.3778 1.5481 -0.1185 122 87 102
0.3924 1.5966 -0.1211 130 80 88
0.4040 1.5740 -0.1196 123 86 100
0.3847 1.6501 -0.1210 96 70 87
0.3821 1.6591 -0.1183 80 77 100
0.3912 1.7000 -0.1209 99 73 89
0.3773 1.7138 -0.1185 98 87 105
0.3918 1.7650 -0.1208 184 150 139
0.3785 1.7830 -0.1180 126 109 120
0.3888 1.8334 -0.1206 179 145 136
0.3795 1.8363 -0.1183 128 111 122
0.3902 1.8836 -0.1205 176 144 136
0.3890 1.8776 -0.1183 129 112 122
0.3932 1.9386 -0.1208 181 154 148
0.3826 1.9278 -0.1181 122 106 117
0.3916 1.9941 -0.1207 106 81 93
0.3781 2.0072 -0.1175 86 82 104
0.3943 2.0518 -0.1206 105 79 89
0.3834 2.0734 -0.1177 77 77 100
0.3927 2.1122 -0.1205 106 80 90
0.3930 2.1284 -0.1178 77 77 100
0.4129 2.1807 -0.1234 226 134 78
0.3761 2.1930 -0.1178 88 81 101
0.3634 2.2610 -0.1223 238 208 184
0.3898 2.2382 -0.1171 100 91 108
0.3683 2.3124 -0.1216 153 135 136
0.3912 2.3105 -0.1196 150 124 126
0.3731 2.3743 -0.1213 114 100 108
0.3728 2.3805 -0.1166 112 102 117
0.3859 2.4331 -0.1212 104 93 102
0.3956 2.4090 -0.1167 109 99 114
0.4050 2.4642 -0.1215 143 129 134
0.3754 2.4695 -0.0897 228 93 218
0.3928 2.4681 0.0006 82 25 80
0.3926 2.4681 0.0900 82 25 81
0.3925 2.4681 0.1495 84 26 82
0.3924 2.4681 0.2089 84 26 82
0.3923 2.4681 0.2682 83 26 83
0.3977 2.4682 0.3196 77 42 90
0.3956 2.4681 0.3973 76 34 88
0.3920 2.4681 0.4503 81 25 85
0.3926 2.4681 0.5106 69 24 76
0.3978 2.4681 0.5631 57 23 64
0.3946 2.4681 0.6331 74 24 86
0.3907 2.4681 0.6897 75 25 99
0.3924 2.4681 0.7499 73 24 98
0.3913 2.4681 0.8101 74 24 98
0.3914 2.4681 0.8698 67 23 102
0.3916 2.4681 0.9299 64 22 101
0.3909 2.4681 0.9901 61 22 101
0.3913 2.4681 1.0501 61 22 101
0.3912 2.4681 1.1102 57 20 99
0.3909 2.4681 1.1703 55 20 98
0.3906 2.4681 1.2304 54 20 97
0.3919 2.4682 1.2696 58 30 103
0.4645 -2.5281 -0.1208 137 83 99
0.4521 -2.5293 -0.0880 145 47 135
0.4502 -2.5295 0.0276 168 57 157
0.4495 -2.5295 0.0899 180 62 169
0.4499 -2.5295 0.1504 187 66 176
0.4499 -2.5295 0.2105 185 64 174
0.4499 -2.5295 0.2706 186 65 178
0.4499 -2.5295 0.3306 177 62 175
0.4494 -2.5295 0.3900 173 60 173
0.4504 -2.5295 0.4501 158 54 166
0.4494 -2.5295 0.5099 147 50 159
0.4501 -2.5295 0.5699 127 43 146
0.4496 -2.5295 0.6300 111 37 135
0.4498 -2.5295 0.6900 98 33 128
0.4500 -2.5295 0.7500 87 30 121
0.4496 -2.5295 0.8101 79 27 115
0.4500 -2.5295 0.8699 75 26 112
0.4497 -2.5295 0.9298 70 25 109
0.4511 -2.5295 0.9810 67 24 107
0.4501 -2.5294 1.0502 72 25 111
0.4500 -2.5294 1.1102 69 24 109
0.4532 -2.5294 1.1510 67 24 106
0.4514 -2.5293 1.2294 70 25 110
0.4513 -2.5293 1.2689 66 31 107
0.4498 -2.4929 -0.1217 114 69 76
0.4507 -2.4956 -0.1195 140 92 77
0.4478 -2.4302 -0.1218 119 70 75
0.4468 -2.4202 -0.1197 131 81 69
0.4539 -2.3684 -0.1219 122 71 74
0.4382 -2.3549 -0.1197 126 78 69
0.4382 -2.2854 -0.1233 240 200 160
0.4671 -2.3294 -0.1197 147 97 82
0.4500 -2.2490 -0.1235 254 253 246
0.4699 -2.2629 -0.1193 210 170 150
0.4496 -2.1887 -0.1236 254 253 245
0.4463 -2.1898 -0.1199 222 182 165
0.4519 -2.1404 -0.1237 254 254 247
0.4360 -2.1344 -0.1194 220 180 161
0.4477 -2.0547 -0.1234 254 252 240
0.4479 -2.0720 -0.1193 227 195 168
0.4493 -2.0087 -0.1235 229 142 84
0.4669 -2.0119 -0.1193 255 255 239
0.4500 -1.9485 -0.1237 232 138 71
0.4772 -1.9792 -0.1193 255 255 246
0.4547 -1.9120 -0.1237 232 138 72
0.4485 -1.8254 -0.1235 215 120 67
0.4494 -1.7687 -0.1236 247 224 204
0.4516 -1.7133 -0.1237 254 253 242
0.4452 -1.6285 -0.1234 254 250 235
0.4496 -1.5887 -0.1235 254 253 246
0.4497 -1.5284 -0.1236 234 176 137
0.4531 -1.4870 -0.1237 217 121 65
0.4495 -1.4030 -0.1237 244 159 83
0.4498 -1.3507 -0.1236 238 147 79
0.4510 -1.2987 -0.1235 236 154 95
0.4494 -1.2280 -0.1237 254 254 253
0.4606 -1.1590 -0.1237 246 219 190
0.4531 -1.1108 -0.1237 238 207 178
0.4522 -1.0506 -0.1236 197 152 129
0.4512 -0.9983 -0.1231 170 97 68
0.4474 -0.9830 -0.1076 230 150 76
0.4510 -0.9849 0.0189 255 250 181
0.4509 -0.9831 0.0984 251 228 150
0.4495 -0.9830 0.1501 252 233 159
0.4497 -0.9830 0.2096 252 237 170
0.4492 -0.9830 0.2698 251 236 173
0.4487 -0.9830 0.3300 248 230 168
0.4493 -0.9830 0.3902 234 210 150
0.4496 -0.9830 0.4467 179 159 113
0.4328 -0.9447 -0.1234 193 103 64
0.4587 -0.9048 -0.0759 224 154 73
0.4500 -0.9065 0.0508 247 211 128
0.4436 -0.9068 0.0896 230 190 123
0.4429 -0.9068 0.1498 247 223 149
0.4423 -0.9068 0.2094 252 233 162
0.4419 -0.9068 0.2693 252 236 171
0.4481 -0.9066 0.3316 250 234 172
0.4494 -0.9066 0.3907 249 231 173
0.4490 -0.9066 0.4476 247 229 173
0.4513 -0.3149 -0.1236 237 146 76
0.4674 -0.3019 -0.0795 103 85 93
0.4431 -0.3029 -0.0281 94 78 84
0.4776 -0.3012 0.1771 248 120 243
0.4621 -0.3017 0.2093 251 127 246
0.4338 -0.3025 0.2681 200 127 181
0.4488 -0.2703 -0.1236 254 250 243
0.4488 -0.2106 -0.1236 254 254 250
0.4491 -0.1507 -0.1236 254 254 250
0.4485 -0.0902 -0.1236 254 254 252
0.4498 -0.0951 0.0013 178 50 159
0.4523 -0.0954 0.0903 178 53 160
0.4556 -0.0954 0.1531 180 55 161
0.4588 -0.0954 0.2118 177 53 159
0.4608 -0.0951 0.2729 175 50 157
0.4658 -0.0951 0.3301 178 51 160
0.4718 -0.0951 0.3896 173 49 155
0.4747 -0.0952 0.4477 175 51 157
0.4571 -0.0956 0.4993 177 53 160
0.4352 -0.0960 0.5731 188 62 172
0.4263 -0.1010 0.6516 231 76 214
0.4498 -0.0975 0.6902 169 49 148
0.4506 -0.0975 0.7500 148 37 136
0.4500 -0.0975 0.8099 107 27 109
0.4496 -0.0975 0.8698 77 21 92
0.4488 -0.0975 0.9298 71 19 88
0.4482 -0.0975 0.9898 71 19 88
0.4495 -0.0975 1.0500 71 19 88
0.4506 -0.0975 1.1095 71 19 88
0.4507 -0.0975 1.1697 71 19 88
0.4498 -0.0975 1.2298 71 19 88
0.4497 -0.0975 1.2895 71 19 88
0.4639 -0.0976 1.3288 78 22 93
0.4503 -0.1003 1.4086 233 72 213
0.4507 -0.1003 1.4691 225 67 204
0.4494 -0.1003 1.5127 218 63 196
0.4486 0.0000 -0.1236 242 160 94
0.4777 -0.0190 -0.1197 220 68 198
0.4485 0.0894 -0.1236 235 142 74
0.4499 0.1012 0.0043 252 167 252
0.4495 0.1012 0.0900 255 171 255
0.4505 0.1012 0.1495 255 170 255
0.4494 0.1012 0.2100 255 171 255
0.4500 0.1012 0.2698 255 170 255
0.4495 0.1012 0.3298 255 168 255
0.4504 0.1012 0.3904 255 168 255
0.4494 0.1012 0.4498 255 166 255
0.4501 0.1012 0.5098 255 165 255
0.4500 0.1012 0.5701 255 162 255
0.4498 0.1012 0.6301 255 155 254
0.4497 0.1012 0.6902 254 146 254
0.4500 0.1012 0.7502 254 138 254
0.4500 0.1012 0.8099 254 130 253
0.4498 0.1012 0.8699 254 122 252
0.4498 0.1012 0.9299 253 113 250
0.4500 0.1012 0.9902 252 104 246
0.4498 0.1012 1.0503 249 95 241
0.4498 0.1012 1.1098 245 86 235
0.4500 0.1012 1.1693 237 78 226
0.4626 0.1013 1.2070 233 74 222
0.4581 0.1017 1.2705 233 75 222
0.4489 0.1020 1.3340 177 73 186
0.4487 0.1496 -0.1236 228 133 71
0.4488 0.2094 -0.1236 241 202 171
0.4342 0.2808 -0.1228 233 200 168
0.4616 0.2944 -0.0968 253 209 97
0.4648 0.2939 0.0395 254 249 173
0.4634 0.2938 0.1011 255 253 204
0.4628 0.2940 0.1501 255 254 214
0.4629 0.2940 0.2099 255 254 222
0.4626 0.2941 0.2699 255 254 226
0.4628 0.2940 0.3300 255 254 227
0.4627 0.2940 0.3900 255 253 219
0.4629 0.2940 0.4479 254 249 205
0.4307 0.3036 -0.1227 251 188 85
0.4227 0.3038 -0.0907 241 178 92
0.4210 0.3042 -0.0016 250 214 121
0.4268 0.3041 0.0840 254 241 169
0.4331 0.3041 0.1499 255 253 210
0.4330 0.3041 0.2097 255 254 219
0.4331 0.3041 0.2695 255 254 221
0.4330 0.3041 0.3298 255 253 218
0.4331 0.3041 0.3901 254 250 203
0.4331 0.3041 0.4480 248 236 177
0.4235 0.5321 -0.1220 196 134 94
0.4237 0.5271 -0.0752 200 123 58
0.4238 0.5283 0.0467 236 176 91
0.4238 0.5284 0.0894 239 184 98
0.4238 0.5284 0.1491 242 196 110
0.4238 0.5284 0.2088 245 207 123
0.4238 0.5284 0.2686 247 214 135
0.4238 0.5283 0.3295 247 217 142
0.4239 0.5285 0.3906 245 214 143
0.4239 0.5285 0.4489 234 203 149
0.4301 0.5789 -0.1217 151 84 80
0.4379 0.5684 -0.0737 195 118 55
0.4385 0.5714 0.0458 227 161 80
0.4383 0.5709 0.0902 231 171 90
0.4384 0.5711 0.1505 235 185 103
0.4382 0.5706 0.2094 239 197 116
0.4384 0.5710 0.2688 241 202 125
0.4384 0.5710 0.3293 242 206 132
0.4384 0.5710 0.3898 239 204 134
0.4383 0.5707 0.4481 231 195 138
0.4381 0.6350 -0.1217 149 84 81
0.4514 0.6085 -0.0732 192 118 57
0.4590 0.6314 0.0437 216 148 73
0.4589 0.6311 0.0899 221 158 82
0.4587 0.6305 0.1500 225 170 93
0.4590 0.6314 0.2100 230 181 105
0.4587 0.6306 0.2698 232 187 113
0.4587 0.6307 0.3301 232 190 119
0.4590 0.6313 0.3901 229 189 123
0.4588 0.6308 0.4480 220 180 125
0.4462 0.6897 -0.1216 159 96 89
0.4743 0.6846 -0.0763 199 124 73
0.4744 0.6765 0.0422 211 145 72
0.4742 0.6760 0.0903 215 153 80
0.4743 0.6762 0.1497 219 163 90
0.4743 0.6762 0.2104 224 173 101
0.4743 0.6763 0.2710 226 180 109
0.4743 0.6763 0.3299 225 180 112
0.4742 0.6761 0.3897 221 179 116
0.4744 0.6766 0.4485 208 167 119
0.4494 0.7491 -0.1215 242 213 192
0.4534 0.8121 -0.1214 238 204 182
0.4468 0.8640 -0.1213 238 206 185
0.4346 0.9327 -0.1213 237 207 189
0.4335 0.9921 -0.1212 166 115 111
0.4349 1.0563 -0.1209 135 84 92
0.4366 1.1200 -0.1208 133 85 94
0.4412 1.1825 -0.1208 133 85 94
0.4436 1.2380 -0.1206 212 171 156
0.4491 1.3024 -0.1204 225 189 174
0.4484 1.3661 -0.1203 226 190 176
0.4227 1.3617 -0.1198 224 189 176
0.4510 1.4185 -0.1215 241 213 193
0.4416 1.4318 -0.1200 226 192 179
0.4541 1.4727 -0.1213 193 137 121
0.4455 1.4647 -0.1199 192 151 144
0.4491 1.5224 -0.1212 142 83 86
0.4548 1.5136 -0.1198 134 88 97
0.4506 1.5929 -0.1211 139 83 88
0.4467 1.5834 -0.1197 127 86 98
0.4492 1.6511 -0.1209 97 70 87
0.4467 1.6583 -0.1196 80 75 97
0.4515 1.7136 -0.1208 136 105 109
0.4367 1.7281 -0.1194 111 94 108
0.4499 1.7783 -0.1207 179 145 136
0.4383 1.7579 -0.1189 125 106 116
0.4488 1.8270 -0.1206 175 139 132
0.4524 1.8310 -0.1192 131 112 121
0.4477 1.8776 -0.1205 175 141 133
0.4322 1.8930 -0.1185 130 112 122
0.4548 1.9361 -0.1208 182 150 140
0.4551 1.9308 -0.1192 131 111 120
0.4533 1.9884 -0.1208 108 78 89
0.4362 2.0084 -0.1182 85 79 99
0.4496 2.0468 -0.1207 110 81 88
0.4505 2.0619 -0.1196 83 71 92
0.4487 2.1072 -0.1206 107 81 90
0.4425 2.1353 -0.1179 77 77 99
0.4511 2.1897 -0.1235 232 139 78
0.4476 2.1740 -0.1198 88 74 94
0.4537 2.2491 -0.1235 248 222 201
0.4359 2.2729 -0.1176 114 101 115
0.4580 2.3092 -0.1235 254 253 243
0.4512 2.2922 -0.1184 131 111 120
0.4626 2.3686 -0.1235 254 252 237
0.4409 2.3914 -0.1184 127 110 120
0.4670 2.4283 -0.1234 254 253 244
0.4495 2.4337 -0.1173 106 95 110
0.4680 2.4658 -0.1229 254 251 239
0.4483 2.4700 -0.0893 108 38 102
0.4498 2.4706 -0.0013 116 36 109
0.4498 2.4706 0.0898 119 38 112
0.4497 2.4706 0.1523 126 40 118
0.4498 2.4706 0.2094 122 39 115
0.4498 2.4706 0.2665 127 40 119
0.4498 2.4706 0.3288 115 36 110
0.4498 2.4706 0.3912 121 38 117
0.4498 2.4706 0.4483 119 38 115
0.4498 2.4706 0.5108 119 37 116
0.4498 2.4706 0.5734 119 38 118
0.4498 2.4706 0.6305 117 37 119
0.4498 2.4706 0.6876 107 34 117
0.4498 2.4706 0.7501 108 35 118
0.4498 2.4706 0.8127 109 35 119
0.4497 2.4706 0.8697 96 31 117
0.4499 2.4706 0.9266 92 30 115
0.4498 2.4706 0.9890 88 29 114
0.4498 2.4706 1.0516 85 29 113
0.4498 2.4706 1.1087 77 26 108
0.4486 2.4706 1.1692 74 25 106
0.4511 2.4706 1.2314 74 25 106
0.4496 2.4706 1.2737 71 24 104
0.5325 -2.5259 -0.1225 234 207 185
0.5358 -2.5287 -0.1084 131 64 113
0.5105 -2.5295 0.0254 147 48 137
0.5373 -2.5287 0.0926 155 51 145
0.5373 -2.5287 0.1500 159 53 150
0.5373 -2.5287 0.2103 161 54 153
0.5373 -2.5287 0.2706 145 48 142
0.5374 -2.5287 0.3309 124 41 134
0.5373 -2.5287 0.3905 103 34 126
0.5373 -2.5287 0.4501 84 29 123
0.5374 -2.5287 0.5097 80 29 123
0.5374 -2.5287 0.5693 77 28 123
0.5373 -2.5287 0.6296 74 26 119
0.5373 -2.5287 0.6899 72 26 117
0.5374 -2.5287 0.7502 71 25 116
0.5359 -2.5287 0.7910 71 25 114
0.5101 -2.5295 0.8699 72 25 111
0.5103 -2.5295 0.9300 68 24 107
0.5109 -2.5295 0.9863 65 23 105
0.5117 -2.5294 1.0502 70 25 109
0.5117 -2.5294 1.1101 68 24 107
0.5136 -2.5294 1.1559 66 24 106
0.5111 -2.5293 1.2305 69 24 109
0.5111 -2.5293 1.2693 63 32 105
0.5306 -2.4836 -0.1235 245 220 195
0.5240 -2.5032 -0.1198 213 174 155
0.5215 -2.4264 -0.1236 248 225 200
0.5101 -2.4320 -0.1194 198 155 135
0.5141 -2.3689 -0.1237 246 226 202
0.5156 -2.3864 -0.1197 206 163 143
0.5241 -2.3154 -0.1237 244 222 198
0.5129 -2.3159 -0.1199 205 164 144
0.5338 -2.2705 -0.1237 192 103 61
0.4884 -2.2359 -0.1193 187 139 119
0.5098 -2.1887 -0.1236 228 139 81
0.5047 -2.1885 -0.1192 165 112 95
0.5113 -2.1332 -0.1237 232 142 79
0.5136 -2.1292 -0.1192 158 106 89
0.5057 -2.0486 -0.1234 216 130 83
0.5303 -2.0793 -0.1193 211 190 158
0.5097 -2.0087 -0.1235 250 236 217
0.5350 -2.0313 -0.1199 217 178 162
0.5094 -1.9486 -0.1236 253 246 232
0.5125 -1.9052 -0.1237 253 248 234
0.5081 -1.8192 -0.1234 252 242 223
0.5093 -1.7689 -0.1236 220 154 115
0.5101 -1.7086 -0.1237 209 120 71
0.5218 -1.6744 -0.1237 203 109 61
0.5094 -1.5882 -0.1235 212 124 78
0.5096 -1.5286 -0.1236 236 194 164
0.5118 -1.4798 -0.1237 253 242 224
0.5100 -1.4032 -0.1237 247 194 149
0.5100 -1.3524 -0.1236 245 191 148
0.5099 -1.2984 -0.1235 239 186 148
0.5211 -1.2178 -0.1237 205 137 104
0.5092 -1.1709 -0.1237 214 162 132
0.5092 -1.1111 -0.1236 211 162 135
0.5091 -1.0510 -0.1235 199 149 125
0.5078 -0.9991 -0.1231 208 147 106
0.4940 -0.9835 -0.1148 242 170 89
0.5111 -0.9856 0.0195 255 249 178
0.5094 -0.9836 0.0935 236 221 160
0.5094 -0.9836 0.1498 244 235 179
0.5102 -0.9837 0.2099 254 249 196
0.5091 -0.9836 0.2700 254 250 205
0.5085 -0.9836 0.3300 254 250 206
0.5089 -0.9836 0.3901 254 248 205
0.5100 -0.9836 0.4469 252 243 195
0.5048 -0.9304 -0.1217 195 155 127
0.5131 -0.9033 -0.0834 247 216 156
0.5064 -0.9050 0.0467 243 202 119
0.5035 -0.9051 0.0901 225 187 118
0.5027 -0.9051 0.1499 236 208 138
0.5024 -0.9051 0.2107 248 224 154
0.5017 -0.9051 0.2703 248 226 159
0.5065 -0.9050 0.3267 247 226 163
0.5105 -0.9049 0.3905 244 222 162
0.5098 -0.9049 0.4470 241 219 161
0.4985 -0.3218 -0.1235 241 195 161
0.4990 -0.3014 -0.0960 126 103 105
0.5137 -0.3002 0.1019 237 101 228
0.4933 -0.3008 0.1444 243 111 236
0.5173 -0.3001 0.4171 249 121 244
0.5013 -0.3005 0.4486 249 124 245
0.4990 -0.2689 -0.1235 243 199 166
0.5367 -0.2995 0.0540 119 76 75
0.5275 -0.2998 0.0732 231 94 221
0.5290 -0.2997 0.3943 248 124 244
0.5013 -0.2088 -0.1235 242 192 154
0.5036 -0.1492 -0.1235 241 185 144
0.5058 -0.0898 -0.1235 242 184 142
0.5143 -0.0948 -0.0073 170 48 153
0.5048 -0.0945 0.0897 162 47 147
0.5248 -0.0945 0.1496 163 47 148
0.5026 -0.0965 0.2082 198 66 179
0.5025 -0.0965 0.2722 195 65 176
0.5027 -0.0967 0.3319 195 66 177
0.5025 -0.0965 0.3916 192 64 173
0.4905 -0.0946 0.4577 163 47 148
0.4859 -0.0950 0.5135 171 48 154
0.4910 -0.0950 0.5692 176 50 158
0.4911 -0.0952 0.6291 170 48 153
0.5099 -0.0975 0.6908 208 69 182
0.5092 -0.0975 0.7504 194 52 173
0.5088 -0.0975 0.8104 174 45 156
0.5099 -0.0974 0.8702 145 36 134
0.5098 -0.0974 0.9298 103 26 107
0.5090 -0.0974 0.9899 75 20 90
0.5106 -0.0974 1.0499 71 19 88
0.5100 -0.0974 1.1102 71 19 88
0.5096 -0.0974 1.1705 71 19 88
0.5087 -0.0974 1.2301 71 19 88
0.5087 -0.0974 1.2900 71 19 88
0.5143 -0.0974 1.3412 71 19 88
0.5092 -0.1003 1.4105 231 71 211
0.5099 -0.1003 1.4714 223 65 202
0.5099 -0.1003 1.5152 215 62 194
0.5081 0.0012 -0.1235 245 211 184
0.5379 -0.0508 -0.1199 198 58 177
0.5088 0.0906 -0.1235 246 214 187
0.5092 0.1012 0.0038 251 189 213
0.5091 0.1012 0.0901 255 193 224
0.5086 0.1012 0.1508 255 194 230
0.5092 0.1012 0.2109 255 195 233
0.5092 0.1012 0.2701 255 195 233
0.5092 0.1012 0.3293 255 195 237
0.5087 0.1012 0.3891 255 193 239
0.5090 0.1012 0.4498 255 192 242
0.5092 0.1012 0.5102 255 192 249
0.5092 0.1012 0.5697 254 158 254
0.5090 0.1012 0.6295 255 152 254
0.5088 0.1012 0.6899 254 144 254
0.5094 0.1012 0.7500 254 136 254
0.5091 0.1012 0.8098 254 127 253
0.5089 0.1012 0.8699 254 120 252
0.5090 0.1012 0.9299 253 111 249
0.5091 0.1012 0.9900 252 104 246
0.5095 0.1012 1.0501 249 95 241
0.5088 0.1012 1.1102 245 87 235
0.5091 0.1012 1.1701 238 79 227
0.5132 0.1013 1.2138 232 74 221
0.5101 0.1018 1.2815 233 75 222
0.5080 0.1020 1.3344 170 74 182
0.5087 0.1503 -0.1235 245 213 186
0.5088 0.2093 -0.1235 227 177 145
0.5065 0.2617 -0.1233 238 182 119
0.5023 0.2806 -0.1073 253 204 93
0.5291 0.2717 0.0544 254 249 169
0.5108 0.2777 0.0946 248 245 197
0.5091 0.2783 0.1499 251 249 212
0.5092 0.2783 0.2103 255 254 226
0.5094 0.2782 0.2704 255 254 232
0.5091 0.2783 0.3301 255 254 234
0.5093 0.2782 0.3900 255 254 231
0.5092 0.2783 0.4480 254 253 225
0.4844 0.7131 -0.1216 222 167 133
0.4815 0.7056 -0.0746 199 125 67
0.4811 0.6961 0.0407 209 144 70
0.4810 0.6959 0.0899 211 150 77
0.4810 0.6960 0.1491 217 162 90
0.4810 0.6960 0.2101 221 169 99
0.4811 0.6960 0.2711 223 174 105
0.4811 0.6961 0.3303 221 175 109
0.4811 0.6961 0.3895 217 174 111
0.4811 0.6961 0.4478 206 164 114
0.4913 0.7574 -0.1214 241 212 192
0.4987 0.7545 -0.0672 219 138 64
0.4993 0.7488 0.0172 225 157 72
0.4993 0.7490 0.0902 230 173 89
0.4993 0.7490 0.1493 233 180 98
0.4995 0.7496 0.2085 238 193 113
0.4998 0.7502 0.2687 239 196 118
0.4999 0.7507 0.3292 240 200 124
0.5000 0.7511 0.3897 240 202 128
0.5001 0.7513 0.4482 237 202 136
0.4944 0.8053 -0.1214 233 196 174
0.5178 0.8106 -0.0732 241 182 130
0.5193 0.8075 0.0147 215 139 62
0.5195 0.8080 0.0899 223 160 78
0.5196 0.8085 0.1511 224 164 80
0.5198 0.8089 0.2099 228 175 92
0.5199 0.8094 0.2689 230 180 99
0.5201 0.8099 0.3302 231 185 108
0.5200 0.8097 0.3904 232 188 115
0.5204 0.8108 0.4486 225 190 130
0.5077 0.8703 -0.1212 200 156 142
0.5334 0.8565 -0.0810 222 183 164
0.5348 0.8529 0.0140 205 123 53
0.5349 0.8532 0.0900 209 135 61
0.5351 0.8539 0.1500 213 144 66
0.5353 0.8544 0.2095 217 155 75
0.5354 0.8548 0.2690 219 162 82
0.5356 0.8553 0.3310 221 167 90
0.5354 0.8547 0.3891 221 171 98
0.5349 0.8532 0.4479 220 191 132
0.5181 0.9552 -0.1219 189 136 123
0.5080 0.9896 -0.1219 196 148 133
0.5089 1.0445 -0.1218 185 135 125
0.5132 1.1042 -0.1217 194 147 135
0.5084 1.1804 -0.1219 187 137 125
0.5087 1.2305 -0.1218 201 156 142
0.5109 1.2946 -0.1217 199 152 138
0.5116 1.3516 -0.1216 195 147 134
0.4970 1.3977 -0.1208 213 173 159
0.5113 1.4779 -0.1213 192 143 131
0.5008 1.4633 -0.1200 213 174 160
0.5112 1.5306 -0.1212 182 137 129
0.5000 1.5284 -0.1199 144 106 113
0.5120 1.5863 -0.1211 183 137 130
0.4976 1.5946 -0.1197 141 99 106
0.5084 1.6446 -0.1209 135 103 107
0.4943 1.6641 -0.1196 92 82 101
0.5090 1.7074 -0.1208 136 104 107
0.5109 1.6921 -0.1196 103 89 104
0.5104 1.7739 -0.1207 140 109 111
0.5067 1.7657 -0.1195 110 95 109
0.5102 1.8238 -0.1206 135 104 109
0.5030 1.8446 -0.1194 119 101 113
0.5088 1.8721 -0.1206 138 107 110
0.5253 1.8775 -0.1194 85 77 97
0.5156 1.9444 -0.1206 140 109 110
0.5100 1.9492 -0.1192 111 95 108
0.5022 2.0158 -0.1206 118 93 102
0.5077 1.9933 -0.1198 115 93 104
0.5077 2.0933 -0.1206 133 110 117
0.5109 2.0544 -0.1190 101 91 108
0.5112 2.1300 -0.1236 249 219 194
0.5034 2.1523 -0.1190 98 89 105
0.5113 2.1900 -0.1236 248 217 194
0.5176 2.1675 -0.1189 109 95 109
0.5112 2.2500 -0.1236 244 195 158
0.5102 2.2332 -0.1196 111 91 102
0.5114 2.3096 -0.1236 242 181 137
0.4970 2.2902 -0.1188 116 99 112
0.5114 2.3696 -0.1236 238 177 134
0.5088 2.3747 -0.1194 116 97 108
0.5113 2.4297 -0.1235 233 171 134
0.4953 2.4291 -0.1183 113 98 112
0.5112 2.4658 -0.1230 229 166 132
0.5082 2.4706 -0.0877 103 32 98
0.5082 2.4706 -0.0019 108 34 102
0.5083 2.4706 0.0894 113 35 106
0.5083 2.4706 0.1521 118 37 111
0.5083 2.4706 0.2093 114 36 108
0.5083 2.4706 0.2665 121 38 114
0.5083 2.4706 0.3290 112 35 107
0.5083 2.4706 0.3915 114 36 110
0.5083 2.4706 0.4487 112 35 108
0.5070 2.4706 0.5083 113 35 111
0.5095 2.4706 0.5706 109 34 111
0.5083 2.4706 0.6313 113 36 115
0.5083 2.4706 0.6886 101 33 113
0.5075 2.4706 0.7503 106 34 116
0.5091 2.4706 0.8126 100 32 115
0.5084 2.4706 0.8709 90 29 113
0.5083 2.4706 0.9280 89 30 113
0.5075 2.4706 0.9897 84 28 112
0.5092 2.4706 1.0521 81 27 110
0.5083 2.4706 1.1106 76 26 108
0.5083 2.4706 1.1678 72 25 105
0.5083 2.4706 1.2305 72 25 106
0.5077 2.4707 1.2705 67 23 102
0.5579 -2.5263 -0.1227 243 218 196
0.5506 -2.5287 -0.1141 158 98 126
0.5867 -2.5286 0.0556 144 47 135
0.5698 -2.5286 0.0904 149 49 140
0.5694 -2.5286 0.1499 158 53 148
0.5693 -2.5286 0.2099 155 52 148
0.5695 -2.5286 0.2700 143 47 140
0.5694 -2.5286 0.3299 127 42 135
0.5694 -2.5286 0.3899 111 37 129
0.5694 -2.5286 0.4499 93 32 127
0.5694 -2.5286 0.5100 81 29 122
0.5694 -2.5286 0.5701 74 27 119
0.5694 -2.5286 0.6300 72 26 118
0.5694 -2.5286 0.6899 71 26 116
0.5695 -2.5286 0.7500 69 25 114
0.5745 -2.5286 0.8014 70 25 113
0.5697 -2.5295 0.8700 70 25 109
0.5698 -2.5295 0.9299 66 24 106
0.5698 -2.5295 0.9897 63 23 103
0.5847 -2.5295 1.0250 62 22 101
0.5692 -2.5294 1.1103 66 24 106
0.5705 -2.5294 1.1608 65 23 105
0.5687 -2.5293 1.2295 67 24 108
0.5687 -2.5293 1.2686 63 28 105
0.5667 -2.4879 -0.1235 248 225 199
0.5793 -2.4960 -0.1198 142 116 108
0.5690 -2.4294 -0.1235 251 232 208
0.5583 -2.4305 -0.1199 141 115 106
0.5688 -2.3694 -0.1236 253 241 221
0.5819 -2.3688 -0.1199 144 118 110
0.5688 -2.3094 -0.1236 240 211 186
0.5595 -2.2920 -0.1197 187 140 121
0.5714 -2.2518 -0.1237 204 110 63
0.5867 -2.2651 -0.1196 133 83 71
0.5857 -2.1967 -0.1237 218 122 66
0.5942 -2.1982 -0.1190 123 76 69
0.5941 -2.1516 -0.1237 224 127 68
0.5567 -2.1303 -0.1198 125 80 86
0.5816 -2.0944 -0.1237 210 115 63
0.5592 -2.0571 -0.1193 211 196 191
0.5693 -2.0086 -0.1235 252 240 221
0.5523 -2.0169 -0.1194 245 233 223
0.5697 -1.9488 -0.1236 254 249 232
0.5818 -1.9476 -0.1199 223 187 171
0.5714 -1.8980 -0.1237 254 249 233
0.5670 -1.8124 -0.1234 254 246 225
0.5698 -1.7686 -0.1235 207 138 103
0.5700 -1.7086 -0.1236 186 97 58
0.5733 -1.6698 -0.1237 189 99 58
0.5684 -1.5828 -0.1235 192 102 63
0.5696 -1.5287 -0.1236 231 189 160
0.5712 -1.4725 -0.1237 253 242 220
0.5701 -1.4013 -0.1237 254 254 251
0.5699 -1.3504 -0.1236 254 254 251
0.5825 -1.2766 -0.1237 212 133 92
0.5693 -1.2310 -0.1237 193 103 63
0.5691 -1.1712 -0.1236 183 96 62
0.5689 -1.1105 -0.1235 173 90 63
0.5671 -1.0530 -0.1234 188 124 99
0.5882 -0.9931 -0.1232 250 183 151
0.5864 -0.9853 -0.0901 252 200 146
0.5835 -0.9853 -0.0535 250 212 130
0.5869 -0.9853 0.1064 253 234 153
0.5865 -0.9853 0.1501 238 224 162
0.5867 -0.9853 0.2095 252 240 181
0.5867 -0.9853 0.2697 245 221 151
0.5866 -0.9853 0.3302 218 189 131
0.5867 -0.9853 0.3900 103 85 66
0.5867 -0.9853 0.4465 70 60 53
0.5909 -0.9142 -0.1219 219 158 99
0.5725 -0.9016 -0.0885 242 188 117
0.5734 -0.9031 0.0395 236 189 108
0.5712 -0.9032 0.0900 207 169 110
0.5700 -0.9032 0.1506 230 197 127
0.5692 -0.9033 0.2105 242 216 144
0.5684 -0.9033 0.2703 239 208 137
0.5676 -0.9033 0.3299 243 217 151
0.5673 -0.9033 0.3907 239 213 152
0.5660 -0.9033 0.4477 237 214 156
0.5854 -0.3643 -0.1235 255 255 253
0.5856 -0.3680 -0.0941 255 254 251
0.5856 -0.3680 0.1029 211 180 136
0.5856 -0.3680 0.1501 218 188 145
0.5856 -0.3680 0.2095 226 200 157
0.5857 -0.3680 0.2702 230 206 165
0.5857 -0.3680 0.3309 234 212 173
0.5857 -0.3680 0.3903 193 162 159
0.5857 -0.3680 0.4469 86 30 121
0.5690 -0.3293 -0.1237 254 254 253
0.5432 -0.3562 -0.0897 255 255 253
0.5432 -0.3562 -0.0532 255 254 249
0.5432 -0.3562 0.1079 231 204 157
0.5432 -0.3562 0.1495 220 194 154
0.5432 -0.3562 0.2099 235 212 170
0.5432 -0.3562 0.2704 239 219 179
0.5432 -0.3562 0.3308 242 225 186
0.5433 -0.3562 0.3900 202 175 171
0.5433 -0.3563 0.4454 83 29 120
0.5703 -0.2701 -0.1237 244 163 93
0.5962 -0.2979 -0.0698 83 71 86
0.5650 -0.2987 -0.0049 99 85 93
0.5886 -0.2980 0.2774 253 145 252
0.5621 -0.2988 0.3294 252 140 250
0.5430 -0.2993 0.3667 253 142 251
0.5727 -0.2102 -0.1237 242 154 79
0.5940 -0.1960 -0.1199 78 66 84
0.5754 -0.1503 -0.1237 244 157 80
0.5788 -0.1464 -0.1199 78 66 84
0.5776 -0.0906 -0.1237 244 157 81
0.5575 -0.0885 -0.1199 86 65 88
0.5459 -0.0951 0.0078 177 50 159
0.5521 -0.0952 0.0888 178 51 160
0.5556 -0.0952 0.1496 176 50 158
0.5563 -0.0949 0.2101 171 48 153
0.5628 -0.0949 0.2713 171 48 154
0.5683 -0.0949 0.3313 171 48 154
0.5695 -0.0952 0.3896 177 51 159
0.5726 -0.0952 0.4462 171 49 155
0.5762 -0.0952 0.5080 171 49 154
0.5797 -0.0951 0.5704 167 48 151
0.5805 -0.0949 0.6318 166 47 150
0.5736 -0.0982 0.7100 73 32 78
0.5737 -0.0982 0.7501 71 19 88
0.5735 -0.0982 0.8102 70 19 87
0.5737 -0.0982 0.8702 70 19 87
0.5738 -0.0982 0.9300 70 19 87
0.5737 -0.0982 0.9899 70 19 87
0.5737 -0.0982 1.0499 70 19 87
0.5740 -0.0982 1.1101 70 19 87
0.5758 -0.0982 1.1663 70 19 87
0.5838 -0.0978 1.2160 70 19 88
0.5687 -0.0974 1.2898 71 19 88
0.5703 -0.0974 1.3496 71 19 88
0.5805 -0.0975 1.3897 76 21 92
0.5695 -0.1003 1.4704 221 65 200
0.5694 -0.1003 1.5142 214 61 192
0.5487 0.0429 -0.1235 254 251 241
0.5453 0.0902 -0.1234 254 253 244
0.5436 0.1012 0.0039 255 246 166
0.5441 0.1012 0.0904 255 250 180
0.5441 0.1012 0.1503 255 252 199
0.5441 0.1012 0.2102 255 253 210
0.5441 0.1012 0.2702 255 254 212
0.5441 0.1012 0.3303 255 254 220
0.5441 0.1012 0.3902 255 254 224
0.5441 0.1012 0.4501 255 254 229
0.5441 0.1012 0.5100 255 254 247
0.5693 0.1013 0.5728 255 161 254
0.5709 0.1013 0.6303 255 146 254
0.5707 0.1013 0.6902 254 140 254
0.5707 0.1013 0.7498 254 132 253
0.5709 0.1013 0.8100 254 124 252
0.5708 0.1013 0.8702 254 116 251
0.5709 0.1013 0.9303 253 109 248
0.5707 0.1013 0.9899 251 102 245
0.5709 0.1013 1.0495 249 94 241
0.5708 0.1013 1.1094 245 87 235
0.5710 0.1013 1.1697 239 80 228
0.5731 0.1013 1.2238 231 73 220
0.5698 0.1018 1.2897 233 75 222
0.5841 0.1018 1.3288 201 70 199
0.5461 0.1522 -0.1234 254 252 240
0.5484 0.2124 -0.1234 212 152 121
0.5499 0.2537 -0.1232 237 176 99
0.5539 0.2630 -0.1126 253 200 96
0.5807 0.2540 0.0520 255 251 186
0.5685 0.2582 0.0902 247 243 191
0.5683 0.2582 0.1501 250 248 211
0.5684 0.2582 0.2098 255 254 227
0.5686 0.2581 0.2696 255 254 235
0.5684 0.2582 0.3299 255 254 237
0.5684 0.2582 0.3900 254 254 238
0.5684 0.2582 0.4483 254 254 236
0.5653 0.8892 -0.1219 195 162 159
0.5435 0.8863 -0.0832 228 192 172
0.5453 0.8836 0.0127 136 92 89
0.5455 0.8843 0.0893 103 80 88
0.5456 0.8847 0.1492 91 37 67
0.5458 0.8852 0.2092 90 37 68
0.5460 0.8857 0.2691 91 38 70
0.5461 0.8862 0.3292 93 41 74
0.5453 0.8839 0.3891 103 52 78
0.5444 0.8811 0.4491 109 63 84
0.5601 0.9515 -0.1219 147 83 81
0.5476 0.9003 -0.0327 220 183 168
0.5690 0.9883 -0.1219 239 207 184
0.5709 1.0486 -0.1218 240 211 189
0.5684 1.1157 -0.1216 240 211 190
0.5735 1.1839 -0.1219 243 215 193
0.5673 1.2302 -0.1218 176 122 111
0.5710 1.2890 -0.1217 140 81 83
0.5705 1.3462 -0.1216 140 82 84
0.5699 1.4067 -0.1215 140 82 85
0.5952 1.4347 -0.1199 134 88 96
0.5693 1.4719 -0.1213 193 149 139
0.5650 1.4619 -0.1199 183 136 127
0.5766 1.5336 -0.1212 235 203 183
0.5726 1.5398 -0.1199 226 191 176
0.5668 1.5837 -0.1211 234 201 182
0.5783 1.6105 -0.1197 227 193 178
0.5737 1.6487 -0.1209 187 152 139
0.5644 1.6421 -0.1197 188 158 151
0.5637 1.7065 -0.1208 150 117 115
0.5774 1.7277 -0.1199 107 86 99
0.5692 1.7718 -0.1207 92 70 89
0.5674 1.7643 -0.1198 87 73 93
0.5710 1.8205 -0.1206 90 70 89
0.5688 1.8111 -0.1197 81 71 93
0.5731 1.8877 -0.1207 94 71 87
0.5547 1.8909 -0.1196 81 73 94
0.5682 1.9627 -0.1207 129 96 99
0.5604 1.9691 -0.1193 105 89 104
0.5672 2.0245 -0.1206 161 128 124
0.5612 1.9910 -0.1197 137 110 114
0.5635 2.0884 -0.1206 172 147 146
0.5600 2.0674 -0.1190 130 111 121
0.5541 2.1318 -0.1237 254 254 253
0.5680 2.1498 -0.1199 157 129 128
0.5593 2.1911 -0.1237 254 254 253
0.5682 2.1894 -0.1188 116 100 112
0.5643 2.2509 -0.1237 242 176 127
0.5614 2.2302 -0.1195 106 88 101
0.5694 2.3107 -0.1237 235 143 80
0.5716 2.2909 -0.1196 80 72 94
0.5714 2.3700 -0.1237 228 134 77
0.5685 2.3684 -0.1194 80 72 94
0.5714 2.4298 -0.1237 215 122 74
0.5690 2.4423 -0.1192 91 78 97
0.5717 2.4659 -0.1230 208 115 72
0.5670 2.4706 -0.0885 97 31 93
0.5669 2.4706 -0.0025 102 32 97
0.5670 2.4706 0.0890 105 33 100
0.5670 2.4706 0.1519 111 35 105
0.5670 2.4706 0.2092 106 33 101
0.5670 2.4706 0.2666 114 36 107
0.5670 2.4706 0.3292 105 33 101
0.5670 2.4706 0.3918 106 33 104
0.5670 2.4706 0.4491 104 32 102
0.5670 2.4706 0.5065 107 33 104
0.5670 2.4706 0.5693 104 33 106
0.5671 2.4706 0.6322 105 33 109
0.5671 2.4706 0.6895 97 31 110
0.5670 2.4706 0.7469 100 32 113
0.5671 2.4706 0.8095 94 30 112
0.5671 2.4706 0.8721 86 29 111
0.5671 2.4706 0.9295 86 29 112
0.5671 2.4706 0.9868 81 27 110
0.5670 2.4706 1.0497 79 27 109
0.5671 2.4706 1.1126 77 26 108
0.5671 2.4706 1.1699 73 25 106
0.5670 2.4706 1.2272 70 24 104
0.5677 2.4706 1.2672 67 23 102
0.6290 -2.5260 -0.1217 202 160 136
0.6283 -2.5294 -0.0664 106 33 100
0.6328 -2.5285 0.0515 135 43 126
0.6289 -2.5285 0.0899 140 45 131
0.6288 -2.5285 0.1500 146 48 138
0.6287 -2.5285 0.2095 144 47 138
0.6289 -2.5285 0.2694 137 45 135
0.6288 -2.5285 0.3300 126 41 133
0.6289 -2.5285 0.3900 114 38 131
0.6288 -2.5285 0.4501 101 34 130
0.6289 -2.5285 0.5101 89 31 125
0.6288 -2.5285 0.5701 78 28 120
0.6288 -2.5285 0.6301 72 26 118
0.6288 -2.5285 0.6900 70 25 115
0.6290 -2.5285 0.7500 67 24 111
0.6287 -2.5285 0.8101 67 24 111
0.6388 -2.5285 0.8529 67 24 109
0.6310 -2.5295 0.9301 65 23 104
0.6310 -2.5295 0.9900 62 22 102
0.6353 -2.5295 1.0274 60 22 100
0.6281 -2.5294 1.1098 64 23 104
0.6294 -2.5294 1.1656 62 22 102
0.6273 -2.5293 1.2304 65 23 106
0.6263 -2.5293 1.2695 60 31 102
0.6065 -2.4690 -0.1232 246 225 200
0.6107 -2.4745 -0.1198 144 117 108
0.6158 -2.4244 -0.1234 252 238 216
0.6320 -2.4301 -0.1198 142 116 108
0.6275 -2.3684 -0.1235 254 246 229
0.6489 -2.3798 -0.1197 151 124 116
0.6288 -2.3096 -0.1235 244 216 191
0.6150 -2.3127 -0.1199 135 109 102
0.6287 -2.2498 -0.1236 216 119 66
0.6382 -2.2514 -0.1199 88 68 69
0.6289 -2.1896 -0.1237 228 131 69
0.6408 -2.1976 -0.1197 95 69 72
0.6327 -2.1322 -0.1237 235 142 74
0.6179 -2.1321 -0.1190 190 165 144
0.6473 -2.0775 -0.1237 240 154 83
0.6304 -2.0782 -0.1191 232 222 214
0.6485 -2.0259 -0.1236 254 251 243
0.6251 -2.0081 -0.1198 221 185 169
0.6296 -1.9487 -0.1236 253 242 217
0.6505 -1.9628 -0.1198 222 184 168
0.6308 -1.8906 -0.1237 253 244 222
0.6139 -1.8903 -0.1199 226 193 177
0.6489 -1.8460 -0.1237 252 236 208
0.6416 -1.8219 -0.1199 176 146 137
0.6298 -1.7687 -0.1235 199 129 96
0.6504 -1.7832 -0.1199 98 76 77
0.6299 -1.7086 -0.1236 176 90 56
0.6318 -1.6626 -0.1237 182 93 56
0.6279 -1.5766 -0.1234 181 94 62
0.6298 -1.5292 -0.1235 223 178 150
0.6298 -1.4685 -0.1237 250 230 204
0.6299 -1.4010 -0.1237 254 254 248
0.6435 -1.3353 -0.1237 254 254 247
0.6297 -1.2905 -0.1237 237 190 158
0.6291 -1.2311 -0.1236 210 115 67
0.6293 -1.1710 -0.1235 197 105 65
0.6270 -1.1126 -0.1234 185 97 65
0.6406 -1.0382 -0.1237 220 176 146
0.6293 -0.9999 -0.1233 251 238 213
0.6279 -0.9857 -0.0936 255 239 219
0.6127 -0.9853 -0.0221 255 248 213
0.6303 -0.9857 0.1026 232 223 174
0.6289 -0.9857 0.1500 225 220 182
0.6289 -0.9857 0.2105 254 250 205
0.6292 -0.9857 0.2705 253 244 192
0.6289 -0.9857 0.3300 253 244 193
0.6290 -0.9857 0.3900 238 220 167
0.6291 -0.9857 0.4466 167 151 111
0.6306 -0.9316 -0.1219 221 175 138
0.6214 -0.9002 -0.0887 222 154 74
0.6350 -0.9014 0.0343 227 178 101
0.6338 -0.9014 0.0904 217 171 105
0.6330 -0.9015 0.1500 229 189 117
0.6318 -0.9015 0.2104 233 197 125
0.6314 -0.9015 0.2707 238 205 136
0.6301 -0.9015 0.3308 238 209 141
0.6297 -0.9016 0.3908 234 204 143
0.6288 -0.9016 0.4479 233 207 149
0.6390 -0.8993 -0.1206 144 81 37
0.6487 -0.8997 -0.0758 231 173 87
0.6490 -0.8999 0.0011 243 200 112
0.6490 -0.8999 0.0905 143 115 102
0.6490 -0.8999 0.1493 219 192 135
0.6490 -0.8999 0.2105 251 231 159
0.6490 -0.8999 0.2717 252 238 175
0.6490 -0.8999 0.3305 253 242 184
0.6490 -0.8999 0.3893 253 244 192
0.6490 -0.8999 0.4482 253 247 201
0.6327 -0.3705 -0.1235 255 255 252
0.6345 -0.3816 -0.1063 255 254 249
0.6345 -0.3816 0.0956 207 175 132
0.6346 -0.3816 0.1494 212 181 139
0.6346 -0.3816 0.2104 218 190 148
0.6346 -0.3816 0.2700 219 193 152
0.6346 -0.3816 0.3296 221 196 156
0.6346 -0.3816 0.3906 187 152 151
0.6346 -0.3816 0.4473 90 31 123
0.6287 -0.3306 -0.1236 254 254 251
0.6287 -0.2702 -0.1236 240 155 87
0.6210 -0.2677 -0.1183 84 69 84
0.6510 -0.2963 0.1551 245 113 239
0.6232 -0.2971 0.2095 251 130 247
0.6033 -0.2976 0.2486 254 145 252
0.6289 -0.2096 -0.1236 241 150 76
0.6090 -0.2205 -0.1199 79 66 83
0.6285 -0.1497 -0.1236 240 149 76
0.6428 -0.1500 -0.1198 79 65 81
0.6285 -0.0902 -0.1236 238 146 76
0.6300 -0.0914 -0.1197 82 65 86
0.6437 -0.0948 0.0039 162 45 146
0.6499 -0.0951 0.0930 165 47 149
0.6533 -0.0951 0.1509 168 48 152
0.6563 -0.0951 0.2046 165 47 150
0.6481 -0.0964 0.2687 186 60 170
0.6162 -0.0946 0.3432 162 47 148
0.6269 -0.0943 0.3935 158 45 144
0.6458 -0.0943 0.4512 157 45 143
0.6527 -0.0952 0.4973 168 51 153
0.6474 -0.0956 0.5745 178 54 163
0.6478 -0.0959 0.6324 173 53 156
0.6291 -0.0982 0.7099 128 46 114
0.6295 -0.0982 0.7498 132 33 125
0.6293 -0.0982 0.8099 86 22 96
0.6293 -0.0982 0.8699 71 19 88
0.6296 -0.0982 0.9298 70 19 87
0.6296 -0.0982 0.9900 70 19 87
0.6297 -0.0982 1.0501 70 19 88
0.6296 -0.0982 1.1100 70 19 87
0.6295 -0.0982 1.1700 70 19 87
0.6368 -0.0982 1.2124 70 19 87
0.6296 -0.0973 1.2900 71 19 88
0.6292 -0.0973 1.3500 71 19 88
0.6322 -0.0973 1.4025 71 19 89
0.6291 -0.1003 1.4693 219 63 198
0.6312 -0.1003 1.5152 202 61 185
0.6287 0.0001 -0.1236 253 243 231
0.6098 -0.0473 -0.1197 195 57 174
0.6289 0.0903 -0.1236 254 254 248
0.6043 0.1009 0.0386 255 252 234
0.6038 0.1009 0.0897 255 253 239
0.6039 0.1009 0.1495 255 253 246
0.6039 0.1009 0.2103 255 253 250
0.6039 0.1009 0.2711 254 253 248
0.6039 0.1009 0.3300 254 252 249
0.6039 0.1009 0.3890 254 252 246
0.6039 0.1009 0.4498 254 252 244
0.6039 0.1009 0.5106 254 251 244
0.6301 0.1013 0.5802 254 158 252
0.6318 0.1013 0.6301 255 142 254
0.6316 0.1013 0.6898 254 135 254
0.6315 0.1013 0.7502 254 129 253
0.6316 0.1013 0.8101 254 122 252
0.6319 0.1013 0.8701 253 114 250
0.6316 0.1013 0.9298 253 107 248
0.6318 0.1013 0.9895 251 100 244
0.6314 0.1013 1.0498 248 93 240
0.6318 0.1013 1.1100 244 86 234
0.6320 0.1013 1.1701 239 80 228
0.6318 0.1013 1.2296 231 73 220
0.6424 0.1013 1.2675 226 70 216
0.6311 0.1019 1.3335 152 67 167
0.6287 0.1506 -0.1236 254 253 243
0.6277 0.2103 -0.1235 242 207 183
0.6380 0.2342 -0.0961 254 234 199
0.6419 0.2333 0.0471 254 251 186
0.6406 0.2337 0.0901 255 253 198
0.6408 0.2336 0.1500 245 243 210
0.6407 0.2337 0.2104 254 254 234
0.6406 0.2337 0.2709 254 253 223
0.6408 0.2336 0.3302 255 254 239
0.6406 0.2337 0.3900 255 254 240
0.6407 0.2336 0.4483 254 254 240
0.6094 0.2434 -0.1223 253 202 179
0.6104 0.2436 -0.0902 254 218 159
0.6117 0.2435 0.0484 254 250 183
0.6109 0.2438 0.0901 252 245 191
0.6111 0.2437 0.1499 222 218 198
0.6109 0.2438 0.2093 255 254 229
0.6110 0.2437 0.2690 254 254 234
0.6110 0.2437 0.3298 255 254 239
0.6109 0.2438 0.3900 255 254 238
0.6110 0.2437 0.4483 254 254 238
0.6336 0.8805 -0.1232 238 198 165
0.6347 0.8690 -0.0800 242 221 205
0.6333 0.8705 0.0005 187 154 122
0.6329 0.8706 0.0903 190 162 131
0.6327 0.8706 0.1497 179 157 135
0.6325 0.8707 0.2094 197 171 141
0.6323 0.8707 0.2691 202 177 148
0.6321 0.8708 0.3287 205 182 152
0.6318 0.8709 0.3908 206 186 155
0.6316 0.8710 0.4502 127 85 131
0.6315 0.9303 -0.1236 221 126 69
0.6087 1.0046 -0.1217 240 213 192
0.6219 1.0547 -0.1217 240 208 186
0.6314 1.1137 -0.1216 240 212 192
0.6301 1.1807 -0.1219 242 213 191
0.6300 1.2314 -0.1218 176 119 107
0.6297 1.2834 -0.1217 144 83 84
0.6296 1.3407 -0.1216 140 82 84
0.6310 1.3994 -0.1215 138 82 85
0.6313 1.4072 -0.1199 127 83 94
0.6291 1.4647 -0.1213 182 136 129
0.6406 1.4813 -0.1198 209 168 155
0.6307 1.5347 -0.1212 234 201 182
0.6292 1.5188 -0.1199 227 192 176
0.6287 1.5914 -0.1210 234 202 183
0.6267 1.5909 -0.1197 227 193 178
0.6312 1.6516 -0.1209 186 152 140
0.6333 1.6654 -0.1196 151 125 126
0.6295 1.7186 -0.1208 139 105 105
0.6303 1.7248 -0.1199 112 88 99
0.6283 1.7656 -0.1207 94 71 88
0.6322 1.7856 -0.1198 84 71 92
0.6348 1.8262 -0.1206 92 70 89
0.6421 1.8511 -0.1195 82 71 92
0.6256 1.8959 -0.1207 95 72 88
0.6251 1.9037 -0.1199 83 71 92
0.6263 1.9618 -0.1208 126 92 96
0.6302 1.9689 -0.1198 118 95 105
0.6311 2.0216 -0.1207 174 147 143
0.6305 2.0137 -0.1193 145 120 123
0.6304 2.0822 -0.1205 170 145 142
0.6306 2.0523 -0.1196 149 122 125
0.6401 2.1287 -0.1235 254 254 250
0.6280 2.1434 -0.1199 156 129 128
0.6446 2.1881 -0.1234 254 254 248
0.6314 2.2116 -0.1197 123 98 106
0.6496 2.2479 -0.1234 235 170 129
0.6380 2.2750 -0.1191 80 72 94
0.6538 2.3046 -0.1234 223 128 76
0.6283 2.2864 -0.1195 81 71 93
0.6506 2.3522 -0.1235 225 128 75
0.6285 2.3616 -0.1194 80 72 94
0.6086 2.4330 -0.1237 212 118 72
0.6294 2.4421 -0.1192 88 77 96
0.6119 2.4661 -0.1229 205 113 71
0.6260 2.4706 -0.0892 93 29 89
0.6265 2.4706 0.0004 97 30 92
0.6248 2.4706 0.0917 100 31 96
0.6261 2.4706 0.1516 106 33 100
0.6261 2.4706 0.2091 100 31 95
0.6261 2.4706 0.2666 104 32 100
0.6260 2.4706 0.3293 101 31 98
0.6261 2.4706 0.3921 101 31 100
0.6261 2.4706 0.4496 98 30 97
0.6261 2.4706 0.5071 103 32 101
0.6260 2.4706 0.5701 98 31 102
0.6261 2.4706 0.6331 100 32 105
0.6261 2.4706 0.6905 94 30 106
0.6261 2.4706 0.7478 95 30 108
0.6261 2.4706 0.8106 88 29 109
0.6261 2.4706 0.8735 84 28 109
0.6261 2.4706 0.9310 83 27 110
0.6261 2.4706 0.9885 79 27 109
0.6248 2.4706 1.0484 77 26 108
0.6273 2.4706 1.1110 77 26 108
0.6261 2.4706 1.1719 73 25 105
0.6262 2.4706 1.2291 69 24 103
0.6265 2.4706 1.2692 67 23 102
0.7046 -2.5285 -0.1208 138 86 101
0.6901 -2.5294 -0.0676 98 30 93
0.6917 -2.5284 0.0450 126 40 118
0.6893 -2.5284 0.0901 133 43 126
0.6892 -2.5284 0.1499 133 43 127
0.6895 -2.5284 0.2103 132 43 128
0.6888 -2.5284 0.2704 128 41 128
0.6893 -2.5284 0.3299 121 40 130
0.6878 -2.5284 0.3899 114 38 130
0.6876 -2.5284 0.4498 103 35 130
0.6877 -2.5284 0.5098 93 32 127
0.6877 -2.5284 0.5699 84 29 123
0.6875 -2.5284 0.6300 76 27 118
0.6877 -2.5284 0.6900 70 25 114
0.6878 -2.5284 0.7500 66 24 110
0.6876 -2.5284 0.8100 65 24 110
0.6896 -2.5284 0.8674 65 23 108
0.7081 -2.5284 0.9071 63 23 106
0.6915 -2.5295 0.9903 60 22 101
0.6936 -2.5295 1.0323 59 22 100
0.6885 -2.5294 1.1100 62 22 103
0.6888 -2.5294 1.1698 61 22 101
0.7022 -2.5294 1.2075 61 22 102
0.6867 -2.5293 1.2688 60 28 102
0.6885 -2.5114 -0.1219 220 183 158
0.6977 -2.5041 -0.1199 142 112 103
0.6893 -2.4353 -0.1217 208 169 147
0.7041 -2.4310 -0.1197 140 114 107
0.6669 -2.3511 -0.1233 252 244 229
0.6726 -2.3596 -0.1197 162 134 124
0.6771 -2.3047 -0.1234 242 206 178
0.6850 -2.3086 -0.1198 129 103 97
0.6882 -2.2488 -0.1235 222 124 68
0.7057 -2.2501 -0.1198 89 68 71
0.6888 -2.1896 -0.1235 229 133 71
0.6773 -2.1873 -0.1199 93 72 75
0.6888 -2.1294 -0.1236 234 139 72
0.6961 -2.1330 -0.1198 99 86 93
0.6888 -2.0693 -0.1237 241 159 91
0.7044 -2.0816 -0.1199 93 71 79
0.6940 -2.0127 -0.1237 254 254 252
0.7048 -2.0115 -0.1196 216 177 161
0.7086 -1.9586 -0.1237 254 254 253
0.6657 -1.9357 -0.1198 223 187 171
0.6896 -1.8888 -0.1237 250 231 203
0.6910 -1.8904 -0.1198 226 192 176
0.6971 -1.8536 -0.1237 247 224 195
0.7016 -1.8330 -0.1198 150 123 117
0.6884 -1.7676 -0.1235 183 114 86
0.6789 -1.7646 -0.1199 101 76 79
0.6893 -1.7088 -0.1236 156 79 55
0.6882 -1.7105 -0.1199 89 66 72
0.6905 -1.6558 -0.1237 160 81 55
0.7080 -1.6582 -0.1199 126 77 72
0.6868 -1.5699 -0.1234 172 88 61
0.6898 -1.5286 -0.1235 217 171 144
0.6877 -1.4714 -0.1236 246 219 193
0.7046 -1.3942 -0.1237 254 254 253
0.6901 -1.3502 -0.1237 254 254 252
0.6890 -1.2911 -0.1236 243 197 162
0.6889 -1.2309 -0.1235 221 124 69
0.6882 -1.1722 -0.1234 211 115 67
0.7019 -1.0975 -0.1237 202 108 63
0.6892 -1.0510 -0.1237 212 148 114
0.6892 -1.0005 -0.1233 253 236 193
0.6868 -0.9863 -0.1034 254 239 183
0.6915 -0.9855 0.0482 255 253 204
0.6900 -0.9863 0.0974 236 232 199
0.6889 -0.9863 0.1500 247 246 216
0.6888 -0.9863 0.2100 254 253 224
0.6892 -0.9863 0.2701 255 254 231
0.6886 -0.9863 0.3300 255 254 229
0.6890 -0.9863 0.3900 254 252 224
0.6890 -0.9863 0.4467 253 249 210
0.6916 -0.9295 -0.1218 215 168 131
0.6885 -0.9027 -0.0712 254 249 176
0.6772 -0.9003 0.0315 223 175 101
0.6763 -0.9003 0.0907 134 108 94
0.6754 -0.9004 0.1504 224 186 121
0.6745 -0.9004 0.2099 233 196 127
0.6737 -0.9004 0.2693 237 205 138
0.6729 -0.9004 0.3287 235 205 140
0.6720 -0.9004 0.3898 231 202 141
0.6714 -0.9005 0.4468 230 203 145
0.6931 -0.8993 -0.1215 201 128 59
0.6872 -0.8988 -0.0718 236 180 92
0.7047 -0.8994 0.0261 216 164 93
0.7037 -0.8995 0.0909 113 89 78
0.7029 -0.8995 0.1500 214 174 110
0.7020 -0.8995 0.2090 230 191 121
0.7012 -0.8995 0.2697 233 199 132
0.7003 -0.8996 0.3304 233 202 136
0.6994 -0.8996 0.3909 229 199 137
0.6984 -0.8996 0.4474 226 200 141
0.6783 -0.3769 -0.1234 254 254 249
0.6916 -0.3974 0.0588 246 221 200
0.6916 -0.3974 0.0903 185 136 125
0.6916 -0.3974 0.1501 133 77 111
0.6917 -0.3974 0.2099 102 32 102
0.6917 -0.3974 0.2697 105 34 110
0.6917 -0.3975 0.3295 106 35 120
0.6917 -0.3975 0.3894 100 34 125
0.6917 -0.3975 0.4460 92 31 124
0.6791 -0.3289 -0.1234 254 254 249
0.6814 -0.2694 -0.1235 238 150 83
0.6948 -0.2681 -0.1198 80 65 80
0.7082 -0.2947 0.0429 168 86 151
0.6819 -0.2954 0.0944 233 97 224
0.6638 -0.2959 0.1300 242 108 234
0.7063 -0.2947 0.3984 250 130 246
0.6772 -0.2955 0.4519 249 123 244
0.6836 -0.2101 -0.1235 236 141 72
0.6742 -0.2107 -0.1198 79 65 80
0.6848 -0.1499 -0.1235 234 140 72
0.6956 -0.1405 -0.1197 80 66 82
0.6872 -0.0895 -0.1235 235 140 72
0.7059 -0.0924 -0.1196 83 64 86
0.6753 -0.0982 0.0308 203 85 195
0.6789 -0.0951 0.0913 168 55 156
0.7003 -0.0951 0.1510 165 54 153
0.6813 -0.0965 0.2165 182 65 170
0.6663 -0.0959 0.2717 177 57 163
0.6703 -0.0961 0.3305 175 58 162
0.6734 -0.0959 0.3893 171 56 158
0.6771 -0.0959 0.4527 172 56 159
0.6784 -0.0949 0.5123 164 47 149
0.6844 -0.0947 0.5713 163 46 148
0.6908 -0.0948 0.6292 163 47 148
0.6891 -0.0981 0.7100 187 84 153
0.7080 -0.0984 0.7647 70 30 77
0.7084 -0.0984 0.8101 71 19 88
0.7085 -0.0984 0.8700 70 19 87
0.7083 -0.0984 0.9300 70 19 87
0.7084 -0.0984 0.9899 70 19 87
0.7085 -0.0984 1.0498 70 19 87
0.7089 -0.0984 1.0929 70 19 87
0.6889 -0.0981 1.1698 70 19 87
0.6915 -0.0981 1.2256 70 19 87
0.7061 -0.0978 1.2709 70 19 85
0.6887 -0.0973 1.3501 71 19 88
0.6880 -0.0973 1.4102 71 19 88
0.6996 -0.0973 1.4519 75 20 90
0.6884 -0.1003 1.5159 208 58 186
0.6888 0.0005 -0.1235 252 241 226
0.6876 -0.0486 -0.1196 152 58 140
0.6890 0.0895 -0.1235 254 253 244
0.6835 0.1078 -0.1199 148 123 123
0.6909 0.1018 0.0391 255 174 254
0.6831 0.1007 0.0909 255 254 248
0.6830 0.1007 0.1499 255 254 251
0.6826 0.1007 0.2101 255 254 247
0.6826 0.1007 0.2701 255 254 244
0.6832 0.1007 0.3300 255 254 239
0.6826 0.1007 0.3901 255 254 234
0.6827 0.1007 0.4500 255 254 216
0.6829 0.1007 0.5100 254 246 182
0.6888 0.1013 0.5868 254 163 247
0.6911 0.1013 0.6299 254 137 254
0.6913 0.1013 0.6900 254 131 253
0.6916 0.1013 0.7501 254 125 252
0.6911 0.1013 0.8099 254 118 251
0.6915 0.1013 0.8697 253 112 250
0.6912 0.1013 0.9302 252 105 247
0.6914 0.1013 0.9900 250 98 243
0.6911 0.1013 1.0498 248 92 239
0.6915 0.1013 1.1102 244 85 233
0.6914 0.1013 1.1700 238 80 227
0.6914 0.1013 1.2296 232 74 220
0.6950 0.1013 1.2748 225 69 215
0.6915 0.1019 1.3343 152 68 167
0.6891 0.1495 -0.1235 254 252 242
0.6723 0.1471 -0.1199 147 122 122
0.6856 0.2014 -0.1233 254 250 236
0.6823 0.2192 -0.1072 254 253 247
0.6892 0.2172 0.0409 254 251 185
0.6873 0.2178 0.0898 245 239 189
0.6874 0.2178 0.1498 221 218 199
0.6872 0.2179 0.2104 254 254 228
0.6876 0.2177 0.2705 254 254 225
0.6870 0.2180 0.3300 255 255 238
0.6873 0.2179 0.3900 255 254 240
0.6876 0.2178 0.4480 255 254 241
0.7172 0.8387 -0.1219 250 241 215
0.7170 0.8387 -0.0909 254 254 244
0.7163 0.8387 0.0425 254 254 253
0.7169 0.8387 0.1039 145 204 250
0.7169 0.8387 0.1506 236 246 252
0.7169 0.8387 0.2101 255 255 254
0.7169 0.8387 0.2696 255 255 253
0.7169 0.8388 0.3304 255 255 252
0.7169 0.8387 0.3904 255 254 248
0.7168 0.8388 0.4481 254 253 237
0.6925 0.8712 -0.1235 226 163 121
0.6896 0.8480 -0.0971 254 254 246
0.6849 0.8494 0.0405 255 254 253
0.6858 0.8493 0.1007 225 242 253
0.6873 0.8488 0.1500 236 247 253
0.6870 0.8489 0.2101 255 255 254
0.6875 0.8487 0.2700 255 255 254
0.6872 0.8488 0.3300 255 255 253
0.6873 0.8488 0.3899 255 255 251
0.6872 0.8488 0.4480 254 254 246
0.6910 0.9301 -0.1237 222 125 67
0.6837 0.9880 -0.1237 244 199 165
0.6743 1.0465 -0.1237 254 254 251
0.6725 1.1164 -0.1215 240 211 192
0.6894 1.1738 -0.1219 242 216 195
0.6911 1.2254 -0.1218 189 136 123
0.6905 1.2874 -0.1217 146 83 83
0.7148 1.3145 -0.1199 126 84 96
0.6878 1.3543 -0.1215 144 83 84
0.6939 1.3559 -0.1199 131 83 93
0.6903 1.4100 -0.1214 140 83 86
0.6988 1.4199 -0.1198 132 86 95
0.6872 1.4618 -0.1213 185 135 125
0.6969 1.4843 -0.1199 212 172 158
0.6891 1.5295 -0.1212 234 200 180
0.6914 1.5302 -0.1198 226 190 175
0.6914 1.5864 -0.1210 234 201 183
0.6828 1.5762 -0.1197 226 192 177
0.6891 1.6475 -0.1209 207 175 161
0.6911 1.6419 -0.1196 153 127 127
0.6913 1.7122 -0.1208 151 116 113
0.6888 1.7152 -0.1199 125 98 104
0.6877 1.7593 -0.1207 95 70 87
0.6948 1.7790 -0.1197 84 70 91
0.6899 1.8291 -0.1206 92 70 88
0.6899 1.8440 -0.1196 83 71 91
0.6925 1.9031 -0.1208 108 80 88
0.6879 1.9040 -0.1199 84 71 91
0.6886 1.9588 -0.1207 129 95 94
0.6904 1.9621 -0.1198 112 89 100
0.6888 2.0164 -0.1207 172 146 143
0.6923 2.0313 -0.1196 146 120 123
0.6931 2.0762 -0.1206 171 146 145
0.6771 2.0619 -0.1194 145 120 123
0.6912 2.1297 -0.1236 254 254 252
0.6885 2.1373 -0.1199 156 129 128
0.6913 2.1897 -0.1235 254 254 251
0.6932 2.2049 -0.1197 130 105 110
0.6917 2.2496 -0.1235 241 174 127
0.6977 2.2763 -0.1195 82 71 92
0.6909 2.3099 -0.1235 229 134 77
0.6762 2.2969 -0.1192 80 72 93
0.6917 2.3698 -0.1235 222 126 76
0.6885 2.3552 -0.1194 81 71 92
0.6950 2.4291 -0.1235 212 117 74
0.6899 2.4363 -0.1192 85 74 95
0.6996 2.4658 -0.1228 204 111 73
0.6851 2.4706 -0.0899 91 28 88
0.6850 2.4706 0.0020 94 29 90
0.6851 2.4706 0.0938 97 30 92
0.6851 2.4706 0.1514 101 31 96
0.6851 2.4706 0.2090 96 30 93
0.6851 2.4706 0.2666 98 30 94
0.6851 2.4706 0.3295 98 30 95
0.6852 2.4706 0.3924 96 30 96
0.6852 2.4706 0.4500 94 29 94
0.6852 2.4706 0.5076 101 31 99
0.6851 2.4706 0.5708 96 30 100
0.6852 2.4706 0.6339 97 30 101
0.6851 2.4706 0.6914 92 29 103
0.6852 2.4706 0.7488 94 30 106
0.6852 2.4706 0.8063 86 28 107
0.6851 2.4706 0.8694 82 27 107
0.6852 2.4706 0.9326 82 27 109
0.6852 2.4706 0.9902 79 27 108
0.6852 2.4706 1.0478 78 26 108
0.6843 2.4706 1.1098 77 26 108
0.6861 2.4706 1.1724 72 24 105
0.6852 2.4706 1.2312 69 24 103
0.6856 2.4706 1.2715 68 23 103
0.7401 -2.5256 -0.1218 156 108 97
0.7520 -2.5294 -0.0696 93 29 89
0.7507 -2.5283 0.0381 118 37 111
0.7493 -2.5283 0.0900 125 40 119
0.7490 -2.5283 0.1499 123 39 118
0.7494 -2.5283 0.2103 122 39 120
0.7491 -2.5283 0.2705 117 38 121
0.7495 -2.5283 0.3301 115 38 128
0.7475 -2.5283 0.3900 111 37 129
0.7476 -2.5283 0.4501 102 35 129
0.7474 -2.5283 0.5101 95 33 127
0.7476 -2.5283 0.5699 85 29 122
0.7474 -2.5283 0.6300 78 28 119
0.7476 -2.5283 0.6900 72 26 114
0.7475 -2.5283 0.7499 66 24 111
0.7476 -2.5283 0.8099 64 23 109
0.7473 -2.5283 0.8700 63 23 106
0.7528 -2.5283 0.9206 62 22 105
0.7513 -2.5295 0.9899 59 22 100
0.7525 -2.5295 1.0370 58 21 99
0.7504 -2.5294 1.1101 62 22 102
0.7499 -2.5294 1.1701 60 22 101
0.7543 -2.5294 1.2073 60 22 100
0.7477 -2.5293 1.2691 60 30 102
0.7540 -2.5013 -0.1219 143 94 89
0.7454 -2.4798 -0.1199 107 81 78
0.7499 -2.4228 -0.1216 138 95 92
0.7723 -2.4543 -0.1198 89 66 68
0.7494 -2.3683 -0.1218 142 99 96
0.7385 -2.3700 -0.1197 119 92 88
0.7472 -2.3106 -0.1219 147 101 95
0.7607 -2.3092 -0.1196 99 76 76
0.7283 -2.2339 -0.1234 219 126 73
0.7514 -2.2542 -0.1197 128 100 96
0.7388 -2.1851 -0.1235 235 175 134
0.7405 -2.1926 -0.1198 110 87 88
0.7487 -2.1289 -0.1235 246 208 177
0.7617 -2.1287 -0.1197 138 113 111
0.7489 -2.0695 -0.1235 248 212 180
0.7344 -2.0570 -0.1199 122 96 96
0.7486 -2.0094 -0.1236 246 193 147
0.7542 -2.0116 -0.1199 109 83 85
0.7490 -1.9495 -0.1237 248 195 147
0.7650 -1.9603 -0.1199 103 80 83
0.7554 -1.8933 -0.1237 248 183 120
0.7591 -1.8870 -0.1196 101 76 77
0.7697 -1.8408 -0.1237 244 158 82
0.7602 -1.8380 -0.1197 120 95 93
0.7478 -1.7605 -0.1235 216 172 143
0.7366 -1.7670 -0.1198 110 84 83
0.7492 -1.7088 -0.1236 209 166 138
0.7573 -1.7082 -0.1198 132 102 96
0.7419 -1.6644 -0.1236 205 155 129
0.7499 -1.6483 -0.1198 181 135 121
0.7366 -1.5652 -0.1233 209 157 132
0.7448 -1.5910 -0.1199 182 132 113
0.7498 -1.5288 -0.1235 197 142 118
0.7655 -1.5333 -0.1199 172 122 105
0.7657 -1.4535 -0.1237 248 195 145
0.7503 -1.4097 -0.1237 251 227 204
0.7492 -1.3512 -0.1236 249 225 205
0.7492 -1.2909 -0.1235 241 196 162
0.7477 -1.2315 -0.1234 227 155 111
0.7630 -1.1561 -0.1237 241 199 169
0.7493 -1.1104 -0.1237 223 154 115
0.7492 -1.0506 -0.1236 226 170 135
0.7492 -1.0006 -0.1232 247 217 154
0.7410 -0.9869 -0.1124 254 239 141
0.7514 -0.9861 0.0432 255 254 210
0.7500 -0.9869 0.0920 225 223 211
0.7492 -0.9869 0.1501 239 238 227
0.7491 -0.9869 0.2097 255 255 240
0.7495 -0.9869 0.2695 255 255 244
0.7490 -0.9869 0.3299 255 255 243
0.7493 -0.9869 0.3900 255 255 241
0.7493 -0.9869 0.4467 255 254 237
0.7494 -0.9310 -0.1216 174 125 105
0.7299 -0.9018 -0.0704 253 248 179
0.7299 -0.9016 0.0004 254 253 197
0.7301 -0.9016 0.0906 254 254 215
0.7302 -0.9016 0.1514 254 254 226
0.7303 -0.9016 0.2096 254 254 233
0.7304 -0.9016 0.2700 254 254 239
0.7305 -0.9016 0.3304 254 254 244
0.7306 -0.9016 0.3906 254 254 246
0.7307 -0.9016 0.4482 254 254 248
0.7450 -0.8981 -0.1214 204 131 61
0.7237 -0.8977 -0.0763 233 173 88
0.7360 -0.8986 0.0230 212 159 90
0.7349 -0.8986 0.0892 184 139 84
0.7341 -0.8986 0.1496 215 172 106
0.7331 -0.8986 0.2099 227 188 119
0.7323 -0.8987 0.2701 229 193 126
0.7313 -0.8987 0.3302 230 197 131
0.7305 -0.8987 0.3901 226 195 131
0.7295 -0.8987 0.4479 224 197 137
0.7705 -0.8294 -0.1234 181 107 77
0.7278 -0.8069 -0.0657 255 253 204
0.7284 -0.8092 0.0111 255 254 230
0.7284 -0.8096 0.0900 255 254 236
0.7284 -0.8094 0.1500 255 255 238
0.7284 -0.8096 0.2107 255 255 238
0.7284 -0.8099 0.2711 255 254 230
0.7284 -0.8092 0.3303 255 254 231
0.7284 -0.8092 0.3899 255 253 221
0.7284 -0.8090 0.4470 255 253 217
0.7679 -0.7443 -0.1223 252 246 192
0.7277 -0.7488 -0.0701 255 253 205
0.7284 -0.7494 0.0052 254 254 230
0.7284 -0.7498 0.0899 254 253 239
0.7284 -0.7502 0.1497 254 254 242
0.7284 -0.7495 0.2107 254 254 242
0.7284 -0.7494 0.2703 255 254 232
0.7284 -0.7496 0.3296 255 254 231
0.7284 -0.7495 0.3901 255 254 225
0.7284 -0.7494 0.4469 255 253 222
0.7703 -0.6951 -0.1222 252 246 182
0.7282 -0.6753 -0.0644 255 253 214
0.7283 -0.6899 0.0005 254 254 228
0.7283 -0.6898 0.0902 248 242 228
0.7283 -0.6899 0.1504 251 249 236
0.7283 -0.6901 0.2109 254 254 240
0.7283 -0.6896 0.2710 255 254 230
0.7283 -0.6895 0.3305 255 254 231
0.7283 -0.6899 0.3902 255 254 231
0.7283 -0.6896 0.4474 255 254 226
0.7714 -0.6320 -0.1222 252 243 185
0.7282 -0.6269 -0.0671 255 253 215
0.7283 -0.6307 -0.0001 255 254 227
0.7283 -0.6303 0.0897 254 253 234
0.7283 -0.6310 0.1496 252 250 236
0.7283 -0.6302 0.2100 253 252 239
0.7283 -0.6308 0.2706 255 254 234
0.7283 -0.6297 0.3299 255 254 234
0.7283 -0.6302 0.3898 255 254 228
0.7283 -0.6302 0.4472 255 253 218
0.7546 -0.5726 -0.1234 243 209 182
0.7282 -0.5669 -0.0729 255 254 222
0.7282 -0.5696 0.0004 255 254 223
0.7282 -0.5691 0.0902 255 254 230
0.7282 -0.5714 0.1498 253 251 234
0.7282 -0.5724 0.2106 253 252 238
0.7282 -0.5719 0.2697 255 254 230
0.7282 -0.5724 0.3294 255 254 227
0.7282 -0.5717 0.3898 255 254 225
0.7282 -0.5718 0.4471 255 253 219
0.7693 -0.5266 -0.1234 246 215 185
0.7281 -0.5084 -0.0787 255 254 221
0.7281 -0.5097 0.0002 255 254 223
0.7281 -0.5097 0.0899 255 254 225
0.7281 -0.5122 0.1501 254 254 235
0.7281 -0.5125 0.2097 254 253 238
0.7281 -0.5124 0.2703 255 254 225
0.7281 -0.5126 0.3307 255 253 220
0.7281 -0.5127 0.3902 255 253 220
0.7281 -0.5122 0.4472 255 253 220
0.7401 -0.4433 -0.1216 234 210 170
0.7281 -0.4514 -0.0843 255 253 214
0.7281 -0.4522 0.0002 255 253 220
0.7281 -0.4528 0.0900 255 254 227
0.7281 -0.4514 0.1502 255 254 234
0.7281 -0.4526 0.2101 254 254 235
0.7281 -0.4522 0.2706 255 254 222
0.7281 -0.4515 0.3305 255 253 220
0.7281 -0.4524 0.3897 255 253 217
0.7281 -0.4517 0.4477 255 253 218
0.7602 -0.3656 -0.1215 173 117 106
0.7280 -0.3906 -0.0896 255 253 212
0.7546 -0.4126 0.0426 237 206 182
0.7574 -0.4148 0.0892 187 142 131
0.7575 -0.4148 0.1493 121 63 106
0.7574 -0.4148 0.2094 112 45 110
0.7575 -0.4148 0.2694 115 46 117
0.7574 -0.4148 0.3295 116 47 125
0.7575 -0.4148 0.3897 109 45 130
0.7573 -0.4146 0.4464 104 46 131
0.7463 -0.3296 -0.1217 197 149 133
0.7280 -0.3365 -0.0905 255 251 214
0.7280 -0.3365 -0.0004 255 253 223
0.7280 -0.3366 0.0896 255 254 226
0.7280 -0.3369 0.1487 255 253 224
0.7280 -0.3364 0.2084 255 253 221
0.7280 -0.3364 0.2691 255 253 223
0.7280 -0.3363 0.3297 255 254 227
0.7280 -0.3363 0.3903 255 254 231
0.7280 -0.3363 0.4479 255 254 234
0.7526 -0.2679 -0.1217 211 164 143
0.7692 -0.2662 -0.1196 116 93 97
0.7242 -0.2942 0.0115 86 75 85
0.7279 -0.2941 0.3588 254 152 253
0.7225 -0.2942 0.3688 254 150 253
0.7467 -0.2106 -0.1218 198 148 131
0.7501 -0.2115 -0.1196 102 82 90
0.7491 -0.1510 -0.1218 202 152 135
0.7300 -0.1564 -0.1196 87 71 85
0.7516 -0.0864 -0.1218 204 156 136
0.7654 -0.0747 -0.1195 118 85 103
0.7519 -0.0947 0.0048 158 45 143
0.7558 -0.0948 0.0914 162 48 147
0.7601 -0.0948 0.1517 162 48 147
0.7623 -0.0945 0.2130 158 44 143
0.7686 -0.0945 0.2677 156 44 142
0.7752 -0.0945 0.3268 157 44 143
0.7580 -0.0952 0.3785 171 56 154
0.7363 -0.0957 0.4506 179 66 162
0.7363 -0.0957 0.5110 175 65 158
0.7362 -0.0957 0.5714 174 65 157
0.7270 -0.0944 0.6444 155 47 141
0.7493 -0.0981 0.7102 230 118 192
0.7498 -0.0983 0.7652 67 29 75
0.7498 -0.0983 0.8103 70 19 88
0.7500 -0.0983 0.8701 70 19 87
0.7497 -0.0983 0.9298 70 19 87
0.7499 -0.0983 0.9898 70 19 87
0.7500 -0.0983 1.0499 70 19 87
0.7532 -0.0983 1.1039 70 19 87
0.7497 -0.0981 1.1700 70 19 88
0.7499 -0.0981 1.2297 70 19 87
0.7574 -0.0981 1.2732 70 19 87
0.7484 -0.0972 1.3499 74 20 89
0.7482 -0.0972 1.4098 71 19 88
0.7522 -0.0972 1.4643 71 19 88
0.7478 -0.1003 1.5150 204 56 183
0.7235 0.0266 -0.1233 250 246 233
0.7625 -0.0458 -0.1196 176 56 157
0.7254 0.0936 -0.1234 252 248 236
0.7647 0.1015 0.0546 255 247 254
0.7492 0.1015 0.0903 255 248 254
0.7489 0.1015 0.1497 255 248 254
0.7489 0.1015 0.2099 255 248 254
0.7492 0.1015 0.2699 255 247 253
0.7488 0.1015 0.3299 255 248 250
0.7491 0.1015 0.3901 255 247 248
0.7489 0.1015 0.4501 255 246 244
0.7489 0.1015 0.5101 254 242 230
0.7444 0.1013 0.5917 254 189 239
0.7499 0.1013 0.6302 254 132 253
0.7493 0.1013 0.6906 254 126 253
0.7497 0.1013 0.7502 254 121 252
0.7494 0.1013 0.8099 254 115 250
0.7497 0.1013 0.8699 253 108 248
0.7499 0.1013 0.9299 252 103 245
0.7493 0.1013 0.9900 250 97 242
0.7495 0.1013 1.0500 247 91 238
0.7495 0.1013 1.1097 243 85 233
0.7497 0.1013 1.1694 238 79 227
0.7494 0.1013 1.2297 231 73 220
0.7518 0.1014 1.2837 224 69 214
0.7540 0.1020 1.3338 161 69 173
0.7280 0.1518 -0.1234 252 249 238
0.7394 0.1618 -0.1197 126 103 107
0.7285 0.1934 -0.1231 253 233 159
0.7377 0.2007 -0.1022 253 240 186
0.7495 0.1968 0.0330 255 249 176
0.7479 0.1973 0.0901 234 224 182
0.7477 0.1974 0.1501 243 237 205
0.7479 0.1973 0.2099 255 254 223
0.7480 0.1973 0.2698 255 255 235
0.7479 0.1973 0.3299 255 255 238
0.7477 0.1974 0.3899 255 255 240
0.7480 0.1973 0.4479 255 255 241
0.7405 0.8329 -0.1228 254 251 221
0.7267 0.8385 -0.0774 225 195 178
0.7253 0.8393 -0.0031 168 137 107
0.7251 0.8392 0.0893 178 151 123
0.7268 0.8382 0.1333 190 167 142
0.7394 0.8311 0.2097 255 254 253
0.7395 0.8311 0.2698 255 255 252
0.7394 0.8311 0.3300 255 254 249
0.7394 0.8311 0.3901 254 253 241
0.7394 0.8311 0.4480 248 242 214
0.7319 0.8661 -0.1237 215 138 93
0.7235 0.8400 0.1595 179 150 119
0.7233 0.8401 0.2092 185 156 125
0.7231 0.8402 0.2699 190 162 131
0.7228 0.8403 0.3306 192 166 135
0.7225 0.8404 0.3913 194 168 137
0.7223 0.8405 0.4492 116 69 116
0.7249 0.9143 -0.1237 219 122 66
0.7736 1.0019 -0.1234 228 144 92
0.7671 1.0534 -0.1235 230 133 71
0.7588 1.1122 -0.1235 238 163 108
0.7326 1.1744 -0.1218 241 214 193
0.7487 1.2315 -0.1218 189 139 127
0.7730 1.2414 -0.1199 210 170 158
0.7479 1.2980 -0.1216 165 110 104
0.7395 1.3082 -0.1199 136 90 98
0.7504 1.3561 -0.1215 167 114 109
0.7476 1.3497 -0.1198 164 119 119
0.7493 1.4190 -0.1214 164 111 106
0.7423 1.4008 -0.1198 145 98 102
0.7495 1.4700 -0.1213 193 139 123
0.7530 1.4710 -0.1199 183 134 124
0.7495 1.5231 -0.1212 211 169 154
0.7518 1.5397 -0.1197 194 152 142
0.7547 1.5953 -0.1210 205 162 148
0.7623 1.6052 -0.1196 176 130 124
0.7442 1.6514 -0.1209 178 146 138
0.7415 1.6335 -0.1196 181 152 147
0.7500 1.7061 -0.1208 148 115 112
0.7482 1.7016 -0.1199 132 105 110
0.7502 1.7737 -0.1207 113 87 98
0.7497 1.7705 -0.1197 99 82 97
0.7500 1.8448 -0.1205 110 87 98
0.7533 1.8363 -0.1196 103 86 101
0.7489 1.8979 -0.1209 129 97 96
0.7459 1.8978 -0.1199 98 81 96
0.7470 1.9533 -0.1208 128 95 94
0.7542 1.9625 -0.1197 105 84 97
0.7494 2.0108 -0.1206 150 124 124
0.7501 2.0250 -0.1196 125 102 110
0.7515 2.0710 -0.1206 151 124 124
0.7491 2.0730 -0.1191 123 103 112
0.7510 2.1304 -0.1237 251 212 174
0.7490 2.1315 -0.1199 135 110 115
0.7513 2.1899 -0.1237 250 209 173
0.7503 2.1982 -0.1197 129 104 111
0.7512 2.2496 -0.1236 246 200 165
0.7522 2.2711 -0.1196 102 86 101
0.7516 2.3096 -0.1236 243 197 165
0.7464 2.3072 -0.1183 89 81 100
0.7515 2.3696 -0.1236 239 191 158
0.7495 2.3486 -0.1194 98 83 100
0.7512 2.4296 -0.1236 233 184 154
0.7517 2.4303 -0.1192 96 83 99
0.7515 2.4660 -0.1228 227 172 140
0.7445 2.4706 -0.0905 88 27 84
0.7443 2.4706 0.0014 90 28 87
0.7445 2.4706 0.0934 91 28 88
0.7445 2.4706 0.1512 94 29 90
0.7445 2.4706 0.2089 91 28 88
0.7445 2.4706 0.2666 92 28 88
0.7444 2.4706 0.3297 93 29 90
0.7445 2.4706 0.3927 92 28 91
0.7445 2.4706 0.4505 89 27 90
0.7445 2.4706 0.5082 95 29 94
0.7436 2.4706 0.5672 91 28 95
0.7453 2.4706 0.6302 91 28 97
0.7445 2.4706 0.6923 88 28 101
0.7445 2.4706 0.7498 88 28 102
0.7445 2.4706 0.8075 83 27 105
0.7437 2.4706 0.8699 82 27 106
0.7454 2.4706 0.9329 81 27 107
0.7445 2.4706 0.9919 77 26 107
0.7445 2.4706 1.0495 77 26 107
0.7446 2.4706 1.1070 75 25 107
0.7445 2.4706 1.1702 72 25 105
0.7445 2.4706 1.2335 68 24 103
0.7448 2.4706 1.2738 66 23 102
0.8167 -2.5282 -0.1212 136 89 91
0.8100 -2.5294 -0.0712 89 27 86
0.8105 -2.5282 0.0313 111 35 106
0.8094 -2.5282 0.0899 117 37 112
0.8089 -2.5282 0.1500 117 37 113
0.8094 -2.5282 0.2100 114 36 113
0.8095 -2.5282 0.2701 111 36 116
0.8089 -2.5282 0.3301 109 36 124
0.8093 -2.5282 0.3900 106 35 127
0.8092 -2.5282 0.4500 99 34 128
0.8093 -2.5282 0.5099 90 31 125
0.8092 -2.5282 0.5700 86 30 122
0.8092 -2.5282 0.6300 80 28 119
0.8092 -2.5282 0.6899 73 26 114
0.8091 -2.5282 0.7499 68 24 111
0.8094 -2.5282 0.8099 64 23 108
0.8092 -2.5282 0.8699 62 23 106
0.8092 -2.5282 0.9300 61 22 103
0.8212 -2.5282 0.9735 60 22 102
0.8107 -2.5295 1.0420 57 21 98
0.8100 -2.5294 1.1097 61 22 102
0.8098 -2.5294 1.1697 59 21 100
0.8120 -2.5294 1.2117 59 21 99
0.8097 -2.5293 1.2690 59 28 100
0.8101 -2.4965 -0.1219 111 68 75
0.8179 -2.5077 -0.1197 85 65 65
0.8078 -2.4364 -0.1216 104 67 77
0.8072 -2.4303 -0.1199 82 63 65
0.8085 -2.3716 -0.1217 109 68 76
0.8118 -2.3730 -0.1196 85 68 72
0.8134 -2.3090 -0.1219 123 79 80
0.8301 -2.3247 -0.1196 93 73 77
0.8099 -2.2637 -0.1219 216 179 155
0.7969 -2.2491 -0.1197 145 119 115
0.8077 -2.1808 -0.1234 246 221 190
0.8132 -2.1905 -0.1197 144 119 116
0.7889 -2.1146 -0.1234 254 252 243
0.8316 -2.1500 -0.1197 155 129 124
0.8004 -2.0656 -0.1235 252 243 231
0.7995 -2.0712 -0.1198 142 117 114
0.8086 -2.0092 -0.1235 230 135 72
0.8193 -2.0078 -0.1198 89 71 78
0.8092 -1.9495 -0.1236 235 142 75
0.7934 -1.9344 -0.1198 82 66 74
0.8087 -1.8893 -0.1236 241 152 78
0.8083 -1.8912 -0.1199 82 66 74
0.8087 -1.8295 -0.1237 242 153 78
0.8225 -1.8357 -0.1199 82 65 72
0.8173 -1.7732 -0.1237 253 245 235
0.8147 -1.7697 -0.1196 136 108 102
0.8310 -1.7230 -0.1237 254 253 251
0.8228 -1.7187 -0.1196 158 129 121
0.7914 -1.6712 -0.1231 222 186 160
0.7972 -1.6440 -0.1198 222 184 165
0.8088 -1.5899 -0.1218 242 215 192
0.8114 -1.5879 -0.1198 223 187 168
0.8271 -1.5124 -0.1237 244 160 84
0.8161 -1.5311 -0.1198 167 120 108
0.8109 -1.4694 -0.1237 245 159 82
0.8011 -1.4721 -0.1199 125 76 71
0.8091 -1.4110 -0.1236 240 150 77
0.8231 -1.4083 -0.1199 126 76 68
0.8090 -1.3511 -0.1235 230 135 73
0.8087 -1.2917 -0.1234 238 188 153
0.8243 -1.2150 -0.1237 254 254 252
0.8096 -1.1702 -0.1237 254 254 246
0.8092 -1.1110 -0.1236 254 253 243
0.8088 -1.0514 -0.1235 240 208 182
0.7966 -1.0052 -0.1233 219 146 86
0.8101 -0.9887 -0.0913 252 214 110
0.8166 -0.9876 0.0557 255 254 233
0.8085 -0.9875 0.0900 255 254 238
0.8085 -0.9875 0.1500 255 255 242
0.8088 -0.9875 0.2098 255 255 246
0.8082 -0.9875 0.2697 255 255 248
0.8086 -0.9875 0.3300 255 255 248
0.8087 -0.9875 0.3901 255 255 247
0.8086 -0.9875 0.4467 255 255 246
0.8095 -0.9316 -0.1215 111 67 75
0.8031 -0.8924 -0.1214 187 123 68
0.8154 -0.8147 -0.1235 182 96 66
0.8112 -0.7452 -0.1223 239 206 177
0.8097 -0.6931 -0.1221 239 212 182
0.8110 -0.6260 -0.1220 238 211 175
0.8099 -0.5676 -0.1219 239 218 177
0.8125 -0.5147 -0.1218 198 170 140
0.8169 -0.4595 -0.1217 191 166 140
0.8207 -0.3783 -0.1218 150 82 77
0.8241 -0.3302 -0.1218 148 81 77
0.8180 -0.2726 -0.1218 231 197 175
0.8289 -0.2679 -0.1196 134 109 111
0.8191 -0.2111 -0.1218 244 217 194
0.8283 -0.2083 -0.1195 135 111 112
0.8238 -0.1516 -0.1218 244 215 191
0.8054 -0.1469 -0.1195 135 110 112
0.8279 -0.0895 -0.1218 231 199 175
0.7877 -0.0962 -0.1195 132 105 110
0.8256 -0.0939 -0.0122 144 41 133
0.8189 -0.0956 0.0918 176 56 162
0.8187 -0.0956 0.1497 179 58 165
0.8189 -0.0956 0.2075 175 55 161
0.8189 -0.0956 0.2699 175 55 161
0.7966 -0.0943 0.3429 154 45 142
0.7865 -0.0945 0.3939 155 43 142
0.7917 -0.0945 0.4502 155 43 141
0.7950 -0.0947 0.5109 155 44 142
0.7983 -0.0947 0.5679 153 43 140
0.8015 -0.0947 0.6288 154 43 141
0.8101 -0.0980 0.7102 242 133 207
0.8102 -0.0983 0.7651 110 39 101
0.8100 -0.0983 0.8100 95 24 102
0.8103 -0.0983 0.8701 71 19 88
0.8100 -0.0983 0.9301 70 19 87
0.8101 -0.0983 0.9899 70 19 87
0.8102 -0.0983 1.0498 70 19 87
0.8101 -0.0983 1.1100 70 19 87
0.8190 -0.0983 1.1513 70 19 87
0.8101 -0.0980 1.2300 70 19 87
0.8120 -0.0980 1.2869 70 19 87
0.8257 -0.0977 1.3320 85 22 95
0.8087 -0.0972 1.4098 78 20 91
0.8077 -0.0972 1.4698 71 19 88
0.8141 -0.0972 1.5106 74 20 91
0.8345 -0.0047 -0.1219 129 82 84
0.8221 -0.0481 -0.1198 169 73 149
0.8087 0.0908 -0.1218 110 67 76
0.8085 0.1016 0.0511 255 254 254
0.8050 0.1016 0.0904 255 255 254
0.8051 0.1016 0.1503 255 255 254
0.8049 0.1016 0.2095 254 254 254
0.8051 0.1016 0.2694 254 254 254
0.8049 0.1016 0.3300 254 254 254
0.8051 0.1016 0.3901 254 254 254
0.8048 0.1016 0.4500 254 254 254
0.8051 0.1016 0.5099 254 254 251
0.7933 0.1015 0.5831 254 254 242
0.8090 0.1014 0.6313 254 136 251
0.8098 0.1014 0.6897 254 123 252
0.8103 0.1014 0.7499 254 117 251
0.8099 0.1014 0.8102 253 112 249
0.8102 0.1014 0.8701 252 106 247
0.8100 0.1014 0.9300 251 100 244
0.8102 0.1014 0.9899 249 95 241
0.8098 0.1014 1.0498 246 89 237
0.8101 0.1014 1.1101 242 84 232
0.8102 0.1014 1.1698 237 79 226
0.8099 0.1014 1.2299 231 73 220
0.8103 0.1014 1.2896 224 69 214
0.8228 0.1014 1.3268 215 66 207
0.8076 0.1471 -0.1218 133 85 75
0.8233 0.1723 -0.0689 252 214 112
0.8179 0.1735 0.0241 255 247 172
0.8174 0.1737 0.0902 251 246 188
0.8174 0.1737 0.1498 251 247 203
0.8176 0.1736 0.2091 255 254 220
0.8174 0.1737 0.2691 255 254 230
0.8175 0.1737 0.3297 255 255 236
0.8176 0.1736 0.3900 255 255 237
0.8175 0.1737 0.4482 255 255 239
0.7911 0.1816 -0.1227 241 197 153
0.7883 0.1843 -0.0709 250 208 103
0.7892 0.1833 0.0281 254 248 173
0.7889 0.1834 0.0897 192 179 166
0.7891 0.1833 0.1504 235 227 196
0.7891 0.1833 0.2103 255 254 222
0.7891 0.1833 0.2703 255 254 233
0.7891 0.1833 0.3303 255 255 238
0.7889 0.1834 0.3896 255 255 239
0.7891 0.1833 0.4482 255 255 241
0.8321 0.8204 -0.1234 254 244 230
0.8257 0.8049 -0.0877 210 175 161
0.8263 0.8049 0.0021 186 145 135
0.8255 0.8050 0.0910 113 63 104
0.8252 0.8051 0.1501 99 46 102
0.8250 0.8052 0.2092 99 47 104
0.8247 0.8053 0.2683 98 47 106
0.8245 0.8054 0.3300 96 46 110
0.8241 0.8055 0.3917 99 48 117
0.8239 0.8056 0.4505 99 49 122
0.8247 0.8728 -0.1235 254 247 228
0.8160 0.9320 -0.1235 254 251 239
0.8112 0.9906 -0.1235 235 180 144
0.8114 1.0505 -0.1235 227 132 72
0.8116 1.1102 -0.1236 235 142 76
0.8115 1.1704 -0.1236 239 148 77
0.7947 1.2441 -0.1221 238 200 175
0.8038 1.2943 -0.1216 237 205 185
0.8233 1.3072 -0.1198 219 183 171
0.8117 1.3496 -0.1215 235 201 181
0.8119 1.3472 -0.1198 217 180 169
0.8098 1.4125 -0.1214 235 204 185
0.7969 1.4218 -0.1197 218 182 170
0.8140 1.4771 -0.1212 178 130 121
0.8028 1.4496 -0.1199 208 165 151
0.8055 1.5285 -0.1211 136 82 88
0.8107 1.5207 -0.1197 128 83 94
0.8089 1.5921 -0.1210 134 82 88
0.8144 1.5965 -0.1196 128 83 94
0.8093 1.6547 -0.1208 92 69 87
0.8150 1.6647 -0.1194 81 72 93
0.8082 1.7001 -0.1208 96 73 89
0.8059 1.6908 -0.1199 86 73 92
0.8099 1.7672 -0.1207 171 138 131
0.8057 1.7573 -0.1197 152 124 125
0.8121 1.8382 -0.1205 165 133 128
0.8109 1.8291 -0.1196 148 121 124
0.8117 1.8920 -0.1208 175 148 144
0.8096 1.8901 -0.1199 152 124 125
0.8110 1.9473 -0.1207 165 140 139
0.8139 1.9571 -0.1198 127 103 110
0.8147 2.0047 -0.1206 105 81 92
0.8119 2.0213 -0.1196 82 72 94
0.8140 2.0651 -0.1205 104 78 88
0.8158 2.0910 -0.1195 80 71 93
0.8340 2.1222 -0.1234 229 136 79
0.8080 2.1279 -0.1198 83 71 92
0.7863 2.1940 -0.1237 240 149 82
0.8082 2.1929 -0.1197 88 74 94
0.7908 2.2530 -0.1237 252 233 217
0.8112 2.2645 -0.1196 145 120 123
0.7959 2.3119 -0.1237 254 254 249
0.8268 2.3323 -0.1190 137 114 121
0.8010 2.3710 -0.1237 254 253 242
0.8057 2.3428 -0.1194 141 116 121
0.8063 2.4308 -0.1237 254 250 235
0.8087 2.4240 -0.1192 137 116 122
0.8083 2.4659 -0.1230 254 247 228
0.8100 2.4706 -0.0913 84 26 82
0.8100 2.4706 0.0009 86 27 84
0.8101 2.4706 0.0930 87 27 84
0.8101 2.4706 0.1509 89 27 86
0.8101 2.4706 0.2088 87 27 84
0.8101 2.4706 0.2666 88 27 86
0.8101 2.4706 0.3299 90 28 88
0.8101 2.4706 0.3931 88 27 87
0.8101 2.4706 0.4510 87 27 89
0.8101 2.4706 0.5088 88 27 89
0.8101 2.4706 0.5667 88 27 91
0.8100 2.4706 0.6301 87 27 95
0.8102 2.4706 0.6933 85 27 96
0.8101 2.4706 0.7511 85 27 100
0.8101 2.4706 0.8089 81 27 105
0.8101 2.4706 0.8668 79 26 105
0.8101 2.4706 0.9302 80 26 105
0.8101 2.4706 0.9936 74 25 106
0.8102 2.4706 1.0513 75 25 106
0.8101 2.4706 1.1091 75 25 106
0.8101 2.4706 1.1669 70 24 104
0.8093 2.4706 1.2295 70 24 104
0.8137 2.4706 1.2698 63 22 100
0.8587 -2.5240 -0.1217 111 73 80
0.8697 -2.5294 -0.0727 84 26 82
0.8708 -2.5281 0.0246 101 32 97
0.8699 -2.5281 0.0901 106 33 103
0.8697 -2.5281 0.1499 107 34 105
0.8702 -2.5281 0.2095 109 35 110
0.8698 -2.5281 0.2694 106 34 114
0.8700 -2.5281 0.3298 102 34 120
0.8700 -2.5281 0.3901 102 34 124
0.8699 -2.5281 0.4501 95 33 125
0.8698 -2.5281 0.5101 89 31 124
0.8701 -2.5281 0.5700 85 30 122
0.8698 -2.5281 0.6300 80 28 118
0.8700 -2.5281 0.6900 74 26 114
0.8700 -2.5281 0.7501 69 25 111
0.8700 -2.5281 0.8101 66 24 108
0.8698 -2.5281 0.8699 63 23 106
0.8699 -2.5281 0.9299 61 22 104
0.8716 -2.5281 0.9877 59 22 102
0.8890 -2.5282 1.0275 58 21 99
0.8681 -2.5294 1.1099 60 22 101
0.8680 -2.5294 1.1703 59 22 100
0.8700 -2.5294 1.2167 57 21 98
0.8690 -2.5293 1.2692 58 29 101
0.8725 -2.4892 -0.1219 107 67 77
0.8612 -2.4771 -0.1197 80 62 64
0.8701 -2.4240 -0.1216 104 67 76
0.8639 -2.4238 -0.1198 81 63 65
0.8695 -2.3666 -0.1217 106 68 76
0.8777 -2.3844 -0.1199 83 63 66
0.8682 -2.3114 -0.1218 111 71 78
0.8581 -2.3025 -0.1196 106 81 83
0.8719 -2.2617 -0.1219 210 172 149
0.8664 -2.2522 -0.1196 139 115 112
0.8667 -2.1741 -0.1234 237 204 173
0.8861 -2.2015 -0.1196 148 122 117
0.8699 -2.1285 -0.1235 231 196 166
0.8570 -2.1192 -0.1197 151 125 120
0.8599 -2.0864 -0.1236 223 186 157
0.8749 -2.0701 -0.1197 139 114 111
0.8493 -1.9973 -0.1234 217 120 69
0.8881 -2.0194 -0.1196 86 69 72
0.8623 -1.9459 -0.1235 230 134 71
0.8572 -1.9499 -0.1198 80 65 72
0.8688 -1.8894 -0.1235 233 138 73
0.8730 -1.8895 -0.1198 81 64 71
0.8690 -1.8294 -0.1236 231 137 72
0.8690 -1.8303 -0.1198 84 66 71
0.8688 -1.7693 -0.1236 253 246 238
0.8632 -1.7709 -0.1199 134 107 101
0.8689 -1.7097 -0.1237 254 254 251
0.8807 -1.7128 -0.1199 145 117 109
0.8791 -1.6538 -0.1237 254 254 252
0.8700 -1.6531 -0.1196 223 186 168
0.8889 -1.5714 -0.1237 254 254 254
0.8853 -1.5954 -0.1196 224 189 170
0.8713 -1.5287 -0.1237 245 180 129
0.8555 -1.5224 -0.1198 137 90 82
0.8693 -1.4709 -0.1236 238 146 78
0.8668 -1.4699 -0.1198 122 75 69
0.8688 -1.4107 -0.1235 236 143 76
0.8893 -1.4209 -0.1198 126 76 70
0.8687 -1.3512 -0.1234 225 130 71
0.8508 -1.3481 -0.1199 104 69 66
0.8853 -1.2739 -0.1237 254 249 245
0.8721 -1.3019 -0.1199 165 130 85
0.8700 -1.2299 -0.1237 254 254 251
0.8691 -1.1711 -0.1236 254 254 248
0.8690 -1.1113 -0.1235 254 253 244
0.8575 -1.0642 -0.1234 253 247 234
0.8893 -0.9939 -0.1231 246 223 144
0.8880 -0.9886 -0.0899 254 254 208
0.8863 -0.9886 -0.0520 255 254 220
0.8883 -0.9886 0.1076 255 255 245
0.8881 -0.9886 0.1500 255 255 248
0.8881 -0.9886 0.2099 255 255 250
0.8881 -0.9886 0.2703 255 255 250
0.8881 -0.9886 0.3303 255 255 249
0.8881 -0.9886 0.3901 255 255 244
0.8881 -0.9886 0.4466 255 254 237
0.8908 -0.9219 -0.1219 126 71 71
0.8788 -0.8806 -0.1219 189 131 80
0.8909 -0.8286 -0.1214 227 160 83
0.8697 -0.7435 -0.1223 240 211 183
0.8704 -0.6919 -0.1221 236 205 178
0.8697 -0.6252 -0.1220 231 197 171
0.8696 -0.5659 -0.1219 225 191 166
0.8692 -0.5136 -0.1218 137 93 92
0.8720 -0.4576 -0.1216 118 77 86
0.8400 -0.4386 0.0387 192 147 134
0.8401 -0.4386 0.0897 194 151 139
0.8401 -0.4386 0.1501 103 35 98
0.8401 -0.4386 0.2105 105 33 105
0.8401 -0.4387 0.2710 109 35 112
0.8401 -0.4387 0.3314 108 35 119
0.8402 -0.4387 0.3900 103 34 124
0.8402 -0.4387 0.4466 96 33 125
0.8738 -0.3830 -0.1217 144 80 78
0.8759 -0.3296 -0.1217 142 80 78
0.8691 -0.2688 -0.1217 238 209 187
0.8590 -0.2624 -0.1194 135 111 112
0.8691 -0.2110 -0.1217 243 214 192
0.8796 -0.2061 -0.1195 139 114 115
0.8639 -0.1497 -0.1218 243 217 194
0.8863 -0.1421 -0.1193 133 110 112
0.8673 -0.0904 -0.1218 224 190 166
0.8692 -0.0886 -0.1193 134 107 114
0.8700 -0.0944 0.0085 156 44 142
0.8775 -0.0944 0.0907 153 43 140
0.8834 -0.0945 0.1509 155 46 143
0.8842 -0.0951 0.2108 169 55 157
0.8878 -0.0951 0.2682 167 54 156
0.8925 -0.0950 0.3307 166 53 154
0.8841 -0.0964 0.3806 203 79 194
0.8680 -0.0983 0.4506 254 112 249
0.8557 -0.0943 0.5093 156 50 147
0.8760 -0.0943 0.5672 158 50 149
0.8859 -0.0951 0.6150 174 59 166
0.8686 -0.0979 0.7104 247 141 218
0.8711 -0.0982 0.7655 158 55 140
0.8719 -0.0985 0.8341 68 60 52
0.8722 -0.0985 0.8700 68 19 85
0.8725 -0.0985 0.9301 70 19 87
0.8723 -0.0985 0.9900 70 19 87
0.8828 -0.0985 1.0285 70 19 86
0.8707 -0.0982 1.1100 70 19 87
0.8739 -0.0982 1.1648 70 19 87
0.8842 -0.0981 1.2156 70 19 87
0.8689 -0.0980 1.2902 70 19 88
0.8751 -0.0979 1.3340 71 19 88
0.8688 -0.0971 1.4098 123 31 118
0.8684 -0.0971 1.4699 83 22 94
0.8678 -0.0971 1.5144 73 19 89
0.8730 0.0020 -0.1218 124 80 84
0.8683 -0.0486 -0.1194 172 61 153
0.8682 0.0889 -0.1218 117 69 74
0.8591 0.1006 -0.0466 222 187 160
0.8716 0.1005 0.1076 247 98 236
0.8706 0.1005 0.1502 246 95 235
0.8710 0.1005 0.2105 243 89 230
0.8712 0.1005 0.2703 234 79 218
0.8712 0.1005 0.3299 211 64 193
0.8715 0.1005 0.3900 206 63 197
0.8696 0.1005 0.4495 211 63 203
0.8692 0.1005 0.5099 211 63 204
0.8696 0.1005 0.5699 211 63 204
0.8710 0.1014 0.6387 254 141 247
0.8731 0.1014 0.6903 254 119 251
0.8726 0.1014 0.7502 253 113 250
0.8727 0.1014 0.8100 253 108 248
0.8732 0.1014 0.8699 252 104 246
0.8729 0.1014 0.9297 250 99 243
0.8730 0.1014 0.9900 248 93 240
0.8726 0.1014 1.0503 245 88 235
0.8730 0.1014 1.1102 241 83 231
0.8728 0.1014 1.1700 236 78 225
0.8731 0.1014 1.2303 232 74 220
0.8735 0.1014 1.2905 224 69 214
0.8734 0.1014 1.3336 173 64 179
0.8681 0.1394 -0.1218 171 112 74
0.8744 0.1549 -0.0750 251 214 115
0.8698 0.1559 0.0171 255 245 165
0.8687 0.1563 0.0899 255 250 191
0.8685 0.1564 0.1498 255 252 202
0.8693 0.1561 0.2093 255 253 215
0.8689 0.1563 0.2697 255 254 224
0.8686 0.1564 0.3306 255 254 230
0.8688 0.1563 0.3903 255 254 234
0.8687 0.1563 0.4485 255 255 236
0.8951 0.7781 -0.1222 254 249 215
0.8950 0.7780 -0.1074 254 253 236
0.8937 0.7782 0.0276 255 254 252
0.8943 0.7782 0.0944 254 254 248
0.8942 0.7782 0.1502 254 254 248
0.8941 0.7783 0.2097 254 254 247
0.8939 0.7783 0.2695 254 254 246
0.8938 0.7784 0.3302 254 254 241
0.8939 0.7783 0.3911 254 251 230
0.8945 0.7781 0.4477 245 233 195
0.8843 0.8008 -0.1221 237 206 186
0.8734 0.7853 -0.1121 254 254 252
0.8488 0.7936 0.0522 254 254 250
0.8647 0.7883 0.0912 254 254 249
0.8651 0.7881 0.1500 238 247 249
0.8648 0.7882 0.2097 254 254 248
0.8651 0.7881 0.2696 254 254 247
0.8645 0.7883 0.3300 255 254 246
0.8646 0.7883 0.3900 254 254 242
0.8643 0.7884 0.4481 253 251 231
0.8710 0.8705 -0.1236 254 247 229
0.8712 0.9304 -0.1236 254 251 239
0.8713 0.9905 -0.1236 231 175 142
0.8714 1.0503 -0.1237 227 131 72
0.8674 1.1084 -0.1237 239 148 77
0.8578 1.1673 -0.1237 241 152 80
0.8489 1.2242 -0.1237 246 183 128
0.8435 1.2867 -0.1227 246 230 220
0.8595 1.3518 -0.1216 236 204 185
0.8764 1.3768 -0.1197 220 185 174
0.8697 1.4073 -0.1214 235 203 185
0.8662 1.4127 -0.1197 212 176 165
0.8702 1.4737 -0.1212 177 134 129
0.8486 1.4743 -0.1197 151 111 114
0.8700 1.5286 -0.1211 128 80 89
0.8478 1.5035 -0.1197 122 82 95
0.8701 1.5877 -0.1210 132 81 89
0.8667 1.5759 -0.1196 125 83 95
0.8698 1.6485 -0.1209 91 69 87
0.8745 1.6722 -0.1198 81 71 92
0.8719 1.7122 -0.1208 124 99 106
0.8659 1.7069 -0.1197 107 89 102
0.8662 1.7761 -0.1206 168 137 131
0.8611 1.7465 -0.1197 147 121 122
0.8703 1.8317 -0.1205 165 134 130
0.8669 1.8159 -0.1196 148 123 125
0.8702 1.8866 -0.1209 176 150 146
0.8740 1.8835 -0.1199 151 125 126
0.8702 1.9420 -0.1208 171 147 145
0.8699 1.9506 -0.1198 132 108 114
0.8701 1.9997 -0.1207 103 81 92
0.8713 2.0200 -0.1195 78 72 95
0.8701 2.0600 -0.1206 103 80 89
0.8708 2.0842 -0.1195 79 72 93
0.8714 2.1299 -0.1235 231 137 77
0.8705 2.1239 -0.1198 81 71 93
0.8726 2.1896 -0.1235 225 130 76
0.8698 2.1864 -0.1197 82 73 94
0.8772 2.2493 -0.1235 245 219 201
0.8703 2.2583 -0.1196 144 120 123
0.8819 2.3085 -0.1235 254 253 243
0.8715 2.3348 -0.1194 142 119 123
0.8862 2.3686 -0.1234 254 252 240
0.8609 2.3549 -0.1188 132 113 121
0.8905 2.4275 -0.1234 254 250 235
0.8704 2.4171 -0.1192 138 116 122
0.8915 2.4659 -0.1229 253 245 225
0.8737 2.4706 -0.0935 82 25 80
0.8699 2.4706 0.0003 84 26 82
0.8700 2.4706 0.0926 83 25 81
0.8700 2.4706 0.1507 86 26 84
0.8700 2.4706 0.2087 84 26 82
0.8700 2.4706 0.2668 84 26 82
0.8700 2.4706 0.3300 88 27 86
0.8700 2.4706 0.3933 87 26 85
0.8700 2.4706 0.4514 85 26 87
0.8700 2.4706 0.5095 84 26 87
0.8700 2.4706 0.5675 87 27 89
0.8693 2.4706 0.6296 85 27 94
0.8709 2.4706 0.6925 83 26 95
0.8700 2.4706 0.7522 83 26 97
0.8700 2.4706 0.8102 80 26 101
0.8700 2.4706 0.8683 77 26 103
0.8700 2.4706 0.9263 77 25 104
0.8700 2.4706 0.9896 74 25 105
0.8701 2.4706 1.0529 73 25 105
0.8701 2.4706 1.1110 74 25 105
0.8701 2.4706 1.1690 68 23 103
0.8701 2.4706 1.2271 69 24 104
0.8701 2.4707 1.2677 63 22 100
0.9315 -2.5279 -0.1212 125 77 84
0.9306 -2.5294 -0.0751 81 25 79
0.9288 -2.5280 0.0178 96 30 93
0.9278 -2.5280 0.0901 100 31 98
0.9277 -2.5280 0.1503 102 32 101
0.9282 -2.5280 0.2095 105 34 107
0.9282 -2.5280 0.2696 104 34 113
0.9277 -2.5280 0.3304 103 34 119
0.9280 -2.5280 0.3900 100 34 123
0.9280 -2.5280 0.4499 95 33 125
0.9279 -2.5280 0.5100 89 31 123
0.9280 -2.5280 0.5700 85 29 121
0.9279 -2.5280 0.6301 78 27 116
0.9279 -2.5280 0.6902 74 26 114
0.9281 -2.5280 0.7499 69 25 110
0.9278 -2.5280 0.8096 67 24 108
0.9280 -2.5280 0.8699 63 23 105
0.9281 -2.5280 0.9302 62 23 104
0.9280 -2.5280 0.9901 59 22 101
0.9329 -2.5280 1.0404 58 21 100
0.9424 -2.5295 1.0852 55 21 96
0.9304 -2.5294 1.1699 58 21 99
0.9320 -2.5294 1.2216 56 21 97
0.9298 -2.5293 1.2689 58 28 101
0.9275 -2.4904 -0.1219 115 69 74
0.9380 -2.5038 -0.1196 83 63 64
0.9355 -2.4527 -0.1219 115 69 74
0.9318 -2.4300 -0.1197 83 62 64
0.9293 -2.3723 -0.1217 105 68 76
0.9171 -2.3568 -0.1198 83 63 65
0.9314 -2.3070 -0.1218 124 82 84
0.9459 -2.3276 -0.1198 86 66 68
0.9301 -2.2495 -0.1219 212 176 153
0.9417 -2.2599 -0.1194 148 123 118
0.9244 -2.1680 -0.1234 220 180 151
0.9145 -2.1792 -0.1196 161 131 125
0.9252 -2.1366 -0.1235 213 172 144
0.9269 -2.1343 -0.1196 143 117 113
0.9303 -2.0687 -0.1217 209 172 149
0.9467 -2.0776 -0.1195 131 107 104
0.9300 -2.0086 -0.1218 123 75 78
0.9155 -2.0017 -0.1196 86 67 72
0.9163 -1.9465 -0.1234 110 59 57
0.9252 -1.9493 -0.1196 81 64 69
0.9109 -1.8788 -0.1234 227 133 72
0.9472 -1.8969 -0.1196 80 64 69
0.9237 -1.8263 -0.1235 226 132 70
0.9157 -1.8242 -0.1197 84 65 69
0.9289 -1.7696 -0.1235 252 244 234
0.9301 -1.7671 -0.1198 136 109 103
0.9287 -1.7092 -0.1236 254 253 245
0.9371 -1.7148 -0.1198 142 113 105
0.9495 -1.6299 -0.1237 254 254 253
0.9187 -1.6513 -0.1199 223 185 165
0.9319 -1.5880 -0.1237 254 254 254
0.9397 -1.5902 -0.1199 226 191 172
0.9292 -1.5309 -0.1236 245 186 138
0.9398 -1.5432 -0.1198 186 140 122
0.9294 -1.4710 -0.1235 237 142 74
0.9441 -1.4732 -0.1196 128 76 69
0.9288 -1.4112 -0.1234 232 137 73
0.9178 -1.3987 -0.1198 126 77 72
0.9461 -1.3328 -0.1237 244 160 83
0.9248 -1.3476 -0.1198 140 105 78
0.9307 -1.2895 -0.1237 249 211 175
0.9467 -1.2957 -0.1199 143 104 104
0.9291 -1.2309 -0.1236 254 254 249
0.9289 -1.1706 -0.1235 254 253 245
0.9185 -1.1222 -0.1234 254 252 242
0.9422 -1.0371 -0.1237 241 180 132
0.9300 -0.9915 -0.1237 232 153 97
0.9000 -0.9895 0.1450 255 255 240
0.9005 -0.9875 0.4609 255 255 249
0.9360 -0.9321 -0.1236 233 174 129
0.9428 -0.8737 -0.1235 233 196 162
0.9577 -0.8546 -0.1199 171 110 55
0.9401 -0.8361 -0.1231 252 244 200
0.9397 -0.7405 -0.1237 252 240 212
0.9331 -0.6913 -0.1236 251 237 205
0.9340 -0.6312 -0.1236 250 237 207
0.9335 -0.5726 -0.1235 249 237 209
0.9211 -0.5304 -0.1233 248 246 219
0.9477 -0.4316 -0.1219 120 74 82
0.9390 -0.4661 0.0253 192 146 134
0.9390 -0.4661 0.0903 176 130 135
0.9390 -0.4661 0.1512 104 32 101
0.9390 -0.4661 0.2099 106 34 106
0.9391 -0.4661 0.2687 109 35 113
0.9391 -0.4661 0.3295 108 35 119
0.9391 -0.4661 0.3904 107 36 125
0.9391 -0.4661 0.4471 100 33 126
0.9287 -0.3891 -0.1216 143 81 80
0.9323 -0.3308 -0.1216 144 81 79
0.9364 -0.2699 -0.1216 234 202 182
0.9315 -0.2632 -0.1193 131 108 110
0.9359 -0.2086 -0.1216 240 207 184
0.9220 -0.2066 -0.1193 130 106 109
0.9249 -0.1542 -0.1216 240 208 185
0.9168 -0.1645 -0.1193 132 108 110
0.9223 -0.0914 -0.1217 217 181 157
0.9482 -0.0773 -0.1192 135 104 115
0.9152 -0.0952 0.0052 173 53 157
0.9165 -0.0955 0.0915 180 59 166
0.9397 -0.0984 0.1534 254 252 225
0.9402 -0.0984 0.2090 253 251 221
0.9403 -0.0984 0.2697 253 249 211
0.9401 -0.0984 0.3304 252 243 194
0.9397 -0.0984 0.3898 237 211 150
0.9401 -0.0984 0.4498 127 102 73
0.9400 -0.0984 0.5101 66 52 45
0.9402 -0.0984 0.5702 66 53 46
0.9399 -0.0984 0.6301 67 53 46
0.9401 -0.0985 0.6901 68 54 48
0.9402 -0.0985 0.7498 67 55 48
0.9372 -0.0985 0.8123 67 57 50
0.9285 -0.0985 0.8702 69 19 85
0.9284 -0.0985 0.9303 70 19 87
0.9285 -0.0985 0.9902 70 19 87
0.9324 -0.0985 1.0408 70 19 87
0.9291 -0.0982 1.1099 70 19 87
0.9293 -0.0982 1.1699 70 19 87
0.9367 -0.0982 1.2116 70 19 87
0.9286 -0.0979 1.2902 71 19 88
0.9304 -0.0979 1.3472 71 19 88
0.9448 -0.0976 1.3928 99 26 106
0.9289 -0.0971 1.4702 127 32 121
0.9283 -0.0971 1.5145 98 25 103
0.9281 -0.0003 -0.1217 128 82 84
0.9319 -0.0445 -0.1193 182 52 162
0.9346 0.0907 -0.1217 112 68 75
0.9294 0.1020 0.0484 255 254 254
0.9321 0.1005 0.1041 238 84 223
0.9312 0.1005 0.1501 234 80 218
0.9314 0.1005 0.2103 224 72 206
0.9317 0.1005 0.2701 211 63 192
0.9320 0.1005 0.3298 177 49 164
0.9322 0.1005 0.3898 168 48 165
0.9270 0.1005 0.4506 211 63 203
0.9267 0.1005 0.5101 211 63 202
0.9271 0.1005 0.5700 211 63 203
0.9270 0.1014 0.6452 253 143 244
0.9296 0.1014 0.6897 253 114 250
0.9294 0.1014 0.7499 253 110 248
0.9296 0.1014 0.8102 252 105 247
0.9295 0.1014 0.8699 251 100 244
0.9294 0.1014 0.9301 249 96 241
0.9299 0.1014 0.9904 247 91 238
0.9293 0.1014 1.0501 244 86 234
0.9296 0.1014 1.1099 240 82 229
0.9296 0.1014 1.1701 236 77 225
0.9298 0.1014 1.2300 230 73 219
0.9295 0.1014 1.2901 224 69 214
0.9293 0.1014 1.3337 162 64 172
0.9397 0.1322 -0.1217 209 150 80
0.9293 0.1625 -0.0695 254 248 218
0.9316 0.1654 0.0010 255 254 229
0.9309 0.1645 0.0830 255 254 224
0.9138 0.1410 0.1511 255 251 196
0.9138 0.1410 0.2117 255 252 206
0.9138 0.1410 0.2701 255 253 216
0.9138 0.1410 0.3285 255 254 224
0.9138 0.1410 0.3892 255 254 228
0.9136 0.1411 0.4483 255 254 232
0.9544 0.2023 -0.1217 136 92 83
0.9486 0.2144 -0.0737 250 249 235
0.9474 0.2112 0.0003 254 254 232
0.9471 0.2099 0.0798 254 251 229
0.9518 0.2098 0.1502 253 143 251
0.9521 0.2107 0.2100 254 141 251
0.9517 0.2094 0.2699 254 138 253
0.9520 0.2103 0.3298 254 134 253
0.9517 0.2095 0.3897 254 136 253
0.9518 0.2096 0.4482 254 134 253
0.9385 0.7698 -0.1218 237 207 182
0.9449 0.7644 -0.0899 196 158 145
0.9448 0.7646 0.0015 180 139 130
0.9436 0.7649 0.0897 100 48 101
0.9436 0.7649 0.1490 100 47 102
0.9432 0.7650 0.2091 101 49 104
0.9430 0.7651 0.2692 98 47 104
0.9426 0.7652 0.3293 99 48 108
0.9425 0.7653 0.3894 96 45 109
0.9421 0.7654 0.4492 94 43 112
0.9298 0.8084 -0.1220 233 196 176
0.9443 0.8529 -0.1222 233 198 177
0.9247 0.9283 -0.1237 254 251 238
0.9151 0.9872 -0.1237 239 190 153
0.9067 1.0412 -0.1237 225 129 70
0.9490 1.1249 -0.1234 230 136 73
0.9338 1.1732 -0.1235 233 140 75
0.9365 1.2361 -0.1220 222 186 170
0.9467 1.2813 -0.1220 221 185 172
0.9307 1.3500 -0.1237 254 254 251
0.9122 1.4105 -0.1218 238 212 197
0.9272 1.4702 -0.1213 179 135 130
0.9251 1.4768 -0.1195 152 107 108
0.9359 1.5348 -0.1211 134 81 88
0.9113 1.5283 -0.1199 119 83 97
0.9254 1.5871 -0.1210 132 81 89
0.9200 1.5779 -0.1197 121 84 96
0.9310 1.6423 -0.1209 90 70 88
0.9280 1.6623 -0.1199 82 70 91
0.9327 1.7071 -0.1208 120 94 102
0.9284 1.7296 -0.1197 131 106 110
0.9267 1.7756 -0.1206 165 135 130
0.9466 1.7904 -0.1195 142 117 121
0.9282 1.8264 -0.1205 163 132 129
0.9203 1.8056 -0.1195 145 119 123
0.9292 1.8811 -0.1208 174 147 143
0.9339 1.8762 -0.1199 151 124 125
0.9307 1.9362 -0.1207 171 146 144
0.9272 1.9443 -0.1198 139 114 118
0.9279 1.9945 -0.1207 110 86 92
0.9291 2.0144 -0.1196 79 71 93
0.9291 2.0546 -0.1206 105 82 89
0.9319 2.0831 -0.1194 78 72 93
0.9317 2.1298 -0.1236 239 149 81
0.9306 2.1164 -0.1198 81 71 93
0.9309 2.1900 -0.1236 235 144 80
0.9315 2.1809 -0.1197 81 72 93
0.9315 2.2501 -0.1236 249 226 206
0.9287 2.2522 -0.1195 143 118 122
0.9313 2.3100 -0.1236 254 253 244
0.9303 2.3286 -0.1194 139 116 121
0.9313 2.3698 -0.1235 254 251 236
0.9337 2.3694 -0.1181 125 108 118
0.9313 2.4300 -0.1235 254 250 235
0.9313 2.4107 -0.1192 139 117 122
0.9313 2.4659 -0.1228 253 244 223
0.9275 2.4706 -0.0913 80 25 79
0.9242 2.4706 -0.0003 82 25 80
0.9244 2.4706 0.0923 81 25 79
0.9244 2.4706 0.1504 85 26 82
0.9244 2.4706 0.2086 82 25 81
0.9244 2.4706 0.2667 81 25 80
0.9243 2.4706 0.3302 84 26 82
0.9244 2.4706 0.3937 84 26 83
0.9244 2.4706 0.4518 83 25 85
0.9244 2.4706 0.5100 82 25 85
0.9244 2.4706 0.5681 86 27 89
0.9244 2.4706 0.6260 83 26 92
0.9244 2.4706 0.6895 81 26 95
0.9244 2.4706 0.7532 81 26 96
0.9244 2.4706 0.8114 79 26 101
0.9244 2.4706 0.8695 76 25 103
0.9244 2.4706 0.9274 75 25 103
0.9231 2.4706 0.9878 72 24 104
0.9257 2.4706 1.0511 73 25 104
0.9244 2.4706 1.1128 71 24 104
0.9245 2.4706 1.1709 68 23 103
0.9244 2.4706 1.2289 68 23 103
0.9252 2.4706 1.2693 63 22 101
0.9791 -2.5238 -0.1214 107 69 80
0.9912 -2.5294 -0.0758 79 25 78
0.9903 -2.5279 0.0107 90 28 88
0.9894 -2.5279 0.0899 95 30 94
0.9895 -2.5279 0.1502 96 30 97
0.9899 -2.5279 0.2102 98 31 102
0.9887 -2.5279 0.2696 99 32 110
0.9897 -2.5279 0.3296 101 33 117
0.9891 -2.5279 0.3900 99 33 123
0.9896 -2.5279 0.4503 93 32 123
0.9893 -2.5279 0.5103 87 30 122
0.9896 -2.5279 0.5701 83 29 119
0.9894 -2.5279 0.6299 78 27 116
0.9895 -2.5279 0.6898 73 26 113
0.9892 -2.5279 0.7500 69 25 109
0.9895 -2.5279 0.8102 66 24 107
0.9895 -2.5279 0.8700 63 23 104
0.9895 -2.5279 0.9299 62 23 103
0.9894 -2.5279 0.9899 59 22 100
0.9895 -2.5279 1.0497 58 21 99
1.0014 -2.5279 1.0928 58 21 99
0.9912 -2.5294 1.1704 57 21 98
0.9919 -2.5294 1.2271 56 21 97
0.9924 -2.5293 1.2699 57 30 100
0.9922 -2.4885 -0.1218 169 130 119
0.9868 -2.4790 -0.1197 103 80 77
0.9893 -2.4409 -0.1219 165 125 116
0.9862 -2.4259 -0.1196 107 85 83
0.9907 -2.3670 -0.1216 160 121 112
0.9979 -2.3797 -0.1197 123 96 89
0.9896 -2.3117 -0.1218 159 120 112
0.9931 -2.3066 -0.1199 115 89 84
0.9884 -2.2497 -0.1219 152 113 107
0.9710 -2.2368 -0.1194 141 113 109
0.9736 -2.1689 -0.1232 191 145 123
0.9880 -2.1909 -0.1194 116 89 87
1.0028 -2.1194 -0.1237 175 122 100
1.0066 -2.1383 -0.1193 93 74 75
0.9994 -2.0708 -0.1237 205 154 125
0.9696 -2.0528 -0.1196 136 106 102
1.0014 -2.0108 -0.1237 218 174 145
0.9820 -2.0050 -0.1195 93 73 74
1.0033 -1.9502 -0.1237 234 197 169
1.0064 -1.9505 -0.1195 116 92 89
1.0049 -1.8902 -0.1237 246 218 191
0.9821 -1.8866 -0.1195 102 78 80
1.0066 -1.8307 -0.1237 251 235 217
0.9808 -1.8289 -0.1196 100 77 77
1.0084 -1.7710 -0.1237 240 163 100
1.0051 -1.7723 -0.1196 106 82 80
1.0116 -1.6891 -0.1237 249 208 168
0.9754 -1.7017 -0.1197 131 103 96
0.9926 -1.6476 -0.1237 253 242 230
0.9860 -1.6496 -0.1198 194 144 124
0.9889 -1.5909 -0.1236 253 244 236
1.0058 -1.5978 -0.1197 159 108 91
0.9893 -1.5310 -0.1235 244 190 145
0.9779 -1.5236 -0.1199 162 109 92
0.9896 -1.4711 -0.1234 236 154 97
0.9999 -1.4692 -0.1199 190 143 123
1.0074 -1.3918 -0.1237 250 203 153
1.0025 -1.4236 -0.1198 191 147 129
0.9910 -1.3489 -0.1237 247 175 108
0.9961 -1.3599 -0.1197 226 178 112
0.9891 -1.2907 -0.1236 246 204 168
0.9811 -1.2802 -0.1199 149 121 119
0.9893 -1.2311 -0.1235 251 239 226
0.9837 -1.2297 -0.1199 102 84 91
0.9798 -1.1820 -0.1235 254 250 237
1.0083 -1.1856 -0.1199 84 71 84
1.0029 -1.0955 -0.1237 250 226 206
0.9894 -1.0506 -0.1237 248 214 185
1.0123 -1.0461 -0.1199 111 86 93
0.9891 -0.9912 -0.1236 231 148 94
0.9969 -0.9921 -0.1199 107 84 92
0.9889 -0.9311 -0.1235 224 140 91
0.9801 -0.9332 -0.1199 89 70 85
0.9778 -0.8833 -0.1234 211 117 69
0.9661 -0.8841 -0.1199 81 66 84
0.9999 -0.7990 -0.1237 227 180 150
0.9891 -0.7511 -0.1237 246 228 204
0.9893 -0.6909 -0.1236 243 215 185
0.9882 -0.6318 -0.1235 242 214 185
0.9966 -0.5637 -0.1236 224 187 157
1.0140 -0.5093 -0.1237 191 150 128
1.0128 -0.4506 -0.1236 175 134 117
1.0116 -0.3897 -0.1235 163 119 105
1.0105 -0.3384 -0.1234 154 111 101
0.9940 -0.2702 -0.1219 212 168 147
0.9787 -0.2687 -0.1193 121 99 103
0.9985 -0.2092 -0.1219 200 151 134
1.0042 -0.2112 -0.1191 99 80 88
1.0020 -0.1481 -0.1219 179 130 116
0.9916 -0.1501 -0.1191 105 85 92
1.0040 -0.0926 -0.1219 170 121 106
0.9750 -0.0995 -0.1191 124 97 106
1.0016 -0.0943 0.0067 150 42 137
1.0076 -0.0944 0.0902 151 43 139
1.0080 -0.0987 0.1530 252 100 243
1.0080 -0.0987 0.2102 250 95 239
1.0080 -0.0987 0.2709 247 88 233
1.0080 -0.0987 0.3302 240 79 223
1.0081 -0.0987 0.3895 226 67 205
1.0079 -0.0987 0.4498 191 51 171
1.0080 -0.0987 0.5099 107 27 110
1.0081 -0.0987 0.5701 71 19 88
1.0080 -0.0987 0.6300 71 19 88
1.0080 -0.0987 0.6901 71 19 87
1.0080 -0.0987 0.7502 70 19 87
1.0080 -0.0987 0.8101 70 19 87
1.0081 -0.0987 0.8701 70 19 87
1.0085 -0.0987 0.9211 70 19 87
0.9890 -0.0984 0.9898 70 19 87
0.9891 -0.0984 1.0499 70 19 87
1.0023 -0.0984 1.0892 70 19 87
0.9894 -0.0981 1.1701 70 19 87
0.9926 -0.0981 1.2255 70 19 87
1.0078 -0.0980 1.2711 82 21 93
0.9890 -0.0978 1.3500 73 19 89
0.9946 -0.0978 1.3949 72 19 89
0.9887 -0.0970 1.4701 157 39 142
0.9880 -0.0970 1.5142 138 34 128
1.0010 -0.0023 -0.1219 190 143 122
0.9755 -0.0489 -0.1195 160 66 142
1.0070 0.0887 -0.1219 207 166 142
0.9874 0.1021 0.0415 255 254 254
0.9891 0.1021 0.0900 255 254 254
0.9906 0.1021 0.1488 248 242 223
0.9923 0.1021 0.2100 183 133 83
0.9919 0.1021 0.2701 184 134 83
0.9905 0.1021 0.3302 185 135 85
0.9749 0.1013 0.4044 197 98 144
0.9614 0.1006 0.4500 209 65 198
0.9616 0.1006 0.5101 210 66 198
0.9618 0.1006 0.5702 210 66 198
0.9826 0.1014 0.6507 251 155 238
0.9879 0.1014 0.6904 253 112 249
0.9881 0.1014 0.7501 253 107 248
0.9886 0.1014 0.8098 252 102 245
0.9881 0.1014 0.8696 250 98 242
0.9882 0.1014 0.9298 249 94 240
0.9883 0.1014 0.9900 246 89 237
0.9881 0.1014 1.0502 243 85 233
0.9882 0.1014 1.1104 240 81 229
0.9885 0.1014 1.1702 234 76 223
0.9882 0.1014 1.2298 229 72 218
0.9884 0.1015 1.2897 224 69 214
0.9874 0.1015 1.3333 174 65 180
1.0100 0.1370 -0.1219 233 194 133
0.9923 0.2101 -0.1219 158 117 109
0.9614 0.2359 -0.0884 243 215 133
0.9613 0.2357 0.0005 253 239 170
0.9612 0.2357 0.0893 254 244 186
0.9612 0.2357 0.1492 254 246 192
0.9612 0.2357 0.2090 255 248 198
0.9604 0.2329 0.2677 206 165 107
0.9608 0.2343 0.3286 208 168 110
0.9613 0.2357 0.3893 208 167 108
0.9618 0.2371 0.4498 216 160 137
0.9929 0.2677 -0.1220 160 117 107
0.9692 0.2751 -0.0814 252 249 232
0.9689 0.2744 -0.0000 253 251 231
0.9688 0.2739 0.0782 250 247 225
0.9713 0.2671 0.1490 156 120 78
0.9714 0.2672 0.2102 155 119 79
0.9714 0.2674 0.2716 145 111 74
0.9715 0.2675 0.3306 148 114 76
0.9715 0.2675 0.3896 142 111 74
0.9716 0.2678 0.4485 170 117 123
1.0068 0.3462 -0.1218 157 111 79
0.9926 0.3436 -0.0718 197 149 86
0.9906 0.3373 -0.0007 197 152 92
0.9903 0.3365 0.0719 159 128 94
0.9890 0.3193 0.1503 208 167 106
0.9893 0.3200 0.2107 208 170 110
0.9891 0.3194 0.2711 203 160 102
0.9891 0.3195 0.3303 202 161 103
0.9893 0.3202 0.3907 194 150 95
0.9892 0.3197 0.4487 207 143 137
1.0130 0.3871 -0.1220 192 133 71
1.0098 0.3938 -0.0702 194 146 84
1.0081 0.3890 -0.0002 197 152 93
1.0076 0.3872 0.0692 171 132 100
1.0107 0.3831 0.1505 211 174 114
1.0108 0.3832 0.2115 217 184 120
1.0108 0.3833 0.2703 213 171 109
1.0108 0.3833 0.3292 212 171 109
1.0110 0.3840 0.3891 205 163 103
1.0109 0.3835 0.4468 213 151 139
0.9912 0.7666 -0.1219 179 133 122
0.9662 0.7538 -0.0927 254 246 209
0.9887 0.7459 0.0350 254 254 253
0.9660 0.7538 0.1015 255 252 228
0.9664 0.7537 0.1498 254 251 227
0.9662 0.7538 0.2101 254 249 223
0.9660 0.7538 0.2706 251 242 208
0.9659 0.7539 0.3305 232 213 175
0.9657 0.7540 0.3901 186 162 133
0.9655 0.7540 0.4479 174 153 127
0.9876 0.8125 -0.1219 186 138 126
0.9933 0.8680 -0.1220 175 126 116
1.0036 0.9171 -0.1228 168 112 100
1.0111 1.0073 -0.1235 240 227 217
1.0029 1.0575 -0.1234 249 234 219
0.9915 1.1110 -0.1235 244 201 169
0.9910 1.1705 -0.1236 247 205 171
0.9840 1.2476 -0.1224 230 191 170
0.9947 1.2931 -0.1218 185 142 134
1.0028 1.3358 -0.1219 157 119 121
1.0127 1.4304 -0.1235 233 141 81
0.9779 1.4796 -0.1220 179 120 104
0.9870 1.5380 -0.1213 148 96 98
0.9875 1.5447 -0.1193 147 104 106
0.9880 1.5935 -0.1210 148 97 99
0.9659 1.5898 -0.1197 125 86 97
0.9921 1.6523 -0.1209 100 77 91
0.9834 1.6560 -0.1197 82 75 96
0.9877 1.7122 -0.1207 118 91 99
0.9863 1.7184 -0.1198 109 90 101
0.9880 1.7692 -0.1206 156 126 123
0.9904 1.7874 -0.1196 134 109 115
0.9903 1.8199 -0.1205 148 117 117
0.9976 1.8423 -0.1192 116 96 108
0.9918 1.8751 -0.1208 162 123 114
0.9930 1.8692 -0.1199 134 109 114
0.9940 1.9286 -0.1208 161 126 118
0.9884 1.9371 -0.1198 135 112 117
0.9868 1.9887 -0.1206 124 96 98
0.9912 2.0069 -0.1196 90 77 95
0.9855 2.0495 -0.1206 111 87 92
0.9920 2.0799 -0.1194 87 76 95
0.9782 2.1313 -0.1237 244 159 85
0.9905 2.1149 -0.1198 91 77 94
0.9833 2.1902 -0.1237 242 160 96
0.9929 2.1801 -0.1196 93 79 97
0.9885 2.2504 -0.1237 247 211 184
0.9865 2.2459 -0.1196 128 105 112
0.9915 2.3098 -0.1237 247 216 191
0.9904 2.3222 -0.1194 126 104 113
0.9913 2.3698 -0.1237 242 209 181
0.9973 2.3751 -0.1187 113 96 108
0.9915 2.4296 -0.1236 237 205 181
0.9832 2.4058 -0.1192 135 112 118
0.9913 2.4660 -0.1229 233 198 172
0.9848 2.4706 -0.0936 78 24 77
0.9847 2.4706 -0.0008 80 24 78
0.9848 2.4706 0.0919 79 24 78
0.9848 2.4706 0.1502 82 25 80
0.9848 2.4706 0.2085 81 25 79
0.9848 2.4706 0.2667 81 25 80
0.9848 2.4706 0.3304 83 25 82
0.9848 2.4706 0.3940 82 25 82
0.9848 2.4706 0.4523 82 25 84
0.9848 2.4706 0.5106 82 25 85
0.9848 2.4706 0.5688 84 26 87
0.9849 2.4706 0.6268 81 26 91
0.9840 2.4706 0.6895 80 25 95
0.9857 2.4706 0.7531 80 26 96
0.9849 2.4706 0.8126 78 25 100
0.9848 2.4706 0.8709 76 25 101
0.9849 2.4706 0.9289 74 25 103
0.9849 2.4706 0.9870 72 24 103
0.9836 2.4706 1.0488 72 24 104
0.9862 2.4706 1.1123 70 24 104
0.9849 2.4706 1.1730 67 23 103
0.9849 2.4706 1.2310 65 23 102
0.9851 2.4706 1.2715 62 22 100
1.0533 -2.5274 -0.1213 155 112 109
1.0507 -2.5294 -0.0784 76 24 76
1.0521 -2.5278 0.0038 85 26 84
1.0513 -2.5278 0.0902 89 28 90
1.0519 -2.5278 0.1500 90 28 92
1.0512 -2.5278 0.2108 92 29 98
1.0517 -2.5278 0.2712 95 31 108
1.0515 -2.5278 0.3303 96 32 114
1.0514 -2.5278 0.3902 95 32 120
1.0517 -2.5278 0.4500 91 31 121
1.0514 -2.5278 0.5098 86 30 121
1.0517 -2.5278 0.5699 82 29 118
1.0513 -2.5278 0.6300 77 27 115
1.0516 -2.5278 0.6901 72 26 112
1.0516 -2.5278 0.7500 69 25 109
1.0515 -2.5278 0.8101 66 24 107
1.0514 -2.5278 0.8702 63 23 104
1.0516 -2.5278 0.9300 62 23 103
1.0516 -2.5278 0.9901 59 22 100
1.0517 -2.5278 1.0502 58 22 98
1.0530 -2.5278 1.1076 57 21 97
1.0706 -2.5279 1.1481 56 21 97
1.0498 -2.5294 1.2300 56 21 97
1.0611 -2.5293 1.2639 55 21 95
1.0493 -2.4902 -0.1218 204 166 146
1.0593 -2.5066 -0.1199 144 114 104
1.0481 -2.4403 -0.1219 205 166 146
1.0471 -2.4314 -0.1197 139 112 103
1.0488 -2.3710 -0.1216 196 160 141
1.0427 -2.3553 -0.1198 144 117 109
1.0509 -2.3076 -0.1217 187 147 131
1.0599 -2.3158 -0.1198 132 105 99
1.0654 -2.2346 -0.1227 106 64 69
1.0556 -2.2611 -0.1199 88 68 68
1.0598 -2.1816 -0.1236 125 65 56
1.0687 -2.2022 -0.1193 88 68 71
1.0482 -2.1301 -0.1236 145 74 55
1.0243 -2.1142 -0.1193 93 70 71
1.0486 -2.0700 -0.1236 176 102 73
1.0387 -2.0723 -0.1193 83 67 69
1.0491 -2.0092 -0.1236 253 243 221
1.0668 -2.0111 -0.1193 124 100 96
1.0485 -1.9497 -0.1236 254 249 232
1.0280 -1.9306 -0.1197 173 141 131
1.0487 -1.8909 -0.1236 254 253 243
1.0369 -1.8852 -0.1195 135 109 104
1.0488 -1.8299 -0.1236 254 254 248
1.0634 -1.8268 -0.1195 133 107 102
1.0715 -1.7478 -0.1237 239 149 78
1.0457 -1.7626 -0.1194 93 72 72
1.0532 -1.7067 -0.1237 240 150 78
1.0364 -1.7079 -0.1197 82 63 66
1.0491 -1.6509 -0.1236 239 148 76
1.0613 -1.6509 -0.1196 124 75 67
1.0491 -1.5911 -0.1235 236 142 74
1.0488 -1.5876 -0.1197 126 76 67
1.0491 -1.5309 -0.1234 247 216 191
1.0452 -1.5294 -0.1198 196 153 136
1.0687 -1.4510 -0.1237 255 254 253
1.0647 -1.4721 -0.1198 226 185 153
1.0516 -1.4085 -0.1237 254 254 253
1.0334 -1.4102 -0.1198 245 198 114
1.0492 -1.3508 -0.1236 254 254 252
1.0697 -1.3597 -0.1196 224 190 175
1.0492 -1.2907 -0.1235 242 196 163
1.0652 -1.2750 -0.1199 115 82 90
1.0407 -1.2400 -0.1235 227 132 71
1.0637 -1.2281 -0.1199 83 67 84
1.0643 -1.1547 -0.1237 242 155 79
1.0442 -1.1669 -0.1199 79 66 83
1.0497 -1.1101 -0.1237 241 151 77
1.0333 -1.1101 -0.1199 86 69 83
1.0491 -1.0508 -0.1236 242 181 135
1.0577 -1.0556 -0.1199 148 115 115
1.0491 -0.9907 -0.1235 254 254 246
1.0673 -0.9891 -0.1197 173 144 137
1.0388 -0.9426 -0.1234 254 253 242
1.0501 -0.9285 -0.1197 146 118 118
1.0612 -0.8581 -0.1237 254 254 248
1.0328 -0.8679 -0.1197 148 115 105
1.0490 -0.8112 -0.1237 248 231 213
1.0227 -0.8326 -0.1197 178 117 60
1.0493 -0.7512 -0.1236 200 107 65
1.0486 -0.6914 -0.1235 190 100 65
1.0355 -0.6453 -0.1234 182 95 64
1.0579 -0.5610 -0.1237 159 86 64
1.0490 -0.5112 -0.1237 242 213 182
1.0491 -0.4509 -0.1236 236 203 173
1.0475 -0.3929 -0.1235 231 196 166
1.0331 -0.3485 -0.1234 223 188 161
1.0445 -0.2704 -0.1218 155 94 88
1.0357 -0.2649 -0.1191 83 70 82
1.0470 -0.2104 -0.1218 146 80 77
1.0480 -0.2163 -0.1192 77 67 82
1.0515 -0.1489 -0.1218 124 71 74
1.0594 -0.1365 -0.1190 78 67 81
1.0524 -0.0870 -0.1218 119 69 73
1.0583 -0.0879 -0.1190 74 64 78
1.0569 -0.0938 -0.0038 146 47 139
1.0469 -0.0982 0.0884 254 131 253
1.0504 -0.0986 0.1537 254 113 249
1.0500 -0.0986 0.2102 253 109 248
1.0504 -0.0986 0.2697 252 103 245
1.0499 -0.0986 0.3296 250 95 240
1.0503 -0.0986 0.3900 245 86 231
1.0502 -0.0986 0.4500 234 75 216
1.0502 -0.0986 0.5100 208 59 188
1.0503 -0.0986 0.5700 146 38 139
1.0501 -0.0986 0.6301 86 22 97
1.0502 -0.0986 0.6903 70 19 87
1.0501 -0.0986 0.7502 70 19 87
1.0502 -0.0986 0.8100 70 19 87
1.0502 -0.0986 0.8700 70 19 87
1.0511 -0.0986 0.9289 70 19 87
1.0677 -0.0986 0.9670 70 19 88
1.0487 -0.0983 1.0501 70 19 87
1.0520 -0.0983 1.1020 70 19 87
1.0511 -0.0980 1.1699 80 21 93
1.0511 -0.0980 1.2301 70 19 88
1.0579 -0.0980 1.2733 71 19 88
1.0494 -0.0978 1.3502 113 28 112
1.0509 -0.0978 1.4076 75 20 90
1.0671 -0.0976 1.4490 91 24 100
1.0490 -0.0970 1.5146 161 41 145
1.0501 -0.0005 -0.1218 208 169 147
1.0511 -0.0474 -0.1190 171 48 153
1.0452 0.0905 -0.1219 220 182 156
1.0207 0.1022 0.0345 255 254 254
1.0237 0.1023 0.0790 255 244 253
1.0271 0.1024 0.1552 255 246 252
1.0236 0.1024 0.2111 255 247 246
1.0272 0.1021 0.2857 193 147 102
1.0263 0.1022 0.3296 189 141 91
1.0253 0.1021 0.3889 189 140 91
1.0246 0.1022 0.4494 188 140 88
1.0235 0.1021 0.5101 189 142 91
1.0228 0.1022 0.5717 191 143 95
1.0273 0.1017 0.6474 233 217 188
1.0483 0.1015 0.6909 253 116 245
1.0490 0.1015 0.7499 252 103 246
1.0490 0.1015 0.8097 251 100 244
1.0493 0.1015 0.8700 249 96 242
1.0491 0.1015 0.9299 247 91 238
1.0487 0.1015 0.9902 245 87 235
1.0494 0.1015 1.0505 242 83 231
1.0487 0.1015 1.1103 238 79 227
1.0491 0.1015 1.1701 234 76 223
1.0486 0.1015 1.2298 229 72 218
1.0493 0.1015 1.2902 223 68 213
1.0485 0.1015 1.3350 162 64 172
1.0500 0.1418 -0.1218 235 197 139
1.0509 0.2091 -0.1220 203 164 142
1.0642 0.2860 -0.1220 92 69 86
1.0512 0.3318 -0.1219 88 69 88
1.0499 0.3403 -0.1199 86 72 94
1.0492 0.3872 -0.1219 100 77 86
1.0211 0.4115 -0.0821 227 182 111
1.0215 0.4129 0.0003 236 198 125
1.0222 0.4148 0.0883 204 175 134
1.0226 0.4159 0.1486 201 177 138
1.0230 0.4171 0.2086 233 208 147
1.0234 0.4183 0.2685 238 203 134
1.0237 0.4192 0.3210 238 205 137
1.0226 0.4163 0.3886 254 245 186
1.0226 0.4164 0.4479 254 231 186
1.0545 0.4491 -0.1218 136 103 92
1.0297 0.4525 -0.0765 194 147 88
1.0290 0.4505 -0.0000 198 153 93
1.0281 0.4478 0.0674 215 143 141
1.0310 0.4427 0.1495 179 153 119
1.0308 0.4423 0.2090 216 186 127
1.0309 0.4423 0.2696 220 178 113
1.0308 0.4422 0.3304 219 178 114
1.0309 0.4425 0.3898 214 173 111
1.0308 0.4421 0.4493 221 156 150
1.0614 0.5054 -0.1218 187 149 113
1.0504 0.5134 -0.0838 199 154 95
1.0499 0.5119 0.0003 198 153 94
1.0465 0.5018 0.0646 198 155 96
1.0535 0.5091 0.1497 218 190 136
1.0532 0.5080 0.2092 222 196 139
1.0534 0.5086 0.2696 231 195 128
1.0532 0.5081 0.3298 226 187 121
1.0532 0.5081 0.3901 217 175 110
1.0534 0.5088 0.4489 223 155 147
1.0745 0.5735 -0.1215 194 149 94
1.0702 0.5718 -0.0891 197 151 92
1.0701 0.5716 -0.0003 197 153 94
1.0689 0.5661 0.0700 230 154 167
1.0736 0.5681 0.1498 237 210 146
1.0734 0.5676 0.2095 230 208 149
1.0734 0.5676 0.2701 236 201 132
1.0736 0.5680 0.3297 230 189 120
1.0735 0.5677 0.3893 225 183 116
1.0735 0.5677 0.4479 228 162 151
1.0757 0.7188 -0.1220 192 166 154
1.0736 0.7176 -0.0899 255 254 246
1.0717 0.7176 0.0412 255 255 253
1.0717 0.7176 0.0899 254 254 253
1.0716 0.7176 0.1493 254 254 254
1.0717 0.7176 0.2101 254 254 254
1.0716 0.7176 0.2705 255 255 254
1.0716 0.7176 0.3295 254 254 254
1.0718 0.7176 0.3896 254 254 254
1.0778 0.7186 0.4607 125 84 143
1.0513 0.7561 -0.1218 133 80 82
1.0442 0.7276 -0.0899 255 254 244
1.0406 0.7282 0.0390 254 254 253
1.0415 0.7279 0.0898 254 254 254
1.0414 0.7279 0.1501 254 254 254
1.0412 0.7280 0.2106 254 254 254
1.0412 0.7280 0.2709 254 254 254
1.0415 0.7279 0.3305 254 254 254
1.0413 0.7280 0.3900 254 254 254
1.0412 0.7280 0.4481 254 254 254
1.0493 0.8096 -0.1218 130 78 82
1.0511 0.8708 -0.1219 131 78 81
1.0559 0.9249 -0.1220 133 79 81
1.0561 0.9940 -0.1235 249 223 200
1.0512 1.0505 -0.1235 254 254 250
1.0510 1.1107 -0.1236 254 254 251
1.0512 1.1709 -0.1237 254 254 253
1.0411 1.2248 -0.1237 251 225 202
1.0360 1.2979 -0.1222 151 98 86
1.0566 1.3493 -0.1217 126 80 87
1.0674 1.3948 -0.1219 135 86 86
1.0509 1.4709 -0.1236 242 177 129
1.0366 1.5407 -0.1224 235 216 207
1.0379 1.5881 -0.1215 233 204 190
1.0472 1.6482 -0.1210 183 153 145
1.0441 1.6504 -0.1192 103 95 112
1.0517 1.7156 -0.1208 131 103 107
1.0282 1.7064 -0.1192 81 80 99
1.0487 1.7647 -0.1206 89 72 90
1.0435 1.7788 -0.1196 87 78 101
1.0508 1.8137 -0.1206 88 72 90
1.0496 1.8482 -0.1195 79 72 93
1.0533 1.8797 -0.1207 101 78 89
1.0512 1.8648 -0.1198 81 71 92
1.0508 1.9471 -0.1206 118 90 96
1.0493 1.9299 -0.1198 82 72 92
1.0505 2.0140 -0.1207 161 138 137
1.0499 2.0010 -0.1196 139 115 119
1.0386 2.0480 -0.1209 171 152 153
1.0638 2.0873 -0.1197 142 118 122
1.0642 2.1283 -0.1235 254 254 247
1.0466 2.1100 -0.1198 144 118 121
1.0684 2.1877 -0.1234 254 254 246
1.0499 2.1735 -0.1196 142 118 121
1.0724 2.2463 -0.1234 232 173 138
1.0510 2.2400 -0.1196 88 77 95
1.0721 2.2964 -0.1235 212 118 75
1.0505 2.3156 -0.1194 78 72 94
1.0278 2.3735 -0.1237 215 120 71
1.0504 2.3933 -0.1192 80 73 94
1.0326 2.4319 -0.1237 197 105 68
1.0462 2.4162 -0.1187 80 74 95
1.0359 2.4660 -0.1231 183 96 66
1.0455 2.4706 -0.0944 77 24 76
1.0455 2.4706 -0.0014 78 24 77
1.0455 2.4706 0.0916 78 24 77
1.0455 2.4706 0.1500 80 24 78
1.0455 2.4706 0.2084 80 24 79
1.0455 2.4706 0.2666 79 24 78
1.0456 2.4706 0.3304 81 25 80
1.0455 2.4706 0.3943 80 24 80
1.0455 2.4706 0.4527 81 25 83
1.0455 2.4706 0.5111 81 25 84
1.0455 2.4706 0.5693 83 25 85
1.0456 2.4706 0.6275 80 25 90
1.0456 2.4706 0.6859 78 25 95
1.0456 2.4706 0.7499 79 25 96
1.0456 2.4706 0.8139 78 25 98
1.0456 2.4706 0.8721 75 25 101
1.0456 2.4706 0.9303 73 25 102
1.0456 2.4706 0.9887 72 24 102
1.0456 2.4706 1.0471 71 24 103
1.0443 2.4706 1.1080 70 24 103
1.0469 2.4706 1.1714 67 23 102
1.0456 2.4706 1.2331 64 22 101
1.0432 2.4706 1.2731 62 22 100
1.0989 -2.5224 -0.1214 168 135 124
1.1198 -2.5279 -0.0658 78 24 77
1.1103 -2.5277 -0.0003 81 25 81
1.1104 -2.5278 0.0898 85 27 87
1.1099 -2.5278 0.1499 87 27 90
1.1105 -2.5278 0.2105 89 29 97
1.1098 -2.5278 0.2706 91 30 105
1.1108 -2.5278 0.3297 92 31 111
1.1100 -2.5278 0.3898 91 31 117
1.1105 -2.5278 0.4498 89 31 119
1.1102 -2.5278 0.5098 84 30 120
1.1102 -2.5278 0.5699 81 29 117
1.1102 -2.5278 0.6299 77 27 115
1.1104 -2.5278 0.6899 72 26 112
1.1101 -2.5278 0.7500 70 25 109
1.1103 -2.5278 0.8100 67 24 107
1.1103 -2.5278 0.8698 64 23 104
1.1103 -2.5278 0.9298 62 23 102
1.1103 -2.5278 0.9898 59 22 99
1.1104 -2.5277 1.0502 58 22 99
1.1101 -2.5278 1.1101 57 21 97
1.1152 -2.5277 1.1608 56 21 96
1.1099 -2.5293 1.2301 56 21 97
1.1126 -2.5293 1.2672 55 25 96
1.1088 -2.4891 -0.1218 198 161 142
1.1046 -2.4755 -0.1199 147 117 107
1.1110 -2.4287 -0.1219 200 162 143
1.1129 -2.4332 -0.1198 144 116 106
1.1086 -2.3685 -0.1216 194 159 142
1.1186 -2.3799 -0.1196 142 116 108
1.1090 -2.3108 -0.1217 192 155 138
1.1157 -2.3028 -0.1198 128 101 94
1.1082 -2.2376 -0.1234 118 63 58
1.0950 -2.2352 -0.1199 83 66 69
1.1041 -2.1890 -0.1235 131 68 58
1.1184 -2.2063 -0.1199 83 65 70
1.1050 -2.1298 -0.1235 149 77 58
1.1169 -2.1308 -0.1198 78 65 71
1.1066 -2.0690 -0.1235 180 105 76
1.1325 -2.0805 -0.1197 79 65 72
1.1091 -2.0101 -0.1235 253 243 220
1.0953 -1.9989 -0.1198 220 183 167
1.1084 -1.9507 -0.1235 254 248 230
1.0950 -1.9496 -0.1193 130 105 100
1.1087 -1.8896 -0.1235 254 252 243
1.1230 -1.8882 -0.1193 134 110 105
1.1322 -1.8075 -0.1237 254 254 248
1.1374 -1.8501 -0.1193 153 126 119
1.1137 -1.7656 -0.1237 238 154 90
1.0921 -1.7645 -0.1195 87 67 68
1.1090 -1.7109 -0.1236 234 141 74
1.1185 -1.7068 -0.1195 79 61 64
1.1092 -1.6509 -0.1235 231 136 72
1.1333 -1.6626 -0.1194 127 76 68
1.1093 -1.5908 -0.1234 228 133 72
1.0947 -1.5884 -0.1197 125 76 70
1.1298 -1.5100 -0.1237 254 253 251
1.1168 -1.5309 -0.1196 193 149 130
1.1121 -1.4679 -0.1237 255 254 253
1.1144 -1.4682 -0.1196 242 192 114
1.1090 -1.4110 -0.1236 254 254 252
1.1025 -1.4230 -0.1198 239 205 151
1.1091 -1.3504 -0.1235 254 254 250
1.0959 -1.3437 -0.1198 225 190 174
1.1015 -1.2989 -0.1235 247 220 198
1.0910 -1.2986 -0.1198 201 160 146
1.1252 -1.2135 -0.1237 244 159 82
1.1333 -1.2266 -0.1197 127 79 84
1.1102 -1.1701 -0.1237 241 152 79
1.1155 -1.1708 -0.1197 125 79 85
1.1090 -1.1112 -0.1236 236 143 75
1.1051 -1.1111 -0.1197 124 79 86
1.1093 -1.0512 -0.1235 239 177 132
1.0871 -1.0516 -0.1198 158 113 110
1.0995 -1.0016 -0.1235 254 253 246
1.1283 -0.9788 -0.1198 190 158 149
1.1222 -0.9167 -0.1237 254 254 251
1.1287 -0.9365 -0.1196 208 175 162
1.1092 -0.8710 -0.1237 254 254 250
1.1243 -0.8603 -0.1198 226 193 178
1.1089 -0.8112 -0.1236 249 233 215
1.1252 -0.8208 -0.1199 207 161 125
1.1093 -0.7510 -0.1235 211 117 69
1.0962 -0.7045 -0.1234 198 106 67
1.1191 -0.6201 -0.1237 188 99 62
1.1089 -0.5713 -0.1237 179 96 65
1.1090 -0.5110 -0.1236 250 231 202
1.1080 -0.4521 -0.1235 246 221 190
1.0940 -0.4069 -0.1234 242 214 184
1.1306 -0.3433 -0.1219 252 246 218
1.1097 -0.2697 -0.1217 155 93 87
1.1282 -0.2589 -0.1189 73 64 77
1.1001 -0.2118 -0.1217 142 80 78
1.1094 -0.2108 -0.1189 73 64 78
1.1046 -0.1499 -0.1217 114 68 75
1.0926 -0.1586 -0.1189 73 65 78
1.1241 -0.0742 -0.1218 184 161 160
1.0993 -0.0897 -0.1190 100 58 100
1.1301 -0.0939 -0.0109 140 39 130
1.1083 -0.0934 0.0906 135 39 128
1.1108 -0.0986 0.1535 255 129 253
1.1103 -0.0986 0.2098 254 125 252
1.1107 -0.0986 0.2703 254 120 251
1.1104 -0.0986 0.3306 254 114 250
1.1106 -0.0986 0.3901 253 107 247
1.1106 -0.0986 0.4500 251 97 241
1.1106 -0.0986 0.5100 245 87 232
1.1106 -0.0986 0.5699 233 73 214
1.1105 -0.0986 0.6300 202 57 183
1.1106 -0.0986 0.6901 131 34 127
1.1105 -0.0986 0.7502 76 20 91
1.1106 -0.0986 0.8100 70 19 88
1.1106 -0.0986 0.8701 70 19 87
1.1105 -0.0986 0.9301 70 19 87
1.1151 -0.0986 0.9786 70 19 87
1.1087 -0.0983 1.0500 70 19 88
1.1085 -0.0983 1.1100 70 19 87
1.1214 -0.0983 1.1501 71 19 88
1.1092 -0.0980 1.2301 85 22 95
1.1115 -0.0980 1.2861 71 19 88
1.1229 -0.0978 1.3363 113 29 114
1.1105 -0.0977 1.4103 116 29 114
1.1155 -0.0977 1.4562 83 22 94
1.1117 -0.0969 1.5142 177 46 159
1.1288 -0.0173 -0.1219 251 248 235
1.1092 0.0898 -0.1217 216 179 155
1.1089 0.0979 0.0040 255 130 253
1.1093 0.0979 0.0902 255 129 253
1.1089 0.0979 0.1503 255 128 253
1.1088 0.0979 0.2109 255 130 253
1.1092 0.0979 0.2711 255 130 253
1.1089 0.0979 0.3304 255 127 253
1.1087 0.0979 0.3900 254 122 252
1.1090 0.0979 0.4500 254 118 251
1.1089 0.0979 0.5098 254 113 250
1.1088 0.0979 0.5700 253 107 248
1.1090 0.1023 0.6515 253 122 241
1.1050 0.1015 0.6962 252 124 240
1.1074 0.1015 0.7503 251 100 244
1.1071 0.1015 0.8106 249 96 242
1.1072 0.1015 0.8698 248 92 239
1.1068 0.1015 0.9296 246 89 236
1.1072 0.1015 0.9903 243 85 233
1.1072 0.1015 1.0501 240 81 229
1.1071 0.1015 1.1093 237 78 226
1.1072 0.1015 1.1696 232 75 221
1.1070 0.1015 1.2304 228 71 217
1.1073 0.1015 1.2897 223 68 213
1.1067 0.1015 1.3341 162 65 173
1.1076 0.1435 -0.1217 228 192 147
1.1244 0.2259 -0.1220 123 92 99
1.1127 0.2724 -0.1219 91 68 87
1.1091 0.3281 -0.1218 90 69 89
1.1096 0.3400 -0.1199 85 72 94
1.1094 0.3908 -0.1218 94 72 88
1.1097 0.4489 -0.1218 115 88 96
1.1264 0.5269 -0.1219 156 127 125
1.1105 0.5726 -0.1219 156 125 118
1.0837 0.5973 -0.0795 250 235 194
1.0846 0.5986 -0.0385 248 224 156
1.0824 0.5924 0.0899 255 252 213
1.0805 0.5865 0.1674 251 238 180
1.0804 0.5862 0.2106 244 230 175
1.0808 0.5872 0.2688 248 225 156
1.0811 0.5881 0.3292 247 219 149
1.0814 0.5891 0.3894 244 213 142
1.0817 0.5901 0.4470 244 197 159
1.1112 0.6277 -0.1217 168 131 105
1.0897 0.6292 -0.0890 195 150 91
1.0898 0.6294 -0.0007 201 152 103
1.0882 0.6211 0.0715 233 167 166
1.0919 0.6219 0.1500 247 223 156
1.0920 0.6223 0.2103 241 222 160
1.0920 0.6224 0.2700 241 209 139
1.0919 0.6220 0.3303 237 201 130
1.0919 0.6220 0.3906 231 190 121
1.0920 0.6223 0.4477 233 168 155
1.1252 0.6872 -0.1217 182 150 118
1.1083 0.6842 -0.0909 197 153 94
1.1082 0.6838 -0.0057 201 159 100
1.0840 0.7167 0.0893 101 47 98
1.0837 0.7168 0.1507 101 48 99
1.0834 0.7169 0.2121 101 47 101
1.0833 0.7168 0.2703 100 49 102
1.0828 0.7171 0.3285 100 47 105
1.0825 0.7172 0.3898 99 47 110
1.0837 0.7161 0.4393 109 59 122
1.1296 0.7509 -0.1216 173 125 98
1.1297 0.8188 -0.1219 159 111 93
1.1286 0.8711 -0.1218 155 109 92
1.1292 0.9327 -0.1217 159 103 94
1.1261 0.9872 -0.1217 205 159 129
1.1286 1.0507 -0.1216 213 176 153
1.1229 1.1106 -0.1216 208 170 134
1.1246 1.1667 -0.1216 211 174 149
1.1248 1.2289 -0.1214 163 119 105
1.1190 1.2956 -0.1215 163 116 88
1.1208 1.3552 -0.1212 139 99 93
1.1214 1.4074 -0.1211 139 99 94
1.1214 1.4613 -0.1211 175 129 110
1.1159 1.5201 -0.1213 215 181 159
1.1157 1.5819 -0.1212 215 181 158
1.1139 1.6463 -0.1208 138 118 113
1.1145 1.7098 -0.1207 123 105 103
1.1143 1.7281 -0.1190 78 77 96
1.1157 1.7743 -0.1205 100 90 95
1.1045 1.7730 -0.1191 96 89 118
1.1210 1.8395 -0.1205 75 76 98
1.1135 1.8544 -0.1199 78 71 93
1.1149 1.8918 -0.1204 115 99 93
1.1210 1.9148 -0.1196 79 72 95
1.1044 1.9396 -0.1204 123 105 96
1.1024 1.9252 -0.1197 80 72 93
1.1118 2.0066 -0.1202 127 111 110
1.1083 1.9938 -0.1196 132 109 115
1.1219 2.0733 -0.1208 254 141 250
1.1112 2.0922 -0.1199 146 121 123
1.1115 2.1299 -0.1235 254 254 251
1.1133 2.1431 -0.1192 136 115 121
1.1114 2.1898 -0.1235 254 254 248
1.1074 2.1659 -0.1196 143 119 123
1.1110 2.2499 -0.1235 234 166 124
1.1102 2.2341 -0.1195 95 80 96
1.1113 2.3098 -0.1235 219 125 76
1.1103 2.3091 -0.1194 78 72 94
1.1142 2.3690 -0.1235 206 114 73
1.1121 2.3879 -0.1192 77 73 95
1.1187 2.4290 -0.1235 191 103 72
1.1080 2.4117 -0.1187 77 74 96
1.1215 2.4661 -0.1228 183 97 71
1.1067 2.4706 -0.0896 76 23 75
1.1066 2.4706 0.0037 77 23 76
1.1068 2.4706 0.0912 77 23 76
1.1068 2.4706 0.1497 78 24 77
1.1068 2.4706 0.2083 79 24 78
1.1068 2.4706 0.2666 79 24 78
1.1067 2.4706 0.3305 80 24 79
1.1068 2.4706 0.3947 79 24 79
1.1068 2.4706 0.4532 80 24 82
1.1068 2.4706 0.5117 80 25 83
1.1068 2.4706 0.5700 81 25 85
1.1068 2.4706 0.6284 79 25 90
1.1068 2.4706 0.6869 78 25 94
1.1055 2.4706 0.7479 78 25 94
1.1080 2.4706 0.8116 76 25 98
1.1069 2.4706 0.8734 74 24 100
1.1068 2.4706 0.9319 73 24 101
1.1068 2.4706 0.9904 71 24 102
1.1068 2.4706 1.0490 70 24 102
1.1068 2.4706 1.1073 69 24 103
1.1059 2.4706 1.1668 67 23 102
1.1076 2.4706 1.2308 63 22 101
1.1075 2.4707 1.2710 63 22 101
1.1722 -2.5278 -0.1212 151 110 107
1.1746 -2.5277 -0.0706 76 24 76
1.1710 -2.5276 0.0002 79 25 80
1.1709 -2.5277 0.0901 82 26 85
1.1709 -2.5277 0.1504 84 27 88
1.1706 -2.5277 0.2106 87 28 96
1.1711 -2.5277 0.2701 88 29 103
1.1705 -2.5277 0.3298 90 30 110
1.1711 -2.5277 0.3900 88 30 116
1.1709 -2.5277 0.4500 87 30 118
1.1708 -2.5277 0.5100 82 29 118
1.1712 -2.5277 0.5700 80 28 117
1.1706 -2.5277 0.6299 76 27 114
1.1710 -2.5277 0.6899 72 26 111
1.1708 -2.5277 0.7496 69 25 109
1.1711 -2.5277 0.8099 66 24 106
1.1707 -2.5277 0.8704 64 23 104
1.1709 -2.5277 0.9304 61 23 102
1.1708 -2.5277 0.9904 60 22 99
1.1711 -2.5277 1.0504 58 22 99
1.1709 -2.5277 1.1100 57 22 97
1.1710 -2.5277 1.1697 56 21 96
1.1818 -2.5277 1.2135 55 21 95
1.1707 -2.5293 1.2687 54 29 97
1.1706 -2.4883 -0.1218 192 155 138
1.1780 -2.5038 -0.1197 140 112 102
1.1661 -2.4302 -0.1219 194 156 139
1.1704 -2.4300 -0.1199 149 119 109
1.1840 -2.3916 -0.1219 194 157 140
1.1653 -2.3590 -0.1196 141 114 107
1.1716 -2.3077 -0.1217 176 139 126
1.1797 -2.3231 -0.1196 135 110 104
1.1704 -2.2466 -0.1218 103 68 78
1.1710 -2.2579 -0.1198 87 67 70
1.1706 -2.1928 -0.1219 99 66 78
1.1708 -2.1814 -0.1199 84 66 73
1.1930 -2.1160 -0.1237 145 73 52
1.1910 -2.1285 -0.1197 79 64 70
1.1942 -2.0716 -0.1237 171 96 66
1.1444 -2.0522 -0.1196 92 72 72
1.1958 -2.0101 -0.1237 252 240 217
1.1544 -2.0129 -0.1198 126 101 97
1.1957 -1.9497 -0.1237 254 250 234
1.1738 -1.9503 -0.1198 133 107 102
1.1939 -1.8682 -0.1237 254 252 242
1.1905 -1.8875 -0.1198 150 123 116
1.1746 -1.8251 -0.1237 254 253 245
1.1537 -1.8214 -0.1193 129 104 99
1.1688 -1.7711 -0.1236 235 155 99
1.1772 -1.7698 -0.1193 87 67 67
1.1693 -1.7110 -0.1235 233 137 71
1.1946 -1.7292 -0.1193 79 62 65
1.1691 -1.6511 -0.1234 230 134 71
1.1525 -1.6415 -0.1195 128 76 68
1.1904 -1.5688 -0.1237 245 157 76
1.1734 -1.5876 -0.1195 127 76 67
1.1728 -1.5271 -0.1237 252 234 215
1.1906 -1.5413 -0.1194 176 125 106
1.1690 -1.4709 -0.1236 254 254 251
1.1543 -1.4752 -0.1197 241 206 133
1.1688 -1.4108 -0.1235 254 254 251
1.1798 -1.4256 -0.1199 221 184 165
1.1619 -1.3585 -0.1235 254 254 250
1.1696 -1.3523 -0.1198 226 193 176
1.1865 -1.2721 -0.1237 249 169 86
1.1581 -1.2918 -0.1198 176 133 126
1.1706 -1.2294 -0.1237 246 161 80
1.1524 -1.2463 -0.1198 128 79 83
1.1691 -1.1708 -0.1236 243 153 76
1.1908 -1.1678 -0.1196 127 79 84
1.1693 -1.1109 -0.1235 234 140 73
1.1762 -1.1102 -0.1196 126 79 84
1.1608 -1.0607 -0.1234 230 146 91
1.1887 -1.0436 -0.1199 176 132 125
1.1834 -0.9756 -0.1237 254 254 252
1.1757 -0.9904 -0.1199 224 187 171
1.1694 -0.9305 -0.1237 254 254 251
1.1646 -0.9288 -0.1199 218 185 170
1.1690 -0.8712 -0.1236 255 254 250
1.1543 -0.8768 -0.1199 226 193 178
1.1690 -0.8110 -0.1235 250 233 216
1.1896 -0.8026 -0.1197 206 160 122
1.1576 -0.7634 -0.1234 219 122 69
1.1801 -0.6788 -0.1237 223 125 67
1.1690 -0.6313 -0.1237 209 114 65
1.1692 -0.5712 -0.1236 196 107 68
1.1683 -0.5116 -0.1235 252 239 214
1.1842 -0.4361 -0.1236 249 226 196
1.1802 -0.3831 -0.1237 241 213 183
1.1754 -0.3308 -0.1236 234 202 173
1.1497 -0.3011 -0.1190 130 108 111
1.1748 -0.2708 -0.1235 145 87 76
1.1497 -0.2726 -0.1190 80 68 82
1.1717 -0.2127 -0.1235 123 67 65
1.1841 -0.2085 -0.1190 73 63 77
1.1581 -0.1709 -0.1233 120 72 72
1.1894 -0.1490 -0.1187 73 64 77
1.1752 -0.0851 -0.1219 124 81 89
1.1682 -0.0909 -0.1187 75 63 80
1.1469 -0.0947 0.0282 156 53 148
1.1513 -0.0947 0.0941 158 53 149
1.1720 -0.0988 0.1533 254 116 250
1.1719 -0.0988 0.2093 253 110 248
1.1722 -0.0988 0.2693 251 101 243
1.1718 -0.0988 0.3299 246 89 234
1.1720 -0.0988 0.3898 231 74 213
1.1721 -0.0988 0.4499 179 50 166
1.1719 -0.0988 0.5100 102 27 109
1.1720 -0.0988 0.5698 70 19 87
1.1720 -0.0988 0.6300 70 19 87
1.1720 -0.0988 0.6901 70 19 87
1.1720 -0.0988 0.7500 70 19 87
1.1720 -0.0988 0.8100 70 19 87
1.1766 -0.0988 0.8550 70 19 87
1.1696 -0.0985 0.9300 70 19 87
1.1702 -0.0985 0.9894 70 19 87
1.1858 -0.0985 1.0277 71 19 88
1.1686 -0.0982 1.1097 71 19 87
1.1719 -0.0982 1.1627 71 19 88
1.1676 -0.0979 1.2299 145 36 133
1.1678 -0.0979 1.2899 89 23 98
1.1752 -0.0979 1.3331 72 19 89
1.1711 -0.0977 1.4099 155 39 141
1.1728 -0.0977 1.4681 120 30 116
1.1870 -0.0975 1.5064 119 30 116
1.1697 -0.0011 -0.1218 209 184 172
1.1506 -0.0485 -0.1188 146 48 134
1.1717 0.0876 -0.1217 237 226 214
1.1700 0.0980 0.0054 254 123 252
1.1705 0.0980 0.0897 254 124 252
1.1704 0.0980 0.1495 255 127 253
1.1705 0.0980 0.2105 255 126 253
1.1703 0.0980 0.2709 254 123 252
1.1708 0.0980 0.3300 254 119 252
1.1702 0.0980 0.3898 254 115 251
1.1706 0.0980 0.4498 253 110 249
1.1705 0.0980 0.5101 252 104 247
1.1703 0.0980 0.5702 251 98 244
1.1649 0.1023 0.6539 254 219 222
1.1647 0.1015 0.7024 251 129 237
1.1673 0.1015 0.7492 250 97 242
1.1669 0.1015 0.8093 248 94 240
1.1676 0.1015 0.8701 247 90 237
1.1673 0.1015 0.9303 244 87 234
1.1671 0.1015 0.9905 242 84 231
1.1673 0.1015 1.0508 239 80 228
1.1673 0.1015 1.1104 235 77 224
1.1673 0.1015 1.1701 231 74 220
1.1673 0.1015 1.2298 227 70 216
1.1673 0.1015 1.2898 222 68 212
1.1665 0.1015 1.3342 164 65 174
1.1867 0.1618 -0.1218 222 203 189
1.1736 0.2115 -0.1219 146 111 111
1.1712 0.2692 -0.1218 104 76 91
1.1723 0.3299 -0.1218 103 77 93
1.1691 0.3398 -0.1200 88 72 92
1.1698 0.3883 -0.1217 99 77 95
1.1859 0.4662 -0.1219 150 120 118
1.1728 0.5102 -0.1219 162 130 127
1.1683 0.5664 -0.1218 158 128 126
1.1695 0.6285 -0.1217 170 141 137
1.1709 0.6901 -0.1216 210 172 159
1.1826 0.7663 -0.1219 129 82 91
1.1700 0.8114 -0.1219 129 82 92
1.1695 0.8703 -0.1218 126 82 94
1.1680 0.9294 -0.1217 132 88 97
1.1714 0.9904 -0.1216 215 177 165
1.1704 1.0498 -0.1215 219 182 169
1.1699 1.1093 -0.1214 222 189 176
1.1707 1.1696 -0.1213 218 183 171
1.1691 1.2304 -0.1213 146 102 106
1.1671 1.2887 -0.1212 128 86 97
1.1689 1.3484 -0.1211 129 88 98
1.1683 1.4081 -0.1210 126 87 99
1.1676 1.4697 -0.1209 190 148 140
1.1692 1.5311 -0.1208 216 179 166
1.1720 1.5900 -0.1207 219 184 171
1.1692 1.6524 -0.1206 126 112 123
1.1740 1.7148 -0.1206 93 87 104
1.1733 1.7691 -0.1204 84 81 97
1.1736 1.7930 -0.1199 89 78 99
1.1701 1.8275 -0.1204 75 74 96
1.1773 1.8229 -0.1199 139 117 97
1.1620 1.8829 -0.1204 77 77 98
1.1810 1.9065 -0.1198 139 117 97
1.1711 1.9493 -0.1202 86 82 101
1.1733 1.9547 -0.1191 80 79 100
1.1805 2.0205 -0.1201 113 103 119
1.1811 1.9988 -0.1196 167 135 104
1.1549 2.0554 -0.1210 179 141 183
1.1821 2.0907 -0.1197 172 137 107
1.1714 2.1296 -0.1237 254 254 253
1.1772 2.1229 -0.1196 186 152 112
1.1714 2.1896 -0.1237 254 254 252
1.1867 2.2073 -0.1193 181 145 102
1.1712 2.2495 -0.1236 241 174 128
1.1664 2.2293 -0.1195 100 82 97
1.1715 2.3097 -0.1236 226 129 75
1.1835 2.3158 -0.1192 164 136 102
1.1713 2.3699 -0.1236 212 118 72
1.1707 2.3837 -0.1192 78 72 93
1.1714 2.4300 -0.1236 193 104 70
1.1595 2.4041 -0.1186 76 73 95
1.1712 2.4660 -0.1228 182 96 69
1.1677 2.4701 -0.0903 78 31 78
1.1680 2.4706 0.0031 76 23 75
1.1680 2.4706 0.0908 76 23 75
1.1680 2.4706 0.1495 77 23 76
1.1680 2.4706 0.2082 78 24 77
1.1681 2.4706 0.2666 78 24 77
1.1681 2.4706 0.3251 78 24 78
1.1680 2.4706 0.3894 78 24 79
1.1681 2.4706 0.4537 79 24 82
1.1681 2.4706 0.5123 80 24 82
1.1681 2.4706 0.5708 80 24 84
1.1681 2.4706 0.6292 78 24 90
1.1681 2.4706 0.6879 78 24 92
1.1681 2.4706 0.7466 77 24 92
1.1668 2.4706 0.8086 75 25 98
1.1694 2.4706 0.8723 74 24 99
1.1681 2.4706 0.9334 72 24 100
1.1681 2.4706 0.9921 69 24 101
1.1681 2.4706 1.0507 68 23 102
1.1682 2.4706 1.1091 68 23 102
1.1681 2.4706 1.1677 65 23 101
1.1681 2.4706 1.2264 63 22 101
1.1679 2.4707 1.2676 60 21 99
1.2096 -2.5225 -0.1215 170 134 122
1.2313 -2.5276 -0.0771 75 23 75
1.2294 -2.5276 -0.0001 77 24 78
1.2296 -2.5276 0.0900 80 25 83
1.2290 -2.5276 0.1495 82 26 86
1.2296 -2.5276 0.2095 85 28 96
1.2296 -2.5276 0.2707 86 28 101
1.2290 -2.5276 0.3307 88 30 110
1.2296 -2.5276 0.3902 87 30 115
1.2297 -2.5276 0.4506 86 30 118
1.2293 -2.5276 0.5102 81 29 117
1.2295 -2.5276 0.5697 79 28 116
1.2293 -2.5276 0.6301 76 27 114
1.2294 -2.5276 0.6901 71 26 111
1.2296 -2.5276 0.7504 68 25 108
1.2296 -2.5276 0.8100 66 24 106
1.2296 -2.5276 0.8696 63 23 104
1.2294 -2.5276 0.9300 61 23 101
1.2293 -2.5276 0.9899 59 22 99
1.2295 -2.5276 1.0503 58 22 98
1.2293 -2.5276 1.1098 57 22 96
1.2297 -2.5276 1.1694 56 21 95
1.2311 -2.5276 1.2279 55 21 94
1.2449 -2.5280 1.2672 48 51 96
1.2304 -2.4908 -0.1217 152 116 109
1.2225 -2.4775 -0.1197 132 104 95
1.2322 -2.4288 -0.1219 146 111 106
1.2334 -2.4323 -0.1198 118 92 88
1.2313 -2.3842 -0.1219 150 115 109
1.2362 -2.3834 -0.1199 120 94 89
1.2298 -2.3108 -0.1216 150 116 111
1.2306 -2.3039 -0.1196 114 90 88
1.2269 -2.2509 -0.1218 125 93 96
1.2199 -2.2350 -0.1197 86 69 74
1.2459 -2.1747 -0.1236 175 121 98
1.2449 -2.2058 -0.1197 116 92 90
1.2307 -2.1276 -0.1236 164 100 77
1.2340 -2.1379 -0.1199 105 83 88
1.2285 -2.0696 -0.1237 189 120 89
1.2118 -2.0666 -0.1196 87 69 73
1.2287 -2.0105 -0.1237 244 220 192
1.2294 -2.0075 -0.1197 119 94 90
1.2521 -1.9268 -0.1237 253 241 220
1.2385 -1.9492 -0.1196 111 86 83
1.2354 -1.8843 -0.1237 254 249 233
1.2451 -1.9047 -0.1196 104 80 78
1.2290 -1.8310 -0.1236 254 252 241
1.2132 -1.8274 -0.1198 131 105 100
1.2290 -1.7713 -0.1235 228 146 95
1.2275 -1.7702 -0.1198 92 70 71
1.2296 -1.7111 -0.1235 223 128 70
1.2378 -1.7090 -0.1198 100 76 73
1.2515 -1.6281 -0.1237 238 144 73
1.2498 -1.6623 -0.1197 200 150 109
1.2334 -1.5866 -0.1237 241 150 77
1.2516 -1.6050 -0.1193 190 142 122
1.2291 -1.5310 -0.1236 250 220 194
1.2137 -1.5265 -0.1196 238 195 118
1.2293 -1.4709 -0.1235 254 254 249
1.2130 -1.4882 -0.1193 228 180 111
1.2228 -1.4174 -0.1235 254 254 248
1.2199 -1.4074 -0.1199 221 163 109
1.2477 -1.3317 -0.1237 254 254 254
1.2434 -1.3501 -0.1196 197 152 135
1.2309 -1.2889 -0.1237 250 204 159
1.2441 -1.2770 -0.1198 181 132 120
1.2292 -1.2310 -0.1236 242 153 78
1.2429 -1.2311 -0.1199 170 119 109
1.2293 -1.1708 -0.1235 235 141 74
1.2294 -1.1751 -0.1199 146 95 94
1.2215 -1.1192 -0.1235 228 132 70
1.2185 -1.1093 -0.1199 135 86 89
1.2445 -1.0351 -0.1237 251 230 209
1.2336 -1.0489 -0.1197 160 109 102
1.2300 -0.9903 -0.1237 254 254 251
1.2437 -0.9883 -0.1198 194 146 131
1.2290 -0.9309 -0.1236 254 254 250
1.2276 -0.9291 -0.1198 215 175 159
1.2291 -0.8710 -0.1235 255 254 249
1.2192 -0.8711 -0.1198 207 177 165
1.2186 -0.8222 -0.1234 254 253 244
1.2164 -0.8218 -0.1197 207 169 151
1.2414 -0.7377 -0.1237 235 142 75
1.2559 -0.7654 -0.1196 175 122 71
1.2290 -0.6909 -0.1237 227 132 71
1.2411 -0.6868 -0.1199 146 112 91
1.2292 -0.6309 -0.1236 214 119 68
1.2296 -0.6534 -0.1199 236 184 95
1.2286 -0.5716 -0.1235 207 114 70
1.2157 -0.5254 -0.1234 253 243 221
1.2385 -0.4410 -0.1237 252 236 209
1.2560 -0.4686 -0.1199 167 115 105
1.2288 -0.3911 -0.1237 250 231 204
1.2290 -0.3308 -0.1236 247 224 196
1.2395 -0.3034 -0.1188 108 89 96
1.2279 -0.2724 -0.1235 164 99 81
1.2293 -0.2601 -0.1187 84 69 79
1.2121 -0.2281 -0.1234 139 74 66
1.2105 -0.2071 -0.1187 76 65 78
1.2361 -0.1438 -0.1219 122 78 85
1.2052 -0.1630 -0.1189 76 65 80
1.2301 -0.0904 -0.1219 121 80 88
1.2275 -0.0899 -0.1190 86 72 82
1.2380 -0.0947 0.0006 157 49 146
1.2372 -0.0950 0.0854 162 54 152
1.2287 -0.0988 0.1534 255 136 254
1.2287 -0.0988 0.2106 255 131 253
1.2283 -0.0988 0.2705 254 124 252
1.2289 -0.0988 0.3300 254 116 250
1.2286 -0.0988 0.3901 252 104 245
1.2288 -0.0988 0.4500 247 91 235
1.2285 -0.0988 0.5100 229 72 211
1.2286 -0.0988 0.5699 167 46 156
1.2287 -0.0988 0.6300 90 23 100
1.2287 -0.0988 0.6899 70 19 87
1.2286 -0.0988 0.7499 70 19 87
1.2287 -0.0988 0.8100 70 19 87
1.2305 -0.0988 0.8675 70 19 87
1.2490 -0.0987 0.9058 70 19 87
1.2283 -0.0985 0.9902 70 19 87
1.2325 -0.0985 1.0391 70 19 88
1.2281 -0.0982 1.1100 112 28 113
1.2283 -0.0982 1.1702 72 19 88
1.2396 -0.0982 1.2109 73 19 89
1.2298 -0.0979 1.2900 146 37 135
1.2325 -0.0979 1.3466 97 25 102
1.2498 -0.0978 1.3881 96 25 103
1.2284 -0.0976 1.4709 150 37 137
1.2315 -0.0976 1.5142 128 32 122
1.2298 -0.0009 -0.1217 190 151 136
1.2440 -0.0448 -0.1190 127 60 116
1.2438 0.1033 -0.1218 201 163 144
1.2302 0.0981 0.0115 254 117 251
1.2307 0.0981 0.0897 254 122 252
1.2306 0.0981 0.1500 254 120 252
1.2305 0.0981 0.2101 254 117 251
1.2316 0.0981 0.2697 254 114 250
1.2306 0.0981 0.3297 253 110 249
1.2306 0.0981 0.3901 253 105 247
1.2309 0.0981 0.4501 251 100 245
1.2307 0.0981 0.5098 249 94 241
1.2306 0.0981 0.5698 246 87 236
1.2281 0.1026 0.6497 252 103 245
1.2248 0.1016 0.7102 251 144 233
1.2296 0.1015 0.7503 249 95 240
1.2297 0.1015 0.8102 247 92 238
1.2297 0.1015 0.8704 246 89 236
1.2292 0.1015 0.9306 243 85 233
1.2293 0.1015 0.9902 241 82 230
1.2299 0.1015 1.0498 237 79 226
1.2296 0.1015 1.1100 234 76 223
1.2295 0.1015 1.1702 231 73 220
1.2291 0.1015 1.2298 226 70 216
1.2297 0.1015 1.2899 222 67 212
1.2303 0.1016 1.3335 174 65 180
1.2334 0.1537 -0.1219 203 167 149
1.2292 0.2107 -0.1218 150 113 111
1.2311 0.2703 -0.1218 105 75 90
1.2301 0.3291 -0.1217 101 76 92
1.2285 0.3395 -0.1200 85 72 93
1.2479 0.4075 -0.1219 97 71 87
1.2311 0.4515 -0.1219 119 90 98
1.2294 0.5083 -0.1218 166 133 128
1.2305 0.5706 -0.1217 175 143 137
1.2289 0.6302 -0.1216 230 198 182
1.2455 0.7056 -0.1219 188 141 132
1.2302 0.7507 -0.1219 128 82 92
1.2283 0.8085 -0.1218 126 82 93
1.2297 0.8686 -0.1217 126 82 94
1.2299 0.9306 -0.1216 135 90 98
1.2301 0.9882 -0.1215 211 171 159
1.2275 1.0486 -0.1214 221 185 172
1.2317 1.1091 -0.1214 222 187 175
1.2331 1.1713 -0.1213 218 182 170
1.2489 1.2250 -0.1215 150 106 108
1.2429 1.2868 -0.1213 123 85 97
1.2469 1.3499 -0.1213 123 84 97
1.2466 1.4157 -0.1212 136 94 101
1.2466 1.4688 -0.1211 189 146 137
1.2330 1.4768 -0.1199 190 147 131
1.2460 1.5232 -0.1210 214 177 166
1.2384 1.5403 -0.1198 208 169 146
1.2447 1.5809 -0.1209 219 183 172
1.2236 1.5771 -0.1198 211 172 136
1.2507 1.6427 -0.1209 105 94 110
1.2369 1.6611 -0.1197 151 126 109
1.2465 1.7062 -0.1208 93 87 106
1.2416 1.7562 -0.1207 75 75 97
1.2292 1.7717 -0.1199 80 79 98
1.2224 1.8246 -0.1204 77 76 98
1.2475 1.8471 -0.1197 86 83 99
1.2304 1.8926 -0.1202 75 75 97
1.2226 1.8721 -0.1197 99 93 101
1.2405 1.9622 -0.1202 93 84 101
1.2360 1.9559 -0.1196 94 87 102
1.2185 1.9968 -0.1202 114 104 118
1.2432 2.0191 -0.1197 94 86 104
1.2060 2.0887 -0.1237 254 254 253
1.2291 2.0622 -0.1199 199 116 201
1.2056 2.1349 -0.1237 254 254 253
1.2444 2.1487 -0.1195 114 101 113
1.2097 2.1926 -0.1237 254 254 253
1.2257 2.1827 -0.1194 103 93 110
1.2148 2.2518 -0.1237 241 170 120
1.2391 2.2595 -0.1192 80 78 99
1.2202 2.3112 -0.1237 223 128 75
1.2184 2.2977 -0.1192 100 91 97
1.2253 2.3709 -0.1237 202 110 70
1.2409 2.3816 -0.1191 168 102 174
1.2303 2.4304 -0.1237 192 113 82
1.2461 2.4542 -0.1189 84 76 95
1.2313 2.4663 -0.1229 181 106 81
1.2278 2.4697 -0.0890 76 29 76
1.2296 2.4706 0.0025 75 23 74
1.2296 2.4706 0.0904 76 23 75
1.2296 2.4706 0.1492 76 23 75
1.2296 2.4706 0.2080 77 23 76
1.2296 2.4706 0.2666 77 23 77
1.2296 2.4706 0.3252 78 24 77
1.2296 2.4706 0.3897 78 24 78
1.2296 2.4706 0.4541 78 24 83
1.2296 2.4706 0.5129 79 24 81
1.2297 2.4706 0.5715 79 24 84
1.2297 2.4706 0.6301 78 24 90
1.2297 2.4706 0.6889 77 24 91
1.2297 2.4706 0.7477 77 24 92
1.2297 2.4706 0.8063 75 25 97
1.2284 2.4706 0.8685 75 24 98
1.2310 2.4706 0.9325 72 24 99
1.2297 2.4706 0.9938 68 23 101
1.2297 2.4706 1.0524 67 23 102
1.2297 2.4706 1.1110 68 23 102
1.2297 2.4706 1.1698 63 22 101
1.2297 2.4706 1.2286 63 22 101
1.2297 2.4707 1.2697 59 21 99
1.2936 -2.5275 -0.1212 108 76 86
1.2906 -2.5275 -0.0838 73 23 74
1.2888 -2.5275 -0.0002 76 24 77
1.2886 -2.5275 0.0897 78 25 82
1.2887 -2.5275 0.1504 79 26 85
1.2886 -2.5275 0.2103 83 27 95
1.2882 -2.5275 0.2696 85 28 101
1.2897 -2.5275 0.3302 86 29 108
1.2884 -2.5275 0.3905 85 30 113
1.2888 -2.5275 0.4501 84 30 116
1.2885 -2.5275 0.5101 81 29 116
1.2890 -2.5275 0.5700 78 28 115
1.2884 -2.5275 0.6300 75 27 113
1.2890 -2.5275 0.6903 71 26 111
1.2887 -2.5275 0.7502 69 25 108
1.2888 -2.5275 0.8102 66 24 106
1.2887 -2.5275 0.8701 63 23 103
1.2886 -2.5275 0.9297 61 23 101
1.2891 -2.5275 0.9897 59 22 99
1.2887 -2.5275 1.0500 57 22 97
1.2885 -2.5275 1.1103 57 22 96
1.2890 -2.5275 1.1699 56 22 95
1.2884 -2.5275 1.2298 55 21 94
1.2890 -2.5275 1.2681 48 53 96
1.2912 -2.4870 -0.1217 92 67 81
1.2934 -2.5023 -0.1196 85 67 67
1.2875 -2.4287 -0.1218 93 65 79
1.2897 -2.4292 -0.1197 83 66 70
1.2927 -2.3803 -0.1219 92 65 79
1.2823 -2.3535 -0.1199 83 67 74
1.2892 -2.3072 -0.1216 103 76 85
1.3084 -2.3289 -0.1198 84 68 76
1.3044 -2.2365 -0.1235 223 185 156
1.2926 -2.2618 -0.1196 131 105 101
1.2894 -2.1892 -0.1235 234 199 167
1.2897 -2.1834 -0.1197 141 114 111
1.2896 -2.1299 -0.1235 245 219 188
1.2831 -2.1215 -0.1198 162 140 119
1.2880 -2.0702 -0.1235 244 219 191
1.2990 -2.0844 -0.1198 227 222 183
1.2888 -2.0097 -0.1235 193 102 60
1.2968 -2.0056 -0.1195 81 65 67
1.2951 -1.9412 -0.1237 178 93 59
1.3072 -1.9587 -0.1194 77 62 65
1.2891 -1.8909 -0.1236 194 109 69
1.2743 -1.8831 -0.1196 87 67 69
1.2891 -1.8309 -0.1235 202 114 72
1.2772 -1.8317 -0.1196 80 63 66
1.2894 -1.7704 -0.1235 247 226 204
1.2917 -1.7727 -0.1197 121 95 90
1.3121 -1.6876 -0.1237 254 253 243
1.3101 -1.7133 -0.1197 168 139 106
1.2940 -1.6457 -0.1237 254 252 243
1.2735 -1.6439 -0.1197 244 223 152
1.2889 -1.5910 -0.1236 254 253 245
1.2695 -1.5768 -0.1193 227 182 123
1.2894 -1.5311 -0.1235 241 181 135
1.2802 -1.5482 -0.1192 234 200 127
1.2837 -1.4768 -0.1235 233 145 84
1.2828 -1.4543 -0.1198 170 111 76
1.3082 -1.3910 -0.1237 244 159 83
1.2975 -1.4255 -0.1199 186 133 92
1.2917 -1.3484 -0.1237 244 159 86
1.2859 -1.3464 -0.1199 136 87 89
1.2889 -1.2910 -0.1236 249 207 169
1.2722 -1.2936 -0.1199 178 130 118
1.2891 -1.2311 -0.1235 254 253 246
1.3099 -1.2229 -0.1198 224 188 173
1.2825 -1.1788 -0.1235 254 251 240
1.2954 -1.1674 -0.1198 221 182 166
1.3057 -1.0937 -0.1237 254 254 252
1.2810 -1.1104 -0.1198 217 179 162
1.2901 -1.0502 -0.1237 251 223 195
1.2712 -1.0504 -0.1198 182 134 123
1.2891 -0.9914 -0.1236 241 154 84
1.3125 -0.9759 -0.1196 123 78 86
1.2892 -0.9310 -0.1235 235 144 79
1.3019 -0.9302 -0.1196 126 79 85
1.2797 -0.8813 -0.1234 230 145 88
1.2859 -0.8733 -0.1196 134 86 89
1.3022 -0.7964 -0.1237 247 197 153
1.2705 -0.8139 -0.1197 164 117 109
1.2894 -0.7508 -0.1237 254 252 245
1.2675 -0.7632 -0.1199 133 104 106
1.2893 -0.6911 -0.1236 254 250 240
1.3113 -0.6869 -0.1198 149 121 120
1.2887 -0.6313 -0.1235 254 249 236
1.2944 -0.6378 -0.1198 212 164 100
1.2767 -0.5846 -0.1234 252 241 224
1.2991 -0.4997 -0.1237 208 113 65
1.2889 -0.4509 -0.1237 199 110 69
1.2688 -0.4408 -0.1199 147 95 92
1.2890 -0.3908 -0.1236 187 102 69
1.2922 -0.3898 -0.1199 127 80 86
1.2882 -0.3318 -0.1235 173 93 68
1.3136 -0.3435 -0.1199 124 80 88
1.3068 -0.2537 -0.1237 232 196 166
1.2935 -0.2508 -0.1187 114 94 99
1.3096 -0.2089 -0.1237 232 197 167
1.3129 -0.2007 -0.1185 119 99 103
1.3081 -0.1506 -0.1236 225 187 157
1.3003 -0.1533 -0.1185 114 94 98
1.3073 -0.0905 -0.1235 220 183 156
1.2788 -0.0937 -0.1185 107 84 95
1.2951 -0.0937 0.0002 137 39 129
1.2994 -0.0944 0.0881 153 52 146
1.3073 -0.0990 0.1531 254 122 252
1.3074 -0.0990 0.2104 254 113 249
1.3074 -0.0990 0.2701 251 100 243
1.3075 -0.0990 0.3297 240 81 224
1.3073 -0.0990 0.3900 171 47 159
1.3074 -0.0990 0.4500 76 20 91
1.3074 -0.0990 0.5100 70 19 87
1.3074 -0.0990 0.5700 70 19 87
1.3074 -0.0990 0.6300 70 19 88
1.3074 -0.0990 0.6900 70 19 87
1.3077 -0.0990 0.7490 70 19 87
1.3119 -0.0989 0.7873 70 19 86
1.2894 -0.0987 0.8699 70 19 87
1.2954 -0.0987 0.9157 70 19 87
1.2878 -0.0984 0.9899 77 20 91
1.2882 -0.0984 1.0494 70 19 87
1.3027 -0.0984 1.0882 74 20 90
1.2894 -0.0981 1.1700 120 30 118
1.2928 -0.0981 1.2240 74 20 90
1.2902 -0.0978 1.2901 179 46 160
1.2898 -0.0978 1.3504 145 36 133
1.2945 -0.0978 1.3946 114 28 112
1.2890 -0.0975 1.4702 171 44 153
1.2891 -0.0975 1.5157 153 39 139
1.3048 -0.0366 -0.1234 155 109 98
1.2632 -0.0523 -0.1185 126 61 113
1.2952 0.0935 -0.1219 114 73 83
1.2887 0.0982 0.0180 254 113 250
1.2895 0.0982 0.0902 253 112 250
1.2898 0.0982 0.1504 253 110 249
1.2893 0.0982 0.2094 253 107 248
1.2893 0.0982 0.2695 252 103 247
1.2897 0.0982 0.3303 251 99 244
1.2894 0.0982 0.3900 249 93 241
1.2894 0.0982 0.4499 245 87 236
1.2895 0.0982 0.5099 240 80 230
1.2894 0.0982 0.5701 230 72 219
1.2856 0.1026 0.6533 253 198 213
1.2715 0.1017 0.7142 251 186 209
1.2889 0.1016 0.7505 248 104 235
1.2887 0.1016 0.8098 246 89 236
1.2885 0.1016 0.8694 244 86 234
1.2887 0.1016 0.9298 242 83 231
1.2885 0.1016 0.9895 239 81 228
1.2887 0.1016 1.0499 236 78 225
1.2890 0.1016 1.1103 233 75 222
1.2887 0.1016 1.1700 229 72 218
1.2882 0.1016 1.2303 225 70 215
1.2887 0.1016 1.2900 221 67 211
1.2896 0.1016 1.3337 172 65 179
1.2907 0.1524 -0.1218 107 71 84
1.2900 0.2106 -0.1218 156 117 112
1.2886 0.2694 -0.1217 189 153 139
1.3086 0.3488 -0.1219 188 150 136
1.2879 0.3393 -0.1200 148 119 121
1.2932 0.3926 -0.1219 184 149 137
1.2895 0.4485 -0.1218 152 117 114
1.2898 0.5105 -0.1217 107 74 88
1.2885 0.5695 -0.1217 132 82 90
1.3066 0.6471 -0.1219 129 81 91
1.2912 0.6924 -0.1219 151 104 105
1.2890 0.7502 -0.1218 222 186 171
1.2894 0.8090 -0.1217 223 186 171
1.2913 0.8683 -0.1216 223 187 173
1.3037 0.9432 -0.1219 211 171 159
1.2918 0.9898 -0.1219 132 88 96
1.2923 1.0510 -0.1218 125 82 93
1.2892 1.1095 -0.1217 125 83 95
1.2898 1.1695 -0.1216 127 86 97
1.2919 1.2288 -0.1215 204 164 154
1.2882 1.2889 -0.1214 218 182 170
1.2909 1.3497 -0.1213 214 176 164
1.2913 1.4087 -0.1212 218 183 172
1.2954 1.4178 -0.1199 216 180 169
1.2891 1.4681 -0.1212 163 119 119
1.2900 1.4685 -0.1199 160 117 117
1.2887 1.5274 -0.1211 126 86 98
1.2839 1.5200 -0.1198 128 86 97
1.2870 1.5869 -0.1210 128 88 100
1.2989 1.6024 -0.1197 125 86 99
1.2907 1.6486 -0.1209 72 73 97
1.2679 1.6317 -0.1197 79 76 97
1.2896 1.7078 -0.1208 87 82 102
1.2934 1.7104 -0.1199 92 84 103
1.2945 1.7647 -0.1207 209 120 209
1.2995 1.7809 -0.1198 114 101 116
1.2930 1.8320 -0.1206 127 117 131
1.2800 1.8188 -0.1197 113 101 116
1.2921 1.8962 -0.1203 118 107 122
1.2961 1.9008 -0.1196 111 100 117
1.2780 1.9361 -0.1202 110 99 114
1.2955 1.9557 -0.1197 95 88 105
1.2892 2.0152 -0.1206 109 88 94
1.2886 2.0060 -0.1199 74 75 98
1.2897 2.0700 -0.1237 245 165 94
1.3051 2.0813 -0.1197 212 123 215
1.2909 2.1291 -0.1236 241 158 92
1.2820 2.1251 -0.1194 75 74 97
1.2933 2.1865 -0.1235 234 145 86
1.3034 2.2029 -0.1191 99 92 103
1.3092 2.2291 -0.1234 238 180 139
1.2793 2.2390 -0.1191 97 89 107
1.2697 2.3206 -0.1237 254 249 235
1.3058 2.3246 -0.1189 120 107 114
1.2826 2.3731 -0.1237 253 244 221
1.2802 2.3625 -0.1190 208 121 207
1.2682 2.4491 -0.1237 251 233 205
1.3045 2.4540 -0.1186 156 128 103
1.2669 2.4654 -0.1232 248 223 191
1.3035 2.4709 -0.1044 171 128 96
1.2914 2.4706 0.0019 74 23 74
1.2914 2.4706 0.0901 75 23 75
1.2914 2.4706 0.1490 76 23 75
1.2915 2.4706 0.2079 76 23 76
1.2915 2.4706 0.2667 77 23 76
1.2915 2.4706 0.3254 77 23 77
1.2915 2.4706 0.3900 78 24 78
1.2915 2.4706 0.4546 78 24 82
1.2915 2.4706 0.5133 78 24 82
1.2915 2.4706 0.5720 78 24 84
1.2915 2.4706 0.6310 78 24 90
1.2915 2.4706 0.6899 77 24 91
1.2915 2.4706 0.7487 76 24 91
1.2915 2.4706 0.8074 75 24 96
1.2915 2.4706 0.8663 73 24 99
1.2902 2.4706 0.9277 72 24 99
1.2928 2.4706 0.9918 69 23 100
1.2916 2.4706 1.0541 66 23 101
1.2915 2.4706 1.1130 66 23 101
1.2915 2.4706 1.1719 62 22 100
1.2915 2.4706 1.2307 63 22 101
1.2916 2.4707 1.2716 58 21 98
1.3548 -2.5250 -0.1214 104 69 80
1.3490 -2.5274 -0.0893 76 27 74
1.3641 -2.5279 0.0246 72 22 75
1.3636 -2.5279 0.0901 73 23 78
1.3639 -2.5279 0.1499 75 24 82
1.3639 -2.5279 0.2089 77 25 92
1.3640 -2.5279 0.2699 79 26 98
1.3640 -2.5279 0.3310 80 27 106
1.3639 -2.5279 0.3902 79 28 111
1.3639 -2.5279 0.4501 77 28 114
1.3641 -2.5279 0.5099 75 27 114
1.3639 -2.5279 0.5701 71 26 114
1.3641 -2.5279 0.6302 67 25 112
1.3641 -2.5279 0.6900 65 24 110
1.3641 -2.5279 0.7502 63 24 108
1.3641 -2.5279 0.8100 61 23 106
1.3643 -2.5279 0.8699 59 22 103
1.3642 -2.5279 0.9297 58 22 102
1.3650 -2.5279 0.9862 57 22 101
1.3627 -2.5276 1.0349 57 22 97
1.3486 -2.5274 1.1097 57 22 96
1.3485 -2.5274 1.1698 55 22 94
1.3483 -2.5274 1.2311 55 22 94
1.3487 -2.5274 1.2705 48 59 97
1.3699 -2.5074 -0.1219 108 68 78
1.3425 -2.4812 -0.1196 82 67 70
1.3534 -2.4276 -0.1218 89 65 79
1.3514 -2.4336 -0.1196 81 67 72
1.3486 -2.3705 -0.1219 88 64 79
1.3549 -2.3841 -0.1197 82 67 75
1.3385 -2.2921 -0.1228 171 139 126
1.3493 -2.3072 -0.1199 91 73 82
1.3298 -2.2483 -0.1234 223 187 158
1.3386 -2.2372 -0.1195 137 112 110
1.3308 -2.1878 -0.1234 237 206 175
1.3568 -2.2060 -0.1196 165 145 120
1.3332 -2.1303 -0.1234 246 221 191
1.3440 -2.1396 -0.1197 233 227 176
1.3339 -2.0696 -0.1234 244 222 195
1.3573 -2.0725 -0.1194 119 97 94
1.3362 -2.0092 -0.1234 183 95 61
1.3702 -2.0218 -0.1193 83 67 67
1.3489 -1.9449 -0.1236 161 82 56
1.3350 -1.9436 -0.1193 76 62 65
1.3490 -1.8907 -0.1236 179 93 60
1.3339 -1.8912 -0.1195 77 62 64
1.3491 -1.8305 -0.1235 188 99 61
1.3510 -1.8315 -0.1195 79 62 64
1.3722 -1.7469 -0.1237 253 245 228
1.3697 -1.7696 -0.1195 140 111 93
1.3548 -1.7051 -0.1237 254 251 238
1.3453 -1.6927 -0.1193 147 121 117
1.3491 -1.6512 -0.1236 254 252 242
1.3271 -1.6621 -0.1195 245 222 155
1.3491 -1.5907 -0.1235 254 253 246
1.3506 -1.6010 -0.1191 247 216 137
1.3443 -1.5355 -0.1235 235 179 144
1.3333 -1.5166 -0.1198 133 91 88
1.3694 -1.4504 -0.1237 240 148 77
1.3557 -1.4850 -0.1197 175 121 79
1.3522 -1.4079 -0.1237 241 152 80
1.3634 -1.4064 -0.1198 126 80 86
1.3491 -1.3509 -0.1236 238 146 76
1.3471 -1.3476 -0.1198 124 79 85
1.3490 -1.2910 -0.1235 245 199 164
1.3324 -1.2866 -0.1198 185 145 136
1.3432 -1.2373 -0.1235 255 254 249
1.3459 -1.2371 -0.1196 223 186 171
1.3664 -1.1528 -0.1237 255 254 254
1.3702 -1.1708 -0.1196 224 188 173
1.3507 -1.1094 -0.1237 255 254 253
1.3525 -1.1092 -0.1196 224 189 173
1.3490 -1.0505 -0.1236 248 217 193
1.3359 -1.0489 -0.1196 186 147 139
1.3492 -0.9905 -0.1235 228 133 72
1.3326 -0.9995 -0.1197 116 77 87
1.3406 -0.9405 -0.1234 225 129 70
1.3754 -0.9177 -0.1195 122 78 85
1.3637 -0.8556 -0.1237 243 155 80
1.3711 -0.8673 -0.1199 124 78 86
1.3494 -0.8106 -0.1237 243 171 111
1.3561 -0.8132 -0.1199 140 94 97
1.3491 -0.7510 -0.1236 254 254 249
1.3420 -0.7647 -0.1198 212 166 124
1.3491 -0.6908 -0.1235 254 253 245
1.3768 -0.6617 -0.1197 148 121 121
1.3376 -0.6432 -0.1234 254 252 240
1.3646 -0.6264 -0.1197 175 140 112
1.3603 -0.5587 -0.1237 254 249 239
1.3524 -0.5911 -0.1197 237 186 97
1.3490 -0.5109 -0.1237 211 117 68
1.3228 -0.4862 -0.1197 122 80 89
1.3489 -0.4510 -0.1236 201 109 66
1.3381 -0.4529 -0.1197 122 80 88
1.3486 -0.3916 -0.1235 195 104 66
1.3666 -0.3910 -0.1197 124 80 87
1.3573 -0.3237 -0.1236 180 96 63
1.3285 -0.3132 -0.1196 111 76 86
1.3574 -0.2618 -0.1237 246 222 193
1.3468 -0.2687 -0.1197 198 163 152
1.3493 -0.2110 -0.1236 244 217 187
1.3625 -0.2198 -0.1196 202 170 158
1.3492 -0.1508 -0.1236 239 207 177
1.3474 -0.0927 -0.1235 234 201 172
1.3638 -0.0781 -0.1185 127 69 115
1.3432 -0.0929 0.0167 123 35 119
1.3684 -0.0931 0.0782 127 36 122
1.3497 -0.0990 0.1532 255 143 254
1.3496 -0.0990 0.2102 254 136 254
1.3497 -0.0990 0.2702 254 126 252
1.3499 -0.0990 0.3300 253 112 248
1.3496 -0.0990 0.3900 246 93 235
1.3497 -0.0990 0.4500 205 64 191
1.3497 -0.0990 0.5101 120 33 122
1.3498 -0.0990 0.5701 72 19 88
1.3497 -0.0990 0.6300 70 19 87
1.3497 -0.0990 0.6899 70 19 87
1.3498 -0.0990 0.7499 70 19 87
1.3575 -0.0990 0.7924 70 19 87
1.3500 -0.0987 0.8700 70 19 87
1.3514 -0.0987 0.9283 70 19 88
1.3689 -0.0986 0.9662 74 20 89
1.3475 -0.0984 1.0499 82 22 94
1.3517 -0.0983 1.0999 71 19 87
1.3490 -0.0981 1.1701 177 46 158
1.3496 -0.0981 1.2299 122 31 119
1.3566 -0.0980 1.2712 83 22 95
1.3494 -0.0978 1.3502 174 45 156
1.3521 -0.0977 1.4076 144 36 132
1.3698 -0.0977 1.4494 142 36 132
1.3520 -0.0975 1.5153 173 45 155
1.3319 -0.0465 -0.1234 213 179 158
1.3446 -0.0452 -0.1188 139 71 125
1.3517 0.0904 -0.1219 114 72 83
1.3281 0.0982 0.0221 253 107 248
1.3282 0.0982 0.0902 252 105 247
1.3284 0.0982 0.1492 252 103 246
1.3282 0.0982 0.2086 251 99 244
1.3282 0.0983 0.2691 250 95 242
1.3282 0.0983 0.3295 247 89 238
1.3282 0.0983 0.3899 244 84 234
1.3282 0.0983 0.4504 237 77 225
1.3283 0.0983 0.5104 226 69 216
1.3283 0.0983 0.5701 211 61 203
1.3462 0.1025 0.6480 249 166 214
1.3549 0.1024 0.7071 250 106 236
1.3482 0.1016 0.7544 247 110 231
1.3494 0.1016 0.8098 244 87 234
1.3494 0.1016 0.8703 242 83 231
1.3504 0.1016 0.9302 240 81 229
1.3493 0.1016 0.9895 237 79 226
1.3499 0.1016 1.0494 235 77 224
1.3503 0.1016 1.1099 231 74 221
1.3491 0.1016 1.1697 228 71 217
1.3501 0.1016 1.2296 224 69 213
1.3499 0.1016 1.2901 220 67 211
1.3488 0.1016 1.3348 158 65 170
1.3474 0.1476 -0.1218 109 71 84
1.3493 0.2080 -0.1217 151 115 112
1.3633 0.2837 -0.1218 198 162 146
1.3535 0.3315 -0.1219 195 158 142
1.3472 0.3390 -0.1200 154 126 126
1.3506 0.3879 -0.1218 190 154 140
1.3509 0.4511 -0.1217 183 142 133
1.3481 0.5096 -0.1217 127 80 91
1.3659 0.5865 -0.1219 131 81 90
1.3527 0.6312 -0.1219 130 81 90
1.3490 0.6879 -0.1218 144 97 101
1.3500 0.7498 -0.1217 227 193 177
1.3493 0.8083 -0.1216 226 191 177
1.3630 0.8861 -0.1219 224 190 176
1.3508 0.9310 -0.1219 218 182 168
1.3513 0.9889 -0.1218 128 88 99
1.3494 1.0471 -0.1217 121 81 95
1.3702 1.0549 -0.1199 255 255 251
1.3505 1.1101 -0.1216 123 82 95
1.3504 1.1702 -0.1215 125 85 97
1.3488 1.2272 -0.1214 204 164 153
1.3507 1.2875 -0.1213 220 185 173
1.3514 1.3502 -0.1212 220 184 173
1.3578 1.3588 -0.1199 221 186 174
1.3498 1.4104 -0.1212 219 184 173
1.3548 1.4132 -0.1199 222 192 183
1.3478 1.4698 -0.1211 156 117 120
1.3442 1.4630 -0.1198 174 132 128
1.3479 1.5285 -0.1210 118 84 101
1.3610 1.5437 -0.1197 120 85 101
1.3476 1.5897 -0.1209 122 85 100
1.3299 1.5731 -0.1197 122 87 100
1.3502 1.6504 -0.1208 72 73 97
1.3522 1.6547 -0.1199 75 74 98
1.3507 1.7117 -0.1207 92 85 104
1.3687 1.7306 -0.1198 104 94 110
1.3569 1.7715 -0.1206 237 137 236
1.3432 1.7578 -0.1197 115 103 116
1.3567 1.8360 -0.1207 137 128 140
1.3568 1.8424 -0.1196 117 104 118
1.3381 1.8770 -0.1207 136 126 139
1.3310 1.8743 -0.1195 113 101 117
1.3509 1.9487 -0.1235 254 254 249
1.3507 1.9471 -0.1199 97 90 109
1.3438 2.0071 -0.1207 107 84 91
1.3636 2.0262 -0.1197 73 77 101
1.3370 2.0846 -0.1237 244 160 88
1.3348 2.0571 -0.1197 146 101 161
1.3507 2.1292 -0.1237 244 159 87
1.3612 2.1469 -0.1191 73 76 99
1.3508 2.1890 -0.1236 238 148 82
1.3397 2.1858 -0.1192 81 79 100
1.3543 2.2452 -0.1235 250 231 214
1.3655 2.2693 -0.1189 109 99 116
1.3712 2.2883 -0.1233 250 246 240
1.3388 2.3003 -0.1190 108 99 116
1.3500 2.3657 -0.1217 197 161 147
1.3599 2.3827 -0.1188 118 104 117
1.3291 2.4419 -0.1237 248 227 199
1.3435 2.4306 -0.1184 98 92 109
1.3355 2.4667 -0.1227 242 217 190
1.3484 2.4740 -0.1056 130 42 122
1.3536 2.4706 0.0014 74 23 74
1.3535 2.4706 0.0898 74 23 74
1.3536 2.4706 0.1487 75 23 75
1.3536 2.4706 0.2078 76 23 75
1.3536 2.4706 0.2667 77 23 76
1.3536 2.4706 0.3255 77 23 77
1.3536 2.4706 0.3903 77 23 78
1.3536 2.4706 0.4550 78 24 83
1.3536 2.4706 0.5139 78 24 82
1.3536 2.4706 0.5728 78 24 85
1.3536 2.4706 0.6319 77 24 89
1.3537 2.4706 0.6909 77 24 91
1.3537 2.4706 0.7498 76 24 92
1.3537 2.4706 0.8087 74 24 96
1.3537 2.4706 0.8678 73 24 99
1.3537 2.4706 0.9268 72 24 99
1.3537 2.4706 0.9857 68 23 101
1.3524 2.4706 1.0482 66 23 101
1.3550 2.4706 1.1125 65 23 101
1.3537 2.4706 1.1741 61 22 100
1.3537 2.4706 1.2330 62 22 100
1.3509 2.4706 1.2731 58 21 98
1.4083 -2.5259 -0.1214 113 69 76
1.4087 -2.5273 -0.0898 76 28 73
1.4093 -2.5278 0.0190 72 23 75
1.4082 -2.5278 0.0902 73 23 78
1.4082 -2.5278 0.1501 75 24 83
1.4089 -2.5278 0.2103 78 25 92
1.4081 -2.5278 0.2698 79 26 98
1.4082 -2.5278 0.3294 80 27 106
1.4083 -2.5278 0.3898 79 28 110
1.4085 -2.5278 0.4500 77 28 113
1.4085 -2.5278 0.5100 75 27 114
1.4085 -2.5278 0.5701 72 26 113
1.4087 -2.5278 0.6302 68 25 111
1.4085 -2.5278 0.6902 65 24 110
1.4086 -2.5278 0.7503 63 23 107
1.4086 -2.5278 0.8102 61 23 105
1.4088 -2.5278 0.8700 59 22 103
1.4087 -2.5278 0.9300 58 22 101
1.4086 -2.5278 0.9899 57 22 99
1.4179 -2.5278 1.0366 57 21 99
1.4083 -2.5273 1.1102 57 22 96
1.4082 -2.5273 1.1699 55 22 94
1.4081 -2.5273 1.2297 55 22 94
1.4070 -2.5273 1.2679 49 54 97
1.4096 -2.4905 -0.1219 118 69 74
1.4211 -2.5021 -0.1194 82 66 69
1.4222 -2.4341 -0.1219 121 71 74
1.4125 -2.4313 -0.1196 81 66 74
1.4272 -2.3855 -0.1219 108 68 75
1.3991 -2.3571 -0.1197 80 68 78
1.4239 -2.3275 -0.1218 87 66 79
1.4103 -2.3148 -0.1197 94 76 83
1.4115 -2.2449 -0.1217 160 128 121
1.4115 -2.2634 -0.1199 147 122 113
1.4336 -2.1682 -0.1236 231 196 166
1.3977 -2.1909 -0.1196 228 223 178
1.4198 -2.1265 -0.1237 243 215 185
1.4248 -2.1315 -0.1192 123 100 97
1.4196 -2.0707 -0.1237 243 218 189
1.4295 -2.0856 -0.1189 124 100 98
1.4216 -2.0108 -0.1237 194 100 57
1.3923 -1.9966 -0.1192 76 62 64
1.4092 -1.9441 -0.1235 158 80 58
1.3969 -1.9494 -0.1193 76 61 63
1.4089 -1.8911 -0.1235 172 89 60
1.4141 -1.8915 -0.1194 77 62 63
1.4322 -1.8073 -0.1237 174 89 57
1.4293 -1.8345 -0.1194 78 62 64
1.4157 -1.7642 -0.1237 249 235 215
1.4008 -1.7720 -0.1187 113 92 89
1.4091 -1.7109 -0.1236 254 246 228
1.3876 -1.7203 -0.1194 222 203 135
1.4093 -1.6509 -0.1235 254 250 237
1.4168 -1.6572 -0.1191 238 201 138
1.4051 -1.5953 -0.1235 254 253 244
1.4165 -1.5941 -0.1198 226 193 177
1.4305 -1.5095 -0.1237 231 136 73
1.4104 -1.5409 -0.1195 192 142 118
1.4130 -1.4672 -0.1237 233 138 72
1.3952 -1.4721 -0.1197 122 79 87
1.4089 -1.4109 -0.1236 236 143 74
1.4323 -1.3954 -0.1196 124 79 85
1.4091 -1.3509 -0.1235 230 136 73
1.4200 -1.3493 -0.1196 123 79 85
1.4037 -1.2965 -0.1235 236 176 136
1.4053 -1.2932 -0.1196 174 133 128
1.4273 -1.2117 -0.1237 254 254 252
1.3905 -1.2341 -0.1196 224 189 173
1.4108 -1.1687 -0.1237 254 254 253
1.4101 -1.1701 -0.1197 221 184 168
1.4089 -1.1107 -0.1236 254 254 252
1.4350 -1.0954 -0.1198 227 194 178
1.4090 -1.0506 -0.1235 246 214 190
1.4226 -1.0469 -0.1199 183 141 133
1.4015 -0.9989 -0.1235 222 125 69
1.4062 -0.9887 -0.1199 124 78 86
1.4246 -0.9143 -0.1237 247 164 83
1.3901 -0.9324 -0.1199 126 79 86
1.4099 -0.8702 -0.1237 242 155 80
1.4190 -0.8633 -0.1198 119 77 86
1.4091 -0.8110 -0.1236 239 164 108
1.4258 -0.8089 -0.1197 150 104 104
1.4092 -0.7508 -0.1235 254 254 248
1.4102 -0.7535 -0.1197 217 174 137
1.3988 -0.7021 -0.1234 254 252 243
1.3900 -0.7049 -0.1199 141 105 84
1.4217 -0.6177 -0.1237 254 254 251
1.4307 -0.6095 -0.1198 213 169 105
1.4090 -0.5708 -0.1237 254 252 246
1.4263 -0.5781 -0.1195 198 158 107
1.4093 -0.5108 -0.1236 219 123 70
1.4002 -0.4901 -0.1196 123 79 87
1.4086 -0.4513 -0.1235 213 117 68
1.4205 -0.4461 -0.1196 126 80 86
1.3960 -0.4051 -0.1234 205 112 68
1.4363 -0.4118 -0.1196 127 80 87
1.4185 -0.3211 -0.1237 191 102 62
1.4010 -0.3261 -0.1196 115 78 87
1.4090 -0.2714 -0.1237 243 219 194
1.4222 -0.2719 -0.1196 196 162 152
1.4092 -0.2111 -0.1236 251 231 203
1.4074 -0.2042 -0.1195 196 164 154
1.4076 -0.1524 -0.1235 248 225 196
1.4046 -0.1488 -0.1197 210 176 163
1.3930 -0.1080 -0.1234 244 218 189
1.4232 -0.0926 -0.1196 209 177 165
1.4091 -0.0975 0.0041 244 84 229
1.3949 -0.0942 0.1003 158 49 152
1.4094 -0.0989 0.1533 255 165 255
1.4092 -0.0989 0.2098 255 160 255
1.4095 -0.0989 0.2700 255 152 254
1.4092 -0.0989 0.3301 255 141 254
1.4092 -0.0989 0.3899 254 128 252
1.4093 -0.0989 0.4500 253 111 248
1.4093 -0.0989 0.5101 244 88 231
1.4093 -0.0989 0.5700 186 55 174
1.4093 -0.0989 0.6299 91 24 101
1.4094 -0.0989 0.6901 70 19 87
1.4092 -0.0989 0.7501 70 19 87
1.4118 -0.0989 0.8059 70 19 87
1.4304 -0.0988 0.8468 75 20 88
1.4094 -0.0986 0.9300 70 19 87
1.4145 -0.0986 0.9767 71 19 88
1.4076 -0.0983 1.0501 158 41 144
1.4077 -0.0983 1.1095 85 22 96
1.4219 -0.0983 1.1484 75 20 91
1.4101 -0.0980 1.2301 172 45 155
1.4134 -0.0980 1.2851 131 33 123
1.4244 -0.0978 1.3352 157 41 144
1.4097 -0.0977 1.4101 168 43 151
1.4142 -0.0977 1.4554 148 37 136
1.4104 -0.0974 1.5150 186 49 165
1.4129 0.0069 -0.1219 153 93 91
1.3809 -0.0479 -0.1182 155 43 141
1.4297 0.1009 -0.1229 147 81 74
1.4112 0.0983 0.0038 253 112 250
1.4103 0.0983 0.0900 253 110 249
1.4104 0.0983 0.1503 253 108 249
1.4094 0.0983 0.2101 253 106 248
1.4099 0.0983 0.2697 252 103 246
1.4107 0.0983 0.3295 251 99 244
1.4112 0.0983 0.3895 250 95 242
1.4116 0.0983 0.4498 247 89 238
1.4110 0.0983 0.5099 243 84 233
1.4106 0.0983 0.5701 238 79 228
1.3979 0.1014 0.6489 243 88 234
1.4107 0.1025 0.7088 251 161 225
1.4101 0.1017 0.7618 246 117 227
1.4132 0.1016 0.8106 243 85 232
1.4127 0.1016 0.8707 241 82 230
1.4127 0.1016 0.9303 238 80 227
1.4132 0.1016 0.9899 236 78 225
1.4127 0.1016 1.0503 233 75 222
1.4132 0.1016 1.1106 230 73 219
1.4124 0.1016 1.1702 227 71 216
1.4129 0.1016 1.2298 224 68 213
1.4129 0.1016 1.2901 220 66 210
1.4129 0.1016 1.3348 167 65 176
1.4332 0.1363 -0.1231 144 80 73
1.4234 0.2240 -0.1218 205 171 157
1.4127 0.2739 -0.1219 208 171 152
1.4097 0.3306 -0.1218 199 162 145
1.4063 0.3388 -0.1200 154 126 127
1.4090 0.3898 -0.1218 219 187 170
1.4091 0.4479 -0.1217 205 164 151
1.4281 0.5277 -0.1219 138 82 86
1.4117 0.5713 -0.1219 133 81 88
1.4097 0.6272 -0.1218 131 81 90
1.4096 0.6901 -0.1217 152 104 106
1.4085 0.7477 -0.1216 229 195 179
1.4257 0.8255 -0.1219 227 191 176
1.4108 0.8704 -0.1219 226 192 177
1.4092 0.9288 -0.1218 219 183 170
1.4106 0.9890 -0.1217 130 88 97
1.4252 1.0029 -0.1199 156 120 127
1.4092 1.0503 -0.1216 125 82 94
1.3922 1.0341 -0.1199 255 255 250
1.4226 1.1219 -0.1219 123 82 94
1.4100 1.1086 -0.1198 239 233 231
1.4233 1.1716 -0.1219 125 84 95
1.4249 1.1910 -0.1197 255 255 247
1.4223 1.2320 -0.1218 211 173 162
1.4055 1.2093 -0.1197 255 255 250
1.4195 1.2896 -0.1217 219 182 170
1.4214 1.2983 -0.1199 226 194 183
1.4240 1.3490 -0.1216 220 184 172
1.4122 1.3497 -0.1199 230 205 195
1.4168 1.4103 -0.1215 221 187 175
1.4071 1.4016 -0.1198 226 196 185
1.4184 1.4654 -0.1214 231 137 214
1.4208 1.4834 -0.1197 166 129 133
1.4073 1.5281 -0.1209 121 84 99
1.4016 1.5237 -0.1197 154 127 139
1.4083 1.5905 -0.1208 123 85 99
1.4147 1.5951 -0.1199 126 88 101
1.4123 1.6531 -0.1207 73 73 98
1.4121 1.6525 -0.1198 98 97 117
1.4121 1.7126 -0.1206 95 86 105
1.4004 1.7029 -0.1197 90 83 102
1.4141 1.7662 -0.1205 204 134 204
1.4188 1.7817 -0.1196 124 110 123
1.3978 1.8205 -0.1207 139 128 140
1.3937 1.8166 -0.1195 118 104 118
1.4062 1.8944 -0.1237 254 254 253
1.4097 1.8918 -0.1199 115 103 117
1.4108 1.9492 -0.1236 254 254 251
1.4258 1.9643 -0.1196 90 83 102
1.4111 2.0088 -0.1235 232 141 84
1.3987 1.9964 -0.1197 76 78 101
1.4176 2.0606 -0.1234 229 135 78
1.4200 2.0729 -0.1196 224 135 228
1.3993 2.1428 -0.1237 245 163 89
1.4024 2.1231 -0.1193 73 75 99
1.4111 2.1890 -0.1237 242 155 86
1.4286 2.2061 -0.1189 88 82 102
1.4109 2.2491 -0.1236 251 236 222
1.4033 2.2411 -0.1189 98 91 109
1.4157 2.3039 -0.1235 254 253 247
1.4290 2.3248 -0.1187 112 100 116
1.4294 2.3484 -0.1231 244 236 228
1.4111 2.3643 -0.1187 206 127 208
1.4107 2.4459 -0.1220 205 169 152
1.4087 2.4403 -0.1190 121 103 113
1.4098 2.4701 -0.1209 93 34 88
1.4120 2.4743 -0.1070 163 67 157
1.4100 2.4706 0.0010 74 22 73
1.4100 2.4706 0.0896 74 22 74
1.4100 2.4706 0.1485 75 23 74
1.4100 2.4706 0.2078 76 23 75
1.4100 2.4706 0.2667 77 23 76
1.4100 2.4706 0.3257 77 23 78
1.4100 2.4706 0.3850 77 23 77
1.4100 2.4706 0.4498 78 24 82
1.4100 2.4706 0.5144 78 24 84
1.4101 2.4706 0.5734 78 24 85
1.4101 2.4706 0.6326 77 24 89
1.4101 2.4706 0.6919 76 24 92
1.4101 2.4706 0.7509 75 24 93
1.4101 2.4706 0.8098 74 24 96
1.4101 2.4706 0.8691 72 24 98
1.4100 2.4706 0.9281 71 24 99
1.4101 2.4706 0.9871 68 23 102
1.4101 2.4706 1.0463 66 23 101
1.4092 2.4706 1.1071 64 22 101
1.4101 2.4706 1.1701 60 21 100
1.4110 2.4706 1.2331 61 22 100
1.4100 2.4707 1.2706 59 21 99
1.4622 -2.5245 -0.1215 110 68 74
1.4727 -2.5272 -0.0897 77 30 74
1.4696 -2.5277 0.0111 73 23 76
1.4688 -2.5277 0.0899 74 24 79
1.4689 -2.5277 0.1501 76 24 84
1.4689 -2.5277 0.2108 78 25 91
1.4687 -2.5277 0.2709 79 27 98
1.4692 -2.5277 0.3301 80 27 105
1.4693 -2.5277 0.3901 79 28 110
1.4688 -2.5277 0.4501 78 28 113
1.4692 -2.5277 0.5099 75 27 113
1.4690 -2.5277 0.5700 72 26 113
1.4692 -2.5277 0.6300 69 25 111
1.4692 -2.5277 0.6900 66 25 110
1.4691 -2.5277 0.7502 63 24 107
1.4693 -2.5277 0.8102 61 23 105
1.4692 -2.5277 0.8700 59 22 103
1.4694 -2.5277 0.9300 58 22 101
1.4692 -2.5277 0.9901 57 22 99
1.4699 -2.5277 1.0495 57 22 99
1.4836 -2.5276 1.0919 56 22 97
1.4724 -2.5272 1.1702 56 22 94
1.4717 -2.5272 1.2306 55 22 93
1.4723 -2.5273 1.2704 49 60 98
1.4699 -2.4894 -0.1218 128 82 82
1.4803 -2.5052 -0.1199 98 78 83
1.4703 -2.4299 -0.1219 132 83 82
1.4583 -2.4169 -0.1193 84 70 77
1.4703 -2.3714 -0.1219 136 85 81
1.4723 -2.3795 -0.1196 93 76 82
1.4835 -2.3162 -0.1219 149 101 93
1.4688 -2.3064 -0.1197 110 92 94
1.4900 -2.2298 -0.1235 222 185 156
1.4569 -2.2343 -0.1198 177 157 135
1.4736 -2.1855 -0.1236 230 190 157
1.4908 -2.2072 -0.1197 215 209 191
1.4682 -2.1302 -0.1236 245 218 187
1.4857 -2.1340 -0.1183 99 79 79
1.4687 -2.0699 -0.1236 243 218 189
1.4487 -2.0646 -0.1192 115 92 90
1.4688 -2.0095 -0.1236 196 105 62
1.4636 -2.0107 -0.1192 82 65 66
1.4691 -1.9431 -0.1235 157 80 59
1.4805 -1.9516 -0.1192 87 68 67
1.4654 -1.8949 -0.1234 163 84 61
1.4896 -1.8993 -0.1191 95 74 72
1.4687 -1.8087 -0.1237 163 83 56
1.4486 -1.8139 -0.1191 87 68 67
1.4692 -1.7711 -0.1236 239 215 193
1.4523 -1.7743 -0.1193 224 199 124
1.4689 -1.7110 -0.1236 253 240 217
1.4884 -1.7144 -0.1190 179 146 97
1.4659 -1.6543 -0.1235 254 244 223
1.4526 -1.6606 -0.1187 229 189 140
1.4908 -1.5686 -0.1237 254 251 238
1.4693 -1.6009 -0.1194 201 158 139
1.4734 -1.5264 -0.1237 230 152 102
1.4580 -1.5240 -0.1195 211 156 94
1.4688 -1.4709 -0.1236 229 133 69
1.4560 -1.4684 -0.1196 128 81 86
1.4690 -1.4107 -0.1235 228 133 71
1.4459 -1.4187 -0.1196 128 81 86
1.4645 -1.3560 -0.1235 226 130 71
1.4941 -1.3376 -0.1194 171 121 110
1.4884 -1.2711 -0.1237 254 252 250
1.4903 -1.2856 -0.1199 192 146 132
1.4716 -1.2284 -0.1237 254 254 252
1.4750 -1.2307 -0.1199 218 178 162
1.4688 -1.1709 -0.1236 254 254 249
1.4584 -1.1726 -0.1199 222 182 165
1.4692 -1.1107 -0.1235 254 254 250
1.4479 -1.1247 -0.1198 225 188 171
1.4620 -1.0580 -0.1235 251 235 217
1.4922 -1.0438 -0.1197 181 132 120
1.4855 -0.9735 -0.1237 246 161 81
1.4770 -0.9886 -0.1197 140 90 91
1.4702 -0.9297 -0.1237 245 159 81
1.4600 -0.9288 -0.1197 128 80 86
1.4692 -0.8709 -0.1236 239 148 76
1.4460 -0.8779 -0.1197 126 80 86
1.4690 -0.8108 -0.1235 237 161 107
1.4859 -0.8051 -0.1195 154 107 102
1.4599 -0.7614 -0.1234 254 253 248
1.4831 -0.7519 -0.1196 204 160 138
1.4827 -0.6764 -0.1237 254 254 250
1.4762 -0.7117 -0.1195 188 137 78
1.4696 -0.6308 -0.1237 254 254 250
1.4524 -0.6404 -0.1198 146 118 118
1.4689 -0.5710 -0.1236 254 253 245
1.4933 -0.5721 -0.1197 234 184 99
1.4693 -0.5113 -0.1235 227 132 72
1.4822 -0.5048 -0.1194 176 127 103
1.4566 -0.4642 -0.1234 221 124 69
1.4708 -0.4539 -0.1199 145 96 96
1.4794 -0.3794 -0.1237 220 125 69
1.4834 -0.3979 -0.1199 168 119 111
1.4690 -0.3307 -0.1237 207 114 66
1.4746 -0.3286 -0.1196 154 106 101
1.4691 -0.2708 -0.1236 247 229 207
1.4880 -0.2774 -0.1193 165 126 117
1.4681 -0.2119 -0.1235 253 238 211
1.4530 -0.2082 -0.1195 203 167 154
1.4865 -0.1333 -0.1237 250 233 205
1.4811 -0.1453 -0.1195 184 142 131
1.4773 -0.0832 -0.1237 243 217 188
1.4779 -0.0929 -0.1194 176 131 129
1.4655 -0.0939 0.0044 139 40 132
1.4736 -0.0941 0.0924 145 42 137
1.4859 -0.0991 0.1531 255 157 255
1.4858 -0.0991 0.2099 255 147 254
1.4858 -0.0991 0.2701 254 132 253
1.4860 -0.0991 0.3301 252 109 247
1.4859 -0.0991 0.3900 217 70 203
1.4859 -0.0991 0.4500 88 24 100
1.4859 -0.0991 0.5101 70 19 87
1.4859 -0.0991 0.5701 70 19 87
1.4859 -0.0991 0.6300 70 19 87
1.4865 -0.0991 0.6862 70 19 87
1.4691 -0.0988 0.7500 71 19 88
1.4689 -0.0988 0.8100 70 19 87
1.4764 -0.0988 0.8531 71 19 88
1.4703 -0.0985 0.9302 117 30 117
1.4714 -0.0985 0.9887 71 19 88
1.4885 -0.0985 1.0270 77 21 93
1.4692 -0.0982 1.1103 159 41 145
1.4740 -0.0982 1.1617 96 25 103
1.4717 -0.0979 1.2296 199 54 178
1.4720 -0.0979 1.2895 168 43 151
1.4791 -0.0979 1.3325 143 36 132
1.4692 -0.0976 1.4103 186 49 166
1.4709 -0.0976 1.4685 163 41 147
1.4876 -0.0976 1.5071 160 41 145
1.4701 -0.0033 -0.1236 176 108 87
1.4700 -0.0040 -0.1198 162 113 111
1.4668 0.0863 -0.1235 150 80 68
1.4649 0.0984 0.0035 252 104 247
1.4641 0.0984 0.0898 252 102 246
1.4638 0.0984 0.1497 251 100 245
1.4634 0.0984 0.2096 250 97 243
1.4633 0.0984 0.2701 249 94 241
1.4644 0.0984 0.3305 247 89 238
1.4634 0.0984 0.3900 244 84 234
1.4633 0.0984 0.4502 239 79 228
1.4627 0.0984 0.5100 232 73 221
1.4623 0.0984 0.5697 221 66 211
1.4619 0.0984 0.6297 212 61 204
1.4502 0.1026 0.7102 250 154 234
1.4673 0.1017 0.7688 245 139 215
1.4724 0.1017 0.8103 241 83 229
1.4722 0.1017 0.8704 239 80 228
1.4719 0.1017 0.9302 236 78 225
1.4722 0.1017 0.9894 233 76 222
1.4719 0.1017 1.0492 231 74 220
1.4725 0.1017 1.1098 228 72 218
1.4717 0.1017 1.1704 225 70 215
1.4725 0.1017 1.2302 222 68 212
1.4719 0.1017 1.2893 219 66 209
1.4721 0.1017 1.3333 174 65 181
1.4514 0.1301 -0.1234 140 76 69
1.4757 0.2135 -0.1219 208 167 151
1.4696 0.2710 -0.1218 239 209 188
1.4689 0.3294 -0.1218 227 189 169
1.4849 0.3403 -0.1200 228 209 182
1.4686 0.3896 -0.1217 238 207 188
1.4891 0.4687 -0.1219 155 103 103
1.4711 0.5116 -0.1219 140 82 86
1.4698 0.5673 -0.1218 137 82 88
1.4706 0.6309 -0.1217 133 82 90
1.4869 0.6315 -0.1200 255 255 237
1.4694 0.6890 -0.1216 148 98 100
1.4869 0.7670 -0.1219 228 193 176
1.4715 0.8127 -0.1219 225 186 170
1.4686 0.8693 -0.1218 227 191 174
1.4696 0.9292 -0.1217 221 184 170
1.4876 0.9439 -0.1199 205 163 151
1.4705 0.9895 -0.1216 136 87 95
1.4582 0.9716 -0.1199 169 119 114
1.4839 1.0633 -0.1219 125 81 92
1.4703 1.0516 -0.1198 127 84 96
1.4707 1.1101 -0.1219 124 81 93
1.4869 1.1324 -0.1197 127 85 97
1.4687 1.1699 -0.1218 125 83 95
1.4559 1.1617 -0.1197 177 153 159
1.4676 1.2274 -0.1217 205 167 156
1.4815 1.2413 -0.1199 217 182 169
1.4701 1.2896 -0.1216 219 181 169
1.4641 1.2816 -0.1199 225 194 182
1.4721 1.3491 -0.1215 218 178 166
1.4691 1.3463 -0.1197 223 188 177
1.4705 1.4099 -0.1214 222 188 176
1.4784 1.4201 -0.1196 224 195 184
1.4682 1.4676 -0.1213 233 149 215
1.4618 1.4547 -0.1196 204 168 159
1.4685 1.5276 -0.1208 125 84 97
1.4766 1.5366 -0.1199 128 89 101
1.4714 1.5910 -0.1207 124 85 98
1.4638 1.5794 -0.1197 141 106 117
1.4691 1.6524 -0.1206 74 73 97
1.4637 1.6422 -0.1197 84 79 100
1.4732 1.7125 -0.1205 97 87 105
1.4834 1.7208 -0.1196 113 103 118
1.4671 1.7621 -0.1205 189 132 187
1.4555 1.7532 -0.1195 119 105 118
1.4524 1.8546 -0.1237 251 238 214
1.4719 1.8322 -0.1199 118 104 119
1.4497 1.9114 -0.1237 254 254 253
1.4747 1.8953 -0.1197 117 103 117
1.4675 1.9523 -0.1237 254 254 252
1.4589 1.9389 -0.1197 107 96 112
1.4709 2.0091 -0.1236 243 158 88
1.4782 2.0175 -0.1196 73 74 98
1.4705 2.0691 -0.1235 237 145 81
1.4531 2.0510 -0.1195 78 78 101
1.4793 2.1178 -0.1234 230 137 79
1.4870 2.1475 -0.1189 74 75 98
1.4618 2.2004 -0.1237 245 163 89
1.4649 2.1820 -0.1190 80 78 99
1.4711 2.2492 -0.1236 253 238 224
1.4719 2.2672 -0.1195 132 112 118
1.4710 2.3089 -0.1236 254 254 248
1.4710 2.3079 -0.1187 108 98 116
1.4762 2.3615 -0.1235 254 252 242
1.4712 2.3539 -0.1192 125 106 115
1.4817 2.4220 -0.1227 233 214 202
1.4829 2.4446 -0.1183 99 90 107
1.4834 2.4627 -0.1216 176 130 132
1.4654 2.4734 -0.1074 119 38 112
1.4665 2.4706 0.0004 73 22 73
1.4666 2.4707 0.0892 75 23 74
1.4666 2.4706 0.1483 75 23 75
1.4666 2.4706 0.2076 75 23 75
1.4667 2.4707 0.2667 77 23 77
1.4667 2.4706 0.3258 77 23 77
1.4667 2.4706 0.3852 77 23 78
1.4666 2.4706 0.4502 78 24 82
1.4667 2.4707 0.5150 78 24 84
1.4667 2.4706 0.5741 77 24 86
1.4667 2.4706 0.6335 77 24 88
1.4666 2.4706 0.6927 76 24 93
1.4668 2.4706 0.7518 75 24 92
1.4667 2.4706 0.8110 74 24 96
1.4667 2.4706 0.8703 71 24 99
1.4667 2.4706 0.9295 70 24 100
1.4667 2.4706 0.9886 67 23 101
1.4667 2.4706 1.0479 66 23 101
1.4667 2.4706 1.1072 63 22 101
1.4668 2.4706 1.1663 60 22 100
1.4658 2.4706 1.2268 59 21 100
1.4695 2.4707 1.2681 60 22 100
1.5284 -2.5251 -0.1215 193 156 139
1.5307 -2.5271 -0.0895 79 32 76
1.5554 -2.5279 0.0277 73 23 76
1.5551 -2.5279 0.0901 74 23 79
1.5553 -2.5279 0.1507 76 24 85
1.5552 -2.5279 0.2106 77 25 90
1.5553 -2.5279 0.2704 79 26 98
1.5552 -2.5279 0.3303 80 27 106
1.5553 -2.5279 0.3902 79 28 111
1.5552 -2.5279 0.4500 77 28 113
1.5553 -2.5279 0.5099 75 27 114
1.5552 -2.5279 0.5704 70 26 113
1.5553 -2.5279 0.6296 67 25 111
1.5553 -2.5279 0.6895 65 24 109
1.5553 -2.5279 0.7494 62 23 107
1.5553 -2.5279 0.8093 61 23 106
1.5552 -2.5279 0.8698 59 22 103
1.5554 -2.5279 0.9303 58 22 102
1.5551 -2.5279 0.9803 58 22 101
1.5290 -2.5276 1.0499 56 22 98
1.5316 -2.5275 1.1069 55 21 96
1.5487 -2.5275 1.1487 55 22 96
1.5304 -2.5271 1.2295 55 22 93
1.5292 -2.5272 1.2681 51 52 98
1.5298 -2.4898 -0.1217 209 172 150
1.5331 -2.4913 -0.1199 139 113 110
1.5303 -2.4309 -0.1217 211 173 151
1.5273 -2.4343 -0.1194 131 107 105
1.5291 -2.3698 -0.1218 217 181 156
1.5232 -2.3589 -0.1195 150 127 117
1.5406 -2.2884 -0.1233 119 71 68
1.5354 -2.3170 -0.1196 149 127 118
1.5264 -2.2455 -0.1235 122 65 59
1.5325 -2.2589 -0.1198 207 202 181
1.5261 -2.1900 -0.1235 140 72 58
1.5130 -2.1881 -0.1197 213 208 198
1.5270 -2.1296 -0.1235 159 82 59
1.5178 -2.1322 -0.1190 83 66 66
1.5293 -2.0695 -0.1235 187 109 77
1.5359 -2.0716 -0.1190 81 65 65
1.5287 -2.0106 -0.1235 254 246 225
1.5510 -2.0083 -0.1190 116 94 91
1.5241 -1.9451 -0.1234 217 177 155
1.5174 -1.9439 -0.1187 106 85 84
1.5094 -1.9112 -0.1234 183 122 100
1.5105 -1.8766 -0.1191 108 86 82
1.5279 -1.8077 -0.1236 225 191 168
1.5205 -1.8310 -0.1192 207 184 118
1.5290 -1.7710 -0.1236 192 131 105
1.5251 -1.7739 -0.1185 92 75 75
1.5262 -1.7140 -0.1235 198 129 98
1.5229 -1.7078 -0.1187 201 179 118
1.5511 -1.6285 -0.1237 186 100 63
1.5300 -1.6600 -0.1192 136 87 75
1.5341 -1.5855 -0.1237 205 122 82
1.5259 -1.5774 -0.1194 190 134 88
1.5291 -1.5311 -0.1236 235 194 167
1.5547 -1.5191 -0.1198 214 178 164
1.5289 -1.4712 -0.1235 246 225 204
1.5430 -1.4693 -0.1199 222 186 170
1.5249 -1.4153 -0.1235 247 222 197
1.5252 -1.4069 -0.1199 210 168 152
1.5492 -1.3297 -0.1237 254 252 246
1.5095 -1.3508 -0.1199 194 147 132
1.5323 -1.2877 -0.1237 246 204 171
1.5366 -1.2808 -0.1197 143 98 98
1.5291 -1.2309 -0.1236 240 169 115
1.5450 -1.2286 -0.1197 124 79 85
1.5292 -1.1711 -0.1235 238 165 112
1.5282 -1.1682 -0.1197 141 92 91
1.5235 -1.1178 -0.1235 238 173 126
1.5113 -1.1083 -0.1197 174 123 111
1.5469 -1.0328 -0.1237 252 239 226
1.5222 -1.0529 -0.1195 200 156 141
1.5307 -0.9892 -0.1237 252 238 225
1.5479 -0.9869 -0.1196 218 183 168
1.5288 -0.9311 -0.1236 252 233 215
1.5340 -0.9278 -0.1196 214 175 160
1.5292 -0.8711 -0.1235 251 233 214
1.5189 -0.8706 -0.1196 203 159 143
1.5214 -0.8204 -0.1234 246 219 195
1.5075 -0.8246 -0.1195 185 137 124
1.5439 -0.7356 -0.1237 244 159 82
1.5524 -0.7352 -0.1198 126 81 88
1.5297 -0.6907 -0.1237 245 174 114
1.5455 -0.7074 -0.1197 201 150 85
1.5290 -0.6310 -0.1236 240 168 113
1.5472 -0.6459 -0.1197 134 95 67
1.5293 -0.5710 -0.1235 235 163 113
1.5311 -0.5675 -0.1196 174 139 98
1.5178 -0.5231 -0.1234 238 200 175
1.5408 -0.5047 -0.1195 221 184 169
1.5406 -0.4386 -0.1237 254 251 245
1.5350 -0.4499 -0.1198 219 182 167
1.5291 -0.3912 -0.1237 249 228 209
1.5309 -0.3909 -0.1198 215 175 159
1.5289 -0.3309 -0.1236 245 223 205
1.5271 -0.3286 -0.1198 216 178 163
1.5287 -0.2715 -0.1235 221 157 121
1.5434 -0.2706 -0.1198 134 91 94
1.5369 -0.2032 -0.1236 210 137 100
1.5270 -0.2109 -0.1194 126 85 89
1.5378 -0.1419 -0.1237 188 106 71
1.5493 -0.1603 -0.1193 114 77 84
1.5291 -0.0910 -0.1236 189 119 91
1.5130 -0.0829 -0.1194 146 103 97
1.5043 -0.0942 0.0047 144 41 135
1.5071 -0.0946 0.0899 156 46 146
1.5283 -0.0991 0.1531 255 178 255
1.5283 -0.0991 0.2096 255 171 255
1.5284 -0.0991 0.2696 255 159 254
1.5283 -0.0991 0.3299 254 142 254
1.5284 -0.0991 0.3900 253 119 249
1.5283 -0.0991 0.4500 226 82 215
1.5284 -0.0991 0.5100 128 37 131
1.5283 -0.0991 0.5700 71 19 88
1.5283 -0.0991 0.6300 70 19 87
1.5284 -0.0991 0.6900 70 19 87
1.5393 -0.0991 0.7299 70 19 87
1.5291 -0.0988 0.8101 75 20 91
1.5315 -0.0988 0.8667 70 19 88
1.5505 -0.0987 0.9070 89 24 98
1.5304 -0.0985 0.9900 123 32 121
1.5349 -0.0985 1.0378 72 20 89
1.5305 -0.0982 1.1098 203 56 181
1.5305 -0.0982 1.1698 156 40 142
1.5419 -0.0982 1.2098 127 32 121
1.5309 -0.0979 1.2901 191 51 171
1.5335 -0.0979 1.3461 164 42 148
1.5439 -0.0977 1.3954 177 46 159
1.5316 -0.0976 1.4698 181 47 161
1.5344 -0.0976 1.5130 164 42 148
1.5284 -0.0056 -0.1235 224 188 165
1.5369 -0.0175 -0.1196 199 154 151
1.5117 0.0716 -0.1234 195 143 123
1.5141 0.0918 -0.1199 204 160 145
1.5317 0.0981 0.0071 255 158 255
1.5323 0.0981 0.0900 255 157 255
1.5324 0.0981 0.1496 255 156 255
1.5321 0.0981 0.2102 255 153 255
1.5319 0.0981 0.2699 255 150 255
1.5321 0.0981 0.3293 255 146 254
1.5320 0.0981 0.3901 255 141 254
1.5320 0.0981 0.4501 255 136 254
1.5316 0.0981 0.5100 255 129 253
1.5317 0.0981 0.5701 254 122 252
1.5319 0.0981 0.6299 254 115 251
1.5265 0.1028 0.7060 247 93 237
1.5196 0.1018 0.7742 249 185 218
1.5332 0.1017 0.8105 239 89 223
1.5334 0.1017 0.8694 237 79 225
1.5337 0.1017 0.9295 235 77 223
1.5328 0.1017 0.9895 233 75 222
1.5337 0.1017 1.0503 230 73 219
1.5334 0.1017 1.1104 227 71 216
1.5334 0.1017 1.1698 224 69 214
1.5328 0.1017 1.2298 221 67 211
1.5337 0.1017 1.2899 218 65 209
1.5325 0.1017 1.3338 173 65 180
1.5352 0.1552 -0.1219 233 202 182
1.5418 0.1520 -0.1199 220 178 143
1.5307 0.2100 -0.1219 198 151 137
1.5281 0.2684 -0.1218 165 111 108
1.5544 0.2904 -0.1200 125 82 94
1.5303 0.3292 -0.1217 161 105 102
1.5264 0.3209 -0.1200 185 158 146
1.5433 0.4042 -0.1218 150 92 94
1.5427 0.3909 -0.1198 229 219 187
1.5341 0.4514 -0.1219 177 124 114
1.5574 0.4715 -0.1197 255 254 214
1.5288 0.5101 -0.1218 214 178 164
1.5306 0.5698 -0.1217 221 185 169
1.5415 0.5799 -0.1200 225 189 175
1.5300 0.6271 -0.1217 215 178 164
1.5205 0.6222 -0.1199 248 239 221
1.5465 0.7065 -0.1219 190 142 129
1.5260 0.6847 -0.1198 251 246 228
1.5331 0.7528 -0.1219 140 92 97
1.5443 0.7626 -0.1197 255 255 237
1.5283 0.8090 -0.1218 153 105 107
1.5306 0.8699 -0.1217 148 102 106
1.5482 0.8812 -0.1199 153 118 124
1.5284 0.9296 -0.1216 152 104 106
1.5169 0.9161 -0.1199 156 112 112
1.5433 1.0062 -0.1219 222 187 173
1.5306 0.9945 -0.1198 202 162 151
1.5320 1.0519 -0.1219 210 175 164
1.5527 1.0700 -0.1197 223 188 174
1.5291 1.1116 -0.1218 207 170 160
1.5217 1.0994 -0.1197 202 163 154
1.5290 1.1692 -0.1217 200 163 154
1.5411 1.1850 -0.1199 213 174 161
1.5296 1.2314 -0.1216 155 113 115
1.5229 1.2248 -0.1198 154 111 113
1.5304 1.2907 -0.1215 140 99 108
1.5296 1.2891 -0.1198 137 96 104
1.5297 1.3497 -0.1214 135 94 103
1.5408 1.3614 -0.1196 134 92 101
1.5314 1.4097 -0.1213 144 103 109
1.5184 1.3991 -0.1196 158 118 120
1.5287 1.4690 -0.1213 227 149 212
1.5358 1.4801 -0.1199 203 162 151
1.5332 1.5326 -0.1207 209 175 166
1.5206 1.5229 -0.1198 179 142 140
1.5317 1.5931 -0.1206 204 168 159
1.5237 1.5854 -0.1197 200 163 156
1.5302 1.6506 -0.1206 113 100 113
1.5402 1.6638 -0.1195 148 135 142
1.5282 1.7061 -0.1205 95 86 104
1.5176 1.6937 -0.1195 102 92 108
1.5210 1.7584 -0.1205 152 111 164
1.5345 1.7733 -0.1199 79 78 100
1.5496 1.8179 -0.1210 84 76 94
1.5352 1.8380 -0.1197 86 82 102
1.5274 1.8992 -0.1237 229 162 122
1.5192 1.8820 -0.1197 87 83 103
1.5124 1.9691 -0.1237 252 222 188
1.5397 1.9581 -0.1196 92 84 103
1.5287 2.0108 -0.1237 251 233 219
1.5142 1.9915 -0.1195 98 90 109
1.5309 2.0688 -0.1236 250 234 220
1.5355 2.0678 -0.1194 216 142 216
1.5308 2.1290 -0.1235 250 233 218
1.5259 2.1249 -0.1189 109 99 115
1.5213 2.1973 -0.1236 246 199 165
1.5267 2.1705 -0.1190 218 210 211
1.5233 2.2576 -0.1237 246 185 132
1.5295 2.2526 -0.1187 82 80 100
1.5310 2.3091 -0.1236 242 170 115
1.5379 2.2982 -0.1183 197 196 203
1.5307 2.3691 -0.1235 237 162 112
1.5458 2.3753 -0.1185 210 131 215
1.5381 2.4199 -0.1235 228 140 89
1.5241 2.4176 -0.1183 84 80 99
1.5275 2.4618 -0.1218 146 100 104
1.5277 2.4741 -0.1060 118 37 111
1.5294 2.4706 -0.0002 74 22 73
1.5293 2.4707 0.0888 74 22 74
1.5293 2.4707 0.1481 75 23 75
1.5293 2.4707 0.2075 75 23 75
1.5293 2.4707 0.2668 77 23 77
1.5293 2.4707 0.3260 77 23 78
1.5293 2.4707 0.3855 78 24 79
1.5294 2.4707 0.4450 78 24 82
1.5294 2.4707 0.5099 78 24 83
1.5294 2.4707 0.5749 77 24 87
1.5294 2.4707 0.6343 77 24 90
1.5294 2.4707 0.6936 75 24 92
1.5295 2.4706 0.7530 75 24 93
1.5297 2.4706 0.8123 73 24 96
1.5297 2.4706 0.8718 70 24 100
1.5297 2.4706 0.9310 69 23 100
1.5297 2.4706 0.9903 66 23 102
1.5297 2.4706 1.0498 66 23 101
1.5297 2.4706 1.1090 63 22 101
1.5297 2.4706 1.1683 61 22 100
1.5297 2.4706 1.2278 59 21 99
1.5294 2.4707 1.2695 59 21 99
1.5854 -2.5241 -0.1216 188 152 136
1.5971 -2.5274 -0.0667 71 23 73
1.5915 -2.5279 0.0231 73 23 77
1.5905 -2.5279 0.0899 74 23 79
1.5904 -2.5279 0.1500 76 24 85
1.5904 -2.5279 0.2095 77 25 89
1.5905 -2.5279 0.2692 79 26 98
1.5905 -2.5279 0.3298 80 27 106
1.5905 -2.5279 0.3899 80 28 111
1.5904 -2.5279 0.4499 78 28 114
1.5906 -2.5279 0.5100 74 27 113
1.5904 -2.5279 0.5699 70 26 113
1.5905 -2.5279 0.6301 68 25 111
1.5906 -2.5279 0.6900 64 24 109
1.5904 -2.5279 0.7497 62 23 107
1.5906 -2.5279 0.8098 61 23 105
1.5904 -2.5279 0.8702 59 22 103
1.5906 -2.5279 0.9299 58 22 102
1.5916 -2.5279 0.9883 58 22 100
1.6074 -2.5278 1.0297 57 22 99
1.5894 -2.5274 1.1099 55 22 96
1.5948 -2.5274 1.1630 54 22 95
1.5872 -2.5270 1.2303 55 23 93
1.5899 -2.5271 1.2702 50 62 101
1.5906 -2.4892 -0.1216 205 167 146
1.5837 -2.4715 -0.1199 139 113 111
1.5901 -2.4288 -0.1216 208 170 148
1.5997 -2.4436 -0.1198 146 121 114
1.5902 -2.3703 -0.1217 214 179 155
1.5968 -2.3830 -0.1195 164 145 125
1.5892 -2.3092 -0.1218 192 151 133
1.5886 -2.3055 -0.1197 232 228 197
1.5894 -2.2509 -0.1218 116 69 74
1.5726 -2.2406 -0.1198 194 191 184
1.5898 -2.1911 -0.1219 117 69 74
1.5910 -2.1874 -0.1198 72 62 64
1.5925 -2.1321 -0.1219 119 70 73
1.5964 -2.1269 -0.1198 97 78 67
1.6059 -2.0775 -0.1219 118 69 73
1.5929 -2.0744 -0.1197 218 194 119
1.5635 -2.0015 -0.1233 247 238 218
1.5900 -2.0140 -0.1186 112 91 89
1.5634 -1.9569 -0.1233 243 219 195
1.5751 -1.9523 -0.1190 122 98 95
1.5654 -1.8894 -0.1234 252 249 237
1.5887 -1.8891 -0.1190 197 173 117
1.5881 -1.8069 -0.1235 247 223 199
1.5782 -1.8286 -0.1186 127 103 100
1.5864 -1.7732 -0.1235 172 105 83
1.5842 -1.7725 -0.1187 171 145 100
1.5700 -1.7295 -0.1234 166 86 60
1.6025 -1.7215 -0.1192 74 62 67
1.5922 -1.6400 -0.1237 167 85 56
1.5865 -1.6364 -0.1193 121 76 69
1.5891 -1.5913 -0.1236 183 95 59
1.5938 -1.6050 -0.1195 172 112 81
1.5893 -1.5310 -0.1235 235 200 175
1.5702 -1.5397 -0.1198 179 137 130
1.5855 -1.4743 -0.1235 254 250 234
1.6116 -1.4633 -0.1197 222 185 170
1.6101 -1.3890 -0.1237 254 253 243
1.5964 -1.4083 -0.1197 224 189 173
1.5929 -1.3468 -0.1237 254 254 247
1.5794 -1.3485 -0.1197 225 191 175
1.5887 -1.2909 -0.1236 242 195 162
1.5654 -1.2978 -0.1197 191 151 141
1.5896 -1.2310 -0.1235 227 132 71
1.6050 -1.2254 -0.1195 124 79 84
1.5840 -1.1765 -0.1235 223 127 69
1.6033 -1.1725 -0.1196 123 78 85
1.6074 -1.0914 -0.1237 239 149 78
1.5861 -1.1113 -0.1196 124 79 86
1.5913 -1.0489 -0.1237 247 192 144
1.5712 -1.0543 -0.1196 152 108 106
1.5891 -0.9911 -0.1236 254 254 251
1.5951 -0.9770 -0.1193 222 186 170
1.5891 -0.9307 -0.1235 254 254 248
1.6104 -0.9306 -0.1199 225 189 173
1.5817 -0.8788 -0.1234 254 253 247
1.5946 -0.8721 -0.1199 227 195 178
1.6050 -0.7941 -0.1237 250 214 178
1.5782 -0.8133 -0.1199 213 175 159
1.5899 -0.7498 -0.1237 242 153 80
1.5658 -0.7645 -0.1198 123 79 87
1.5892 -0.6906 -0.1236 234 141 74
1.6084 -0.7001 -0.1196 170 120 85
1.5890 -0.6309 -0.1235 229 134 72
1.6095 -0.6167 -0.1195 76 67 86
1.5792 -0.5821 -0.1234 223 127 70
1.5816 -0.5768 -0.1196 102 86 88
1.6018 -0.4975 -0.1237 254 254 252
1.5978 -0.4896 -0.1198 223 187 170
1.5892 -0.4508 -0.1237 254 254 250
1.6114 -0.4541 -0.1198 223 187 171
1.5889 -0.3908 -0.1236 254 254 248
1.5788 -0.3852 -0.1197 225 191 175
1.5887 -0.3314 -0.1235 254 253 243
1.5916 -0.3270 -0.1198 224 188 173
1.5762 -0.2848 -0.1234 224 166 132
1.5991 -0.2744 -0.1197 146 103 103
1.5986 -0.2005 -0.1237 205 111 65
1.5815 -0.2095 -0.1198 121 79 87
1.5891 -0.1509 -0.1237 193 103 63
1.6026 -0.1473 -0.1198 121 79 86
1.5894 -0.0909 -0.1236 183 96 64
1.5857 -0.0932 -0.1194 119 76 87
1.5895 -0.0976 0.0039 249 92 237
1.5898 -0.0976 0.0898 248 91 236
1.5887 -0.0990 0.1533 255 199 255
1.5891 -0.0990 0.2103 255 193 255
1.5885 -0.0990 0.2702 255 184 255
1.5888 -0.0990 0.3300 255 172 255
1.5889 -0.0990 0.3901 255 155 254
1.5888 -0.0990 0.4500 254 133 253
1.5888 -0.0990 0.5099 250 104 242
1.5888 -0.0990 0.5700 186 59 177
1.5889 -0.0990 0.6300 85 23 97
1.5887 -0.0990 0.6900 70 19 87
1.5924 -0.0990 0.7436 70 19 87
1.5891 -0.0987 0.8100 172 47 159
1.5891 -0.0987 0.8699 79 21 93
1.5955 -0.0987 0.9139 71 19 88
1.5885 -0.0984 0.9899 198 55 178
1.5897 -0.0984 1.0488 121 31 119
1.6054 -0.0984 1.0873 84 22 96
1.5906 -0.0981 1.1706 194 52 173
1.5942 -0.0981 1.2229 160 41 145
1.5904 -0.0978 1.2906 207 57 185
1.5900 -0.0978 1.3504 183 48 164
1.5980 -0.0978 1.3933 166 43 150
1.5896 -0.0975 1.4699 192 51 171
1.5896 -0.0975 1.5148 178 46 159
1.5853 -0.0254 -0.1235 236 202 177
1.5901 -0.0115 -0.1195 185 143 140
1.5971 0.0967 -0.1219 243 216 193
1.5881 0.0898 -0.1197 223 187 171
1.5910 0.0982 0.0134 255 152 254
1.5913 0.0982 0.0902 255 151 255
1.5912 0.0982 0.1500 255 149 255
1.5917 0.0982 0.2108 255 147 255
1.5911 0.0982 0.2715 255 143 254
1.5914 0.0982 0.3307 255 139 254
1.5912 0.0982 0.3899 255 134 254
1.5912 0.0982 0.4500 255 128 253
1.5909 0.0982 0.5102 254 121 252
1.5910 0.0982 0.5701 254 114 250
1.5910 0.0982 0.6299 253 106 248
1.5877 0.1029 0.7097 248 127 221
1.5929 0.1026 0.7603 244 98 232
1.5896 0.1017 0.8126 240 102 222
1.5901 0.1017 0.8702 236 78 224
1.5903 0.1017 0.9305 233 76 222
1.5903 0.1017 0.9900 231 74 220
1.5903 0.1017 1.0495 228 72 217
1.5903 0.1017 1.1089 226 70 215
1.5905 0.1017 1.1693 223 68 213
1.5903 0.1017 1.2297 221 67 211
1.5897 0.1017 1.2901 218 65 209
1.5914 0.1017 1.3347 162 66 173
1.5888 0.1488 -0.1219 243 216 195
1.6100 0.1374 -0.1197 225 192 177
1.5873 0.2071 -0.1218 200 155 140
1.6131 0.2354 -0.1200 141 93 97
1.5898 0.2695 -0.1217 138 82 86
1.5837 0.2629 -0.1200 124 82 94
1.6043 0.3444 -0.1218 140 81 85
1.5997 0.3368 -0.1198 133 85 106
1.5932 0.3938 -0.1219 142 83 85
1.5858 0.3819 -0.1198 125 83 95
1.5900 0.4508 -0.1218 181 130 121
1.5884 0.4425 -0.1197 187 161 147
1.5902 0.5115 -0.1217 237 206 186
1.6037 0.5222 -0.1199 231 201 182
1.5892 0.5688 -0.1217 235 203 184
1.5858 0.5593 -0.1199 231 203 187
1.6083 0.6476 -0.1219 235 205 186
1.5882 0.6279 -0.1198 230 201 188
1.5927 0.6935 -0.1219 217 178 161
1.6020 0.7081 -0.1197 189 142 132
1.5895 0.7482 -0.1218 131 81 89
1.5751 0.7335 -0.1197 189 158 150
1.5898 0.8090 -0.1217 127 80 91
1.6053 0.8258 -0.1198 143 108 116
1.5899 0.8690 -0.1216 128 81 91
1.5767 0.8551 -0.1199 146 112 119
1.6060 0.9457 -0.1219 147 97 99
1.5954 0.9318 -0.1197 158 119 121
1.5910 0.9920 -0.1219 225 189 173
1.6021 1.0006 -0.1196 222 193 180
1.5890 1.0493 -0.1218 225 190 174
1.5838 1.0407 -0.1197 223 188 174
1.5893 1.1085 -0.1217 226 192 177
1.6029 1.1264 -0.1198 225 192 178
1.5913 1.1706 -0.1216 224 188 174
1.5739 1.1539 -0.1198 225 191 178
1.5884 1.2289 -0.1215 148 105 109
1.5933 1.2286 -0.1198 156 113 113
1.5891 1.2879 -0.1214 121 82 96
1.6018 1.3012 -0.1196 123 85 99
1.5892 1.3496 -0.1214 122 82 96
1.5801 1.3408 -0.1196 122 85 99
1.5915 1.4116 -0.1213 123 84 97
1.5977 1.4213 -0.1199 130 89 101
1.5897 1.4686 -0.1212 227 157 213
1.5799 1.4614 -0.1198 179 134 129
1.5917 1.5345 -0.1207 221 186 173
1.5846 1.5277 -0.1197 221 185 173
1.5895 1.5931 -0.1205 222 187 175
1.5986 1.6011 -0.1195 222 187 175
1.5878 1.6501 -0.1205 129 111 121
1.5753 1.6378 -0.1195 127 110 121
1.5849 1.7061 -0.1208 114 98 110
1.5967 1.7146 -0.1199 96 85 103
1.5899 1.7673 -0.1204 187 132 194
1.5925 1.7702 -0.1197 79 77 100
1.6069 1.8343 -0.1209 72 69 88
1.5829 1.8207 -0.1197 74 75 99
1.5962 1.8888 -0.1221 145 100 83
1.5988 1.9027 -0.1195 77 77 100
1.5905 1.9488 -0.1237 230 143 89
1.5751 1.9328 -0.1195 83 80 101
1.5752 2.0269 -0.1237 254 254 253
1.5916 2.0138 -0.1194 116 103 117
1.5899 2.0698 -0.1237 254 254 252
1.5874 2.0658 -0.1189 120 107 122
1.5910 2.1287 -0.1236 254 254 251
1.5820 2.1166 -0.1188 234 229 230
1.5913 2.1885 -0.1235 254 254 248
1.5922 2.1929 -0.1188 99 90 107
1.5684 2.2709 -0.1237 240 155 93
1.5874 2.2527 -0.1185 233 230 233
1.5851 2.3157 -0.1237 236 144 80
1.6029 2.3248 -0.1186 73 76 98
1.5909 2.3689 -0.1236 231 138 78
1.5763 2.3518 -0.1185 118 95 138
1.5909 2.4290 -0.1235 222 128 76
1.5921 2.4242 -0.1190 76 74 95
1.5953 2.4660 -0.1228 219 125 76
1.5911 2.4744 -0.1067 161 72 156
1.5928 2.4708 -0.0009 74 23 73
1.5928 2.4709 0.0883 75 23 75
1.5928 2.4709 0.1479 75 23 75
1.5927 2.4709 0.2075 76 23 76
1.5928 2.4709 0.2671 77 24 77
1.5928 2.4709 0.3265 77 23 77
1.5928 2.4709 0.3859 78 24 80
1.5928 2.4709 0.4454 77 24 81
1.5919 2.4709 0.5061 77 24 83
1.5937 2.4708 0.5710 77 24 86
1.5928 2.4709 0.6352 76 24 90
1.5929 2.4709 0.6947 75 24 91
1.5922 2.4707 0.7547 75 24 93
1.5929 2.4706 0.8137 73 24 96
1.5929 2.4706 0.8730 70 24 100
1.5929 2.4706 0.9324 68 23 101
1.5930 2.4706 0.9920 66 23 102
1.5929 2.4706 1.0516 64 23 101
1.5930 2.4706 1.1110 62 22 101
1.5930 2.4706 1.1704 62 22 101
1.5930 2.4706 1.2300 59 21 100
1.5930 2.4707 1.2715 58 21 99
1.6495 -2.5262 -0.1215 161 129 119
1.6520 -2.5273 -0.0728 71 23 73
1.6515 -2.5277 0.0156 73 23 77
1.6508 -2.5277 0.0902 75 24 80
1.6505 -2.5277 0.1501 76 24 85
1.6508 -2.5277 0.2092 77 25 89
1.6505 -2.5277 0.2696 79 26 98
1.6508 -2.5277 0.3303 80 27 105
1.6506 -2.5277 0.3900 79 28 111
1.6507 -2.5277 0.4500 78 28 113
1.6508 -2.5277 0.5098 75 27 113
1.6507 -2.5277 0.5698 71 26 113
1.6507 -2.5277 0.6300 68 25 111
1.6508 -2.5277 0.6900 65 24 109
1.6507 -2.5277 0.7499 62 23 106
1.6508 -2.5277 0.8099 61 23 106
1.6507 -2.5277 0.8699 59 22 103
1.6507 -2.5277 0.9301 58 22 101
1.6506 -2.5277 0.9901 58 22 100
1.6546 -2.5277 1.0452 57 22 98
1.6727 -2.5276 1.0880 56 22 98
1.6490 -2.5273 1.1699 54 22 95
1.6584 -2.5273 1.2167 54 22 94
1.6474 -2.5270 1.2687 52 54 100
1.6501 -2.4884 -0.1215 199 160 140
1.6473 -2.5055 -0.1198 139 116 111
1.6486 -2.4272 -0.1215 204 167 145
1.6515 -2.4380 -0.1199 143 117 112
1.6485 -2.3690 -0.1216 209 173 151
1.6461 -2.3581 -0.1195 230 227 210
1.6486 -2.3095 -0.1217 189 149 131
1.6476 -2.3109 -0.1196 202 197 190
1.6501 -2.2505 -0.1217 117 69 73
1.6544 -2.2540 -0.1197 74 62 65
1.6508 -2.1902 -0.1218 120 70 73
1.6532 -2.1917 -0.1196 72 61 64
1.6511 -2.1296 -0.1218 119 70 74
1.6590 -2.1349 -0.1195 220 191 114
1.6491 -2.0690 -0.1219 127 77 78
1.6356 -2.0707 -0.1188 79 64 64
1.6520 -2.0125 -0.1219 219 182 157
1.6486 -2.0112 -0.1188 122 99 94
1.6649 -1.9585 -0.1219 215 177 152
1.6616 -1.9488 -0.1189 188 161 110
1.6472 -1.8880 -0.1215 161 130 120
1.6597 -1.9053 -0.1188 189 172 129
1.6393 -1.8070 -0.1234 240 211 187
1.6604 -1.8368 -0.1184 171 140 99
1.6319 -1.7890 -0.1234 196 144 122
1.6472 -1.7752 -0.1185 170 144 100
1.6495 -1.7091 -0.1218 82 61 73
1.6511 -1.6991 -0.1191 73 61 64
1.6487 -1.6414 -0.1236 165 84 57
1.6643 -1.6474 -0.1197 128 80 85
1.6492 -1.5913 -0.1235 175 91 59
1.6329 -1.6034 -0.1193 203 154 98
1.6464 -1.5341 -0.1235 227 187 161
1.6307 -1.5280 -0.1197 199 159 149
1.6710 -1.4483 -0.1237 254 245 225
1.6428 -1.4741 -0.1195 222 186 170
1.6535 -1.4062 -0.1237 254 250 238
1.6668 -1.4091 -0.1196 224 190 174
1.6490 -1.3509 -0.1236 254 252 243
1.6535 -1.3484 -0.1196 225 191 175
1.6490 -1.2911 -0.1235 241 192 157
1.6370 -1.2865 -0.1196 167 123 118
1.6446 -1.2357 -0.1235 225 128 70
1.6277 -1.2409 -0.1195 126 79 83
1.6685 -1.1508 -0.1237 242 153 78
1.6736 -1.1600 -0.1198 130 79 84
1.6518 -1.1082 -0.1237 240 150 77
1.6616 -1.1102 -0.1199 128 79 84
1.6490 -1.0510 -0.1236 242 181 133
1.6450 -1.0477 -0.1199 168 124 119
1.6491 -0.9909 -0.1235 254 254 247
1.6285 -0.9895 -0.1199 225 189 172
1.6429 -0.9386 -0.1234 254 253 245
1.6664 -0.9182 -0.1196 221 188 172
1.6661 -0.8536 -0.1237 254 254 253
1.6637 -0.8702 -0.1197 227 194 178
1.6504 -0.8099 -0.1237 253 238 223
1.6478 -0.8108 -0.1197 208 169 155
1.6491 -0.7512 -0.1236 240 149 76
1.6312 -0.7506 -0.1197 127 79 85
1.6493 -0.6911 -0.1235 235 140 72
1.6554 -0.6817 -0.1194 192 141 87
1.6402 -0.6409 -0.1234 228 132 70
1.6384 -0.6385 -0.1195 105 82 73
1.6628 -0.5563 -0.1237 244 165 94
1.6492 -0.5575 -0.1195 143 107 94
1.6495 -0.5106 -0.1237 254 254 252
1.6706 -0.4954 -0.1197 222 185 169
1.6492 -0.4508 -0.1236 254 254 248
1.6453 -0.4465 -0.1197 222 185 167
1.6489 -0.3912 -0.1235 254 254 248
1.6326 -0.3891 -0.1198 227 194 179
1.6372 -0.3439 -0.1234 254 252 242
1.6506 -0.3311 -0.1198 225 191 176
1.6595 -0.2593 -0.1237 233 140 75
1.6614 -0.2700 -0.1199 142 93 95
1.6491 -0.2110 -0.1237 222 126 69
1.6674 -0.2236 -0.1198 128 79 84
1.6492 -0.1510 -0.1236 211 116 67
1.6649 -0.1601 -0.1197 126 79 84
1.6480 -0.0920 -0.1235 196 105 66
1.6377 -0.0898 -0.1198 124 79 85
1.6495 -0.0930 0.0052 121 34 117
1.6561 -0.0933 0.0911 127 36 122
1.6498 -0.0990 0.1532 255 211 255
1.6497 -0.0990 0.2102 255 207 255
1.6498 -0.0990 0.2703 255 200 255
1.6497 -0.0990 0.3300 255 190 255
1.6498 -0.0990 0.3900 255 176 255
1.6498 -0.0990 0.4500 255 159 254
1.6497 -0.0990 0.5101 254 138 254
1.6498 -0.0990 0.5700 253 111 247
1.6497 -0.0990 0.6300 219 72 205
1.6498 -0.0990 0.6900 104 28 111
1.6498 -0.0990 0.7500 70 19 88
1.6592 -0.0990 0.7910 71 19 88
1.6495 -0.0987 0.8700 175 48 161
1.6514 -0.0987 0.9271 82 22 95
1.6701 -0.0986 0.9660 85 24 100
1.6494 -0.0984 1.0501 191 52 171
1.6541 -0.0984 1.0986 139 35 130
1.6512 -0.0981 1.1702 214 61 192
1.6513 -0.0981 1.2307 185 49 166
1.6611 -0.0980 1.2709 166 43 149
1.6497 -0.0978 1.3504 199 54 177
1.6515 -0.0978 1.4065 177 46 158
1.6623 -0.0976 1.4561 185 49 166
1.6513 -0.0974 1.5144 189 51 169
1.6339 -0.0454 -0.1234 216 148 114
1.6620 -0.0168 -0.1199 203 163 152
1.6509 0.0905 -0.1219 244 218 196
1.6686 0.0925 -0.1196 223 188 172
1.6509 0.0983 0.0194 255 145 254
1.6513 0.0983 0.0901 255 144 254
1.6515 0.0983 0.1503 255 142 254
1.6509 0.0983 0.2099 255 139 254
1.6516 0.0983 0.2694 255 135 254
1.6514 0.0983 0.3296 255 131 253
1.6511 0.0983 0.3898 254 125 253
1.6512 0.0983 0.4498 254 119 252
1.6510 0.0983 0.5098 253 111 250
1.6510 0.0983 0.5700 252 103 246
1.6509 0.0983 0.6298 249 94 241
1.6507 0.1029 0.7119 251 196 211
1.6488 0.1027 0.7650 244 100 227
1.6479 0.1018 0.8207 239 106 215
1.6489 0.1017 0.8707 234 77 223
1.6483 0.1017 0.9300 232 75 221
1.6490 0.1017 0.9896 230 73 219
1.6490 0.1017 1.0500 227 71 217
1.6490 0.1017 1.1103 225 69 215
1.6486 0.1017 1.1700 222 68 212
1.6490 0.1017 1.2296 220 66 210
1.6490 0.1017 1.2899 217 65 208
1.6490 0.1017 1.3352 159 65 171
1.6478 0.1485 -0.1218 243 216 195
1.6493 0.1714 -0.1198 220 180 151
1.6492 0.2100 -0.1217 198 151 137
1.6440 0.2014 -0.1199 199 152 132
1.6499 0.2706 -0.1216 145 84 85
1.6595 0.2828 -0.1198 131 83 92
1.6551 0.3350 -0.1219 150 85 83
1.6316 0.3123 -0.1199 128 83 94
1.6499 0.3913 -0.1218 145 84 85
1.6503 0.3844 -0.1197 128 83 94
1.6508 0.4499 -0.1218 175 122 114
1.6629 0.4663 -0.1199 192 147 136
1.6480 0.5073 -0.1217 238 206 185
1.6344 0.4958 -0.1199 223 187 172
1.6657 0.5877 -0.1218 239 211 192
1.6510 0.5691 -0.1198 226 191 176
1.6530 0.6329 -0.1219 239 210 191
1.6586 0.6369 -0.1196 233 208 190
1.6502 0.6888 -0.1218 223 185 167
1.6408 0.6772 -0.1196 226 196 180
1.6505 0.7507 -0.1217 138 83 88
1.6659 0.7668 -0.1198 136 92 101
1.6495 0.8087 -0.1217 136 82 89
1.6398 0.7965 -0.1199 138 96 106
1.6672 0.8872 -0.1219 133 82 89
1.6544 0.8758 -0.1198 132 89 100
1.6523 0.9324 -0.1219 140 90 95
1.6571 0.9278 -0.1197 186 156 158
1.6475 0.9875 -0.1218 223 186 170
1.6461 0.9825 -0.1196 210 173 161
1.6501 1.0492 -0.1217 227 190 174
1.6655 1.0671 -0.1198 224 189 175
1.6496 1.1109 -0.1216 229 197 182
1.6368 1.0952 -0.1198 226 194 180
1.6499 1.1701 -0.1215 225 191 176
1.6538 1.1715 -0.1198 219 183 170
1.6485 1.2299 -0.1215 147 99 102
1.6631 1.2436 -0.1196 142 95 101
1.6487 1.2907 -0.1214 128 82 94
1.6424 1.2818 -0.1196 127 85 96
1.6516 1.3512 -0.1213 127 83 95
1.6632 1.3591 -0.1199 128 85 96
1.6504 1.4111 -0.1212 125 84 96
1.6326 1.3922 -0.1198 125 85 98
1.6514 1.4664 -0.1211 222 160 205
1.6483 1.4672 -0.1197 187 143 135
1.6503 1.5309 -0.1206 222 185 172
1.6611 1.5421 -0.1195 220 184 171
1.6450 1.5869 -0.1205 223 189 176
1.6369 1.5794 -0.1195 222 187 174
1.6429 1.6416 -0.1208 145 125 130
1.6560 1.6585 -0.1199 128 110 120
1.6497 1.7075 -0.1206 114 99 110
1.6514 1.7123 -0.1197 99 87 103
1.6659 1.7752 -0.1208 234 158 223
1.6429 1.7640 -0.1197 76 73 96
1.6569 1.8290 -0.1209 77 68 85
1.6590 1.8423 -0.1195 75 73 96
1.6575 1.8907 -0.1208 85 76 88
1.6333 1.8753 -0.1195 75 75 98
1.6486 1.9519 -0.1237 239 155 94
1.6502 1.9557 -0.1194 92 84 102
1.6505 2.0086 -0.1236 254 254 249
1.6657 2.0195 -0.1191 115 102 116
1.6378 2.0843 -0.1237 254 254 253
1.6464 2.0646 -0.1193 209 148 209
1.6508 2.1291 -0.1237 254 254 253
1.6521 2.1368 -0.1187 117 105 119
1.6508 2.1888 -0.1236 254 254 250
1.6325 2.1734 -0.1182 177 171 177
1.6522 2.2474 -0.1235 234 161 113
1.6625 2.2642 -0.1185 82 81 101
1.6290 2.3321 -0.1237 235 141 78
1.6345 2.2988 -0.1185 78 79 101
1.6464 2.3740 -0.1237 230 137 76
1.6571 2.3619 -0.1185 170 166 175
1.6508 2.4291 -0.1236 219 125 73
1.6626 2.4360 -0.1183 82 78 99
1.6520 2.4663 -0.1227 211 117 72
1.6445 2.4727 -0.1080 103 38 100
1.6497 2.4708 -0.0012 73 23 73
1.6494 2.4709 0.0884 75 23 75
1.6494 2.4709 0.1480 76 23 75
1.6494 2.4709 0.2076 77 24 76
1.6494 2.4709 0.2672 77 24 78
1.6494 2.4709 0.3267 77 23 78
1.6494 2.4709 0.3863 78 24 81
1.6494 2.4709 0.4459 77 23 82
1.6494 2.4709 0.5055 77 24 83
1.6494 2.4709 0.5651 77 24 85
1.6487 2.4709 0.6279 76 24 91
1.6512 2.4709 0.6929 75 24 92
1.6502 2.4709 0.7552 74 24 93
1.6501 2.4707 0.8154 73 23 97
1.6504 2.4706 0.8743 70 23 99
1.6504 2.4706 0.9338 67 23 101
1.6504 2.4706 0.9936 66 23 102
1.6504 2.4706 1.0531 65 23 101
1.6504 2.4706 1.1126 62 22 101
1.6504 2.4706 1.1724 62 22 101
1.6504 2.4706 1.2319 59 21 100
1.6509 2.4707 1.2731 58 21 99
1.7025 -2.5246 -0.1213 170 135 124
1.7098 -2.5272 -0.0803 71 23 73
1.7112 -2.5276 0.0076 73 23 76
1.7104 -2.5276 0.0899 75 24 80
1.7101 -2.5276 0.1500 76 25 85
1.7107 -2.5276 0.2110 78 26 90
1.7107 -2.5276 0.2706 79 27 98
1.7102 -2.5276 0.3296 80 27 104
1.7106 -2.5276 0.3901 79 28 111
1.7102 -2.5276 0.4502 78 28 113
1.7104 -2.5276 0.5101 75 27 113
1.7105 -2.5276 0.5699 71 26 112
1.7105 -2.5276 0.6300 69 26 111
1.7105 -2.5276 0.6901 66 25 109
1.7105 -2.5276 0.7500 63 24 106
1.7106 -2.5276 0.8100 61 23 105
1.7104 -2.5276 0.8701 59 23 103
1.7104 -2.5276 0.9300 58 22 101
1.7105 -2.5276 0.9901 57 22 99
1.7105 -2.5276 1.0501 56 22 98
1.7165 -2.5276 1.0999 55 21 96
1.7083 -2.5272 1.1703 54 22 95
1.7098 -2.5272 1.2303 54 22 93
1.7202 -2.5271 1.2691 50 61 101
1.7103 -2.4948 -0.1214 190 152 134
1.7093 -2.4851 -0.1198 132 108 104
1.7095 -2.4309 -0.1214 196 157 138
1.7099 -2.4121 -0.1199 147 124 119
1.7089 -2.3686 -0.1215 202 166 145
1.7196 -2.3796 -0.1194 180 172 168
1.7097 -2.3072 -0.1216 184 145 129
1.7158 -2.3083 -0.1194 94 78 80
1.7087 -2.2493 -0.1216 114 70 75
1.7187 -2.2496 -0.1195 74 62 64
1.7090 -2.1891 -0.1217 114 70 76
1.7211 -2.1916 -0.1195 221 191 115
1.7111 -2.1297 -0.1217 117 72 76
1.7147 -2.1317 -0.1189 78 64 66
1.7099 -2.0706 -0.1218 124 76 78
1.7237 -2.0715 -0.1187 89 71 70
1.7092 -2.0098 -0.1218 211 172 148
1.7118 -2.0087 -0.1181 105 84 82
1.7080 -1.9490 -0.1219 215 176 152
1.7275 -1.9612 -0.1181 101 81 78
1.7136 -1.8931 -0.1219 218 183 158
1.7352 -1.8982 -0.1184 104 84 83
1.7286 -1.8375 -0.1219 209 172 148
1.6980 -1.8187 -0.1190 194 172 129
1.7091 -1.7684 -0.1216 92 69 76
1.7071 -1.7734 -0.1189 80 66 68
1.7115 -1.7093 -0.1217 84 66 77
1.6854 -1.7007 -0.1193 75 63 72
1.7088 -1.6405 -0.1235 158 80 58
1.7135 -1.6616 -0.1191 196 142 89
1.7068 -1.5932 -0.1235 171 88 60
1.7226 -1.5932 -0.1196 140 90 91
1.7302 -1.5072 -0.1237 246 220 193
1.7057 -1.5322 -0.1196 190 150 140
1.7142 -1.4655 -0.1237 252 238 215
1.6911 -1.4749 -0.1196 221 182 167
1.7090 -1.4111 -0.1236 254 246 229
1.7278 -1.3914 -0.1196 208 166 150
1.7092 -1.3510 -0.1235 254 251 239
1.7293 -1.3484 -0.1199 217 178 162
1.7052 -1.2952 -0.1235 242 202 172
1.7136 -1.2898 -0.1199 174 129 123
1.7297 -1.2103 -0.1237 228 133 69
1.6973 -1.2317 -0.1199 130 80 84
1.7123 -1.1675 -0.1237 234 140 72
1.6864 -1.1868 -0.1198 129 80 84
1.7092 -1.1109 -0.1236 234 140 72
1.7303 -1.1082 -0.1197 148 97 93
1.7089 -1.0507 -0.1235 238 175 129
1.7154 -1.0507 -0.1197 164 118 113
1.7031 -0.9970 -0.1234 254 253 243
1.6989 -0.9905 -0.1197 223 186 170
1.7272 -0.9129 -0.1237 254 254 252
1.6877 -0.9413 -0.1197 223 187 170
1.7107 -0.8694 -0.1237 254 254 253
1.7264 -0.8635 -0.1195 213 173 157
1.7092 -0.8110 -0.1236 252 237 221
1.7192 -0.8059 -0.1196 198 156 144
1.7094 -0.7511 -0.1235 237 143 72
1.7035 -0.7465 -0.1196 131 81 85
1.7008 -0.7000 -0.1234 232 137 71
1.6916 -0.6939 -0.1195 149 99 85
1.7240 -0.6150 -0.1237 244 159 81
1.7130 -0.6494 -0.1190 171 128 79
1.7098 -0.5703 -0.1237 245 161 85
1.7167 -0.5567 -0.1198 140 93 94
1.7090 -0.5110 -0.1236 254 254 250
1.7155 -0.5103 -0.1199 221 183 165
1.7089 -0.4508 -0.1235 254 253 246
1.7150 -0.4493 -0.1199 223 186 169
1.6980 -0.4028 -0.1234 254 253 246
1.7214 -0.3896 -0.1199 222 185 168
1.7206 -0.3183 -0.1237 254 254 252
1.7269 -0.3291 -0.1199 216 177 160
1.7090 -0.2711 -0.1237 241 164 103
1.7323 -0.2700 -0.1199 163 111 103
1.7088 -0.2112 -0.1236 230 134 72
1.7311 -0.2085 -0.1199 161 110 103
1.7082 -0.1517 -0.1235 218 121 69
1.7004 -0.1486 -0.1199 127 80 86
1.6953 -0.1061 -0.1234 211 115 67
1.7180 -0.0862 -0.1199 138 88 88
1.6970 -0.0949 0.0293 179 62 174
1.7072 -0.0932 0.0891 136 43 134
1.7099 -0.0989 0.1534 255 219 255
1.7097 -0.0989 0.2100 255 216 255
1.7101 -0.0989 0.2699 255 210 255
1.7095 -0.0989 0.3301 255 201 255
1.7099 -0.0989 0.3901 255 190 255
1.7098 -0.0989 0.4500 255 175 255
1.7097 -0.0989 0.5099 255 158 254
1.7098 -0.0989 0.5700 254 136 253
1.7099 -0.0989 0.6299 253 110 247
1.7098 -0.0989 0.6899 229 76 213
1.7099 -0.0989 0.7499 114 31 118
1.7128 -0.0989 0.8046 70 19 88
1.7241 -0.0987 0.8555 150 46 150
1.7097 -0.0986 0.9297 170 46 156
1.7155 -0.0986 0.9747 92 24 101
1.7093 -0.0983 1.0501 220 65 199
1.7098 -0.0983 1.1092 183 48 164
1.7235 -0.0983 1.1479 162 42 147
1.7102 -0.0980 1.2298 205 57 184
1.7126 -0.0980 1.2830 181 47 162
1.7076 -0.0977 1.3493 208 58 187
1.7079 -0.0977 1.4100 190 51 169
1.7142 -0.0977 1.4537 175 45 157
1.7100 -0.0974 1.5138 197 54 176
1.7120 0.0104 -0.1219 241 210 187
1.7293 -0.0289 -0.1199 185 136 123
1.7098 0.0894 -0.1218 243 215 194
1.7188 0.0849 -0.1199 212 171 154
1.7107 0.0984 0.0255 255 136 254
1.7114 0.0984 0.0898 255 134 254
1.7116 0.0984 0.1499 255 132 253
1.7111 0.0984 0.2093 255 129 253
1.7114 0.0984 0.2696 254 125 253
1.7109 0.0984 0.3303 254 120 252
1.7112 0.0984 0.3901 254 114 250
1.7110 0.0984 0.4501 253 106 248
1.7110 0.0984 0.5100 250 98 244
1.7110 0.0984 0.5699 246 88 236
1.7108 0.0984 0.6298 236 77 225
1.7151 0.1027 0.7077 244 116 220
1.7049 0.1027 0.7680 247 153 218
1.7075 0.1018 0.8272 238 123 207
1.7086 0.1018 0.8702 231 76 218
1.7094 0.1018 0.9299 230 73 219
1.7092 0.1018 0.9903 228 72 217
1.7094 0.1018 1.0506 226 70 215
1.7096 0.1018 1.1109 223 68 213
1.7088 0.1018 1.1703 221 67 212
1.7094 0.1018 1.2306 218 66 209
1.7098 0.1018 1.2899 216 65 207
1.7096 0.1018 1.3340 174 65 181
1.7112 0.1510 -0.1217 243 217 196
1.7103 0.1447 -0.1199 226 193 178
1.7087 0.2094 -0.1216 199 148 132
1.7238 0.2197 -0.1198 171 119 108
1.7156 0.2765 -0.1219 153 85 82
1.6965 0.2523 -0.1198 133 83 91
1.7101 0.3316 -0.1219 149 84 83
1.7097 0.3300 -0.1197 136 85 102
1.7102 0.3909 -0.1218 145 83 84
1.7247 0.4083 -0.1199 127 83 93
1.7089 0.4496 -0.1217 181 127 117
1.6958 0.4356 -0.1199 144 94 98
1.7234 0.5238 -0.1218 239 207 186
1.7105 0.5122 -0.1198 223 187 172
1.7131 0.5722 -0.1219 240 210 189
1.7214 0.5806 -0.1196 225 190 175
1.7103 0.6291 -0.1218 240 211 192
1.7014 0.6211 -0.1196 227 194 180
1.7116 0.6915 -0.1217 221 182 164
1.7243 0.7081 -0.1198 189 143 132
1.7088 0.7485 -0.1217 142 84 88
1.6997 0.7419 -0.1199 148 99 101
1.7267 0.8267 -0.1219 137 82 88
1.7178 0.8160 -0.1197 129 86 97
1.7126 0.8717 -0.1219 134 81 88
1.7109 0.8673 -0.1196 161 127 130
1.7084 0.9294 -0.1218 141 88 92
1.7044 0.9271 -0.1196 143 98 103
1.7082 0.9909 -0.1217 225 188 171
1.7278 1.0069 -0.1198 224 190 176
1.7094 1.0489 -0.1216 228 193 177
1.6959 1.0395 -0.1198 224 188 174
1.7099 1.1088 -0.1215 230 196 181
1.7111 1.1175 -0.1198 226 193 179
1.7081 1.1707 -0.1215 227 193 178
1.7190 1.1827 -0.1195 212 176 163
1.7091 1.2297 -0.1214 153 103 104
1.7037 1.2234 -0.1196 170 121 116
1.7098 1.2887 -0.1213 130 83 93
1.7221 1.3032 -0.1198 128 86 98
1.7095 1.3493 -0.1212 127 83 95
1.6953 1.3331 -0.1198 130 85 95
1.7091 1.4107 -0.1211 128 84 95
1.7084 1.4104 -0.1197 130 87 97
1.7103 1.4678 -0.1210 221 163 199
1.7226 1.4838 -0.1195 203 161 150
1.7082 1.5265 -0.1205 222 187 173
1.6991 1.5205 -0.1195 221 185 172
1.7025 1.5861 -0.1208 226 194 180
1.7177 1.5992 -0.1199 223 189 176
1.7107 1.6496 -0.1206 145 126 130
1.7028 1.6408 -0.1197 139 119 125
1.7161 1.7198 -0.1207 113 98 109
1.7070 1.7031 -0.1197 107 92 105
1.7066 1.7691 -0.1210 140 101 126
1.7178 1.7805 -0.1195 76 73 96
1.7113 1.8398 -0.1220 113 76 78
1.6947 1.8173 -0.1195 75 72 95
1.7147 1.8897 -0.1207 78 71 88
1.7139 1.8953 -0.1194 75 74 96
1.7174 1.9487 -0.1209 102 89 95
1.7090 1.9516 -0.1192 90 82 100
1.7104 2.0090 -0.1236 254 254 250
1.7080 2.0073 -0.1192 115 101 115
1.7105 2.0686 -0.1235 254 254 248
1.7147 2.0779 -0.1187 117 103 117
1.7009 2.1415 -0.1237 254 254 253
1.6944 2.1176 -0.1184 131 119 131
1.7109 2.1890 -0.1237 254 254 252
1.7213 2.2034 -0.1185 98 88 105
1.7109 2.2489 -0.1236 237 163 112
1.6994 2.2366 -0.1185 84 79 98
1.7134 2.3063 -0.1235 224 129 75
1.7037 2.3076 -0.1177 242 238 240
1.6900 2.3907 -0.1237 226 129 71
1.7202 2.3649 -0.1183 194 129 202
1.7075 2.4324 -0.1237 212 116 68
1.7043 2.4156 -0.1182 80 77 97
1.7117 2.4663 -0.1228 204 111 68
1.7088 2.4750 -0.1068 128 67 123
1.6894 2.4706 0.0005 80 26 80
1.6904 2.4705 0.0888 90 37 90
1.6905 2.4705 0.1477 91 41 90
1.6905 2.4705 0.2073 91 43 92
1.6905 2.4705 0.2670 93 43 93
1.6905 2.4705 0.3268 92 36 93
1.6905 2.4705 0.3865 90 29 92
1.6906 2.4705 0.4461 84 26 89
1.6905 2.4705 0.5058 79 24 87
1.6905 2.4705 0.5655 75 23 87
1.6892 2.4709 0.6260 75 24 90
1.6902 2.4712 0.6867 74 24 94
1.6896 2.4712 0.7475 75 24 92
1.7011 2.4707 0.8175 75 26 99
1.7077 2.4706 0.8711 70 24 99
1.7083 2.4706 0.9318 67 23 101
1.7088 2.4706 0.9939 66 23 101
1.7078 2.4706 1.0548 64 23 102
1.7078 2.4706 1.1144 62 22 101
1.7078 2.4706 1.1743 62 22 101
1.7078 2.4706 1.2340 59 21 99
1.7043 2.4707 1.2714 58 21 99
1.7682 -2.5255 -0.1208 98 66 71
1.7843 -2.5274 -0.0687 70 23 71
1.7744 -2.5279 0.0270 73 23 76
1.7736 -2.5279 0.0902 74 24 79
1.7737 -2.5279 0.1503 76 24 85
1.7735 -2.5279 0.2098 77 25 90
1.7735 -2.5279 0.2699 79 26 97
1.7739 -2.5279 0.3301 80 27 104
1.7737 -2.5279 0.3900 79 28 112
1.7736 -2.5279 0.4501 77 27 113
1.7736 -2.5279 0.5100 74 27 114
1.7736 -2.5279 0.5701 70 26 113
1.7736 -2.5279 0.6300 67 25 111
1.7737 -2.5279 0.6899 65 24 109
1.7736 -2.5279 0.7498 63 23 107
1.7736 -2.5279 0.8098 61 23 106
1.7738 -2.5279 0.8701 59 22 103
1.7736 -2.5279 0.9300 58 22 102
1.7769 -2.5279 0.9832 57 22 100
1.7687 -2.5275 1.0499 56 22 98
1.7683 -2.5275 1.1098 55 21 95
1.7795 -2.5275 1.1537 55 22 95
1.7690 -2.5271 1.2304 53 22 93
1.7698 -2.5270 1.2695 51 63 101
1.7677 -2.4860 -0.1213 113 76 79
1.7665 -2.4803 -0.1196 123 108 107
1.7701 -2.4299 -0.1213 111 72 76
1.7806 -2.4496 -0.1197 96 83 87
1.7700 -2.3732 -0.1214 111 73 78
1.7717 -2.3837 -0.1199 84 66 71
1.7714 -2.3139 -0.1214 124 86 87
1.7868 -2.3117 -0.1194 79 65 67
1.7695 -2.2518 -0.1215 192 153 134
1.7917 -2.2512 -0.1193 226 194 114
1.7693 -2.1908 -0.1215 193 153 135
1.7871 -2.2027 -0.1183 109 89 87
1.7700 -2.1280 -0.1216 198 159 139
1.7882 -2.1420 -0.1179 107 87 86
1.7691 -2.0684 -0.1217 194 153 133
1.7839 -2.0671 -0.1197 120 99 104
1.7708 -2.0084 -0.1217 123 77 79
1.7505 -2.0115 -0.1189 178 155 108
1.7678 -1.9492 -0.1218 127 80 80
1.7539 -1.9570 -0.1186 175 158 118
1.7690 -1.8890 -0.1218 126 79 80
1.7679 -1.8884 -0.1181 186 158 99
1.7683 -1.8303 -0.1219 124 78 79
1.7704 -1.8425 -0.1181 166 141 95
1.7763 -1.7738 -0.1219 200 160 140
1.7576 -1.7553 -0.1190 96 79 79
1.7892 -1.7216 -0.1219 206 170 149
1.7780 -1.7268 -0.1190 106 87 88
1.7656 -1.6414 -0.1234 205 154 130
1.7471 -1.6613 -0.1195 170 120 111
1.7518 -1.6089 -0.1234 179 105 81
1.7931 -1.5788 -0.1198 221 185 170
1.7678 -1.5051 -0.1236 202 144 116
1.7818 -1.5324 -0.1199 170 122 115
1.7691 -1.4709 -0.1236 205 146 116
1.7650 -1.4698 -0.1199 167 115 106
1.7692 -1.4108 -0.1235 215 156 124
1.7489 -1.4122 -0.1199 192 143 128
1.7658 -1.3544 -0.1235 223 173 144
1.7864 -1.3395 -0.1196 137 91 93
1.7908 -1.2694 -0.1237 254 250 235
1.7833 -1.2903 -0.1197 175 131 124
1.7730 -1.2268 -0.1237 245 217 191
1.7671 -1.2301 -0.1197 200 155 139
1.7692 -1.1710 -0.1236 244 207 176
1.7506 -1.1699 -0.1197 177 126 114
1.7693 -1.1109 -0.1235 246 210 180
1.7758 -1.1044 -0.1194 202 161 147
1.7638 -1.0565 -0.1234 244 206 174
1.7858 -1.0541 -0.1195 194 151 139
1.7878 -0.9719 -0.1237 243 154 79
1.7729 -0.9908 -0.1196 156 104 97
1.7715 -0.9288 -0.1237 246 186 134
1.7565 -0.9309 -0.1196 180 130 117
1.7689 -0.8709 -0.1236 243 189 146
1.7499 -0.8837 -0.1194 190 143 128
1.7692 -0.8107 -0.1235 242 190 150
1.7865 -0.8068 -0.1194 155 109 106
1.7619 -0.7584 -0.1234 241 189 151
1.7800 -0.7511 -0.1194 212 171 155
1.7851 -0.6741 -0.1237 254 252 248
1.7650 -0.6862 -0.1194 200 153 129
1.7701 -0.6301 -0.1237 252 222 192
1.7662 -0.6460 -0.1192 208 157 88
1.7690 -0.5711 -0.1236 250 217 185
1.7709 -0.5629 -0.1197 206 166 150
1.7695 -0.5109 -0.1235 243 186 141
1.7764 -0.5089 -0.1198 139 90 90
1.7588 -0.4619 -0.1234 245 209 182
1.7821 -0.4495 -0.1198 132 84 88
1.7819 -0.3772 -0.1237 245 167 97
1.7879 -0.3883 -0.1198 129 81 87
1.7692 -0.3309 -0.1237 245 190 146
1.7927 -0.3315 -0.1198 126 81 88
1.7688 -0.2709 -0.1236 246 208 176
1.7909 -0.2749 -0.1198 201 160 148
1.7686 -0.2112 -0.1235 243 205 176
1.7606 -0.2088 -0.1197 197 152 137
1.7556 -0.1645 -0.1234 228 160 118
1.7460 -0.1484 -0.1199 177 127 116
1.7802 -0.0796 -0.1219 213 175 151
1.7524 -0.0887 -0.1199 188 139 125
1.7907 -0.0980 0.0093 247 88 233
1.7903 -0.0980 0.0896 245 85 231
1.7691 -0.0988 0.1533 255 219 255
1.7687 -0.0988 0.2094 255 219 255
1.7690 -0.0988 0.2693 255 215 255
1.7688 -0.0988 0.3298 255 208 255
1.7689 -0.0988 0.3900 255 198 255
1.7689 -0.0988 0.4500 255 185 255
1.7689 -0.0988 0.5101 255 170 255
1.7689 -0.0988 0.5701 255 151 254
1.7689 -0.0988 0.6301 254 130 253
1.7689 -0.0988 0.6901 252 105 244
1.7689 -0.0988 0.7499 228 73 210
1.7688 -0.0988 0.8099 113 30 116
1.7771 -0.0988 0.8514 71 19 89
1.7689 -0.0985 0.9297 223 67 203
1.7704 -0.0985 0.9872 165 43 150
1.7882 -0.0985 1.0267 144 38 134
1.7682 -0.0982 1.1101 210 60 189
1.7729 -0.0982 1.1592 181 48 162
1.7683 -0.0979 1.2294 217 63 196
1.7687 -0.0979 1.2899 195 53 174
1.7788 -0.0979 1.3309 180 47 161
1.7696 -0.0976 1.4099 200 55 179
1.7714 -0.0976 1.4667 182 48 163
1.7843 -0.0975 1.5072 183 48 163
1.7683 -0.0008 -0.1218 192 137 122
1.7535 0.0027 -0.1199 179 127 113
1.7710 0.0901 -0.1217 185 131 119
1.7666 0.0909 -0.1199 171 124 118
1.7696 0.0985 0.0318 254 125 253
1.7706 0.0985 0.0900 254 123 252
1.7708 0.0985 0.1499 254 120 252
1.7705 0.0985 0.2097 254 116 251
1.7702 0.0985 0.2694 253 112 250
1.7705 0.0985 0.3298 252 105 247
1.7704 0.0985 0.3901 251 98 244
1.7703 0.0985 0.4499 247 90 238
1.7702 0.0985 0.5100 238 79 227
1.7702 0.0985 0.5700 224 68 214
1.7701 0.0985 0.6298 212 61 204
1.7662 0.1020 0.7065 240 153 197
1.7573 0.1029 0.7644 249 172 222
1.7623 0.1019 0.8320 241 176 183
1.7710 0.1018 0.8703 230 78 217
1.7716 0.1018 0.9307 229 72 218
1.7712 0.1018 0.9905 227 71 216
1.7719 0.1018 1.0496 225 70 214
1.7716 0.1018 1.1096 223 68 213
1.7709 0.1018 1.1702 220 67 210
1.7716 0.1018 1.2301 218 66 209
1.7723 0.1018 1.2900 216 64 207
1.7701 0.1018 1.3342 170 65 178
1.7951 0.0872 2.8323 93 41 98
1.7698 0.1483 -0.1216 177 126 118
1.7810 0.1627 -0.1198 138 91 96
1.7763 0.2165 -0.1219 196 145 130
1.7580 0.1973 -0.1198 201 158 144
1.7701 0.2705 -0.1219 212 170 153
1.7709 0.2702 -0.1197 201 158 141
1.7694 0.3280 -0.1218 211 168 152
1.7841 0.3468 -0.1199 219 181 167
1.7692 0.3887 -0.1217 205 161 146
1.7572 0.3774 -0.1199 176 130 123
1.7845 0.4640 -0.1218 178 119 109
1.7707 0.4555 -0.1198 191 146 136
1.7738 0.5136 -0.1219 174 116 108
1.7825 0.5219 -0.1196 143 96 101
1.7703 0.5709 -0.1218 183 131 122
1.7632 0.5627 -0.1196 177 132 126
1.7723 0.6300 -0.1217 171 120 115
1.7884 0.6475 -0.1198 134 90 99
1.7688 0.6878 -0.1217 188 140 129
1.7624 0.6830 -0.1199 176 131 126
1.7885 0.7678 -0.1219 228 193 175
1.7778 0.7581 -0.1197 213 174 161
1.7722 0.8123 -0.1219 209 169 155
1.7692 0.8078 -0.1195 180 138 133
1.7683 0.8694 -0.1218 197 155 145
1.7662 0.8685 -0.1196 191 149 141
1.7703 0.9303 -0.1217 198 153 142
1.7900 0.9494 -0.1198 202 160 146
1.7690 0.9884 -0.1216 171 120 116
1.7614 0.9773 -0.1198 177 130 123
1.7687 1.0509 -0.1216 175 128 125
1.7752 1.0574 -0.1197 150 105 109
1.7699 1.1109 -0.1215 161 116 116
1.7604 1.0998 -0.1196 191 152 146
1.7693 1.1680 -0.1214 171 128 126
1.7654 1.1638 -0.1196 168 125 124
1.7690 1.2289 -0.1213 188 144 136
1.7844 1.2437 -0.1198 219 181 167
1.7700 1.2920 -0.1212 195 156 149
1.7566 1.2739 -0.1198 168 125 124
1.7694 1.3497 -0.1211 192 152 145
1.7689 1.3532 -0.1197 192 151 144
1.7691 1.4073 -0.1210 192 153 146
1.7792 1.4194 -0.1195 199 160 152
1.7673 1.4655 -0.1209 214 160 190
1.7635 1.4586 -0.1196 177 130 124
1.7651 1.5234 -0.1208 174 130 127
1.7802 1.5399 -0.1198 132 89 97
1.7718 1.5927 -0.1207 165 121 121
1.7613 1.5792 -0.1198 190 150 143
1.7784 1.6605 -0.1207 99 87 101
1.7671 1.6461 -0.1197 97 86 102
1.7665 1.7085 -0.1207 135 111 116
1.7863 1.7216 -0.1195 107 92 106
1.7640 1.7657 -0.1206 213 160 200
1.7584 1.7554 -0.1195 97 86 103
1.7706 1.8282 -0.1237 219 176 149
1.7735 1.8381 -0.1194 113 98 112
1.7718 1.9010 -0.1213 137 117 120
1.7577 1.8781 -0.1192 91 84 102
1.7739 1.9525 -0.1206 103 93 103
1.7681 1.9471 -0.1193 99 88 104
1.7782 2.0034 -0.1209 103 96 103
1.7850 2.0300 -0.1189 79 75 96
1.7703 2.0688 -0.1236 246 194 153
1.7649 2.0644 -0.1191 207 146 211
1.7729 2.1183 -0.1235 241 182 139
1.7859 2.1451 -0.1185 79 77 98
1.7628 2.1987 -0.1237 246 204 174
1.7595 2.1796 -0.1185 95 87 103
1.7709 2.2493 -0.1236 244 206 176
1.7676 2.2470 -0.1177 96 88 105
1.7708 2.3093 -0.1235 242 207 181
1.7732 2.3116 -0.1184 104 94 110
1.7746 2.3648 -0.1235 243 214 189
1.7667 2.3592 -0.1182 102 92 108
1.7520 2.4492 -0.1237 205 121 82
1.7787 2.4290 -0.1178 133 125 137
1.7618 2.4667 -0.1228 220 164 131
1.7768 2.4748 -0.1079 153 79 149
1.7730 2.4688 -0.0526 183 65 170
1.7602 2.4688 0.1035 254 195 254
1.7598 2.4688 0.1500 254 239 254
1.7595 2.4688 0.2103 254 254 254
1.7591 2.4688 0.2702 254 243 254
1.7586 2.4688 0.3298 251 164 249
1.7573 2.4688 0.3899 207 80 202
1.7579 2.4688 0.4499 125 42 139
1.7576 2.4688 0.5099 67 24 105
1.7570 2.4688 0.5697 54 20 97
1.7558 2.4688 0.6299 49 18 91
1.7598 2.4769 0.6938 73 23 86
1.7659 2.4770 0.7545 74 23 85
1.7591 2.4725 0.8303 73 23 95
1.7704 2.4707 0.8670 70 23 100
1.7719 2.4706 0.9254 67 23 101
1.7718 2.4706 0.9853 67 23 101
1.7720 2.4706 1.0450 64 23 102
1.7710 2.4706 1.1063 62 22 101
1.7719 2.4706 1.1672 61 22 101
1.7715 2.4706 1.2282 60 22 100
1.7761 2.4707 1.2683 58 21 99
1.8279 -2.5252 -0.1213 123 75 79
1.8345 -2.5273 -0.0690 70 23 72
1.8300 -2.5278 0.0197 73 23 76
1.8292 -2.5278 0.0899 75 24 80
1.8289 -2.5278 0.1500 76 24 85
1.8287 -2.5278 0.2093 78 25 91
1.8293 -2.5278 0.2693 79 26 96
1.8287 -2.5278 0.3299 80 27 103
1.8290 -2.5278 0.3897 80 28 112
1.8291 -2.5278 0.4497 78 28 113
1.8288 -2.5278 0.5099 74 27 114
1.8290 -2.5278 0.5701 72 26 114
1.8291 -2.5278 0.6303 68 25 112
1.8289 -2.5278 0.6901 65 24 109
1.8290 -2.5278 0.7501 63 23 107
1.8289 -2.5278 0.8101 61 23 104
1.8291 -2.5278 0.8700 60 22 103
1.8289 -2.5278 0.9300 58 22 101
1.8290 -2.5278 0.9900 57 22 99
1.8387 -2.5278 1.0365 57 22 98
1.8293 -2.5274 1.1102 55 22 96
1.8312 -2.5274 1.1687 55 22 95
1.8489 -2.5273 1.2113 54 22 93
1.8314 -2.5269 1.2679 52 62 101
1.8311 -2.4899 -0.1219 130 77 79
1.8358 -2.5025 -0.1196 90 78 81
1.8328 -2.4302 -0.1219 136 79 78
1.8344 -2.4294 -0.1198 77 63 68
1.8268 -2.3693 -0.1219 140 80 78
1.8324 -2.3625 -0.1197 78 62 67
1.8294 -2.3101 -0.1219 166 112 104
1.8522 -2.3203 -0.1183 77 65 68
1.8321 -2.2510 -0.1219 239 209 187
1.8351 -2.2469 -0.1197 120 100 105
1.8359 -2.1917 -0.1219 239 210 188
1.8097 -2.1794 -0.1188 116 95 95
1.8392 -2.1309 -0.1219 240 211 188
1.8188 -2.1263 -0.1185 115 94 93
1.8426 -2.0700 -0.1219 234 202 181
1.8353 -2.0704 -0.1184 196 173 115
1.8452 -2.0106 -0.1219 139 78 78
1.8473 -2.0271 -0.1182 167 154 111
1.8374 -1.9503 -0.1219 142 79 77
1.8420 -1.9628 -0.1185 74 65 72
1.8406 -1.8901 -0.1219 148 82 77
1.8108 -1.8961 -0.1196 75 67 83
1.8437 -1.8299 -0.1220 145 80 76
1.8331 -1.8217 -0.1187 73 62 64
1.8469 -1.7695 -0.1220 236 206 183
1.8484 -1.7669 -0.1199 132 109 111
1.8501 -1.7091 -0.1220 242 216 194
1.8216 -1.7135 -0.1190 210 159 99
1.8139 -1.6522 -0.1231 242 214 190
1.8163 -1.6497 -0.1199 222 185 170
1.8577 -1.5956 -0.1220 245 219 196
1.8057 -1.6055 -0.1198 223 188 173
1.8279 -1.5051 -0.1235 153 80 60
1.8496 -1.5278 -0.1197 146 107 109
1.8291 -1.4708 -0.1235 160 82 58
1.8352 -1.4696 -0.1197 121 79 88
1.8265 -1.4140 -0.1235 176 92 61
1.8182 -1.4097 -0.1197 125 80 87
1.8521 -1.3287 -0.1237 175 89 56
1.8068 -1.3606 -0.1197 126 79 86
1.8341 -1.2864 -0.1237 228 191 165
1.8517 -1.2863 -0.1195 185 146 137
1.8285 -1.2310 -0.1236 254 249 234
1.8382 -1.2273 -0.1196 223 188 173
1.8285 -1.1708 -0.1235 254 251 238
1.8234 -1.1675 -0.1196 223 185 169
1.8248 -1.1157 -0.1234 254 252 241
1.8112 -1.1138 -0.1195 223 188 172
1.8487 -1.0307 -0.1237 227 141 84
1.8443 -1.0344 -0.1193 142 102 105
1.8318 -0.9883 -0.1237 231 138 72
1.8420 -0.9915 -0.1194 120 78 87
1.8292 -0.9311 -0.1236 232 138 72
1.8312 -0.9313 -0.1194 124 79 86
1.8291 -0.8707 -0.1235 229 134 71
1.8176 -0.8679 -0.1194 125 79 86
1.8225 -0.8177 -0.1234 225 135 80
1.8175 -0.8210 -0.1192 130 86 90
1.8460 -0.7332 -0.1237 254 254 252
1.8507 -0.7459 -0.1198 225 191 175
1.8303 -0.6894 -0.1237 254 254 252
1.8357 -0.6888 -0.1198 226 189 163
1.8292 -0.6310 -0.1236 254 254 250
1.8251 -0.6436 -0.1197 231 188 114
1.8290 -0.5711 -0.1235 254 253 247
1.8449 -0.5696 -0.1195 219 184 169
1.8203 -0.5210 -0.1234 227 134 73
1.8468 -0.5108 -0.1196 123 82 90
1.8433 -0.4362 -0.1237 244 158 83
1.8527 -0.4486 -0.1196 125 81 88
1.8294 -0.3907 -0.1237 243 155 80
1.8555 -0.3992 -0.1196 126 80 87
1.8290 -0.3311 -0.1236 235 141 74
1.8203 -0.3184 -0.1194 124 81 87
1.8290 -0.2713 -0.1235 251 237 221
1.8091 -0.2608 -0.1197 212 174 161
1.8172 -0.2240 -0.1234 254 252 243
1.8065 -0.2113 -0.1198 225 189 173
1.8409 -0.1385 -0.1219 227 190 164
1.8129 -0.1501 -0.1198 224 187 171
1.8281 -0.0916 -0.1219 225 190 164
1.8183 -0.0915 -0.1198 225 190 174
1.8137 -0.0938 0.0035 139 41 132
1.8179 -0.0919 0.0898 150 52 146
1.8186 -0.0988 0.1532 255 217 255
1.8186 -0.0988 0.2097 255 217 255
1.8181 -0.0988 0.2703 255 215 255
1.8185 -0.0988 0.3305 255 211 255
1.8183 -0.0988 0.3901 255 202 255
1.8183 -0.0988 0.4499 255 190 255
1.8184 -0.0988 0.5097 255 177 255
1.8184 -0.0988 0.5699 255 161 254
1.8184 -0.0988 0.6300 255 140 254
1.8184 -0.0988 0.6900 254 119 251
1.8184 -0.0988 0.7499 248 94 237
1.8184 -0.0988 0.8097 211 62 192
1.8199 -0.0988 0.8622 95 25 104
1.8190 -0.0985 0.9296 239 79 222
1.8190 -0.0985 0.9898 207 59 186
1.8220 -0.0985 1.0330 166 43 150
1.8195 -0.0982 1.1103 223 67 203
1.8202 -0.0982 1.1693 197 54 176
1.8286 -0.0981 1.2076 186 50 167
1.8164 -0.0979 1.2902 206 58 185
1.8182 -0.0979 1.3404 186 49 166
1.8176 -0.0976 1.4100 205 57 184
1.8177 -0.0976 1.4705 190 51 169
1.8201 -0.0976 1.5107 177 46 159
1.8288 -0.0027 -0.1218 166 109 102
1.8285 0.0290 -0.1199 126 82 93
1.8388 -0.0406 -0.0367 251 105 243
1.8388 0.0053 0.1010 253 110 246
1.8388 -0.0023 0.1500 252 105 244
1.8388 -0.0023 0.2101 249 97 238
1.8388 -0.0031 0.2700 241 85 226
1.8388 -0.0028 0.3300 215 67 197
1.8388 -0.0030 0.3901 147 42 142
1.8388 -0.0031 0.4501 89 26 100
1.8388 -0.0034 0.5101 71 22 89
1.8388 -0.0035 0.5702 71 22 89
1.8388 -0.0034 0.6301 71 22 89
1.8388 -0.0026 0.6892 71 23 89
1.8387 0.0249 0.7412 71 23 89
1.8386 0.0402 0.7898 71 23 89
1.8385 0.0435 0.8526 71 24 90
1.8417 0.0061 0.9297 63 45 97
1.8417 0.0061 0.9897 62 44 96
1.8416 -0.0175 1.0378 57 58 100
1.8377 0.0309 1.0929 99 30 104
1.8227 0.0124 2.8323 114 28 96
1.8303 0.0888 -0.1216 144 83 83
1.8438 0.1011 -0.1198 127 81 91
1.8376 0.0859 0.0423 244 88 229
1.8387 0.0819 0.1027 254 148 254
1.8387 0.0815 0.1499 254 144 254
1.8387 0.0820 0.2105 254 136 253
1.8387 0.0814 0.2698 254 124 251
1.8387 0.0809 0.3301 252 106 245
1.8387 0.0815 0.3899 239 82 222
1.8387 0.0821 0.4500 153 43 145
1.8387 0.0812 0.5107 71 22 89
1.8387 0.0811 0.5699 71 22 88
1.8387 0.0817 0.6298 71 22 89
1.8387 0.0836 0.6857 71 22 89
1.8259 0.1030 0.7598 115 73 129
1.8285 0.1028 0.8141 104 60 123
1.8277 0.1018 0.8707 95 53 121
1.8286 0.1018 0.9299 72 27 114
1.8275 0.1018 0.9900 70 25 113
1.8281 0.1018 1.0505 67 63 120
1.8280 0.1018 1.1096 67 78 120
1.8280 0.1018 1.1688 64 76 118
1.8281 0.1018 1.2304 63 74 115
1.8280 0.1018 1.2909 61 72 114
1.8277 0.1018 1.3344 59 71 111
1.8237 0.0883 2.8323 78 51 100
1.8367 0.1595 -0.1219 151 84 80
1.8206 0.1358 -0.1198 127 82 91
1.8295 0.2109 -0.1219 203 155 139
1.8322 0.2134 -0.1197 185 140 131
1.8285 0.2683 -0.1218 242 214 192
1.8506 0.2853 -0.1199 227 193 174
1.8299 0.3292 -0.1217 240 209 188
1.8197 0.3187 -0.1199 226 190 176
1.8285 0.3881 -0.1216 239 209 188
1.8349 0.3958 -0.1198 225 191 176
1.8343 0.4551 -0.1219 203 158 142
1.8356 0.4550 -0.1197 186 144 136
1.8293 0.5121 -0.1218 141 82 85
1.8241 0.5043 -0.1196 130 88 97
1.8305 0.5696 -0.1218 142 83 86
1.8476 0.5864 -0.1197 128 86 96
1.8308 0.6284 -0.1217 142 83 86
1.8270 0.6209 -0.1199 128 83 94
1.8459 0.7081 -0.1218 205 162 146
1.8413 0.6977 -0.1197 162 116 113
1.8337 0.7527 -0.1219 238 207 187
1.8154 0.7317 -0.1196 208 165 152
1.8293 0.8088 -0.1218 236 205 185
1.8318 0.8065 -0.1196 224 189 175
1.8300 0.8706 -0.1217 234 201 182
1.8517 0.8887 -0.1197 224 190 175
1.8299 0.9295 -0.1216 229 196 178
1.8234 0.9185 -0.1199 223 188 174
1.8301 0.9906 -0.1216 138 89 94
1.8355 0.9990 -0.1197 130 89 100
1.8298 1.0495 -0.1215 129 81 91
1.8212 1.0418 -0.1196 126 85 97
1.8277 1.1081 -0.1214 131 82 92
1.8273 1.1056 -0.1196 126 85 98
1.8312 1.1669 -0.1213 132 84 93
1.8431 1.1877 -0.1198 149 103 105
1.8309 1.2305 -0.1212 213 174 160
1.8161 1.2176 -0.1198 191 145 135
1.8291 1.2889 -0.1211 227 192 177
1.8332 1.2926 -0.1197 223 189 176
1.8295 1.3478 -0.1210 225 189 174
1.8303 1.3502 -0.1196 223 187 174
1.8308 1.4072 -0.1209 225 190 176
1.8221 1.4023 -0.1196 222 187 174
1.8276 1.4668 -0.1209 235 186 216
1.8384 1.4844 -0.1198 145 103 108
1.8298 1.5347 -0.1207 132 87 96
1.8211 1.5235 -0.1198 125 85 97
1.8408 1.6027 -0.1207 137 90 95
1.8275 1.5889 -0.1197 124 85 98
1.8293 1.6486 -0.1207 98 79 92
1.8399 1.6614 -0.1195 78 74 97
1.8247 1.7037 -0.1205 112 92 102
1.8206 1.6964 -0.1195 92 81 100
1.8292 1.7942 -0.1237 253 246 227
1.8429 1.7714 -0.1198 233 176 232
1.8301 1.8290 -0.1237 254 247 228
1.8134 1.8167 -0.1193 126 108 119
1.8302 1.8912 -0.1235 254 247 228
1.8259 1.8925 -0.1193 124 108 119
1.8348 1.9649 -0.1210 116 104 112
1.8358 1.9620 -0.1187 96 87 104
1.8381 2.0086 -0.1206 92 83 92
1.8277 2.0050 -0.1191 78 77 99
1.8409 2.0590 -0.1208 101 86 91
1.8455 2.0859 -0.1185 74 75 98
1.8314 2.1276 -0.1235 234 141 79
1.8232 2.1186 -0.1185 74 75 98
1.8104 2.2089 -0.1237 220 123 74
1.8321 2.1878 -0.1177 85 81 100
1.8246 2.2561 -0.1237 253 244 229
1.8316 2.2571 -0.1184 109 97 112
1.8309 2.3091 -0.1236 254 250 234
1.8243 2.3008 -0.1181 119 105 118
1.8307 2.3689 -0.1235 254 245 224
1.8358 2.3836 -0.1178 117 105 117
1.8361 2.4227 -0.1235 253 242 218
1.8398 2.4384 -0.1179 105 95 111
1.8507 2.4632 -0.1230 238 215 190
1.8315 2.4738 -0.1076 140 61 136
1.8247 2.4689 0.0545 251 142 248
1.8305 2.4689 0.0900 253 179 252
1.8304 2.4689 0.1499 254 226 254
1.8300 2.4689 0.2102 254 246 254
1.8303 2.4689 0.2701 254 234 254
1.8304 2.4689 0.3297 254 182 254
1.8302 2.4689 0.3899 242 114 236
1.8301 2.4689 0.4499 201 75 196
1.8301 2.4689 0.5101 137 46 146
1.8301 2.4689 0.5701 97 32 120
1.8299 2.4689 0.6300 69 24 102
1.8252 2.4766 0.7006 73 23 85
1.8277 2.4771 0.7632 74 23 87
1.8247 2.4766 0.8172 96 49 93
1.8272 2.4711 0.8773 72 27 102
1.8300 2.4707 0.9272 67 23 102
1.8301 2.4707 0.9868 67 23 101
1.8301 2.4706 1.0467 64 23 102
1.8301 2.4706 1.1068 62 22 101
1.8301 2.4707 1.1667 61 22 101
1.8301 2.4706 1.2266 60 22 100
1.8303 2.4707 1.2690 59 21 99
1.8886 -2.5244 -0.1214 118 73 78
1.8916 -2.5272 -0.0760 71 23 72
1.8916 -2.5277 0.0119 73 23 76
1.8907 -2.5277 0.0900 76 24 81
1.8910 -2.5277 0.1499 77 25 86
1.8910 -2.5277 0.2099 78 26 91
1.8899 -2.5277 0.2696 79 26 96
1.8910 -2.5277 0.3298 80 27 104
1.8908 -2.5277 0.3901 80 28 111
1.8908 -2.5277 0.4501 78 28 113
1.8908 -2.5277 0.5100 76 27 114
1.8907 -2.5277 0.5704 72 27 113
1.8908 -2.5277 0.6303 68 25 111
1.8907 -2.5277 0.6899 66 24 109
1.8908 -2.5277 0.7502 63 24 107
1.8908 -2.5277 0.8104 61 23 105
1.8906 -2.5277 0.8700 59 22 102
1.8910 -2.5277 0.9301 58 22 101
1.8905 -2.5277 0.9901 57 22 99
1.8915 -2.5277 1.0493 57 22 98
1.9052 -2.5276 1.0919 57 22 98
1.8900 -2.5272 1.1701 54 22 94
1.8925 -2.5272 1.2249 54 22 93
1.9061 -2.5271 1.2635 52 41 96
1.8934 -2.4897 -0.1218 129 76 79
1.8928 -2.4784 -0.1197 76 63 68
1.8940 -2.4294 -0.1218 137 79 77
1.8812 -2.4084 -0.1198 77 62 67
1.8877 -2.3707 -0.1218 137 79 78
1.8840 -2.3690 -0.1198 77 62 66
1.8902 -2.3094 -0.1218 166 114 106
1.8938 -2.3269 -0.1198 102 84 74
1.8885 -2.2527 -0.1218 239 210 188
1.8997 -2.2494 -0.1181 108 89 88
1.8851 -2.1900 -0.1218 238 208 186
1.9130 -2.2031 -0.1181 112 91 90
1.8880 -2.1289 -0.1218 239 210 188
1.8763 -2.1282 -0.1196 123 104 108
1.8925 -2.0693 -0.1218 231 199 178
1.8667 -2.0812 -0.1195 124 104 108
1.8946 -2.0096 -0.1218 137 78 79
1.8872 -1.9960 -0.1188 74 64 71
1.8866 -1.9506 -0.1219 145 81 78
1.8762 -1.9563 -0.1179 180 153 95
1.8891 -1.8903 -0.1219 147 82 77
1.8915 -1.9074 -0.1179 191 163 102
1.8924 -1.8300 -0.1219 145 81 77
1.8696 -1.8180 -0.1192 76 66 74
1.8841 -1.7688 -0.1219 239 211 189
1.9001 -1.7808 -0.1188 122 93 79
1.8886 -1.7101 -0.1219 242 214 191
1.9024 -1.7095 -0.1197 134 110 114
1.8913 -1.6498 -0.1219 245 218 195
1.8865 -1.6499 -0.1197 223 188 173
1.8909 -1.5872 -0.1219 245 221 199
1.8698 -1.5892 -0.1197 224 189 174
1.8877 -1.5041 -0.1234 141 73 60
1.9026 -1.5162 -0.1195 134 91 96
1.8869 -1.4732 -0.1235 151 77 59
1.9043 -1.4701 -0.1195 124 79 85
1.8706 -1.4293 -0.1234 166 85 62
1.8928 -1.4123 -0.1196 125 80 86
1.8913 -1.3377 -0.1237 164 84 56
1.8760 -1.3515 -0.1196 122 79 87
1.8891 -1.2909 -0.1236 213 167 142
1.8734 -1.3014 -0.1193 152 111 111
1.8887 -1.2311 -0.1235 254 246 228
1.9066 -1.2234 -0.1194 222 185 169
1.8848 -1.1750 -0.1235 254 249 234
1.8989 -1.1686 -0.1193 223 186 170
1.9096 -1.0898 -0.1237 254 251 237
1.8854 -1.1089 -0.1194 223 189 173
1.8925 -1.0475 -0.1237 237 198 170
1.8733 -1.0568 -0.1194 207 169 156
1.8890 -0.9910 -0.1236 217 120 67
1.9088 -0.9792 -0.1197 125 78 85
1.8893 -0.9310 -0.1235 224 127 68
1.9043 -0.9305 -0.1198 127 79 84
1.8833 -0.8771 -0.1234 219 123 67
1.8891 -0.8726 -0.1198 124 79 86
1.9070 -0.7924 -0.1237 248 207 173
1.8713 -0.8098 -0.1198 149 106 106
1.8909 -0.7492 -0.1237 254 254 252
1.9034 -0.7417 -0.1196 225 190 174
1.8889 -0.6911 -0.1236 254 254 250
1.9044 -0.6928 -0.1196 223 186 171
1.8892 -0.6308 -0.1235 254 254 249
1.9048 -0.6213 -0.1196 230 192 152
1.8810 -0.5794 -0.1234 254 253 247
1.9155 -0.5753 -0.1196 201 170 160
1.9040 -0.4950 -0.1237 239 149 79
1.8998 -0.5087 -0.1192 126 83 88
1.8897 -0.4504 -0.1237 242 153 79
1.9039 -0.4610 -0.1192 124 80 86
1.8892 -0.3909 -0.1236 237 145 75
1.8680 -0.3754 -0.1195 125 80 87
1.8889 -0.3309 -0.1235 227 133 72
1.8659 -0.3304 -0.1196 123 80 88
1.8784 -0.2827 -0.1234 245 218 196
1.8711 -0.2678 -0.1196 216 180 165
1.9015 -0.1986 -0.1219 227 190 164
1.8784 -0.2096 -0.1196 223 188 172
1.8884 -0.1518 -0.1219 227 192 166
1.8826 -0.1538 -0.1196 223 188 172
1.8890 -0.0882 -0.1218 223 188 163
1.8796 -0.0870 -0.1196 225 191 175
1.8898 0.0007 -0.1217 155 98 95
1.8967 -0.0013 -0.1199 146 101 105
1.8989 0.0991 -0.1219 153 85 80
1.8818 0.0794 -0.1198 127 82 91
1.8893 0.1481 -0.1219 147 83 81
1.8943 0.1551 -0.1197 124 81 92
1.8892 0.2086 -0.1218 197 151 137
1.9059 0.2260 -0.1199 209 170 158
1.8891 0.2713 -0.1217 241 213 191
1.8821 0.2598 -0.1199 228 194 178
1.8889 0.3289 -0.1216 240 211 190
1.8940 0.3380 -0.1198 226 192 177
1.8962 0.3964 -0.1219 244 217 195
1.8867 0.3869 -0.1197 226 193 179
1.8891 0.4501 -0.1219 210 170 154
1.8893 0.4417 -0.1196 207 167 155
1.8868 0.5078 -0.1218 136 80 85
1.9061 0.5294 -0.1197 122 83 96
1.8910 0.5677 -0.1217 142 82 85
1.8864 0.5651 -0.1199 127 83 94
1.9047 0.6433 -0.1218 139 82 85
1.9022 0.6404 -0.1197 124 83 95
1.8923 0.6922 -0.1219 163 107 101
1.8747 0.6717 -0.1197 129 89 99
1.8905 0.7480 -0.1218 240 211 191
1.8899 0.7513 -0.1196 221 185 171
1.8908 0.8110 -0.1217 237 206 187
1.9115 0.8329 -0.1197 226 192 178
1.8882 0.8695 -0.1217 237 206 187
1.8829 0.8622 -0.1199 226 192 177
1.8900 0.9300 -0.1216 228 193 175
1.8986 0.9390 -0.1197 210 171 158
1.8901 0.9900 -0.1215 138 90 97
1.8811 0.9795 -0.1196 157 113 114
1.8900 1.0488 -0.1214 130 81 91
1.8896 1.0461 -0.1196 123 83 96
1.8878 1.1074 -0.1213 131 82 92
1.9054 1.1279 -0.1198 124 84 96
1.8925 1.1709 -0.1212 130 84 94
1.8778 1.1586 -0.1198 124 84 97
1.8906 1.2303 -0.1211 215 177 162
1.8935 1.2352 -0.1197 211 173 160
1.8873 1.2910 -0.1210 227 193 178
1.8926 1.2912 -0.1196 223 188 175
1.8893 1.3513 -0.1209 227 193 178
1.8838 1.3440 -0.1196 223 189 176
1.8907 1.4106 -0.1208 226 193 179
1.9039 1.4223 -0.1198 221 186 173
1.8884 1.4658 -0.1208 228 183 205
1.8731 1.4552 -0.1198 188 144 136
1.8912 1.5286 -0.1207 134 88 95
1.8912 1.5282 -0.1197 122 84 99
1.8863 1.5826 -0.1208 142 92 95
1.9003 1.6012 -0.1195 125 85 98
1.8884 1.6434 -0.1205 95 79 93
1.8785 1.6406 -0.1196 77 74 97
1.8898 1.7079 -0.1235 221 155 120
1.8988 1.7184 -0.1199 111 93 106
1.8920 1.7932 -0.1237 254 251 240
1.8724 1.7498 -0.1197 129 110 119
1.8900 1.8288 -0.1237 254 252 241
1.8903 1.8299 -0.1193 128 110 120
1.8901 1.8907 -0.1235 254 252 239
1.8793 1.8825 -0.1190 125 108 119
1.8898 1.9704 -0.1237 235 189 157
1.8873 1.9484 -0.1191 104 92 108
1.8855 2.0271 -0.1237 242 153 85
1.9048 2.0182 -0.1186 76 76 99
1.8905 2.0686 -0.1236 241 152 83
1.8931 2.0664 -0.1189 194 143 202
1.8905 2.1286 -0.1235 235 142 79
1.8926 2.1303 -0.1177 73 75 97
1.8954 2.1723 -0.1234 225 131 77
1.8934 2.1977 -0.1183 88 82 101
1.8675 2.2727 -0.1236 253 246 228
1.8756 2.2373 -0.1182 103 93 109
1.8865 2.3139 -0.1237 254 244 223
1.9056 2.3270 -0.1178 125 108 128
1.8912 2.3690 -0.1236 253 240 215
1.8828 2.3647 -0.1181 210 144 209
1.8909 2.4291 -0.1235 251 235 209
1.8918 2.4250 -0.1179 107 96 111
1.8919 2.4666 -0.1227 248 224 194
1.8916 2.4751 -0.1049 95 30 91
1.8704 2.4690 0.0528 250 165 248
1.8901 2.4690 0.0909 254 178 253
1.8907 2.4690 0.1499 254 231 254
1.8907 2.4690 0.2094 254 253 254
1.8903 2.4690 0.2696 254 249 254
1.8906 2.4690 0.3302 254 186 254
1.8905 2.4690 0.3900 232 106 227
1.8904 2.4690 0.4499 182 65 180
1.8903 2.4690 0.5099 115 38 132
1.8904 2.4690 0.5699 69 24 104
1.8901 2.4690 0.6300 55 20 97
1.8882 2.4759 0.7117 70 23 87
1.8858 2.4771 0.7531 73 23 91
1.8863 2.4767 0.8211 73 23 89
1.8757 2.4718 0.8863 73 28 102
1.8880 2.4707 0.9289 67 23 102
1.8883 2.4707 0.9883 67 23 101
1.8883 2.4707 1.0483 64 23 102
1.8883 2.4707 1.1086 62 22 101
1.8884 2.4707 1.1686 61 22 101
1.8883 2.4706 1.2287 60 22 101
1.8879 2.4707 1.2709 58 21 99
1.9464 -2.5255 -0.1210 127 75 74
1.9500 -2.5271 -0.0834 71 24 72
1.9496 -2.5276 0.0043 73 23 76
1.9491 -2.5276 0.0901 75 24 80
1.9491 -2.5276 0.1499 77 25 86
1.9487 -2.5276 0.2107 78 26 91
1.9492 -2.5276 0.2711 79 27 96
1.9489 -2.5276 0.3302 80 28 104
1.9490 -2.5276 0.3900 80 28 110
1.9489 -2.5276 0.4501 78 28 113
1.9492 -2.5276 0.5099 75 27 113
1.9489 -2.5276 0.5702 73 27 113
1.9491 -2.5276 0.6303 70 26 111
1.9488 -2.5276 0.6901 67 25 109
1.9490 -2.5276 0.7499 63 24 106
1.9492 -2.5276 0.8095 61 23 104
1.9490 -2.5276 0.8698 59 23 102
1.9491 -2.5276 0.9299 58 22 101
1.9489 -2.5276 0.9897 57 22 98
1.9492 -2.5276 1.0498 56 22 97
1.9513 -2.5276 1.1069 56 22 96
1.9676 -2.5275 1.1494 55 22 95
1.9484 -2.5271 1.2308 54 22 94
1.9499 -2.5271 1.2705 50 64 101
1.9469 -2.4904 -0.1216 138 78 75
1.9461 -2.4894 -0.1194 76 62 65
1.9506 -2.4296 -0.1216 138 79 77
1.9526 -2.4462 -0.1196 84 66 67
1.9540 -2.3697 -0.1216 136 79 78
1.9485 -2.3776 -0.1198 99 82 75
1.9573 -2.3100 -0.1216 163 110 102
1.9463 -2.3090 -0.1199 83 65 69
1.9522 -2.2481 -0.1217 236 206 185
1.9558 -2.2431 -0.1193 112 94 99
1.9498 -2.1907 -0.1217 235 200 178
1.9252 -2.1791 -0.1181 111 91 89
1.9411 -2.1301 -0.1217 238 206 184
1.9369 -2.1335 -0.1181 206 185 126
1.9450 -2.0698 -0.1217 231 197 175
1.9655 -2.0797 -0.1177 98 80 78
1.9476 -2.0097 -0.1217 147 81 77
1.9261 -2.0281 -0.1197 78 67 81
1.9502 -1.9497 -0.1217 147 82 78
1.9692 -1.9478 -0.1197 78 68 83
1.9542 -1.8897 -0.1217 143 81 79
1.9504 -1.8831 -0.1186 75 64 66
1.9573 -1.8310 -0.1217 143 81 79
1.9377 -1.8297 -0.1197 76 67 84
1.9472 -1.7711 -0.1218 232 201 180
1.9304 -1.7725 -0.1189 201 160 104
1.9514 -1.7109 -0.1218 240 207 183
1.9682 -1.7086 -0.1195 124 101 106
1.9432 -1.6522 -0.1218 242 211 187
1.9590 -1.6475 -0.1196 218 179 164
1.9460 -1.5900 -0.1218 245 219 197
1.9431 -1.5882 -0.1196 224 190 174
1.9396 -1.5051 -0.1233 154 80 64
1.9310 -1.5355 -0.1195 158 114 111
1.9315 -1.4888 -0.1234 151 77 61
1.9638 -1.4563 -0.1193 139 91 91
1.9551 -1.4112 -0.1218 148 82 77
1.9627 -1.4081 -0.1194 130 84 88
1.9491 -1.3378 -0.1236 161 83 57
1.9504 -1.3490 -0.1193 126 81 86
1.9490 -1.2907 -0.1235 212 165 140
1.9376 -1.2895 -0.1194 179 138 131
1.9459 -1.2341 -0.1235 253 241 220
1.9364 -1.2408 -0.1192 222 186 170
1.9709 -1.1492 -0.1237 253 237 210
1.9700 -1.1635 -0.1198 217 175 158
1.9531 -1.1067 -0.1237 254 249 233
1.9546 -1.1069 -0.1198 227 193 176
1.9490 -1.0511 -0.1236 241 205 174
1.9391 -1.0483 -0.1198 186 143 135
1.9493 -0.9909 -0.1235 218 119 64
1.9278 -1.0002 -0.1198 126 79 85
1.9438 -0.9359 -0.1234 218 122 66
1.9674 -0.9307 -0.1197 132 83 87
1.9681 -0.8515 -0.1237 236 144 75
1.9583 -0.8712 -0.1197 128 81 87
1.9515 -0.8088 -0.1237 242 170 112
1.9427 -0.8129 -0.1197 144 98 99
1.9491 -0.7509 -0.1236 254 254 250
1.9297 -0.7607 -0.1197 225 192 176
1.9490 -0.6909 -0.1235 254 253 245
1.9667 -0.6821 -0.1196 211 169 154
1.9419 -0.6386 -0.1234 254 253 243
1.9356 -0.6231 -0.1198 226 190 170
1.9656 -0.5538 -0.1237 254 252 244
1.9358 -0.5672 -0.1198 218 181 165
1.9499 -0.5099 -0.1237 246 159 78
1.9396 -0.5089 -0.1198 130 80 85
1.9492 -0.4508 -0.1236 241 149 75
1.9437 -0.4481 -0.1199 129 80 86
1.9491 -0.3910 -0.1235 233 139 73
1.9481 -0.3877 -0.1199 127 80 87
1.9393 -0.3417 -0.1234 227 132 71
1.9528 -0.3271 -0.1199 127 80 87
1.9592 -0.2569 -0.1219 228 196 170
1.9575 -0.2667 -0.1199 221 186 170
1.9511 -0.2111 -0.1219 225 187 159
1.9615 -0.2110 -0.1198 222 183 167
1.9498 -0.1487 -0.1218 222 183 157
1.9647 -0.1541 -0.1199 220 180 164
1.9479 -0.0906 -0.1217 223 188 164
1.9563 -0.0860 -0.1199 168 138 132
1.9608 0.0382 -0.1219 160 88 79
1.9528 -0.0034 -0.1198 144 96 100
1.9495 0.0895 -0.1219 152 85 79
1.9573 0.0964 -0.1196 129 83 91
1.9504 0.1494 -0.1218 149 84 81
1.9642 0.1636 -0.1198 128 83 92
1.9496 0.2105 -0.1217 198 150 135
1.9436 0.2016 -0.1199 169 120 115
1.9493 0.2675 -0.1216 241 211 189
1.9584 0.2782 -0.1198 225 188 172
1.9568 0.3375 -0.1219 243 211 187
1.9440 0.3216 -0.1197 225 183 174
1.9497 0.3902 -0.1219 245 219 197
1.9469 0.3865 -0.1196 227 192 177
1.9484 0.4488 -0.1218 218 174 154
1.9589 0.4612 -0.1195 182 134 126
1.9492 0.5093 -0.1217 148 84 83
1.9485 0.5062 -0.1199 133 84 92
1.9645 0.5844 -0.1218 148 84 84
1.9626 0.5830 -0.1197 128 83 94
1.9542 0.6336 -0.1219 146 84 84
1.9358 0.6147 -0.1197 127 83 95
1.9496 0.6908 -0.1218 170 112 104
1.9520 0.6925 -0.1196 156 110 109
1.9491 0.7510 -0.1217 240 212 191
1.9638 0.7627 -0.1197 221 186 169
1.9487 0.8082 -0.1217 236 202 181
1.9449 0.8035 -0.1199 224 186 172
1.9503 0.8706 -0.1216 237 204 184
1.9591 0.8818 -0.1197 226 192 177
1.9514 0.9301 -0.1215 232 198 179
1.9319 0.9128 -0.1197 225 191 177
1.9485 0.9888 -0.1214 148 91 92
1.9513 0.9878 -0.1196 148 100 102
1.9491 1.0488 -0.1213 137 83 89
1.9661 1.0678 -0.1197 129 84 94
1.9490 1.1107 -0.1212 133 83 92
1.9403 1.0994 -0.1199 127 84 95
1.9521 1.1718 -0.1211 135 86 94
1.9535 1.1782 -0.1197 140 95 101
1.9502 1.2312 -0.1210 216 178 163
1.9535 1.2337 -0.1196 205 165 154
1.9486 1.2903 -0.1209 226 189 174
1.9459 1.2850 -0.1196 222 186 173
1.9498 1.3510 -0.1208 226 190 175
1.9654 1.3633 -0.1198 224 187 173
1.9497 1.4107 -0.1208 228 195 180
1.9384 1.3934 -0.1198 225 191 177
1.9467 1.4655 -0.1207 230 186 205
1.9521 1.4708 -0.1197 169 122 118
1.9388 1.5142 -0.1207 145 91 92
1.9615 1.5417 -0.1195 128 85 96
1.9491 1.5865 -0.1205 139 91 95
1.9406 1.5816 -0.1196 126 84 97
1.9499 1.6511 -0.1236 226 133 78
1.9611 1.6589 -0.1198 80 74 96
1.9500 1.7083 -0.1235 232 167 125
1.9426 1.6986 -0.1198 97 83 101
1.9495 1.7918 -0.1237 254 253 246
1.9495 1.7638 -0.1197 209 163 204
1.9500 1.8285 -0.1237 254 253 245
1.9438 1.8211 -0.1190 126 108 119
1.9500 1.8909 -0.1235 254 253 244
1.9473 1.8914 -0.1191 127 109 119
1.9485 1.9703 -0.1237 247 202 161
1.9647 1.9608 -0.1183 134 126 136
1.9316 2.0344 -0.1237 245 158 83
1.9506 2.0123 -0.1189 78 74 95
1.9495 2.0699 -0.1237 245 160 84
1.9368 2.0588 -0.1183 74 75 97
1.9503 2.1287 -0.1236 237 146 80
1.9610 2.1341 -0.1183 74 74 97
1.9529 2.1825 -0.1235 230 137 78
1.9334 2.1732 -0.1183 81 78 98
1.9486 2.2467 -0.1219 230 197 172
1.9685 2.2689 -0.1178 109 98 113
1.9298 2.3310 -0.1237 250 230 201
1.9429 2.3061 -0.1180 114 102 116
1.9482 2.3723 -0.1237 247 221 191
1.9510 2.3699 -0.1179 118 104 117
1.9510 2.4290 -0.1236 246 222 194
1.9520 2.4537 -0.1197 135 109 115
1.9506 2.4666 -0.1227 239 205 173
1.9524 2.4751 -0.1086 92 28 89
1.9500 2.4693 0.0261 243 115 236
1.9495 2.4690 0.0958 252 158 250
1.9504 2.4690 0.1501 254 202 254
1.9505 2.4690 0.2099 254 231 254
1.9503 2.4690 0.2699 254 221 254
1.9502 2.4690 0.3300 246 139 243
1.9503 2.4690 0.3900 193 75 191
1.9502 2.4690 0.4501 126 43 139
1.9501 2.4690 0.5099 71 25 108
1.9501 2.4690 0.5699 55 20 98
1.9500 2.4690 0.6300 54 20 96
1.9505 2.4690 0.6903 51 19 93
1.9631 2.4773 0.7695 177 142 122
1.9529 2.4769 0.8208 100 53 95
1.9492 2.4764 0.8779 74 24 94
1.9492 2.4708 0.9399 67 24 101
1.9530 2.4707 0.9903 66 23 101
1.9533 2.4707 1.0502 64 23 102
1.9533 2.4707 1.1104 63 23 102
1.9533 2.4707 1.1706 61 22 101
1.9533 2.4707 1.2310 60 22 100
1.9531 2.4707 1.2730 58 21 100
2.0132 -2.5251 -0.1213 216 181 163
2.0186 -2.5274 -0.0664 71 24 72
2.0075 -2.5274 0.0002 73 23 76
2.0075 -2.5274 0.0901 75 24 80
2.0071 -2.5274 0.1499 76 25 86
2.0077 -2.5274 0.2104 77 26 91
2.0071 -2.5274 0.2706 79 27 96
2.0080 -2.5274 0.3301 80 28 104
2.0074 -2.5274 0.3898 80 29 110
2.0076 -2.5274 0.4498 78 28 112
2.0074 -2.5274 0.5101 75 28 113
2.0074 -2.5274 0.5698 73 27 113
2.0078 -2.5274 0.6295 70 26 111
2.0074 -2.5274 0.6898 67 25 109
2.0077 -2.5274 0.7498 64 24 107
2.0074 -2.5274 0.8098 62 24 105
2.0076 -2.5274 0.8700 60 23 102
2.0073 -2.5274 0.9300 58 22 100
2.0076 -2.5274 0.9902 57 22 98
2.0076 -2.5274 1.0502 56 22 97
2.0073 -2.5274 1.1097 55 22 96
2.0134 -2.5274 1.1617 55 22 95
2.0087 -2.5270 1.2306 54 22 94
2.0087 -2.5270 1.2697 51 64 102
2.0211 -2.4904 -0.1219 232 199 179
2.0230 -2.5101 -0.1199 127 102 96
2.0246 -2.4299 -0.1219 234 201 180
2.0090 -2.4284 -0.1195 129 106 93
2.0282 -2.3694 -0.1219 238 208 186
2.0035 -2.3555 -0.1196 114 91 87
2.0315 -2.3091 -0.1219 216 177 158
2.0048 -2.2998 -0.1196 186 174 163
2.0350 -2.2486 -0.1219 144 83 79
2.0261 -2.2679 -0.1195 219 214 208
2.0364 -2.2007 -0.1219 147 83 79
2.0331 -2.1942 -0.1188 167 154 116
2.0011 -2.1319 -0.1216 186 140 128
2.0220 -2.1287 -0.1197 84 71 82
2.0004 -2.0695 -0.1216 191 145 131
1.9859 -2.0551 -0.1177 82 67 66
2.0028 -2.0104 -0.1216 192 146 133
1.9958 -2.0200 -0.1176 226 195 114
2.0068 -1.9512 -0.1216 204 160 143
2.0266 -1.9597 -0.1186 101 84 86
2.0101 -1.8905 -0.1216 214 171 150
2.0044 -1.8766 -0.1189 100 82 84
2.0133 -1.8300 -0.1216 220 180 158
2.0136 -1.8441 -0.1186 120 92 79
2.0167 -1.7695 -0.1216 171 115 103
1.9959 -1.7722 -0.1196 110 90 97
2.0201 -1.7090 -0.1216 158 96 88
1.9936 -1.7246 -0.1193 107 88 95
2.0088 -1.6491 -0.1216 182 129 117
2.0268 -1.6463 -0.1194 146 99 96
1.9996 -1.5891 -0.1217 195 149 135
2.0190 -1.5911 -0.1193 162 113 103
2.0029 -1.5295 -0.1217 198 150 134
2.0055 -1.5312 -0.1194 175 126 115
2.0061 -1.4700 -0.1217 209 164 145
1.9934 -1.4784 -0.1194 165 117 109
2.0093 -1.4104 -0.1217 216 172 150
2.0281 -1.3980 -0.1197 210 169 154
2.0091 -1.3369 -0.1235 196 143 119
2.0234 -1.3493 -0.1198 210 168 153
2.0064 -1.2940 -0.1235 212 168 144
2.0074 -1.2910 -0.1198 189 143 129
2.0242 -1.2082 -0.1237 178 107 78
1.9918 -1.2320 -0.1198 198 153 137
2.0139 -1.1661 -0.1237 208 151 121
2.0124 -1.1716 -0.1197 162 116 110
2.0090 -1.1112 -0.1236 225 181 153
2.0241 -1.1134 -0.1196 151 100 95
2.0089 -1.0510 -0.1235 225 176 145
2.0108 -1.0529 -0.1197 175 124 113
2.0051 -0.9954 -0.1234 220 156 118
1.9940 -0.9934 -0.1197 167 117 108
2.0290 -0.9108 -0.1237 254 249 235
2.0065 -0.9297 -0.1195 177 133 123
2.0118 -0.8682 -0.1237 244 198 160
2.0229 -0.8709 -0.1196 203 163 148
2.0092 -0.8109 -0.1236 241 192 156
2.0156 -0.8103 -0.1195 187 140 127
2.0092 -0.7508 -0.1235 240 198 169
2.0001 -0.7496 -0.1195 188 142 128
2.0028 -0.6978 -0.1234 245 217 191
1.9958 -0.7046 -0.1194 190 144 131
2.0266 -0.6133 -0.1237 245 166 95
2.0003 -0.6309 -0.1197 184 134 120
2.0103 -0.5696 -0.1237 249 209 173
2.0031 -0.5704 -0.1197 173 123 112
2.0090 -0.5112 -0.1236 245 195 155
2.0075 -0.5085 -0.1197 194 149 135
2.0093 -0.4510 -0.1235 243 192 153
2.0122 -0.4468 -0.1197 200 156 142
2.0004 -0.4006 -0.1234 236 164 112
2.0166 -0.3892 -0.1197 207 164 149
2.0227 -0.3175 -0.1219 215 176 153
2.0211 -0.3317 -0.1197 214 173 157
2.0089 -0.2698 -0.1219 181 136 120
2.0245 -0.2694 -0.1197 149 104 102
2.0110 -0.2087 -0.1218 175 129 116
2.0291 -0.2076 -0.1197 131 85 89
2.0088 -0.1520 -0.1217 170 124 112
2.0192 -0.1445 -0.1199 111 85 95
2.0083 -0.0915 -0.1216 181 136 123
2.0139 -0.0927 -0.1198 145 104 105
2.0134 0.0128 -0.1219 206 161 143
2.0095 0.0048 -0.1197 191 147 136
2.0114 0.0899 -0.1218 200 152 137
2.0105 0.0948 -0.1199 185 144 137
2.0085 0.1517 -0.1217 190 140 126
2.0050 0.1428 -0.1199 175 129 123
2.0097 0.2098 -0.1216 196 149 134
2.0168 0.2219 -0.1198 176 129 122
2.0172 0.2795 -0.1219 186 132 120
2.0023 0.2648 -0.1197 195 156 148
2.0094 0.3292 -0.1219 199 149 133
2.0085 0.3286 -0.1197 179 133 126
2.0093 0.3877 -0.1218 196 149 136
2.0222 0.4014 -0.1195 153 106 107
2.0098 0.4502 -0.1217 200 153 138
2.0076 0.4502 -0.1199 177 130 124
2.0097 0.5107 -0.1216 190 145 134
2.0251 0.5232 -0.1197 213 175 162
2.0149 0.5751 -0.1219 208 167 152
1.9981 0.5549 -0.1197 150 105 107
2.0106 0.6311 -0.1218 194 146 134
2.0136 0.6343 -0.1196 189 146 138
2.0099 0.6890 -0.1218 192 146 134
2.0074 0.6869 -0.1194 149 106 108
2.0089 0.7486 -0.1217 191 147 137
2.0074 0.7444 -0.1199 189 146 138
2.0095 0.8097 -0.1216 196 149 138
2.0190 0.8242 -0.1197 155 110 110
2.0121 0.8691 -0.1215 182 135 128
1.9925 0.8552 -0.1197 213 172 159
2.0090 0.9302 -0.1214 193 149 139
2.0097 0.9319 -0.1196 174 130 125
2.0054 0.9891 -0.1213 178 132 126
2.0294 1.0091 -0.1198 222 187 173
2.0097 1.0496 -0.1212 184 142 136
1.9991 1.0436 -0.1199 155 111 113
2.0102 1.1115 -0.1211 188 146 139
2.0177 1.1175 -0.1197 197 156 147
2.0104 1.1713 -0.1210 181 139 133
2.0016 1.1630 -0.1196 152 108 111
2.0101 1.2297 -0.1209 168 123 119
2.0082 1.2263 -0.1196 178 135 129
2.0105 1.2883 -0.1209 180 137 133
2.0249 1.3069 -0.1198 137 93 101
2.0102 1.3497 -0.1208 177 133 130
1.9973 1.3371 -0.1198 207 164 153
2.0096 1.4094 -0.1207 184 144 139
2.0120 1.4138 -0.1197 172 130 127
2.0059 1.4639 -0.1206 228 185 203
2.0241 1.4840 -0.1195 211 172 159
2.0098 1.5261 -0.1204 182 141 136
2.0023 1.5232 -0.1196 158 116 118
2.0100 1.5975 -0.1237 245 191 150
2.0205 1.6028 -0.1198 206 167 157
2.0100 1.6508 -0.1236 241 185 146
2.0025 1.6418 -0.1198 93 82 100
2.0101 1.7083 -0.1235 237 188 156
2.0096 1.7070 -0.1197 110 94 106
2.0107 1.7918 -0.1237 248 214 184
2.0231 1.7750 -0.1194 205 163 206
2.0097 1.8286 -0.1237 248 214 184
2.0100 1.8314 -0.1191 99 88 105
2.0100 1.8906 -0.1235 245 209 181
2.0006 1.8812 -0.1186 122 111 122
2.0101 1.9702 -0.1237 248 207 171
2.0117 1.9547 -0.1189 98 87 103
2.0100 2.0076 -0.1236 242 186 146
1.9996 2.0001 -0.1183 93 85 103
2.0078 2.0779 -0.1237 248 193 144
2.0237 2.0738 -0.1186 219 162 220
2.0105 2.1286 -0.1236 246 195 153
1.9992 2.1155 -0.1181 92 88 106
2.0106 2.1888 -0.1235 239 186 150
2.0190 2.2035 -0.1175 84 81 99
2.0226 2.2272 -0.1234 237 185 144
2.0077 2.2465 -0.1181 92 85 103
2.0090 2.3105 -0.1218 181 138 126
2.0123 2.3137 -0.1178 89 83 102
1.9842 2.3852 -0.1236 234 199 169
2.0111 2.3806 -0.1198 124 103 113
1.9844 2.4323 -0.1236 238 207 178
2.0122 2.4358 -0.1175 98 89 105
1.9865 2.4673 -0.1226 225 186 157
2.0108 2.4750 -0.1069 153 78 151
2.0090 2.4693 0.0287 250 135 246
1.9849 2.4690 0.0985 248 127 243
1.9847 2.4690 0.1499 253 156 252
1.9848 2.4690 0.2102 254 176 253
1.9847 2.4690 0.2697 254 161 252
1.9846 2.4690 0.3300 230 102 223
1.9845 2.4690 0.3903 146 51 151
1.9845 2.4690 0.4498 78 27 109
1.9844 2.4690 0.5098 63 23 104
1.9843 2.4690 0.5698 56 20 98
1.9843 2.4690 0.6299 55 20 98
1.9848 2.4690 0.6884 51 19 93
2.0064 2.4768 0.7570 72 23 91
2.0132 2.4770 0.8220 74 25 92
2.0138 2.4764 0.8792 79 29 96
2.0009 2.4716 0.9538 67 23 101
2.0118 2.4707 0.9925 66 23 101
2.0122 2.4707 1.0520 64 23 102
2.0122 2.4707 1.1122 63 23 102
2.0123 2.4707 1.1726 61 22 101
2.0122 2.4707 1.2331 60 22 100
2.0095 2.4707 1.2714 59 22 100
2.0680 -2.5248 -0.1215 231 199 180
2.0718 -2.5273 -0.0722 71 24 72
2.0687 -2.5273 -0.0002 73 24 76
2.0689 -2.5273 0.0898 74 24 79
2.0685 -2.5273 0.1502 76 25 85
2.0687 -2.5273 0.2106 77 26 91
2.0689 -2.5273 0.2701 79 27 96
2.0685 -2.5273 0.3299 80 28 104
2.0687 -2.5273 0.3903 79 28 108
2.0689 -2.5273 0.4501 78 28 112
2.0687 -2.5273 0.5099 76 28 113
2.0685 -2.5273 0.5697 73 27 112
2.0686 -2.5273 0.6298 70 26 111
2.0689 -2.5273 0.6902 67 26 109
2.0688 -2.5273 0.7500 65 25 107
2.0686 -2.5273 0.8101 63 24 105
2.0690 -2.5273 0.8702 60 24 102
2.0688 -2.5273 0.9300 58 23 100
2.0686 -2.5273 0.9901 57 23 99
2.0688 -2.5273 1.0502 56 22 97
2.0685 -2.5273 1.1103 55 22 96
2.0690 -2.5273 1.1701 55 22 94
2.0771 -2.5273 1.2161 55 22 94
2.0696 -2.5268 1.2686 52 65 102
2.0712 -2.4892 -0.1218 235 203 181
2.0689 -2.4925 -0.1199 133 107 101
2.0704 -2.4323 -0.1218 236 204 183
2.0577 -2.4169 -0.1195 124 101 97
2.0653 -2.3709 -0.1219 239 210 189
2.0851 -2.3876 -0.1197 126 103 100
2.0694 -2.3103 -0.1219 217 178 159
2.0692 -2.3223 -0.1195 232 230 222
2.0730 -2.2484 -0.1219 140 80 79
2.0583 -2.2571 -0.1194 219 216 214
2.0687 -2.1862 -0.1219 140 80 78
2.0542 -2.1908 -0.1178 194 181 123
2.0672 -2.1294 -0.1219 144 81 78
2.0913 -2.1447 -0.1180 73 63 66
2.0705 -2.0700 -0.1219 154 90 84
2.0779 -2.0687 -0.1196 77 68 82
2.0730 -2.0114 -0.1219 243 215 192
2.0631 -2.0090 -0.1196 124 103 107
2.0651 -1.9509 -0.1219 243 214 191
2.0677 -1.9490 -0.1183 105 88 89
2.0690 -1.8914 -0.1219 245 219 196
2.0839 -1.8778 -0.1193 128 108 111
2.0726 -1.8304 -0.1219 245 219 196
2.0602 -1.8288 -0.1187 203 162 104
2.0761 -1.7694 -0.1219 158 95 86
2.0704 -1.7707 -0.1193 79 70 85
2.0789 -1.7100 -0.1219 146 81 76
2.0581 -1.7127 -0.1194 74 67 83
2.0827 -1.6506 -0.1219 148 81 76
2.0570 -1.6625 -0.1192 122 80 85
2.0849 -1.5896 -0.1219 150 82 76
2.0914 -1.5904 -0.1198 124 80 88
2.0765 -1.5284 -0.1219 226 190 169
2.0760 -1.5332 -0.1198 191 151 142
2.0799 -1.4678 -0.1219 245 218 195
2.0590 -1.4705 -0.1198 223 187 172
2.0872 -1.3953 -0.1218 239 209 187
2.0466 -1.4186 -0.1198 223 187 171
2.0637 -1.3375 -0.1234 245 218 193
2.0909 -1.3488 -0.1196 224 190 174
2.0522 -1.3085 -0.1234 245 222 199
2.0781 -1.2909 -0.1197 169 129 125
2.0674 -1.2032 -0.1235 154 79 57
2.0620 -1.2326 -0.1197 123 79 86
2.0689 -1.1711 -0.1236 166 84 57
2.0488 -1.1814 -0.1197 123 79 85
2.0691 -1.1110 -0.1235 176 91 59
2.0858 -1.1024 -0.1195 124 79 85
2.0652 -1.0546 -0.1235 196 128 97
2.0822 -1.0459 -0.1195 171 129 123
2.0900 -0.9696 -0.1237 253 243 219
2.0669 -0.9856 -0.1195 224 188 172
2.0725 -0.9275 -0.1237 254 249 231
2.0530 -0.9303 -0.1195 223 187 171
2.0690 -0.8710 -0.1236 254 252 240
2.0853 -0.8589 -0.1192 224 189 173
2.0692 -0.8108 -0.1235 248 231 213
2.0845 -0.8119 -0.1194 206 167 154
2.0634 -0.7569 -0.1234 214 119 66
2.0684 -0.7502 -0.1194 121 79 86
2.0870 -0.6715 -0.1237 238 146 75
2.0652 -0.6765 -0.1195 121 79 87
2.0709 -0.6288 -0.1237 238 148 75
2.0706 -0.6295 -0.1195 124 80 87
2.0690 -0.5710 -0.1236 236 146 79
2.0753 -0.5718 -0.1196 130 85 90
2.0688 -0.5107 -0.1235 254 254 248
2.0800 -0.5087 -0.1196 223 187 171
2.0617 -0.4598 -0.1234 254 253 245
2.0845 -0.4503 -0.1195 222 186 170
2.0839 -0.3761 -0.1219 230 197 171
2.0885 -0.3915 -0.1196 225 191 176
2.0704 -0.3293 -0.1219 229 194 167
2.0922 -0.3280 -0.1196 224 189 173
2.0689 -0.2697 -0.1218 138 89 88
2.0945 -0.2709 -0.1195 138 93 96
2.0682 -0.2107 -0.1217 116 70 77
2.0777 -0.2022 -0.1199 88 70 89
2.0706 -0.1487 -0.1216 136 78 79
2.0692 -0.1576 -0.1197 104 74 87
2.0814 -0.0783 -0.1219 153 84 77
2.0605 -0.0944 -0.1198 127 81 90
2.0691 -0.0012 -0.1219 230 195 174
2.0869 0.0340 -0.1199 223 186 171
2.0715 0.0900 -0.1217 243 215 192
2.0635 0.0875 -0.1199 226 192 176
2.0679 0.1485 -0.1216 243 216 194
2.0804 0.1617 -0.1198 227 193 178
2.0793 0.2191 -0.1219 181 127 114
2.0621 0.2023 -0.1197 197 157 147
2.0689 0.2680 -0.1219 147 83 80
2.0696 0.2701 -0.1196 124 82 93
2.0691 0.3293 -0.1218 146 83 81
2.0799 0.3432 -0.1195 124 83 94
2.0706 0.3908 -0.1217 145 83 82
2.0668 0.3942 -0.1199 127 82 92
2.0700 0.4490 -0.1216 178 123 112
2.0863 0.4653 -0.1197 192 146 134
2.0766 0.5163 -0.1219 244 217 194
2.0581 0.4968 -0.1197 224 189 174
2.0692 0.5701 -0.1219 242 214 192
2.0756 0.5756 -0.1196 224 189 175
2.0686 0.6276 -0.1218 242 215 194
2.0826 0.6422 -0.1197 226 191 177
2.0698 0.6895 -0.1217 228 191 170
2.0663 0.6886 -0.1199 213 173 159
2.0712 0.7503 -0.1216 137 82 86
2.0828 0.7624 -0.1197 126 85 96
2.0705 0.8094 -0.1215 136 82 87
2.0552 0.7946 -0.1197 124 82 95
2.0711 0.8711 -0.1214 137 82 88
2.0715 0.8734 -0.1196 125 83 95
2.0673 0.9283 -0.1213 145 91 93
2.0887 0.9481 -0.1197 167 119 114
2.0684 0.9907 -0.1212 228 193 174
2.0648 0.9815 -0.1199 211 170 156
2.0706 1.0511 -0.1211 232 198 180
2.0780 1.0602 -0.1197 224 189 175
2.0692 1.1091 -0.1210 232 200 182
2.0636 1.1043 -0.1196 224 189 175
2.0692 1.1716 -0.1209 230 195 178
2.0665 1.1704 -0.1196 221 185 171
2.0702 1.2316 -0.1208 152 104 106
2.0863 1.2473 -0.1198 129 88 98
2.0720 1.2916 -0.1208 128 83 94
2.0597 1.2778 -0.1198 123 83 96
2.0686 1.3492 -0.1207 130 84 94
2.0757 1.3533 -0.1197 124 84 96
2.0676 1.4054 -0.1206 131 85 95
2.0715 1.4136 -0.1196 138 93 100
2.0652 1.4619 -0.1205 214 170 186
2.0644 1.4643 -0.1196 186 140 131
2.0699 1.5130 -0.1234 254 253 248
2.0821 1.5434 -0.1198 224 189 175
2.0700 1.5974 -0.1237 254 254 252
2.0554 1.5736 -0.1198 223 188 174
2.0700 1.6508 -0.1236 254 254 250
2.0705 1.6493 -0.1197 142 119 123
2.0701 1.7082 -0.1235 246 223 204
2.0830 1.7190 -0.1195 101 86 102
2.0701 1.7935 -0.1237 239 150 82
2.0616 1.7581 -0.1196 138 115 149
2.0698 1.8305 -0.1237 237 145 79
2.0588 1.8211 -0.1186 78 76 98
2.0700 1.8906 -0.1235 230 136 76
2.0727 1.8967 -0.1189 76 74 97
2.0717 1.9701 -0.1237 251 215 178
2.0596 1.9428 -0.1184 87 80 99
2.0699 2.0085 -0.1236 254 254 251
2.0801 2.0210 -0.1187 123 106 117
2.0644 2.0888 -0.1237 254 254 253
2.0517 2.0530 -0.1186 167 133 165
2.0704 2.1285 -0.1237 254 254 252
2.0803 2.1453 -0.1176 111 100 114
2.0706 2.1890 -0.1235 254 254 249
2.0670 2.1880 -0.1180 101 91 107
2.0740 2.2357 -0.1234 228 157 113
2.0752 2.2507 -0.1175 104 102 118
2.0698 2.3117 -0.1218 121 76 85
2.0770 2.3203 -0.1178 108 94 128
2.0697 2.3788 -0.1216 119 76 86
2.0675 2.3667 -0.1178 182 132 192
2.0692 2.4456 -0.1219 130 78 83
2.0728 2.4415 -0.1175 86 81 99
2.0692 2.4702 -0.1218 194 108 149
2.0624 2.4743 -0.1057 117 49 115
2.0694 2.4693 0.0316 252 150 250
2.0700 2.4693 0.0899 254 210 254
2.0696 2.4693 0.1497 254 245 254
2.0695 2.4693 0.2098 254 254 254
2.0694 2.4693 0.2700 254 253 254
2.0693 2.4693 0.3302 254 238 254
2.0694 2.4693 0.3902 253 167 252
2.0693 2.4693 0.4500 245 121 241
2.0693 2.4693 0.5098 202 76 198
2.0691 2.4693 0.5698 151 51 155
2.0689 2.4693 0.6300 132 44 141
2.0727 2.4762 0.7043 217 199 213
2.0680 2.4780 0.7651 103 59 114
2.0656 2.4771 0.8209 114 71 105
2.0685 2.4765 0.8827 75 24 94
2.0681 2.4765 0.9295 73 24 98
2.0674 2.4708 1.0030 65 23 101
2.0710 2.4707 1.0540 64 23 102
2.0713 2.4707 1.1140 64 23 102
2.0712 2.4707 1.1746 60 22 100
2.0702 2.4707 1.2340 60 22 100
2.0746 2.4707 1.2695 59 22 100
2.1332 -2.5245 -0.1212 229 196 176
2.1309 -2.5272 -0.0791 71 24 72
2.1289 -2.5272 0.0005 73 24 77
2.1288 -2.5272 0.0903 75 25 80
2.1291 -2.5272 0.1498 76 25 85
2.1286 -2.5272 0.2096 77 26 90
2.1291 -2.5272 0.2708 78 27 95
2.1286 -2.5272 0.3307 79 28 103
2.1290 -2.5272 0.3899 79 29 108
2.1291 -2.5272 0.4500 78 29 111
2.1288 -2.5272 0.5099 76 28 113
2.1289 -2.5272 0.5697 73 27 112
2.1288 -2.5272 0.6299 70 27 110
2.1292 -2.5272 0.6901 67 26 109
2.1287 -2.5272 0.7503 65 25 107
2.1290 -2.5272 0.8105 63 25 105
2.1290 -2.5272 0.8703 61 24 103
2.1286 -2.5272 0.9302 59 23 101
2.1292 -2.5272 0.9900 58 23 99
2.1287 -2.5272 1.0498 56 23 98
2.1291 -2.5272 1.1100 55 22 95
2.1285 -2.5272 1.1702 54 22 94
2.1300 -2.5272 1.2302 54 22 94
2.1424 -2.5271 1.2693 49 63 100
2.1359 -2.4897 -0.1217 234 200 179
2.1218 -2.4725 -0.1198 134 109 100
2.1323 -2.4268 -0.1217 237 205 184
2.1428 -2.4514 -0.1196 125 100 95
2.1290 -2.3692 -0.1217 239 210 189
2.1319 -2.3718 -0.1194 234 231 223
2.1282 -2.3124 -0.1217 220 183 163
2.1230 -2.3049 -0.1195 236 232 222
2.1234 -2.2515 -0.1218 142 81 78
2.1468 -2.2609 -0.1183 194 182 127
2.1263 -2.1906 -0.1218 144 81 78
2.1119 -2.1853 -0.1177 72 62 65
2.1295 -2.1299 -0.1218 143 81 79
2.1135 -2.1224 -0.1173 162 137 88
2.1324 -2.0705 -0.1218 152 91 86
2.1362 -2.0848 -0.1173 193 172 112
2.1354 -2.0083 -0.1218 241 211 188
2.1381 -2.0094 -0.1194 120 101 105
2.1269 -1.9486 -0.1218 241 211 188
2.1174 -1.9327 -0.1185 109 91 93
2.1312 -1.8893 -0.1218 244 219 198
2.1361 -1.9062 -0.1184 138 108 90
2.1282 -1.8322 -0.1218 243 215 193
2.1494 -1.8186 -0.1197 133 111 113
2.1258 -1.7694 -0.1218 156 90 83
2.1424 -1.7673 -0.1198 81 69 84
2.1277 -1.7109 -0.1218 151 82 77
2.1269 -1.7086 -0.1198 77 66 83
2.1315 -1.6493 -0.1218 150 82 76
2.1106 -1.6501 -0.1198 124 80 87
2.1344 -1.5896 -0.1218 148 82 77
2.1437 -1.5811 -0.1196 124 79 86
2.1263 -1.5294 -0.1218 222 184 164
2.1434 -1.5326 -0.1196 190 151 141
2.1464 -1.4537 -0.1218 238 206 184
2.1300 -1.4717 -0.1197 222 184 169
2.1310 -1.4093 -0.1217 239 209 188
2.1133 -1.4123 -0.1197 224 189 173
2.1470 -1.3315 -0.1219 241 213 192
2.1249 -1.3498 -0.1195 224 191 175
2.1320 -1.2864 -0.1219 183 131 118
2.1420 -1.2923 -0.1195 178 135 128
2.1173 -1.2149 -0.1227 148 79 67
2.1355 -1.2315 -0.1195 126 79 84
2.1290 -1.1710 -0.1235 160 82 58
2.1201 -1.1704 -0.1195 125 79 84
2.1259 -1.1143 -0.1235 168 86 60
2.1152 -1.1242 -0.1194 124 78 84
2.1512 -1.0290 -0.1237 243 217 186
2.1463 -1.0425 -0.1193 178 135 127
2.1333 -0.9868 -0.1237 251 235 207
2.1362 -0.9915 -0.1194 220 184 168
2.1288 -0.9310 -0.1236 254 244 222
2.1229 -0.9279 -0.1194 208 174 162
2.1294 -0.8709 -0.1235 254 250 235
2.1151 -0.8736 -0.1193 204 174 163
2.1242 -0.8162 -0.1234 251 239 220
2.1516 -0.7942 -0.1196 180 134 124
2.1479 -0.7313 -0.1237 228 131 68
2.1513 -0.7471 -0.1199 129 80 85
2.1313 -0.6881 -0.1237 233 139 71
2.1534 -0.6950 -0.1199 131 80 85
2.1290 -0.6307 -0.1236 231 136 71
2.1375 -0.6330 -0.1199 127 80 86
2.1292 -0.5711 -0.1235 227 134 74
2.1421 -0.5724 -0.1198 130 83 88
2.1219 -0.5184 -0.1234 254 253 244
2.1467 -0.5123 -0.1198 223 187 171
2.1444 -0.4353 -0.1219 226 189 162
2.1501 -0.4521 -0.1198 224 187 171
2.1306 -0.3892 -0.1219 229 196 170
2.1501 -0.3910 -0.1198 227 194 178
2.1301 -0.3292 -0.1218 223 188 162
2.1546 -0.3389 -0.1197 225 192 176
2.1287 -0.2701 -0.1217 141 92 89
2.1336 -0.2591 -0.1198 94 72 88
2.1307 -0.2095 -0.1216 138 79 78
2.1165 -0.2153 -0.1198 101 74 88
2.1394 -0.1370 -0.1219 156 85 76
2.1211 -0.1534 -0.1198 127 81 90
2.1297 -0.0908 -0.1219 152 84 77
2.1361 -0.0802 -0.1196 126 81 91
2.1299 -0.0030 -0.1218 228 192 171
2.1313 0.0200 -0.1199 224 188 172
2.1299 0.0880 -0.1216 243 215 193
2.1401 0.1040 -0.1198 228 195 180
2.1382 0.1615 -0.1219 246 221 198
2.1143 0.1354 -0.1197 228 196 181
2.1280 0.2081 -0.1219 205 157 138
2.1314 0.2113 -0.1196 183 137 128
2.1288 0.2697 -0.1218 151 84 80
2.1436 0.2843 -0.1195 129 83 92
2.1308 0.3308 -0.1217 147 83 81
2.1321 0.3322 -0.1199 129 82 92
2.1292 0.3881 -0.1216 144 82 83
2.1341 0.3958 -0.1197 126 82 93
2.1361 0.4591 -0.1219 205 157 140
2.1222 0.4356 -0.1197 139 93 99
2.1305 0.5114 -0.1219 243 216 193
2.1344 0.5198 -0.1196 224 188 173
2.1271 0.5677 -0.1218 242 213 191
2.1107 0.5523 -0.1195 223 187 173
2.1290 0.6299 -0.1217 242 216 195
2.1321 0.6264 -0.1199 228 196 181
2.1297 0.6892 -0.1216 231 195 174
2.1428 0.7054 -0.1197 193 147 135
2.1297 0.7487 -0.1215 143 84 86
2.1160 0.7373 -0.1197 142 95 99
2.1303 0.8109 -0.1214 140 83 87
2.1333 0.8143 -0.1196 127 83 94
2.1286 0.8692 -0.1213 136 82 88
2.1486 0.8856 -0.1196 125 83 95
2.1274 0.9313 -0.1212 148 95 96
2.1269 0.9225 -0.1199 133 88 97
2.1315 0.9892 -0.1211 227 190 172
2.1416 0.9996 -0.1197 222 186 171
2.1319 1.0498 -0.1210 232 197 179
2.1149 1.0311 -0.1197 224 189 174
2.1282 1.1110 -0.1209 233 202 185
2.1315 1.1085 -0.1196 226 193 179
2.1300 1.1695 -0.1208 229 195 179
2.1483 1.1875 -0.1197 213 173 159
2.1296 1.2270 -0.1208 163 114 111
2.1216 1.2188 -0.1199 173 125 119
2.1314 1.2869 -0.1207 133 84 93
2.1365 1.2957 -0.1197 128 84 95
2.1244 1.3445 -0.1206 130 84 94
2.1272 1.3463 -0.1195 124 84 97
2.1265 1.4036 -0.1205 130 84 94
2.1261 1.4050 -0.1196 126 85 97
2.1316 1.4680 -0.1207 226 186 202
2.1417 1.4871 -0.1198 213 174 161
2.1302 1.5127 -0.1234 254 254 248
2.1140 1.5176 -0.1198 224 189 175
2.1300 1.5971 -0.1237 254 254 253
2.1309 1.5920 -0.1197 225 191 177
2.1300 1.6506 -0.1236 254 254 251
2.1303 1.6503 -0.1195 159 135 137
2.1301 1.7080 -0.1235 248 225 204
2.1238 1.6991 -0.1196 116 97 108
2.1301 1.7930 -0.1237 243 158 84
2.1348 1.7738 -0.1193 220 178 223
2.1299 1.8303 -0.1237 240 151 81
2.1380 1.8346 -0.1189 76 74 96
2.1300 1.8905 -0.1235 232 138 77
2.1142 1.8697 -0.1186 79 78 100
2.1301 1.9701 -0.1237 250 214 177
2.1384 1.9651 -0.1187 99 88 104
2.1300 2.0096 -0.1236 254 254 252
2.1135 1.9942 -0.1186 112 98 111
2.1096 2.0946 -0.1237 254 254 253
2.1510 2.0883 -0.1180 185 145 185
2.1287 2.1309 -0.1237 254 254 253
2.1270 2.1312 -0.1180 117 104 117
2.1306 2.1885 -0.1236 254 254 248
2.1305 2.1990 -0.1175 100 92 108
2.1322 2.2459 -0.1235 229 148 97
2.1242 2.2443 -0.1173 166 165 169
2.1441 2.2966 -0.1226 172 98 77
2.1294 2.3062 -0.1177 75 75 97
2.1286 2.3808 -0.1216 118 75 86
2.1391 2.3784 -0.1175 74 75 97
2.1303 2.4467 -0.1219 129 77 83
2.1197 2.4223 -0.1173 108 107 122
2.1288 2.4694 -0.1215 205 81 191
2.1261 2.4754 -0.1042 94 33 92
2.1294 2.4693 0.0343 253 154 252
2.1291 2.4693 0.0900 254 203 254
2.1294 2.4693 0.1503 254 248 254
2.1301 2.4693 0.2109 255 254 255
2.1309 2.4693 0.2697 255 250 255
2.1314 2.4693 0.3296 255 239 254
2.1306 2.4693 0.3900 253 162 252
2.1307 2.4693 0.4502 238 110 233
2.1307 2.4693 0.5103 189 70 187
2.1307 2.4693 0.5700 146 49 152
2.1306 2.4693 0.6299 126 42 137
2.1304 2.4693 0.6899 96 31 116
2.1278 2.4780 0.7693 129 93 137
2.1254 2.4772 0.8249 75 26 96
2.1202 2.4765 0.8866 74 24 95
2.1249 2.4765 0.9314 73 24 97
2.1223 2.4710 1.0145 65 23 101
2.1295 2.4707 1.0539 65 23 102
2.1305 2.4707 1.1101 64 23 102
2.1317 2.4707 1.1662 60 22 100
2.1307 2.4707 1.2255 59 22 100
2.1308 2.4707 1.2680 59 22 100
2.1893 -2.5252 -0.1213 221 188 170
2.1926 -2.5271 -0.0875 75 28 75
2.1908 -2.5271 -0.0004 72 24 76
2.1909 -2.5271 0.0898 74 25 79
2.1905 -2.5271 0.1501 75 26 83
2.1911 -2.5271 0.2098 77 27 90
2.1911 -2.5271 0.2687 78 27 94
2.1903 -2.5271 0.3291 79 28 102
2.1911 -2.5271 0.3898 79 29 106
2.1909 -2.5271 0.4498 77 29 110
2.1909 -2.5271 0.5098 76 29 113
2.1910 -2.5271 0.5694 72 28 112
2.1907 -2.5271 0.6294 70 27 111
2.1909 -2.5271 0.6894 68 26 109
2.1909 -2.5271 0.7502 65 26 106
2.1911 -2.5271 0.8105 63 25 105
2.1908 -2.5271 0.8702 61 24 103
2.1908 -2.5271 0.9302 59 24 101
2.1910 -2.5271 0.9898 58 23 99
2.1907 -2.5271 1.0502 57 23 97
2.1912 -2.5271 1.1106 55 23 95
2.1911 -2.5271 1.1702 54 22 94
2.1904 -2.5271 1.2305 53 22 93
2.1911 -2.5270 1.2699 50 63 101
2.1917 -2.4917 -0.1216 233 198 178
2.1969 -2.5088 -0.1197 122 97 93
2.1952 -2.4309 -0.1216 235 202 181
2.1881 -2.4405 -0.1199 140 117 112
2.1984 -2.3700 -0.1216 238 208 187
2.1798 -2.3545 -0.1192 224 221 218
2.1931 -2.3080 -0.1216 214 172 154
2.1943 -2.3097 -0.1174 92 76 76
2.1848 -2.2547 -0.1216 145 81 78
2.2091 -2.2633 -0.1178 73 62 65
2.1810 -2.1919 -0.1216 144 81 78
2.1890 -2.1883 -0.1194 73 64 77
2.1838 -2.1306 -0.1216 144 81 79
2.1776 -2.1297 -0.1194 73 65 79
2.1880 -2.0693 -0.1216 155 92 87
2.1695 -2.0774 -0.1180 163 145 106
2.1913 -2.0096 -0.1216 239 208 186
2.1927 -2.0227 -0.1182 95 79 80
2.1947 -1.9500 -0.1216 240 209 186
2.1949 -1.9514 -0.1198 127 106 110
2.1973 -1.8902 -0.1216 242 215 193
2.1758 -1.8921 -0.1187 205 164 103
2.1925 -1.8280 -0.1217 242 215 194
2.1679 -1.8440 -0.1198 132 110 113
2.1879 -1.7721 -0.1217 162 97 88
2.2115 -1.7721 -0.1196 84 70 84
2.1807 -1.7104 -0.1217 150 82 77
2.1972 -1.7106 -0.1197 77 66 82
2.1848 -1.6501 -0.1217 150 82 77
2.1814 -1.6521 -0.1197 127 80 85
2.1876 -1.5898 -0.1217 150 82 77
2.1682 -1.6000 -0.1197 125 80 86
2.2061 -1.5137 -0.1217 232 199 179
2.2053 -1.5230 -0.1195 214 176 161
2.1922 -1.4689 -0.1217 235 201 180
2.1976 -1.4703 -0.1195 220 182 167
2.1893 -1.4098 -0.1216 237 207 186
2.1859 -1.4085 -0.1195 222 187 171
2.1951 -1.3477 -0.1219 242 214 193
2.1730 -1.3521 -0.1195 224 190 174
2.1907 -1.2913 -0.1219 199 151 136
2.2042 -1.2757 -0.1192 152 106 104
2.1896 -1.2303 -0.1218 147 81 78
2.2024 -1.2292 -0.1194 127 79 84
2.1860 -1.1729 -0.1235 160 81 59
2.1881 -1.1720 -0.1194 127 79 84
2.1709 -1.1296 -0.1234 163 85 62
2.1749 -1.1081 -0.1193 126 79 83
2.1894 -1.0348 -0.1237 215 175 146
2.1796 -1.0540 -0.1192 150 104 102
2.1893 -0.9909 -0.1236 248 225 194
2.2133 -0.9781 -0.1191 216 177 161
2.1888 -0.9312 -0.1235 252 238 212
2.2026 -0.9300 -0.1192 223 187 171
2.1850 -0.8757 -0.1235 254 246 226
2.1851 -0.8700 -0.1192 226 192 176
2.2092 -0.7901 -0.1237 227 160 118
2.2104 -0.8030 -0.1198 200 158 145
2.1919 -0.7477 -0.1237 220 122 63
2.2097 -0.7662 -0.1197 132 82 85
2.1889 -0.6914 -0.1236 227 130 67
2.1744 -0.6734 -0.1199 131 81 85
2.1889 -0.6315 -0.1235 226 129 68
2.1686 -0.6254 -0.1199 129 80 86
2.1830 -0.5777 -0.1234 222 127 68
2.1734 -0.5697 -0.1199 130 81 87
2.1766 -0.5232 -0.1229 244 231 214
2.1768 -0.5141 -0.1199 222 185 169
2.1906 -0.4487 -0.1219 225 188 161
2.1811 -0.4533 -0.1199 224 187 171
2.1890 -0.3910 -0.1218 226 191 166
2.1825 -0.3948 -0.1199 228 194 178
2.1891 -0.3310 -0.1217 221 187 162
2.2006 -0.3214 -0.1199 168 139 134
2.1908 -0.2690 -0.1216 155 92 84
2.1742 -0.2852 -0.1199 127 95 99
2.2026 -0.1976 -0.1219 158 86 76
2.1878 -0.2138 -0.1198 132 82 89
2.1887 -0.1505 -0.1219 158 86 76
2.2026 -0.1387 -0.1197 128 81 89
2.1906 -0.0888 -0.1218 154 84 78
2.1787 -0.1033 -0.1197 129 82 89
2.1898 0.0009 -0.1217 230 195 174
2.1947 -0.0086 -0.1199 204 162 149
2.2018 0.1016 -0.1219 247 224 202
2.1773 0.0751 -0.1198 226 192 176
2.1879 0.1478 -0.1219 247 224 202
2.1938 0.1518 -0.1197 228 195 180
2.1885 0.2101 -0.1218 203 153 136
2.1916 0.2130 -0.1195 177 131 126
2.1912 0.2707 -0.1217 153 84 80
2.1944 0.2730 -0.1199 132 82 90
2.1881 0.3279 -0.1216 150 84 81
2.1958 0.3371 -0.1197 129 82 92
2.1963 0.3991 -0.1219 155 85 79
2.1792 0.3812 -0.1197 130 83 92
2.1903 0.4489 -0.1219 184 126 113
2.1966 0.4611 -0.1196 183 136 126
2.1877 0.5080 -0.1218 242 213 191
2.1678 0.4940 -0.1195 221 184 170
2.1885 0.5718 -0.1217 242 213 191
2.1909 0.5707 -0.1199 227 192 176
2.1893 0.6313 -0.1216 242 215 194
2.2046 0.6448 -0.1197 228 196 181
2.1902 0.6911 -0.1215 224 185 165
2.1792 0.6766 -0.1197 223 187 173
2.1904 0.7502 -0.1214 147 85 85
2.1953 0.7559 -0.1196 134 86 93
2.1879 0.8096 -0.1213 143 83 86
2.1958 0.8159 -0.1197 127 83 94
2.1882 0.8702 -0.1212 139 83 87
2.1862 0.8664 -0.1199 131 83 93
2.1905 0.9290 -0.1211 147 92 93
2.2023 0.9424 -0.1197 154 105 105
2.1901 0.9906 -0.1210 227 191 172
2.1741 0.9743 -0.1196 201 157 145
2.1897 1.0496 -0.1209 231 196 179
2.1936 1.0495 -0.1196 224 188 174
2.1904 1.1104 -0.1209 233 202 185
2.2068 1.1307 -0.1197 228 195 180
2.1903 1.1695 -0.1208 230 197 181
2.1810 1.1626 -0.1199 226 193 179
2.1872 1.2270 -0.1207 165 114 109
2.1966 1.2389 -0.1197 148 98 100
2.1903 1.2877 -0.1206 134 84 92
2.1893 1.2886 -0.1195 127 84 95
2.1851 1.3484 -0.1205 135 85 93
2.1881 1.3461 -0.1196 129 84 95
2.1914 1.4111 -0.1207 143 92 93
2.2064 1.4252 -0.1198 134 88 97
2.2004 1.4743 -0.1208 253 218 239
2.1764 1.4583 -0.1198 180 132 124
2.1899 1.5127 -0.1234 254 253 248
2.1913 1.5347 -0.1197 223 187 173
2.1903 1.5951 -0.1237 254 254 253
2.1911 1.5911 -0.1196 224 190 177
2.1902 1.6504 -0.1236 254 254 252
2.1824 1.6431 -0.1196 142 119 124
2.1900 1.7081 -0.1235 249 225 203
2.1957 1.7183 -0.1194 101 85 99
2.1917 1.7916 -0.1237 247 164 85
2.1766 1.7595 -0.1193 123 105 133
2.1900 1.8300 -0.1237 244 157 82
2.1740 1.8128 -0.1186 80 76 97
2.1898 1.8903 -0.1235 236 143 77
2.2015 1.9054 -0.1186 77 74 96
2.1897 1.9708 -0.1237 250 216 182
2.1724 1.9370 -0.1186 86 79 98
2.1902 2.0103 -0.1236 254 254 252
2.2097 2.0317 -0.1181 119 104 117
2.1893 2.0698 -0.1235 254 254 249
2.1870 2.0630 -0.1185 188 147 187
2.1868 2.1415 -0.1237 254 254 252
2.1794 2.1193 -0.1178 117 104 118
2.1906 2.1887 -0.1236 254 254 249
2.1732 2.1774 -0.1175 105 93 108
2.1904 2.2487 -0.1235 230 145 92
2.1920 2.2471 -0.1177 82 77 97
2.1967 2.2893 -0.1234 220 123 71
2.2018 2.3156 -0.1176 73 73 95
2.1899 2.3688 -0.1217 123 76 84
2.1877 2.3587 -0.1173 73 73 94
2.1915 2.4477 -0.1219 132 78 82
2.1825 2.4211 -0.1171 214 210 205
2.1905 2.4695 -0.1213 213 87 199
2.1849 2.4755 -0.1079 90 31 87
2.1897 2.4693 0.0369 251 136 248
2.1899 2.4693 0.0898 254 181 254
2.1905 2.4693 0.1496 255 220 254
2.1904 2.4693 0.2097 255 233 254
2.1920 2.4693 0.2702 254 217 254
2.1910 2.4693 0.3295 254 205 254
2.1917 2.4693 0.3897 247 140 244
2.1914 2.4693 0.4500 225 94 219
2.1913 2.4693 0.5101 174 62 175
2.1912 2.4693 0.5701 136 46 145
2.1912 2.4693 0.6301 112 37 127
2.1910 2.4693 0.6900 86 28 110
2.1967 2.4781 0.7659 232 212 167
2.1845 2.4773 0.8241 112 70 107
2.1878 2.4766 0.8843 74 24 96
2.1860 2.4766 0.9296 73 24 97
2.1929 2.4726 1.0119 69 24 102
2.1860 2.4708 1.0567 65 23 102
2.1904 2.4707 1.1065 64 23 101
2.1905 2.4707 1.1666 60 22 100
2.1904 2.4707 1.2273 60 22 100
2.1907 2.4707 1.2701 59 22 100
2.2441 -2.5248 -0.1214 196 149 131
2.2500 -2.5269 -0.0901 77 29 74
2.2500 -2.5269 -0.0002 72 24 76
2.2503 -2.5269 0.0898 74 25 80
2.2501 -2.5269 0.1497 75 26 83
2.2495 -2.5269 0.2090 76 27 88
2.2501 -2.5269 0.2693 78 28 94
2.2501 -2.5269 0.3307 78 29 101
2.2494 -2.5269 0.3905 79 29 106
2.2502 -2.5269 0.4498 77 29 110
2.2498 -2.5269 0.5101 75 29 111
2.2501 -2.5269 0.5699 73 28 112
2.2501 -2.5269 0.6298 70 27 111
2.2497 -2.5269 0.6901 67 27 108
2.2500 -2.5269 0.7499 65 26 107
2.2505 -2.5269 0.8097 62 25 105
2.2497 -2.5269 0.8696 61 25 103
2.2501 -2.5269 0.9299 60 24 102
2.2498 -2.5269 0.9897 58 24 99
2.2501 -2.5269 1.0496 56 23 97
2.2502 -2.5269 1.1099 55 23 96
2.2495 -2.5269 1.1692 54 23 95
2.2502 -2.5269 1.2295 53 22 94
2.2502 -2.5269 1.2694 51 64 102
2.2467 -2.4894 -0.1219 194 145 129
2.2496 -2.4867 -0.1197 106 88 86
2.2496 -2.4299 -0.1219 193 146 131
2.2467 -2.4160 -0.1199 107 89 88
2.2535 -2.3704 -0.1219 189 140 126
2.2587 -2.3857 -0.1189 243 237 212
2.2571 -2.3094 -0.1219 190 137 120
2.2448 -2.3131 -0.1170 82 69 68
2.2594 -2.2484 -0.1219 220 177 154
2.2412 -2.2438 -0.1170 84 69 67
2.2619 -2.1889 -0.1219 226 184 160
2.2490 -2.1945 -0.1175 187 162 109
2.2644 -2.1318 -0.1219 233 197 173
2.2459 -2.1267 -0.1198 89 74 83
2.2574 -2.0699 -0.1219 231 193 170
2.2297 -2.0681 -0.1198 84 70 82
2.2610 -2.0121 -0.1219 158 91 82
2.2497 -1.9964 -0.1182 83 69 71
2.2642 -1.9518 -0.1219 156 88 81
2.2699 -1.9648 -0.1187 83 69 73
2.2677 -1.8913 -0.1219 157 88 80
2.2495 -1.8918 -0.1197 105 85 92
2.2712 -1.8307 -0.1219 156 87 79
2.2326 -1.8318 -0.1197 120 99 103
2.2742 -1.7700 -0.1219 236 203 179
2.2646 -1.7533 -0.1194 112 91 97
2.2739 -1.7179 -0.1219 237 208 185
2.2614 -1.7075 -0.1195 122 98 101
2.2410 -1.6507 -0.1216 183 128 114
2.2546 -1.6477 -0.1194 178 129 118
2.2659 -1.5724 -0.1217 215 172 153
2.2397 -1.5908 -0.1195 162 113 105
2.2494 -1.5280 -0.1217 202 155 137
2.2346 -1.5438 -0.1194 158 108 102
2.2502 -1.4695 -0.1216 205 159 142
2.2666 -1.4589 -0.1194 163 112 104
2.2538 -1.4048 -0.1219 204 157 139
2.2544 -1.4092 -0.1194 181 131 118
2.2515 -1.3505 -0.1219 211 170 152
2.2417 -1.3504 -0.1193 197 152 136
2.2516 -1.2905 -0.1218 197 148 132
2.2298 -1.2926 -0.1193 176 129 119
2.2486 -1.2305 -0.1217 176 120 108
2.2716 -1.2202 -0.1187 196 151 135
2.2298 -1.1871 -0.1233 151 79 63
2.2689 -1.1646 -0.1192 196 149 134
2.2554 -1.1071 -0.1219 181 133 119
2.2532 -1.1093 -0.1192 181 133 119
2.2485 -1.0342 -0.1236 197 149 122
2.2372 -1.0513 -0.1192 175 125 113
2.2494 -0.9910 -0.1235 218 176 146
2.2252 -1.0016 -0.1189 206 163 147
2.2453 -0.9348 -0.1235 234 203 175
2.2481 -0.9280 -0.1184 89 75 83
2.2696 -0.8494 -0.1237 182 110 77
2.2732 -0.8657 -0.1190 154 106 99
2.2527 -0.8071 -0.1237 227 184 153
2.2609 -0.8019 -0.1195 168 118 109
2.2489 -0.7512 -0.1236 220 150 108
2.2294 -0.7439 -0.1197 149 100 99
2.2490 -0.6913 -0.1235 226 156 112
2.2307 -0.6904 -0.1198 151 102 99
2.2439 -0.6375 -0.1234 222 142 95
2.2353 -0.6284 -0.1198 158 109 104
2.2323 -0.5874 -0.1231 209 122 76
2.2395 -0.5674 -0.1198 173 124 114
2.2518 -0.5070 -0.1219 193 148 128
2.2386 -0.5093 -0.1197 198 151 135
2.2486 -0.4519 -0.1218 197 154 133
2.2429 -0.4516 -0.1197 193 145 130
2.2498 -0.3918 -0.1217 189 147 130
2.2600 -0.3771 -0.1199 130 101 104
2.2490 -0.3304 -0.1216 211 170 149
2.2375 -0.3423 -0.1199 166 132 125
2.2641 -0.2561 -0.1219 219 174 151
2.2485 -0.2702 -0.1198 172 124 118
2.2512 -0.2096 -0.1219 190 134 117
2.2647 -0.1969 -0.1197 196 149 136
2.2504 -0.1494 -0.1218 183 126 112
2.2408 -0.1621 -0.1197 150 102 103
2.2499 -0.0901 -0.1217 183 125 111
2.2495 -0.0881 -0.1199 167 119 114
2.2620 0.0388 -0.1219 201 149 131
2.2489 0.0032 -0.1198 196 151 140
2.2493 0.0884 -0.1219 221 180 159
2.2544 0.0943 -0.1197 191 146 135
2.2510 0.1509 -0.1218 216 177 158
2.2524 0.1547 -0.1195 186 143 135
2.2486 0.2102 -0.1217 207 159 139
2.2531 0.2174 -0.1199 181 134 125
2.2502 0.2690 -0.1216 184 130 117
2.2566 0.2794 -0.1197 184 139 131
2.2598 0.3391 -0.1219 203 154 136
2.2390 0.3230 -0.1197 144 96 99
2.2488 0.3880 -0.1219 182 124 112
2.2619 0.3992 -0.1196 189 144 133
2.2498 0.4476 -0.1218 196 141 123
2.2330 0.4308 -0.1196 135 89 95
2.2502 0.5098 -0.1217 212 169 152
2.2498 0.5150 -0.1199 197 153 142
2.2483 0.5684 -0.1216 219 179 160
2.2654 0.5854 -0.1196 165 116 112
2.2486 0.6314 -0.1215 212 174 158
2.2396 0.6194 -0.1197 218 181 167
2.2505 0.6911 -0.1214 214 170 152
2.2571 0.6974 -0.1196 190 145 135
2.2492 0.7501 -0.1213 168 116 111
2.2313 0.7323 -0.1195 161 112 109
2.2465 0.8074 -0.1212 165 113 110
2.2482 0.8076 -0.1199 161 116 115
2.2477 0.8674 -0.1211 168 119 115
2.2625 0.8847 -0.1197 190 146 136
2.2526 0.9314 -0.1210 174 123 116
2.2356 0.9160 -0.1196 134 89 97
2.2507 0.9904 -0.1209 195 150 139
2.2521 0.9946 -0.1196 188 144 135
2.2503 1.0487 -0.1209 199 157 146
2.2713 1.0683 -0.1197 145 98 102
2.2519 1.1080 -0.1208 199 158 147
2.2430 1.1037 -0.1199 212 173 160
2.2489 1.1678 -0.1207 210 172 159
2.2603 1.1783 -0.1197 180 135 129
2.2472 1.2271 -0.1206 175 127 121
2.2460 1.2233 -0.1196 200 156 144
2.2494 1.2872 -0.1205 163 117 116
2.2499 1.2877 -0.1196 162 118 118
2.2526 1.3513 -0.1206 172 126 121
2.2686 1.3657 -0.1198 208 168 155
2.2546 1.4141 -0.1207 184 138 127
2.2413 1.3965 -0.1198 139 93 99
2.2477 1.4652 -0.1208 209 164 167
2.2519 1.4776 -0.1197 188 143 134
2.2498 1.5123 -0.1234 250 231 212
2.2519 1.5336 -0.1196 174 132 130
2.2499 1.5947 -0.1237 253 237 219
2.2446 1.5842 -0.1196 207 168 156
2.2500 1.6502 -0.1236 251 233 217
2.2556 1.6597 -0.1193 110 93 105
2.2503 1.7081 -0.1235 247 216 189
2.2397 1.6997 -0.1193 118 99 109
2.2498 1.7906 -0.1237 247 182 121
2.2560 1.7724 -0.1192 226 182 228
2.2501 1.8299 -0.1237 245 177 120
2.2644 1.8460 -0.1186 106 92 107
2.2497 1.8904 -0.1235 239 166 114
2.2349 1.8780 -0.1186 77 74 96
2.2501 1.9699 -0.1237 251 214 174
2.2619 1.9560 -0.1181 85 78 97
2.2500 2.0070 -0.1237 252 234 215
2.2474 2.0056 -0.1185 103 91 106
2.2499 2.0668 -0.1235 251 232 214
2.2393 2.0616 -0.1178 109 98 112
2.2407 2.1517 -0.1237 252 246 239
2.2345 2.1097 -0.1172 128 118 130
2.2505 2.1887 -0.1237 245 222 203
2.2537 2.1885 -0.1177 97 88 104
2.2505 2.2488 -0.1235 230 164 122
2.2555 2.2603 -0.1176 98 88 105
2.2532 2.2996 -0.1234 223 156 118
2.2419 2.3042 -0.1171 96 94 112
2.2501 2.3699 -0.1216 145 101 101
2.2552 2.3662 -0.1175 221 152 223
2.2496 2.4484 -0.1219 152 101 98
2.2521 2.4404 -0.1172 84 79 97
2.2514 2.4693 -0.1211 221 94 205
2.2473 2.4755 -0.1064 148 75 147
2.2508 2.4694 0.0399 244 115 237
2.2514 2.4694 0.0900 252 140 249
2.2515 2.4694 0.1504 254 164 253
2.2514 2.4694 0.2109 253 167 251
2.2511 2.4694 0.2711 249 146 246
2.2512 2.4694 0.3308 249 144 246
2.2511 2.4694 0.3903 229 100 223
2.2509 2.4694 0.4499 198 74 194
2.2510 2.4694 0.5098 150 51 155
2.2508 2.4694 0.5700 121 40 134
2.2507 2.4694 0.6300 97 32 118
2.2507 2.4694 0.6899 78 26 106
2.2469 2.4780 0.7715 74 23 89
2.2463 2.4780 0.8156 74 23 92
2.2555 2.4767 0.8874 110 69 116
2.2528 2.4766 0.9298 74 24 96
2.2466 2.4727 1.0101 69 24 102
2.2421 2.4713 1.0648 65 23 102
2.2492 2.4707 1.1101 63 23 102
2.2502 2.4707 1.1686 60 23 100
2.2502 2.4707 1.2294 60 22 100
2.2499 2.4707 1.2722 60 22 101
2.3059 -2.5245 -0.1214 133 77 77
2.3095 -2.5268 -0.0898 78 30 75
2.3092 -2.5268 0.0000 72 25 76
2.3100 -2.5268 0.0903 74 26 80
2.3088 -2.5268 0.1504 75 26 84
2.3096 -2.5268 0.2093 76 27 88
2.3096 -2.5268 0.2699 77 28 94
2.3096 -2.5268 0.3306 77 28 99
2.3088 -2.5268 0.3898 78 29 105
2.3094 -2.5268 0.4500 77 29 109
2.3095 -2.5268 0.5097 75 29 111
2.3096 -2.5268 0.5699 72 28 111
2.3094 -2.5268 0.6301 70 28 111
2.3095 -2.5268 0.6903 67 27 108
2.3094 -2.5268 0.7495 65 26 107
2.3097 -2.5268 0.8093 63 25 105
2.3089 -2.5268 0.8699 61 25 103
2.3098 -2.5268 0.9296 59 24 101
2.3091 -2.5268 0.9898 58 24 100
2.3097 -2.5268 1.0504 56 24 97
2.3095 -2.5268 1.1102 56 23 96
2.3094 -2.5268 1.1704 54 23 95
2.3092 -2.5268 1.2301 53 23 93
2.3098 -2.5268 1.2688 52 65 103
2.3086 -2.4896 -0.1218 135 78 78
2.2961 -2.4679 -0.1196 98 87 87
2.3112 -2.4302 -0.1218 139 80 78
2.3189 -2.4411 -0.1197 103 92 92
2.3069 -2.3722 -0.1218 139 80 78
2.3127 -2.3855 -0.1199 74 61 63
2.3054 -2.3096 -0.1218 167 113 104
2.2985 -2.3104 -0.1198 77 66 74
2.3081 -2.2495 -0.1218 239 209 187
2.2871 -2.2447 -0.1181 101 84 85
2.3127 -2.1898 -0.1218 240 210 187
2.3101 -2.1880 -0.1170 162 138 101
2.3118 -2.1277 -0.1218 240 210 188
2.3113 -2.1164 -0.1180 101 86 87
2.3072 -2.0699 -0.1218 235 203 181
2.3007 -2.0715 -0.1197 117 98 103
2.3098 -2.0095 -0.1218 145 81 78
2.2896 -2.0239 -0.1196 80 68 79
2.3121 -1.9527 -0.1218 146 81 77
2.3080 -1.9592 -0.1183 195 148 87
2.3055 -1.8916 -0.1219 149 82 77
2.3217 -1.8870 -0.1194 74 66 82
2.3091 -1.8297 -0.1219 147 81 76
2.3056 -1.8292 -0.1195 74 66 82
2.3113 -1.7693 -0.1219 239 208 185
2.2952 -1.7764 -0.1195 115 95 100
2.3106 -1.7074 -0.1219 244 217 194
2.3241 -1.6979 -0.1192 124 103 108
2.3275 -1.6311 -0.1218 234 201 181
2.3227 -1.6516 -0.1194 219 182 166
2.3120 -1.5882 -0.1217 232 199 181
2.3080 -1.5942 -0.1194 219 183 168
2.3082 -1.5293 -0.1216 171 122 115
2.2962 -1.5300 -0.1193 157 113 109
2.3143 -1.4632 -0.1219 134 77 79
2.2997 -1.4773 -0.1192 135 88 88
2.3114 -1.4087 -0.1219 138 79 79
2.3337 -1.3969 -0.1192 124 80 85
2.3074 -1.3529 -0.1218 137 78 80
2.3213 -1.3485 -0.1192 123 79 86
2.3113 -1.2919 -0.1217 188 142 132
2.3047 -1.2889 -0.1192 177 136 128
2.3082 -1.2290 -0.1216 236 204 184
2.2893 -1.2316 -0.1192 214 175 159
2.3147 -1.1641 -0.1219 240 207 185
2.2846 -1.1874 -0.1185 204 160 144
2.3117 -1.1091 -0.1219 228 196 174
2.3343 -1.0921 -0.1189 221 184 168
2.3087 -1.0331 -0.1235 144 87 73
2.3265 -1.0503 -0.1190 187 147 138
2.3059 -0.9939 -0.1235 141 72 56
2.3091 -0.9889 -0.1191 123 78 82
2.2903 -0.9496 -0.1233 158 80 58
2.2917 -0.9273 -0.1190 134 85 85
2.3126 -0.8654 -0.1237 154 77 52
2.3243 -0.8729 -0.1198 129 82 87
2.3091 -0.8111 -0.1236 185 114 83
2.2934 -0.8119 -0.1197 147 101 100
2.3091 -0.7508 -0.1235 253 243 220
2.2978 -0.7503 -0.1197 224 188 172
2.3042 -0.6964 -0.1234 254 247 227
2.2972 -0.6896 -0.1195 223 186 170
2.2915 -0.6501 -0.1232 250 239 219
2.3014 -0.6314 -0.1196 223 186 171
2.3129 -0.5687 -0.1219 220 183 158
2.3031 -0.5665 -0.1196 214 176 162
2.3089 -0.5126 -0.1218 127 75 76
2.3054 -0.5095 -0.1196 126 81 88
2.3082 -0.4489 -0.1217 123 71 75
2.3226 -0.4367 -0.1199 91 71 87
2.3102 -0.3914 -0.1216 136 77 77
2.3000 -0.4020 -0.1199 93 71 87
2.3248 -0.3156 -0.1219 151 83 76
2.3094 -0.3275 -0.1198 130 84 91
2.3114 -0.2695 -0.1219 235 202 179
2.3245 -0.2536 -0.1197 222 186 171
2.3107 -0.2116 -0.1218 245 218 195
2.3036 -0.2205 -0.1197 225 190 175
2.3100 -0.1526 -0.1217 243 214 190
2.3150 -0.1499 -0.1199 226 190 174
2.3113 -0.0896 -0.1216 242 215 193
2.3130 -0.0894 -0.1198 225 191 176
2.3131 0.0176 -0.1219 154 85 77
2.3074 -0.0000 -0.1197 155 110 110
2.3107 0.0912 -0.1218 153 84 78
2.3153 0.0950 -0.1195 129 83 92
2.3093 0.1489 -0.1217 148 82 79
2.3147 0.1576 -0.1199 127 81 91
2.3092 0.2092 -0.1216 195 147 133
2.3075 0.2085 -0.1197 174 130 126
2.3187 0.2816 -0.1219 246 221 199
2.3029 0.2634 -0.1198 226 190 175
2.3090 0.3274 -0.1219 244 216 193
2.3236 0.3410 -0.1196 224 188 173
2.3109 0.3880 -0.1218 244 217 194
2.2934 0.3708 -0.1196 224 188 173
2.3108 0.4501 -0.1217 215 174 156
2.3124 0.4558 -0.1199 192 147 136
2.3085 0.5091 -0.1216 146 83 82
2.3146 0.5172 -0.1197 130 85 94
2.3088 0.5692 -0.1215 145 82 82
2.3002 0.5621 -0.1197 129 82 92
2.3102 0.6282 -0.1214 142 82 84
2.3182 0.6379 -0.1196 127 83 93
2.3109 0.6883 -0.1213 154 98 96
2.2941 0.6734 -0.1195 132 88 96
2.3061 0.7487 -0.1212 236 202 183
2.3103 0.7489 -0.1199 222 184 169
2.3067 0.8114 -0.1211 235 202 182
2.3250 0.8235 -0.1197 224 189 174
2.3106 0.8724 -0.1210 234 200 182
2.2985 0.8553 -0.1197 224 188 173
2.3132 0.9313 -0.1209 226 190 172
2.3140 0.9355 -0.1196 212 173 160
2.3123 0.9909 -0.1208 142 90 94
2.3249 1.0064 -0.1198 133 90 99
2.3100 1.0489 -0.1208 134 83 90
2.3056 1.0446 -0.1199 128 83 93
2.3071 1.1060 -0.1207 134 83 90
2.3212 1.1207 -0.1197 127 83 94
2.3069 1.1638 -0.1206 131 83 92
2.2950 1.1541 -0.1196 127 85 96
2.3111 1.2287 -0.1205 212 171 156
2.3120 1.2287 -0.1196 204 161 149
2.3119 1.2929 -0.1205 229 196 180
2.3272 1.3090 -0.1198 225 190 176
2.3154 1.3587 -0.1208 230 198 185
2.3008 1.3402 -0.1198 224 187 173
2.3115 1.4108 -0.1207 230 201 188
2.3156 1.4171 -0.1197 223 188 174
2.3025 1.4614 -0.1207 230 191 196
2.3090 1.4682 -0.1196 170 127 125
2.3099 1.5125 -0.1234 233 139 77
2.3063 1.5258 -0.1196 126 84 96
2.3100 1.5942 -0.1237 246 163 85
2.3187 1.6000 -0.1193 126 84 96
2.3099 1.6503 -0.1236 238 147 79
2.2977 1.6422 -0.1194 78 72 94
2.3103 1.7078 -0.1235 237 171 124
2.3140 1.7169 -0.1192 108 91 105
2.3095 1.7903 -0.1237 254 254 253
2.3012 1.7608 -0.1191 129 109 117
2.3102 1.8296 -0.1236 254 254 251
2.3018 1.8141 -0.1187 126 108 118
2.3097 1.8900 -0.1235 254 254 249
2.3080 1.8865 -0.1176 113 100 115
2.3096 1.9710 -0.1237 251 209 166
2.3119 1.9445 -0.1185 105 92 107
2.3101 2.0078 -0.1237 243 156 81
2.3013 2.0031 -0.1177 83 79 99
2.3099 2.0677 -0.1235 236 142 76
2.3184 2.0711 -0.1181 209 156 215
2.3103 2.1086 -0.1234 229 136 75
2.3119 2.1333 -0.1177 73 74 96
2.3079 2.1942 -0.1237 205 111 65
2.3213 2.1981 -0.1172 99 94 112
2.3106 2.2488 -0.1236 250 235 213
2.3011 2.2428 -0.1171 112 104 119
2.3111 2.3079 -0.1235 254 246 225
2.3146 2.3097 -0.1174 116 104 119
2.3270 2.3460 -0.1233 250 236 211
2.2999 2.3589 -0.1174 108 98 114
2.3092 2.4476 -0.1219 228 193 167
2.3111 2.4330 -0.1171 94 88 106
2.3093 2.4695 -0.1208 218 91 203
2.3010 2.4731 -0.1058 108 53 109
2.3193 2.4760 -0.0369 195 97 194
2.3238 2.4754 0.0889 81 27 80
2.3234 2.4754 0.1475 82 29 81
2.3229 2.4754 0.2061 83 29 82
2.3226 2.4755 0.2702 81 27 81
2.3221 2.4754 0.3342 83 28 83
2.3216 2.4754 0.3928 82 27 83
2.3212 2.4754 0.4514 80 26 82
2.3208 2.4754 0.5100 77 25 82
2.3204 2.4754 0.5686 75 24 83
2.3200 2.4754 0.6272 74 24 84
2.3189 2.4754 0.6877 72 24 86
2.3194 2.4759 0.7508 71 24 87
2.3186 2.4760 0.8104 72 26 90
2.3190 2.4759 0.8713 72 27 94
2.3180 2.4759 0.9311 68 24 95
2.3178 2.4756 0.9900 67 24 98
2.3162 2.4756 1.0499 65 24 98
2.3163 2.4755 1.1112 63 23 98
2.3162 2.4755 1.1691 61 23 99
2.3158 2.4755 1.2295 59 23 99
2.3145 2.4750 1.2708 59 23 99
2.3681 -2.5241 -0.1214 124 75 78
2.3683 -2.5267 -0.0901 77 30 74
2.3688 -2.5267 0.0000 72 25 76
2.3688 -2.5267 0.0896 74 26 80
2.3683 -2.5267 0.1486 75 27 84
2.3688 -2.5267 0.2076 76 27 88
2.3683 -2.5267 0.2680 76 28 93
2.3685 -2.5267 0.3289 77 29 97
2.3688 -2.5267 0.3899 77 29 104
2.3688 -2.5267 0.4502 76 30 107
2.3688 -2.5267 0.5098 74 30 109
2.3688 -2.5267 0.5695 73 29 111
2.3684 -2.5267 0.6298 70 28 110
2.3688 -2.5267 0.6901 67 28 108
2.3688 -2.5267 0.7498 65 27 107
2.3688 -2.5267 0.8095 63 26 105
2.3686 -2.5267 0.8698 61 26 102
2.3688 -2.5267 0.9302 59 25 101
2.3684 -2.5267 0.9905 58 25 99
2.3684 -2.5267 1.0501 57 24 98
2.3688 -2.5267 1.1091 55 24 96
2.3688 -2.5267 1.1688 54 24 94
2.3688 -2.5267 1.2285 53 23 93
2.3688 -2.5267 1.2684 53 66 103
2.3750 -2.4897 -0.1216 130 77 79
2.3743 -2.5090 -0.1196 98 86 84
2.3785 -2.4299 -0.1216 137 79 77
2.3745 -2.4324 -0.1198 73 61 62
2.3694 -2.3683 -0.1217 137 79 78
2.3668 -2.3649 -0.1196 74 61 62
2.3668 -2.3127 -0.1217 158 105 99
2.3808 -2.3055 -0.1172 146 124 88
2.3617 -2.2508 -0.1217 239 209 188
2.3520 -2.2512 -0.1197 115 96 100
2.3645 -2.1905 -0.1217 239 209 188
2.3862 -2.1762 -0.1194 121 102 105
2.3686 -2.1303 -0.1217 240 211 189
2.3818 -2.1294 -0.1196 121 102 106
2.3728 -2.0700 -0.1217 232 199 178
2.3696 -2.0790 -0.1179 101 86 88
2.3755 -2.0096 -0.1217 134 77 81
2.3597 -2.0124 -0.1195 74 68 82
2.3731 -1.9465 -0.1217 143 80 79
2.3546 -1.9651 -0.1194 72 66 81
2.3690 -1.8888 -0.1217 145 81 79
2.3865 -1.8804 -0.1194 73 66 82
2.3702 -1.8325 -0.1217 142 80 78
2.3744 -1.8306 -0.1194 74 67 82
2.3623 -1.7701 -0.1218 233 202 181
2.3644 -1.7727 -0.1192 130 108 111
2.3812 -1.6960 -0.1217 235 205 185
2.3536 -1.7155 -0.1193 143 120 121
2.3734 -1.6483 -0.1217 230 196 178
2.3930 -1.6489 -0.1187 220 183 168
2.3688 -1.5892 -0.1216 231 198 180
2.3899 -1.5895 -0.1192 223 188 173
2.3763 -1.5212 -0.1219 139 91 94
2.3732 -1.5296 -0.1192 150 111 111
2.3695 -1.4694 -0.1219 128 76 81
2.3563 -1.4710 -0.1192 120 79 87
2.3676 -1.4126 -0.1218 134 78 81
2.3459 -1.4233 -0.1189 123 79 84
2.3691 -1.3516 -0.1217 134 78 81
2.3713 -1.3503 -0.1179 120 76 74
2.3704 -1.2925 -0.1216 179 133 125
2.3931 -1.2862 -0.1190 184 145 137
2.3766 -1.2229 -0.1219 238 209 188
2.3778 -1.2308 -0.1191 222 186 170
2.3702 -1.1698 -0.1219 239 209 188
2.3604 -1.1690 -0.1191 221 185 169
2.3694 -1.1126 -0.1218 230 198 178
2.3465 -1.1176 -0.1190 221 185 170
2.3611 -1.0339 -0.1234 127 77 69
2.3510 -1.0598 -0.1180 209 172 157
2.3507 -1.0093 -0.1234 121 64 57
2.3843 -0.9784 -0.1185 120 77 81
2.3732 -0.9255 -0.1219 115 68 75
2.3905 -0.9169 -0.1195 126 79 84
2.3689 -0.8683 -0.1236 142 72 53
2.3697 -0.8590 -0.1196 123 79 86
2.3692 -0.8110 -0.1235 174 107 82
2.3602 -0.8103 -0.1194 146 103 104
2.3649 -0.7554 -0.1235 252 238 212
2.3620 -0.7470 -0.1195 224 190 174
2.3500 -0.7102 -0.1233 250 239 217
2.3664 -0.6893 -0.1195 223 188 172
2.3722 -0.6280 -0.1219 222 186 161
2.3703 -0.6291 -0.1196 224 189 173
2.3691 -0.5725 -0.1218 217 180 156
2.3752 -0.5690 -0.1195 215 178 164
2.3703 -0.5094 -0.1217 117 71 77
2.3859 -0.4962 -0.1198 120 79 91
2.3678 -0.4514 -0.1216 141 79 79
2.3630 -0.4618 -0.1199 102 74 89
2.3862 -0.3740 -0.1219 150 82 76
2.3744 -0.3877 -0.1198 127 81 90
2.3702 -0.3282 -0.1219 149 82 76
2.3792 -0.3270 -0.1197 128 84 92
2.3703 -0.2720 -0.1218 230 196 174
2.3637 -0.2807 -0.1197 199 156 143
2.3694 -0.2109 -0.1217 243 216 193
2.3733 -0.2051 -0.1199 226 192 177
2.3699 -0.1492 -0.1216 243 215 193
2.3808 -0.1383 -0.1198 227 192 177
2.3829 -0.0774 -0.1219 246 223 201
2.3589 -0.0981 -0.1198 226 191 176
2.3700 -0.0017 -0.1219 166 108 99
2.3736 -0.0072 -0.1196 142 98 103
2.3684 0.0878 -0.1217 149 83 79
2.3769 0.0982 -0.1199 128 81 91
2.3693 0.1503 -0.1216 145 82 80
2.3657 0.1457 -0.1198 126 82 92
2.3823 0.2216 -0.1219 231 198 176
2.3631 0.2059 -0.1198 173 127 121
2.3676 0.2674 -0.1219 246 221 198
2.3822 0.2850 -0.1196 225 190 175
2.3696 0.3295 -0.1218 244 218 195
2.3562 0.3127 -0.1196 225 191 176
2.3713 0.3924 -0.1217 243 217 195
2.3744 0.3972 -0.1199 227 193 178
2.3689 0.4499 -0.1216 211 168 151
2.3652 0.4444 -0.1197 197 158 148
2.3691 0.5101 -0.1215 137 79 83
2.3636 0.5016 -0.1197 123 82 94
2.3700 0.5690 -0.1214 142 82 83
2.3801 0.5794 -0.1196 126 82 93
2.3720 0.6285 -0.1213 139 81 85
2.3546 0.6139 -0.1195 125 83 94
2.3684 0.6882 -0.1212 155 102 100
2.3722 0.6899 -0.1199 150 104 105
2.3687 0.7494 -0.1211 236 205 185
2.3866 0.7672 -0.1197 225 191 176
2.3684 0.8095 -0.1210 234 202 183
2.3584 0.7985 -0.1197 225 191 177
2.3722 0.8706 -0.1209 234 202 184
2.3757 0.8771 -0.1196 225 191 177
2.3687 0.9267 -0.1209 229 195 177
2.3823 0.9431 -0.1197 200 157 146
2.3704 0.9848 -0.1208 143 95 99
2.3675 0.9858 -0.1199 140 97 103
2.3684 1.0468 -0.1207 130 82 91
2.3846 1.0600 -0.1197 126 83 94
2.3670 1.1068 -0.1206 133 83 91
2.3581 1.0921 -0.1196 125 83 95
2.3696 1.1733 -0.1205 134 87 94
2.3701 1.1735 -0.1196 135 92 99
2.3746 1.2330 -0.1205 219 181 165
2.3890 1.2487 -0.1197 223 188 174
2.3744 1.2904 -0.1207 231 201 187
2.3627 1.2814 -0.1199 225 191 177
2.3680 1.3487 -0.1208 231 202 189
2.3759 1.3597 -0.1197 225 191 177
2.3649 1.4019 -0.1207 231 202 189
2.3621 1.4043 -0.1196 220 183 169
2.3757 1.4710 -0.1205 246 208 230
2.3684 1.4669 -0.1196 171 127 123
2.3697 1.5125 -0.1234 224 129 76
2.3774 1.5403 -0.1193 124 84 96
2.3700 1.5940 -0.1237 245 161 86
2.3615 1.5816 -0.1194 123 84 97
2.3700 1.6501 -0.1236 237 145 78
2.3787 1.6553 -0.1192 79 73 96
2.3699 1.7079 -0.1235 236 169 124
2.3599 1.6990 -0.1191 95 82 99
2.3699 1.7901 -0.1237 254 254 253
2.3785 1.7725 -0.1191 233 185 231
2.3700 1.8294 -0.1236 254 254 252
2.3573 1.8178 -0.1177 119 105 118
2.3699 1.8900 -0.1235 254 254 249
2.3692 1.8903 -0.1185 124 107 118
2.3699 1.9718 -0.1237 247 200 158
2.3604 1.9364 -0.1179 103 93 109
2.3700 2.0090 -0.1237 236 144 79
2.3773 2.0142 -0.1181 76 75 98
2.3700 2.0689 -0.1235 232 138 76
2.3608 2.0556 -0.1182 119 102 137
2.3704 2.1095 -0.1234 227 134 75
2.3590 2.1168 -0.1177 74 75 97
2.3661 2.2055 -0.1237 183 96 60
2.3690 2.1813 -0.1170 93 91 107
2.3704 2.2487 -0.1236 246 227 202
2.3738 2.2527 -0.1173 106 96 111
2.3706 2.3089 -0.1235 252 238 213
2.3637 2.2997 -0.1174 116 103 116
2.3747 2.3530 -0.1234 252 236 210
2.3762 2.3736 -0.1171 111 100 115
2.3703 2.4483 -0.1219 229 195 170
2.3576 2.4146 -0.1167 145 140 151
2.3689 2.4695 -0.1206 207 85 190
2.3698 2.4757 -0.1047 84 27 83
2.3641 2.4761 -0.0446 120 51 119
2.3700 2.4756 0.0863 77 25 77
2.3696 2.4756 0.1458 78 26 77
2.3692 2.4756 0.2052 79 26 77
2.3678 2.4756 0.2663 78 25 78
2.3683 2.4756 0.3298 78 25 78
2.3679 2.4756 0.3921 78 25 78
2.3684 2.4756 0.4529 77 25 79
2.3685 2.4756 0.5146 75 24 81
2.3730 2.4757 0.5718 74 24 82
2.3725 2.4757 0.6314 73 24 84
2.3721 2.4757 0.6910 72 24 85
2.3718 2.4759 0.7512 73 26 88
2.3710 2.4760 0.8103 71 25 90
2.3705 2.4760 0.8698 69 24 92
2.3702 2.4760 0.9293 68 24 94
2.3692 2.4758 0.9904 67 24 97
2.3694 2.4758 1.0507 65 24 97
2.3688 2.4757 1.1109 64 24 99
2.3687 2.4757 1.1700 62 23 99
2.3683 2.4757 1.2296 60 23 99
2.3668 2.4754 1.2701 59 23 98
2.4286 -2.5246 -0.1210 135 78 74
2.4274 -2.5266 -0.0897 77 30 74
2.4271 -2.5266 0.0002 72 25 75
2.4266 -2.5266 0.0901 73 26 80
2.4274 -2.5266 0.1508 75 27 84
2.4280 -2.5266 0.2099 75 27 87
2.4269 -2.5266 0.2683 76 28 93
2.4274 -2.5266 0.3295 76 29 96
2.4266 -2.5266 0.3903 77 30 104
2.4273 -2.5266 0.4504 76 30 106
2.4270 -2.5266 0.5105 74 30 109
2.4274 -2.5266 0.5701 72 29 110
2.4273 -2.5266 0.6302 69 28 109
2.4275 -2.5266 0.6904 67 28 108
2.4272 -2.5266 0.7499 65 27 107
2.4268 -2.5266 0.8095 63 26 105
2.4278 -2.5266 0.8697 61 26 103
2.4271 -2.5266 0.9304 59 25 101
2.4270 -2.5266 0.9905 58 25 100
2.4270 -2.5266 1.0501 57 24 98
2.4270 -2.5266 1.1102 56 24 97
2.4280 -2.5266 1.1709 54 24 95
2.4269 -2.5266 1.2293 53 24 93
2.4275 -2.5265 1.2678 54 60 102
2.4322 -2.4896 -0.1215 138 78 75
2.4288 -2.4856 -0.1197 86 74 76
2.4365 -2.4294 -0.1215 138 79 76
2.4214 -2.4163 -0.1194 94 81 73
2.4406 -2.3691 -0.1215 136 80 78
2.4263 -2.3609 -0.1193 74 61 62
2.4336 -2.3088 -0.1215 165 112 103
2.4463 -2.3286 -0.1195 75 62 64
2.4187 -2.2505 -0.1216 238 208 187
2.4137 -2.2569 -0.1181 183 164 121
2.4216 -2.1899 -0.1216 236 202 181
2.4364 -2.2014 -0.1180 98 82 83
2.4246 -2.1291 -0.1216 239 208 186
2.4436 -2.1177 -0.1192 118 99 104
2.4272 -2.0701 -0.1216 234 200 179
2.4262 -2.0570 -0.1180 129 100 82
2.4314 -2.0109 -0.1216 145 81 79
2.4379 -2.0261 -0.1184 158 124 85
2.4343 -1.9498 -0.1216 145 81 80
2.4165 -1.9532 -0.1193 81 68 80
2.4375 -1.8892 -0.1216 143 81 80
2.4195 -1.8988 -0.1192 75 66 80
2.4371 -1.8264 -0.1216 144 81 80
2.4524 -1.8187 -0.1191 73 67 83
2.4422 -1.7563 -0.1217 232 200 182
2.4413 -1.7688 -0.1192 118 99 104
2.4332 -1.7058 -0.1217 225 188 171
2.4239 -1.7092 -0.1192 124 103 108
2.4289 -1.6502 -0.1216 228 192 174
2.4088 -1.6513 -0.1192 220 183 168
2.4365 -1.5799 -0.1219 231 198 181
2.4150 -1.5999 -0.1175 218 181 165
2.4299 -1.5307 -0.1219 161 111 107
2.4559 -1.5192 -0.1189 135 90 91
2.4281 -1.4735 -0.1218 131 76 80
2.4460 -1.4707 -0.1191 125 80 84
2.4294 -1.4103 -0.1217 133 78 81
2.4287 -1.4093 -0.1191 124 80 84
2.4304 -1.3514 -0.1216 132 78 82
2.4127 -1.3523 -0.1190 121 79 85
2.4358 -1.2799 -0.1219 210 172 157
2.4052 -1.3095 -0.1187 134 92 94
2.4308 -1.2297 -0.1219 236 204 183
2.4269 -1.2282 -0.1176 216 178 161
2.4301 -1.1724 -0.1218 237 203 182
2.4468 -1.1729 -0.1187 217 177 161
2.4297 -1.1090 -0.1217 224 191 171
2.4366 -1.1086 -0.1188 222 186 170
2.4310 -1.0499 -0.1216 171 132 121
2.4202 -1.0471 -0.1188 180 139 130
2.4351 -0.9855 -0.1219 113 67 74
2.4098 -0.9971 -0.1188 121 78 82
2.4303 -0.9297 -0.1219 112 68 75
2.4135 -0.9317 -0.1183 121 77 80
2.4289 -0.8674 -0.1235 131 67 54
2.4327 -0.8614 -0.1193 123 80 85
2.4256 -0.8147 -0.1235 159 93 72
2.4337 -0.8120 -0.1194 142 97 98
2.4103 -0.7703 -0.1233 248 226 198
2.4391 -0.7508 -0.1194 224 189 173
2.4325 -0.6893 -0.1219 217 177 153
2.4428 -0.6895 -0.1194 221 181 166
2.4303 -0.6320 -0.1218 218 181 156
2.4468 -0.6323 -0.1194 223 186 170
2.4314 -0.5686 -0.1217 215 177 154
2.4484 -0.5531 -0.1198 208 164 149
2.4285 -0.5105 -0.1217 146 82 79
2.4190 -0.5176 -0.1199 137 90 94
2.4449 -0.4313 -0.1219 153 84 76
2.4326 -0.4451 -0.1198 128 81 89
2.4313 -0.3878 -0.1219 151 83 76
2.4356 -0.3866 -0.1197 127 81 90
2.4287 -0.3322 -0.1218 148 82 77
2.4243 -0.3382 -0.1197 125 81 91
2.4303 -0.2704 -0.1217 229 193 172
2.4349 -0.2638 -0.1199 222 186 170
2.4313 -0.2101 -0.1216 241 209 186
2.4295 -0.2098 -0.1198 224 187 171
2.4444 -0.1360 -0.1219 245 215 191
2.4226 -0.1591 -0.1198 226 189 174
2.4297 -0.0894 -0.1219 247 224 202
2.4329 -0.0849 -0.1196 227 194 178
2.4290 -0.0023 -0.1218 167 105 95
2.4393 0.0366 -0.1199 132 84 92
2.4296 0.0897 -0.1216 147 83 79
2.4173 0.0809 -0.1198 128 81 91
2.4424 0.1617 -0.1219 154 85 77
2.4273 0.1453 -0.1198 126 82 92
2.4290 0.2079 -0.1219 200 152 135
2.4438 0.2270 -0.1196 211 171 156
2.4294 0.2701 -0.1218 244 217 194
2.4139 0.2570 -0.1196 226 192 177
2.4305 0.3315 -0.1217 243 213 190
2.4370 0.3379 -0.1199 225 188 173
2.4295 0.3901 -0.1216 243 215 194
2.4245 0.3874 -0.1198 228 194 179
2.4285 0.4497 -0.1215 217 175 156
2.4241 0.4443 -0.1197 209 168 154
2.4307 0.5088 -0.1214 142 81 82
2.4361 0.5206 -0.1195 129 83 92
2.4309 0.5712 -0.1213 142 82 83
2.4171 0.5551 -0.1195 125 82 93
2.4286 0.6297 -0.1212 138 82 85
2.4315 0.6338 -0.1199 127 82 92
2.4266 0.6878 -0.1212 156 102 100
2.4488 0.7057 -0.1196 178 130 121
2.4307 0.7506 -0.1210 236 204 185
2.4224 0.7374 -0.1197 220 183 167
2.4309 0.8104 -0.1210 233 197 179
2.4374 0.8178 -0.1196 223 186 171
2.4304 0.8674 -0.1209 233 199 181
2.4147 0.8533 -0.1194 224 189 175
2.4280 0.9288 -0.1208 228 193 176
2.4300 0.9266 -0.1199 222 185 171
2.4266 0.9844 -0.1207 145 94 96
2.4415 1.0061 -0.1197 132 84 92
2.4305 1.0468 -0.1206 134 83 89
2.4176 1.0346 -0.1196 123 83 95
2.4340 1.1120 -0.1205 132 83 91
2.4321 1.1145 -0.1196 126 83 94
2.4306 1.1724 -0.1205 138 90 94
2.4466 1.1852 -0.1196 150 103 104
2.4314 1.2331 -0.1208 219 182 166
2.4251 1.2221 -0.1199 202 159 146
2.4294 1.2869 -0.1207 230 199 185
2.4393 1.2998 -0.1197 223 185 171
2.4243 1.3477 -0.1206 230 199 185
2.4126 1.3321 -0.1196 224 189 175
2.4333 1.4160 -0.1205 231 201 188
2.4297 1.4080 -0.1196 224 190 176
2.4176 1.4561 -0.1218 228 186 164
2.4491 1.4851 -0.1198 229 189 218
2.4296 1.5126 -0.1234 227 130 73
2.4208 1.5239 -0.1194 124 83 96
2.4306 1.5933 -0.1237 245 159 83
2.4389 1.5959 -0.1192 125 84 96
2.4299 1.6500 -0.1236 234 142 76
2.4246 1.6376 -0.1191 89 76 95
2.4301 1.7077 -0.1235 235 169 123
2.4384 1.7159 -0.1191 108 91 104
2.4299 1.7898 -0.1237 254 254 251
2.4139 1.7489 -0.1187 123 105 115
2.4301 1.8293 -0.1236 254 254 251
2.4296 1.8329 -0.1185 124 107 118
2.4298 1.8898 -0.1235 254 254 248
2.4197 1.8797 -0.1178 118 103 116
2.4300 1.9727 -0.1237 249 197 145
2.4368 1.9585 -0.1181 96 85 101
2.4300 2.0100 -0.1236 238 145 76
2.4198 2.0001 -0.1182 80 77 98
2.4299 2.0699 -0.1235 232 138 74
2.4179 2.0605 -0.1176 73 75 97
2.4302 2.1106 -0.1234 226 132 73
2.4265 2.1273 -0.1171 73 75 96
2.4145 2.2139 -0.1237 160 83 58
2.4342 2.1962 -0.1173 87 81 100
2.4298 2.2495 -0.1237 241 216 187
2.4204 2.2425 -0.1171 98 90 107
2.4308 2.3087 -0.1236 247 220 190
2.4353 2.3176 -0.1170 112 100 115
2.4326 2.3630 -0.1235 246 220 190
2.4396 2.3719 -0.1170 212 165 211
2.4294 2.4490 -0.1219 227 192 166
2.4406 2.4416 -0.1159 123 119 129
2.4285 2.4697 -0.1203 189 73 172
2.4334 2.4757 -0.1073 86 29 85
2.4316 2.4759 0.0034 72 24 71
2.4304 2.4758 0.0922 74 24 74
2.4306 2.4758 0.1518 75 25 75
2.4278 2.4757 0.2074 76 25 75
2.4292 2.4758 0.2648 76 25 76
2.4288 2.4758 0.3255 76 25 76
2.4284 2.4758 0.3862 76 24 77
2.4280 2.4758 0.4469 75 24 78
2.4286 2.4758 0.5067 75 24 79
2.4336 2.4757 0.5689 73 24 81
2.4332 2.4757 0.6297 73 24 83
2.4328 2.4757 0.6905 72 24 84
2.4318 2.4761 0.7523 78 31 89
2.4306 2.4762 0.8111 70 24 90
2.4315 2.4762 0.8700 69 24 92
2.4309 2.4762 0.9307 69 24 94
2.4305 2.4759 0.9905 67 24 96
2.4302 2.4759 1.0497 65 24 97
2.4298 2.4759 1.1101 64 24 99
2.4292 2.4758 1.1716 62 23 99
2.4290 2.4758 1.2318 60 23 99
2.4277 2.4753 1.2711 59 23 99
2.4797 -2.5247 -0.1212 134 81 79
2.4839 -2.5261 -0.0908 79 26 77
2.4836 -2.5262 -0.0011 79 25 80
2.4844 -2.5261 0.0896 80 26 83
2.4834 -2.5262 0.1499 80 26 86
2.4839 -2.5261 0.2113 81 27 90
2.4839 -2.5261 0.2717 81 27 94
2.4834 -2.5262 0.3295 81 27 98
2.4844 -2.5261 0.3898 81 28 104
2.4834 -2.5262 0.4503 81 28 106
2.4839 -2.5262 0.5099 81 29 111
2.4839 -2.5261 0.5702 76 28 113
2.4838 -2.5261 0.6298 75 27 113
2.4836 -2.5262 0.6893 74 27 113
2.4842 -2.5261 0.7497 71 26 112
2.4836 -2.5262 0.8101 70 26 111
2.4842 -2.5261 0.8706 67 25 109
2.4834 -2.5261 0.9301 64 24 106
2.4840 -2.5262 0.9897 62 23 103
2.4839 -2.5261 1.0501 62 23 103
2.4840 -2.5262 1.1105 60 22 101
2.4834 -2.5261 1.1700 59 22 100
2.4846 -2.5261 1.2296 57 22 98
2.4820 -2.5262 1.2685 58 44 105
2.4801 -2.4907 -0.1214 133 79 78
2.5002 -2.4919 -0.0901 81 25 80
2.5002 -2.4919 -0.0005 84 26 84
2.5002 -2.4919 0.0891 84 26 86
2.5002 -2.4919 0.1500 84 26 88
2.5002 -2.4919 0.2109 85 27 92
2.5002 -2.4919 0.2718 85 27 95
2.5002 -2.4919 0.3292 84 27 99
2.5002 -2.4919 0.3901 84 28 103
2.5002 -2.4919 0.4511 84 28 108
2.5002 -2.4919 0.5085 83 28 112
2.5002 -2.4919 0.5694 79 28 115
2.5002 -2.4919 0.6303 78 27 115
2.5002 -2.4911 0.6899 79 28 116
2.5002 -2.4927 0.7507 74 26 114
2.5002 -2.4919 0.8095 74 26 114
2.5002 -2.4919 0.8704 70 25 111
2.5002 -2.4919 0.9313 67 24 109
2.5002 -2.4919 0.9887 64 23 105
2.5002 -2.4919 1.0496 63 23 105
2.5002 -2.4919 1.1105 61 22 103
2.5002 -2.4911 1.1693 61 22 102
2.5002 -2.4926 1.2301 59 21 100
2.5002 -2.4897 1.2694 62 22 103
2.4835 -2.4307 -0.1214 138 82 81
2.5002 -2.4328 -0.0895 82 25 81
2.5002 -2.4328 -0.0001 87 27 86
2.5002 -2.4328 0.0894 89 28 89
2.5002 -2.4328 0.1502 88 28 92
2.5002 -2.4328 0.2110 88 28 94
2.5002 -2.4328 0.2718 88 28 98
2.5002 -2.4328 0.3291 87 28 101
2.5002 -2.4328 0.3899 88 29 105
2.5002 -2.4328 0.4507 86 29 110
2.5002 -2.4321 0.5089 85 29 114
2.5002 -2.4334 0.5696 82 28 116
2.5002 -2.4328 0.6296 80 28 116
2.5002 -2.4327 0.6904 82 28 117
2.5002 -2.4328 0.7512 76 27 115
2.5002 -2.4327 0.8084 75 27 115
2.5002 -2.4328 0.8692 72 26 113
2.5002 -2.4327 0.9300 68 24 110
2.5002 -2.4324 0.9904 65 23 107
2.5002 -2.4331 1.0511 64 23 106
2.5002 -2.4327 1.1089 62 22 104
2.5002 -2.4327 1.1697 61 22 101
2.5002 -2.4327 1.2305 60 22 101
2.5002 -2.4327 1.2698 61 22 103
2.4870 -2.3703 -0.1214 152 93 86
2.5002 -2.3709 -0.0895 88 27 86
2.5002 -2.3699 -0.0003 91 28 90
2.5002 -2.3703 0.0897 95 30 94
2.5002 -2.3703 0.1504 92 29 95
2.5002 -2.3703 0.2111 92 29 96
2.5002 -2.3703 0.2718 93 30 102
2.5002 -2.3702 0.3289 92 29 103
2.5002 -2.3702 0.3896 94 30 108
2.5002 -2.3702 0.4503 91 30 113
2.5002 -2.3702 0.5109 88 30 116
2.5002 -2.3702 0.5716 85 29 117
2.5002 -2.3702 0.6288 83 29 117
2.5002 -2.3702 0.6895 84 29 118
2.5002 -2.3702 0.7501 79 27 116
2.5002 -2.3702 0.8108 74 26 114
2.5002 -2.3702 0.8715 75 26 114
2.5002 -2.3702 0.9286 69 25 110
2.5002 -2.3702 0.9893 67 24 108
2.5002 -2.3702 1.0500 66 24 107
2.5002 -2.3699 1.1103 63 23 105
2.5002 -2.3706 1.1709 61 22 101
2.5002 -2.3696 1.2293 60 21 100
2.5002 -2.3722 1.2683 61 22 103
2.4875 -2.3077 -0.1214 184 134 120
2.5002 -2.3081 -0.0916 92 28 89
2.5002 -2.3080 -0.0025 94 29 92
2.5002 -2.3081 0.0901 100 31 98
2.5002 -2.3081 0.1506 96 30 97
2.5002 -2.3080 0.2112 96 30 98
2.5002 -2.3081 0.2717 94 30 103
2.5002 -2.3081 0.3288 95 31 105
2.5002 -2.3080 0.3893 98 32 109
2.5002 -2.3080 0.4499 95 31 116
2.5002 -2.3080 0.5104 91 31 118
2.5002 -2.3080 0.5710 88 30 119
2.5002 -2.3072 0.6298 87 30 119
2.5002 -2.3089 0.6902 85 29 119
2.5002 -2.3080 0.7491 81 28 118
2.5002 -2.3080 0.8096 75 26 114
2.5002 -2.3080 0.8702 76 27 115
2.5002 -2.3080 0.9307 71 25 111
2.5002 -2.3080 0.9913 69 25 110
2.5002 -2.3074 1.0493 68 24 109
2.5002 -2.3086 1.1097 64 23 105
2.5002 -2.3080 1.1694 62 22 102
2.5002 -2.3080 1.2300 61 22 101
2.5002 -2.3081 1.2692 61 22 101
2.4789 -2.2503 -0.1215 224 185 164
2.5002 -2.2496 -0.0909 97 30 93
2.5002 -2.2496 -0.0020 100 31 97
2.5002 -2.2496 0.0904 104 33 101
2.5002 -2.2496 0.1508 100 31 100
2.5002 -2.2496 0.2113 100 32 101
2.5002 -2.2496 0.2717 97 31 104
2.5002 -2.2496 0.3286 102 33 109
2.5002 -2.2496 0.3891 102 33 112
2.5002 -2.2496 0.4495 99 33 118
2.5002 -2.2496 0.5099 96 32 121
2.5002 -2.2496 0.5703 94 32 121
2.5002 -2.2496 0.6308 90 31 121
2.5002 -2.2496 0.6912 86 29 120
2.5002 -2.2488 0.7495 84 29 119
2.5002 -2.2504 0.8098 80 28 117
2.5002 -2.2496 0.8690 80 28 117
2.5002 -2.2496 0.9294 74 26 113
2.5002 -2.2496 0.9898 72 25 112
2.5002 -2.2496 1.0503 69 24 109
2.5002 -2.2496 1.1107 66 23 106
2.5002 -2.2490 1.1703 63 22 103
2.5002 -2.2503 1.2306 63 22 104
2.5002 -2.2486 1.2703 60 22 101
2.4807 -2.1889 -0.1215 216 170 151
2.5002 -2.1915 -0.0902 103 32 98
2.5002 -2.1915 -0.0015 108 34 103
2.5002 -2.1915 0.0907 112 35 108
2.5002 -2.1915 0.1510 107 34 105
2.5002 -2.1915 0.2113 107 34 106
2.5002 -2.1915 0.2717 103 33 108
2.5002 -2.1915 0.3285 108 35 112
2.5002 -2.1915 0.3888 107 34 116
2.5002 -2.1915 0.4491 106 35 121
2.5002 -2.1915 0.5094 99 33 124
2.5002 -2.1914 0.5697 101 34 125
2.5002 -2.1915 0.6300 96 32 124
2.5002 -2.1914 0.6903 88 30 122
2.5002 -2.1914 0.7507 87 30 121
2.5002 -2.1915 0.8110 83 29 119
2.5002 -2.1908 0.8705 81 28 118
2.5002 -2.1921 0.9307 75 26 113
2.5002 -2.1908 0.9894 74 26 113
2.5002 -2.1921 1.0496 70 25 110
2.5002 -2.1914 1.1091 66 23 106
2.5002 -2.1914 1.1694 65 23 105
2.5002 -2.1914 1.2297 66 23 106
2.5002 -2.1914 1.2688 62 22 103
2.4851 -2.1295 -0.1214 174 121 142
2.5002 -2.1300 -0.0895 111 35 105
2.5002 -2.1300 -0.0010 117 37 111
2.5002 -2.1300 0.0911 122 39 116
2.5002 -2.1300 0.1512 119 38 115
2.5002 -2.1300 0.2114 115 37 113
2.5002 -2.1300 0.2716 113 36 115
2.5002 -2.1300 0.3283 119 38 120
2.5002 -2.1300 0.3885 118 39 125
2.5002 -2.1300 0.4487 116 38 128
2.5002 -2.1300 0.5089 102 34 126
2.5002 -2.1300 0.5691 108 36 128
2.5002 -2.1300 0.6293 103 35 128
2.5002 -2.1300 0.6895 94 32 125
2.5002 -2.1300 0.7497 92 32 124
2.5002 -2.1300 0.8099 87 30 121
2.5002 -2.1300 0.8701 83 29 119
2.5002 -2.1300 0.9303 75 26 113
2.5002 -2.1300 0.9904 74 26 113
2.5002 -2.1300 1.0506 74 26 113
2.5002 -2.1296 1.1105 67 24 107
2.5002 -2.1304 1.1706 66 23 106
2.5002 -2.1292 1.2301 67 24 107
2.5002 -2.1330 1.2688 65 23 105
2.4848 -2.0696 -0.1211 178 123 145
2.5002 -2.0687 -0.0889 119 38 112
2.5002 -2.0687 -0.0005 127 40 119
2.5002 -2.0687 0.0914 132 42 125
2.5002 -2.0687 0.1515 133 43 127
2.5002 -2.0687 0.2115 126 40 122
2.5002 -2.0687 0.2716 126 41 125
2.5002 -2.0681 0.3309 131 42 131
2.5002 -2.0694 0.3908 127 41 133
2.5002 -2.0681 0.4492 126 41 133
2.5002 -2.0693 0.5092 108 36 130
2.5002 -2.0684 0.5689 116 39 134
2.5002 -2.0691 0.6289 110 37 133
2.5002 -2.0684 0.6891 104 35 130
2.5002 -2.0691 0.7491 96 33 126
2.5002 -2.0687 0.8087 90 31 123
2.5002 -2.0687 0.8688 86 30 121
2.5002 -2.0687 0.9289 78 27 115
2.5002 -2.0687 0.9889 76 26 114
2.5002 -2.0687 1.0490 76 27 115
2.5002 -2.0687 1.1091 69 24 109
2.5002 -2.0687 1.1692 68 24 107
2.5002 -2.0687 1.2292 68 24 108
2.5002 -2.0659 1.2701 66 23 106
2.4816 -2.0155 -0.1211 134 69 88
2.5002 -2.0105 -0.0905 126 40 119
2.5002 -2.0113 0.0000 135 44 127
2.5002 -2.0119 0.0909 147 48 138
2.5002 -2.0106 0.1507 148 48 140
2.5002 -2.0113 0.2116 146 48 139
2.5002 -2.0113 0.2715 147 48 142
2.5002 -2.0113 0.3315 145 48 143
2.5002 -2.0113 0.3914 139 46 142
2.5002 -2.0113 0.4514 142 47 145
2.5002 -2.0113 0.5114 116 39 135
2.5002 -2.0113 0.5713 123 41 140
2.5002 -2.0113 0.6313 121 41 140
2.5002 -2.0113 0.6912 112 37 135
2.5002 -2.0113 0.7512 104 35 131
2.5002 -2.0113 0.8111 95 32 126
2.5002 -2.0113 0.8711 89 30 123
2.5002 -2.0112 0.9311 81 28 117
2.5002 -2.0113 0.9910 77 27 115
2.5002 -2.0112 1.0510 78 27 115
2.5002 -2.0112 1.1109 71 25 110
2.5002 -2.0112 1.1709 70 24 109
2.5002 -2.0112 1.2308 69 24 109
2.5002 -2.0112 1.2696 67 24 106
2.4789 -1.9520 -0.1215 140 79 80
2.4984 -1.9280 -0.0799 190 67 178
2.4984 -1.9285 -0.0008 218 87 208
2.4984 -1.9295 0.0893 244 130 239
2.4984 -1.9301 0.1499 252 164 250
2.4984 -1.9307 0.2106 252 177 252
2.4984 -1.9303 0.2729 253 186 252
2.4984 -1.9296 0.3321 252 166 251
2.4984 -1.9305 0.3912 244 125 241
2.4984 -1.9305 0.4489 237 105 231
2.4984 -1.9313 0.5087 172 61 176
2.4984 -1.9319 0.5696 148 50 157
2.4984 -1.9324 0.6306 129 43 145
2.4984 -1.9333 0.6904 105 36 133
2.4984 -1.9317 0.7505 93 32 128
2.4984 -1.9319 0.8098 84 30 125
2.4984 -1.9327 0.8700 80 29 124
2.4984 -1.9330 0.9297 79 28 123
2.4984 -1.9337 0.9894 77 27 122
2.4983 -1.9342 1.0497 79 28 123
2.4983 -1.9350 1.1101 77 27 121
2.4983 -1.9349 1.1707 77 27 121
2.4983 -1.9340 1.2298 77 27 120
2.4984 -1.9342 1.2684 69 41 115
2.4824 -1.8895 -0.1215 145 82 79
2.4983 -1.8890 -0.0825 201 73 189
2.4983 -1.8908 0.0002 224 93 214
2.4983 -1.8908 0.0903 247 140 244
2.4983 -1.8906 0.1492 252 170 251
2.4983 -1.8904 0.2096 254 179 254
2.4983 -1.8901 0.2710 254 189 254
2.4983 -1.8893 0.3304 254 173 253
2.4983 -1.8899 0.3894 247 130 244
2.4983 -1.8912 0.4503 239 108 233
2.4983 -1.8909 0.5102 186 68 187
2.4983 -1.8919 0.5702 152 52 161
2.4983 -1.8899 0.6303 136 46 150
2.4983 -1.8909 0.6902 116 39 139
2.4983 -1.8892 0.7499 100 34 132
2.4983 -1.8895 0.8099 89 31 128
2.4983 -1.8902 0.8697 83 29 125
2.4983 -1.8906 0.9299 81 29 125
2.4983 -1.8912 0.9898 78 28 122
2.4983 -1.8916 1.0497 79 28 123
2.4983 -1.8909 1.1102 78 28 122
2.4983 -1.8903 1.1693 78 28 122
2.4983 -1.8889 1.2298 78 28 121
2.4983 -1.8898 1.2692 70 42 116
2.4858 -1.8302 -0.1215 148 88 83
2.4982 -1.8292 -0.0883 212 80 200
2.4982 -1.8308 -0.0003 226 95 216
2.4982 -1.8318 0.0891 246 141 243
2.4982 -1.8293 0.1500 252 169 251
2.4982 -1.8309 0.2105 254 174 253
2.4982 -1.8309 0.2687 254 174 253
2.4982 -1.8295 0.3297 254 161 253
2.4982 -1.8299 0.3902 248 129 245
2.4982 -1.8307 0.4497 240 109 234
2.4982 -1.8306 0.5099 200 75 197
2.4982 -1.8314 0.5700 170 59 173
2.4982 -1.8298 0.6297 143 49 155
2.4982 -1.8304 0.6898 124 42 144
2.4982 -1.8304 0.7500 108 37 136
2.4982 -1.8313 0.8102 97 33 131
2.4982 -1.8297 0.8706 89 31 128
2.4982 -1.8300 0.9298 87 30 127
2.4982 -1.8306 0.9898 81 29 124
2.4982 -1.8310 1.0500 80 28 124
2.4982 -1.8299 1.1094 80 28 123
2.4982 -1.8298 1.1697 79 28 123
2.4982 -1.8300 1.2294 80 28 122
2.4983 -1.8316 1.2688 73 43 118
2.4855 -1.7622 -0.1215 221 185 168
2.4979 -1.7638 -0.0812 205 76 193
2.4979 -1.7645 0.0002 226 94 216
2.4979 -1.7649 0.0896 246 144 242
2.4979 -1.7644 0.1503 254 176 253
2.4979 -1.7643 0.2098 254 192 254
2.4979 -1.7643 0.2694 254 193 254
2.4979 -1.7648 0.3303 254 162 253
2.4979 -1.7637 0.3898 246 122 242
2.4979 -1.7646 0.4499 223 92 217
2.4979 -1.7640 0.5102 171 60 173
2.4979 -1.7641 0.5701 137 47 151
2.4979 -1.7641 0.6301 111 38 137
2.4979 -1.7642 0.6902 97 33 130
2.4979 -1.7639 0.7503 86 30 125
2.4979 -1.7641 0.8103 80 28 124
2.4979 -1.7639 0.8699 79 28 123
2.4979 -1.7639 0.9299 80 29 124
2.4979 -1.7637 0.9900 77 27 122
2.4979 -1.7639 1.0498 77 27 121
2.4979 -1.7637 1.1098 79 28 122
2.4979 -1.7636 1.1701 78 28 121
2.4979 -1.7638 1.2302 77 27 120
2.4979 -1.7600 1.2678 73 40 117
2.4831 -1.7090 -0.1216 221 181 163
2.4978 -1.7112 -0.0862 209 79 198
2.4978 -1.7122 -0.0001 229 100 220
2.4979 -1.7126 0.0903 248 143 245
2.4978 -1.7122 0.1501 254 179 253
2.4978 -1.7120 0.2086 254 190 254
2.4978 -1.7119 0.2698 254 185 254
2.4978 -1.7119 0.3311 254 159 253
2.4978 -1.7123 0.3900 250 135 247
2.4978 -1.7120 0.4500 228 94 221
2.4978 -1.7118 0.5099 188 68 187
2.4978 -1.7119 0.5699 155 53 162
2.4978 -1.7116 0.6299 124 42 144
2.4978 -1.7119 0.6900 109 37 136
2.4978 -1.7116 0.7504 97 33 130
2.4978 -1.7118 0.8104 86 30 126
2.4978 -1.7116 0.8699 81 29 124
2.4978 -1.7117 0.9297 81 29 125
2.4978 -1.7114 0.9898 79 28 123
2.4978 -1.7117 1.0500 79 28 122
2.4978 -1.7112 1.1103 80 28 123
2.4978 -1.7114 1.1703 79 28 122
2.4978 -1.7114 1.2300 80 28 121
2.4979 -1.7117 1.2689 71 44 116
2.4889 -1.6369 -0.1216 217 176 159
2.4981 -1.6302 -0.0685 212 80 200
2.4981 -1.6284 -0.0013 223 93 213
2.4981 -1.6286 0.0898 248 146 245
2.4981 -1.6286 0.1497 254 184 254
2.4981 -1.6286 0.2096 254 201 254
2.4981 -1.6286 0.2695 254 199 254
2.4981 -1.6285 0.3294 253 163 252
2.4981 -1.6287 0.3898 245 123 241
2.4981 -1.6284 0.4497 217 86 211
2.4981 -1.6287 0.5101 157 54 163
2.4981 -1.6283 0.5699 126 43 145
2.4981 -1.6287 0.6299 100 34 130
2.4981 -1.6283 0.6897 87 30 125
2.4981 -1.6287 0.7501 81 29 124
2.4981 -1.6284 0.8105 79 28 123
2.4981 -1.6286 0.8704 79 28 123
2.4981 -1.6284 0.9303 77 27 122
2.4981 -1.6286 0.9902 77 27 121
2.4981 -1.6285 1.0495 77 27 120
2.4981 -1.6284 1.1094 79 28 122
2.4981 -1.6283 1.1668 77 27 119
2.4978 -1.6515 1.2299 81 28 122
2.4978 -1.6521 1.2691 73 45 117
2.4817 -1.5922 -0.1218 228 194 176
2.4981 -1.5881 -0.0699 218 84 206
2.4981 -1.5903 0.0002 229 99 220
2.4981 -1.5899 0.0901 249 149 246
2.4981 -1.5902 0.1503 254 196 254
2.4981 -1.5906 0.2106 254 205 254
2.4981 -1.5901 0.2698 254 203 254
2.4981 -1.5907 0.3295 254 166 253
2.4981 -1.5900 0.3899 248 129 244
2.4981 -1.5902 0.4501 223 90 216
2.4981 -1.5903 0.5102 171 60 173
2.4981 -1.5901 0.5703 135 46 150
2.4981 -1.5903 0.6301 114 38 137
2.4981 -1.5901 0.6899 98 34 130
2.4981 -1.5904 0.7499 86 30 126
2.4981 -1.5902 0.8098 80 28 124
2.4981 -1.5903 0.8699 80 28 124
2.4981 -1.5902 0.9299 78 28 122
2.4981 -1.5901 0.9899 78 28 122
2.4981 -1.5903 1.0498 77 27 121
2.4981 -1.5903 1.1098 79 28 122
2.4981 -1.5901 1.1701 79 28 120
2.4980 -1.5800 1.2107 79 28 120
2.4977 -1.5901 1.2689 75 44 119
2.4826 -1.5311 -0.1216 167 118 113
2.4980 -1.5286 -0.0754 207 77 195
2.4980 -1.5301 0.0002 228 99 219
2.4980 -1.5303 0.0901 249 141 245
2.4980 -1.5304 0.1497 254 182 254
2.4980 -1.5300 0.2098 254 186 253
2.4980 -1.5300 0.2704 254 190 254
2.4980 -1.5302 0.3307 254 161 253
2.4980 -1.5305 0.3904 249 127 245
2.4980 -1.5301 0.4498 227 95 221
2.4980 -1.5300 0.5098 187 67 185
2.4980 -1.5302 0.5700 153 52 161
2.4980 -1.5303 0.6297 127 43 146
2.4980 -1.5303 0.6897 111 38 137
2.4980 -1.5301 0.7501 96 33 131
2.4980 -1.5301 0.8101 86 30 127
2.4980 -1.5303 0.8701 84 29 126
2.4980 -1.5301 0.9302 80 28 124
2.4980 -1.5303 0.9900 81 29 124
2.4980 -1.5300 1.0500 80 28 123
2.4980 -1.5302 1.1102 81 29 123
2.4980 -1.5301 1.1700 81 28 122
2.4980 -1.5267 1.2243 83 29 123
2.4978 -1.5160 1.2647 81 38 122
2.4811 -1.4685 -0.1215 137 83 84
2.4979 -1.4693 -0.0806 195 71 183
2.4982 -1.4639 0.0064 226 95 216
2.4982 -1.4643 0.0903 251 143 248
2.4982 -1.4645 0.1497 254 196 254
2.4982 -1.4641 0.2105 254 208 254
2.4982 -1.4641 0.2709 254 210 254
2.4982 -1.4646 0.3300 254 165 253
2.4982 -1.4638 0.3901 242 115 237
2.4982 -1.4645 0.4502 196 72 193
2.4982 -1.4643 0.5102 160 55 165
2.4982 -1.4641 0.5699 118 40 140
2.4982 -1.4643 0.6299 98 34 130
2.4982 -1.4641 0.6898 85 30 125
2.4982 -1.4644 0.7498 81 29 125
2.4982 -1.4641 0.8099 79 28 124
2.4982 -1.4642 0.8700 80 28 124
2.4982 -1.4644 0.9300 78 28 122
2.4982 -1.4643 0.9900 79 28 123
2.4982 -1.4641 1.0499 77 27 120
2.4982 -1.4619 1.1030 77 27 119
2.4979 -1.4703 1.1701 85 30 125
2.4979 -1.4704 1.2302 87 30 126
2.4979 -1.4659 1.2682 76 43 118
2.4835 -1.4099 -0.1215 137 82 84
2.4980 -1.3960 -0.0735 197 71 184
2.4982 -1.4101 0.0012 231 100 222
2.4982 -1.4103 0.0899 252 141 249
2.4982 -1.4105 0.1503 254 182 253
2.4982 -1.4106 0.2111 254 204 254
2.4982 -1.4103 0.2714 254 204 254
2.4982 -1.4106 0.3310 254 169 254
2.4982 -1.4105 0.3902 246 122 242
2.4982 -1.4105 0.4497 213 84 209
2.4982 -1.4105 0.5098 181 64 181
2.4982 -1.4104 0.5701 135 46 151
2.4982 -1.4104 0.6301 118 40 141
2.4982 -1.4106 0.6900 98 34 132
2.4982 -1.4106 0.7500 87 30 127
2.4982 -1.4103 0.8100 81 29 125
2.4982 -1.4105 0.8698 81 29 125
2.4982 -1.4104 0.9299 80 28 124
2.4982 -1.4104 0.9902 81 29 124
2.4982 -1.4106 1.0501 81 28 123
2.4982 -1.4103 1.1099 80 28 121
2.4982 -1.3994 1.1505 82 29 122
2.4979 -1.4112 1.2301 92 32 129
2.4979 -1.4109 1.2691 75 47 118
2.4880 -1.3372 -0.1215 142 87 85
2.4981 -1.3449 -0.0659 197 71 184
2.4984 -1.3298 0.0210 234 101 225
2.4984 -1.3299 0.0908 250 139 247
2.4984 -1.3297 0.1506 254 201 254
2.4984 -1.3300 0.2093 254 218 254
2.4984 -1.3299 0.2692 254 217 254
2.4984 -1.3299 0.3301 254 165 253
2.4984 -1.3300 0.3907 234 106 229
2.4984 -1.3299 0.4502 175 62 177
2.4984 -1.3298 0.5096 143 48 153
2.4984 -1.3298 0.5698 98 34 131
2.4984 -1.3300 0.6297 84 30 125
2.4984 -1.3299 0.6895 82 29 125
2.4984 -1.3299 0.7501 81 29 125
2.4984 -1.3299 0.8103 79 28 123
2.4984 -1.3299 0.8698 79 28 124
2.4984 -1.3298 0.9300 78 28 121
2.4984 -1.3298 0.9901 79 28 121
2.4984 -1.3299 1.0306 81 28 122
2.4981 -1.3509 1.1102 84 29 124
2.4981 -1.3475 1.1642 86 30 125
2.4978 -1.3504 1.2301 93 32 130
2.4978 -1.3502 1.2692 77 47 119
2.4816 -1.2928 -0.1218 185 140 130
2.4980 -1.2884 -0.0707 177 61 165
2.4984 -1.2907 0.0174 238 106 230
2.4984 -1.2914 0.0900 251 153 248
2.4984 -1.2918 0.1501 254 202 254
2.4984 -1.2912 0.2093 254 222 254
2.4984 -1.2912 0.2696 254 215 254
2.4984 -1.2916 0.3304 254 163 253
2.4984 -1.2914 0.3899 243 118 238
2.4984 -1.2915 0.4498 197 73 194
2.4984 -1.2914 0.5099 161 55 167
2.4984 -1.2912 0.5700 118 40 141
2.4984 -1.2915 0.6300 97 33 131
2.4984 -1.2915 0.6899 86 30 126
2.4984 -1.2913 0.7500 82 29 125
2.4984 -1.2915 0.8100 80 29 125
2.4984 -1.2915 0.8702 80 28 124
2.4984 -1.2912 0.9301 80 28 123
2.4984 -1.2914 0.9901 80 28 122
2.4984 -1.2877 1.0413 82 29 123
2.4981 -1.2913 1.1100 89 31 127
2.4981 -1.2911 1.1700 90 31 127
2.4980 -1.2835 1.2121 89 31 126
2.4977 -1.2909 1.2689 81 48 122
2.4821 -1.2328 -0.1216 232 197 176
2.4980 -1.2301 -0.0760 165 56 154
2.4983 -1.2313 0.0116 234 102 225
2.4983 -1.2319 0.0898 251 155 249
2.4983 -1.2317 0.1501 254 189 253
2.4983 -1.2317 0.2100 254 196 254
2.4983 -1.2327 0.2694 254 193 254
2.4983 -1.2318 0.3296 253 155 252
2.4983 -1.2317 0.3901 245 120 240
2.4983 -1.2321 0.4501 206 78 202
2.4983 -1.2319 0.5098 175 61 177
2.4983 -1.2318 0.5699 138 47 153
2.4983 -1.2320 0.6297 113 38 139
2.4983 -1.2319 0.6897 98 34 132
2.4983 -1.2319 0.7500 88 31 128
2.4983 -1.2319 0.8100 83 29 127
2.4983 -1.2318 0.8700 83 29 126
2.4983 -1.2320 0.9300 82 29 124
2.4983 -1.2319 0.9899 83 29 124
2.4983 -1.2319 1.0497 86 30 126
2.4983 -1.2199 1.0900 87 30 126
2.4980 -1.2317 1.1699 95 33 131
2.4980 -1.2291 1.2260 95 33 130
2.4979 -1.2143 1.2647 93 39 129
2.4809 -1.1711 -0.1216 230 190 169
2.4979 -1.1694 -0.0817 158 53 147
2.4986 -1.1652 0.0328 237 105 229
2.4986 -1.1657 0.0899 253 162 251
2.4986 -1.1659 0.1502 254 205 254
2.4986 -1.1656 0.2103 254 231 254
2.4986 -1.1656 0.2699 254 214 254
2.4986 -1.1659 0.3299 253 160 252
2.4986 -1.1657 0.3902 231 102 226
2.4986 -1.1657 0.4501 175 62 177
2.4986 -1.1659 0.5099 136 46 151
2.4986 -1.1657 0.5700 97 33 130
2.4986 -1.1658 0.6299 82 29 124
2.4986 -1.1657 0.6898 80 29 124
2.4986 -1.1657 0.7499 80 28 124
2.4986 -1.1657 0.8100 80 28 123
2.4986 -1.1658 0.8700 80 28 123
2.4986 -1.1658 0.9299 78 27 120
2.4985 -1.1559 0.9682 79 28 121
2.4982 -1.1713 1.0501 89 31 128
2.4982 -1.1674 1.1040 93 32 129
2.4979 -1.1705 1.1700 98 34 133
2.4979 -1.1706 1.2300 99 34 133
2.4979 -1.1690 1.2682 83 47 122
2.4834 -1.1116 -0.1214 220 185 166
2.4981 -1.0913 -0.0665 183 64 171
2.4985 -1.1098 0.0276 235 104 227
2.4985 -1.1104 0.0901 253 170 251
2.4985 -1.1104 0.1502 254 195 254
2.4985 -1.1108 0.2098 254 216 254
2.4985 -1.1107 0.2700 254 197 254
2.4985 -1.1103 0.3304 254 159 253
2.4985 -1.1106 0.3901 238 109 233
2.4985 -1.1106 0.4499 193 70 191
2.4985 -1.1106 0.5098 159 55 166
2.4985 -1.1105 0.5700 123 42 144
2.4985 -1.1106 0.6301 96 33 131
2.4985 -1.1105 0.6901 85 30 126
2.4985 -1.1105 0.7501 82 29 126
2.4985 -1.1107 0.8098 82 29 124
2.4985 -1.1105 0.8698 84 29 125
2.4985 -1.1105 0.9300 81 28 122
2.4985 -1.1062 0.9814 84 29 124
2.4982 -1.1098 1.0501 93 32 130
2.4982 -1.1098 1.1100 96 33 131
2.4982 -1.1010 1.1522 96 33 130
2.4979 -1.1105 1.2299 104 36 136
2.4978 -1.1110 1.2690 78 49 119
2.4855 -1.0405 -0.1216 154 110 103
2.4981 -1.0447 -0.0667 163 54 152
2.4987 -1.0308 0.0471 243 112 236
2.4987 -1.0306 0.0896 253 169 251
2.4987 -1.0305 0.1493 254 198 254
2.4987 -1.0305 0.2096 254 232 254
2.4987 -1.0307 0.2706 254 214 254
2.4987 -1.0306 0.3309 250 144 248
2.4987 -1.0306 0.3904 214 87 210
2.4987 -1.0306 0.4501 147 50 158
2.4987 -1.0306 0.5102 98 34 130
2.4987 -1.0306 0.5704 82 29 123
2.4987 -1.0306 0.6301 80 28 124
2.4987 -1.0306 0.6900 79 28 123
2.4987 -1.0306 0.7501 79 28 123
2.4987 -1.0306 0.8100 78 28 121
2.4987 -1.0303 0.8628 80 28 121
2.4984 -1.0504 0.9300 85 30 125
2.4984 -1.0505 0.9900 90 31 128
2.4984 -1.0397 1.0299 93 32 129
2.4981 -1.0500 1.1099 100 35 134
2.4981 -1.0474 1.1663 101 35 134
2.4980 -1.0341 1.2119 103 35 136
2.4978 -1.0515 1.2689 83 51 123
2.4817 -0.9929 -0.1218 112 68 76
2.4980 -0.9874 -0.0717 151 49 140
2.4987 -0.9886 0.0437 243 117 237
2.4987 -0.9905 0.0901 252 178 251
2.4987 -0.9905 0.1500 254 193 254
2.4987 -0.9903 0.2107 254 232 254
2.4987 -0.9902 0.2704 254 223 254
2.4987 -0.9905 0.3296 253 160 252
2.4987 -0.9903 0.3898 230 101 225
2.4987 -0.9904 0.4499 175 62 178
2.4987 -0.9904 0.5100 132 45 149
2.4987 -0.9904 0.5700 96 33 130
2.4987 -0.9904 0.6299 82 29 125
2.4987 -0.9904 0.6899 81 29 125
2.4987 -0.9903 0.7500 80 28 124
2.4987 -0.9905 0.8100 81 28 123
2.4987 -0.9899 0.8694 82 29 122
2.4987 -0.9743 0.9085 81 28 120
2.4984 -0.9905 0.9899 96 33 131
2.4984 -0.9867 1.0439 97 33 132
2.4980 -0.9903 1.1102 103 36 137
2.4980 -0.9904 1.1700 107 37 139
2.4980 -0.9840 1.2143 110 38 140
2.4977 -0.9922 1.2690 84 52 123
2.4824 -0.9330 -0.1216 112 69 77
2.4980 -0.9275 -0.0771 149 49 139
2.4986 -0.9288 0.0379 241 115 235
2.4986 -0.9300 0.0900 252 165 250
2.4986 -0.9303 0.1500 254 171 252
2.4986 -0.9298 0.2103 254 207 254
2.4986 -0.9302 0.2705 254 198 254
2.4986 -0.9298 0.3302 251 144 248
2.4986 -0.9300 0.3900 231 102 226
2.4986 -0.9298 0.4500 189 68 189
2.4986 -0.9300 0.5100 152 52 161
2.4986 -0.9300 0.5699 119 40 143
2.4986 -0.9300 0.6299 96 33 132
2.4986 -0.9301 0.6900 87 30 128
2.4986 -0.9299 0.7501 83 29 125
2.4986 -0.9299 0.8100 84 29 125
2.4986 -0.9299 0.8700 85 30 125
2.4986 -0.9261 0.9212 86 30 124
2.4983 -0.9293 0.9900 97 33 133
2.4983 -0.9292 1.0501 101 35 135
2.4983 -0.9211 1.0923 103 35 136
2.4980 -0.9294 1.1697 111 39 142
2.4980 -0.9272 1.2278 116 40 145
2.4979 -0.9104 1.2660 103 46 135
2.4812 -0.8681 -0.1232 128 66 56
2.4988 -0.8810 -0.1151 131 52 108
2.4988 -0.8508 0.0562 251 142 249
2.4989 -0.8655 0.0904 253 162 251
2.4989 -0.8657 0.1500 254 204 254
2.4989 -0.8658 0.2099 254 241 254
2.4989 -0.8657 0.2699 254 226 254
2.4989 -0.8657 0.3299 249 146 246
2.4989 -0.8658 0.3901 205 84 204
2.4989 -0.8657 0.4500 133 45 150
2.4989 -0.8657 0.5099 92 32 128
2.4989 -0.8657 0.5699 82 29 125
2.4989 -0.8658 0.6300 79 28 124
2.4989 -0.8658 0.6900 79 28 123
2.4989 -0.8657 0.7500 78 28 121
2.4989 -0.8624 0.7992 79 28 120
2.4986 -0.8713 0.8698 88 31 127
2.4985 -0.8712 0.9298 90 31 127
2.4985 -0.8596 0.9698 95 33 131
2.4982 -0.8692 1.0499 104 36 137
2.4982 -0.8667 1.1059 107 37 138
2.4981 -0.8492 1.1477 109 38 141
2.4979 -0.8689 1.2305 119 41 147
2.4979 -0.8690 1.2692 88 54 127
2.4691 -0.8302 -0.1233 140 73 59
2.4981 -0.7935 -0.0667 154 51 143
2.4988 -0.8060 0.0537 253 152 251
2.4988 -0.8110 0.0901 253 157 251
2.4988 -0.8110 0.1499 254 184 254
2.4988 -0.8109 0.2095 254 221 254
2.4988 -0.8111 0.2696 254 213 254
2.4988 -0.8108 0.3299 252 151 250
2.4988 -0.8109 0.3899 220 91 216
2.4988 -0.8109 0.4500 167 58 173
2.4988 -0.8110 0.5100 130 44 148
2.4988 -0.8110 0.5699 94 32 131
2.4988 -0.8108 0.6299 83 29 126
2.4988 -0.8110 0.6898 82 29 125
2.4988 -0.8109 0.7498 83 29 125
2.4988 -0.8104 0.8094 84 29 124
2.4988 -0.7956 0.8479 85 30 124
2.4985 -0.8121 0.9300 95 33 131
2.4985 -0.8086 0.9833 101 35 135
2.4982 -0.8091 1.0500 111 38 142
2.4982 -0.8088 1.1102 116 40 145
2.4981 -0.8026 1.1547 117 41 145
2.4978 -0.8108 1.2304 122 43 149
2.4978 -0.8105 1.2695 92 56 129
2.4844 -0.7442 -0.1217 216 178 153
2.4981 -0.7451 -0.0676 140 45 131
2.4987 -0.7485 0.0484 239 111 232
2.4987 -0.7514 0.0900 248 129 243
2.4987 -0.7515 0.1501 252 149 249
2.4987 -0.7510 0.2098 254 175 253
2.4987 -0.7516 0.2700 253 165 252
2.4987 -0.7515 0.3303 249 130 245
2.4987 -0.7513 0.3900 217 86 213
2.4987 -0.7513 0.4499 184 66 185
2.4987 -0.7514 0.5100 148 50 160
2.4987 -0.7513 0.5701 114 39 141
2.4987 -0.7513 0.6301 96 33 132
2.4987 -0.7514 0.6902 88 31 129
2.4987 -0.7513 0.7502 87 30 127
2.4987 -0.7513 0.8100 89 31 127
2.4987 -0.7469 0.8608 92 32 129
2.4984 -0.7512 0.9297 102 35 136
2.4984 -0.7515 0.9900 107 37 138
2.4984 -0.7415 1.0318 112 39 141
2.4981 -0.7490 1.1101 128 45 154
2.4981 -0.7471 1.1680 129 45 154
2.4980 -0.7307 1.2087 137 49 159
2.4978 -0.7512 1.2696 92 56 129
2.4813 -0.6881 -0.1217 209 166 143
2.4980 -0.6883 -0.0724 120 38 112
2.4987 -0.6894 0.0427 219 87 209
2.4987 -0.6911 0.0899 234 101 225
2.4987 -0.6911 0.1500 242 114 236
2.4987 -0.6911 0.2106 245 122 240
2.4987 -0.6908 0.2704 244 117 238
2.4987 -0.6913 0.3298 236 102 228
2.4987 -0.6911 0.3900 204 76 200
2.4987 -0.6910 0.4500 178 63 179
2.4987 -0.6911 0.5100 149 51 161
2.4987 -0.6911 0.5700 126 42 148
2.4987 -0.6910 0.6299 108 37 139
2.4987 -0.6911 0.6899 99 34 135
2.4987 -0.6911 0.7500 95 33 132
2.4987 -0.6910 0.8100 93 32 130
2.4987 -0.6909 0.8700 99 34 133
2.4987 -0.6789 0.9097 102 35 134
2.4984 -0.6911 0.9901 112 39 142
2.4983 -0.6885 1.0458 117 41 146
2.4982 -0.6737 1.0914 127 44 152
2.4980 -0.6901 1.1697 133 47 157
2.4980 -0.6846 1.2165 138 49 160
2.4977 -0.6916 1.2700 95 59 132
2.4815 -0.6299 -0.1217 212 172 148
2.4980 -0.6278 -0.0779 116 36 109
2.4986 -0.6296 0.0372 199 72 186
2.4986 -0.6310 0.0900 216 83 205
2.4986 -0.6309 0.1500 225 91 214
2.4986 -0.6310 0.2103 227 94 218
2.4986 -0.6312 0.2704 224 90 214
2.4986 -0.6306 0.3302 213 82 205
2.4986 -0.6311 0.3902 189 68 187
2.4986 -0.6309 0.4500 169 58 172
2.4986 -0.6309 0.5102 147 50 159
2.4986 -0.6309 0.5703 126 42 149
2.4986 -0.6310 0.6300 112 38 141
2.4986 -0.6310 0.6898 105 36 138
2.4986 -0.6308 0.7498 101 35 136
2.4986 -0.6309 0.8100 100 35 135
2.4986 -0.6310 0.8700 104 36 137
2.4986 -0.6271 0.9234 106 37 138
2.4983 -0.6302 0.9898 119 41 147
2.4983 -0.6303 1.0500 125 44 151
2.4983 -0.6229 1.0943 131 46 155
2.4980 -0.6298 1.1701 135 48 158
2.4980 -0.6285 1.2285 141 51 163
2.4979 -0.6129 1.2665 112 57 143
2.4828 -0.5732 -0.1215 234 202 180
2.4979 -0.5667 -0.0835 108 34 102
2.4985 -0.5692 0.0314 179 62 167
2.4985 -0.5701 0.0900 200 73 188
2.4985 -0.5705 0.1499 206 77 194
2.4985 -0.5699 0.2099 203 75 192
2.4985 -0.5699 0.2700 200 73 190
2.4985 -0.5702 0.3300 192 69 185
2.4985 -0.5705 0.3899 172 59 171
2.4985 -0.5700 0.4500 158 54 163
2.4985 -0.5702 0.5101 140 47 154
2.4985 -0.5702 0.5700 126 43 149
2.4985 -0.5701 0.6300 115 39 144
2.4985 -0.5701 0.6902 110 38 142
2.4985 -0.5702 0.7501 106 36 139
2.4985 -0.5701 0.8100 107 37 139
2.4985 -0.5703 0.8702 111 38 141
2.4985 -0.5701 0.9301 116 40 145
2.4985 -0.5613 0.9716 127 45 152
2.4982 -0.5688 1.0503 129 46 154
2.4982 -0.5673 1.1082 135 48 158
2.4982 -0.5506 1.1485 142 51 164
2.4979 -0.5679 1.2304 147 53 167
2.4979 -0.5679 1.2688 99 61 134
2.4885 -0.4966 -0.1208 160 97 86
2.4981 -0.4973 -0.0658 116 37 109
2.4985 -0.5086 0.0257 157 52 146
2.4985 -0.5095 0.0900 174 60 163
2.4985 -0.5096 0.1501 177 61 166
2.4985 -0.5094 0.2098 177 61 167
2.4985 -0.5097 0.2697 174 60 165
2.4985 -0.5091 0.3299 168 57 163
2.4985 -0.5096 0.3899 153 51 155
2.4985 -0.5092 0.4499 144 48 154
2.4985 -0.5096 0.5097 131 44 149
2.4985 -0.5093 0.5698 124 42 147
2.4985 -0.5095 0.6300 115 39 144
2.4985 -0.5095 0.6901 111 38 142
2.4985 -0.5093 0.7501 110 38 142
2.4985 -0.5095 0.8099 113 39 144
2.4985 -0.5095 0.8700 117 41 146
2.4985 -0.5094 0.9299 125 44 151
2.4985 -0.5066 0.9855 138 49 160
2.4984 -0.4888 1.0277 136 48 159
2.4982 -0.5107 1.1095 140 50 162
2.4981 -0.5062 1.1560 150 55 169
2.4978 -0.5089 1.2297 148 54 168
2.4978 -0.5085 1.2690 99 63 135
2.4834 -0.4471 -0.1218 153 85 77
2.4981 -0.4474 -0.0680 109 34 103
2.4984 -0.4489 0.0201 137 44 128
2.4984 -0.4499 0.0899 147 48 137
2.4984 -0.4492 0.1500 152 50 143
2.4984 -0.4499 0.2094 152 50 143
2.4984 -0.4494 0.2693 148 49 142
2.4984 -0.4498 0.3301 151 50 149
2.4984 -0.4496 0.3901 139 46 144
2.4984 -0.4496 0.4500 132 44 145
2.4984 -0.4496 0.5100 126 42 145
2.4984 -0.4497 0.5700 119 40 144
2.4984 -0.4495 0.6301 114 39 144
2.4984 -0.4497 0.6900 112 38 143
2.4984 -0.4496 0.7499 110 38 142
2.4984 -0.4495 0.8098 116 40 146
2.4984 -0.4497 0.8699 123 43 150
2.4984 -0.4495 0.9298 130 46 155
2.4984 -0.4497 0.9898 136 48 159
2.4984 -0.4430 1.0337 146 53 166
2.4981 -0.4509 1.1097 141 51 163
2.4981 -0.4500 1.1686 158 58 175
2.4980 -0.4323 1.2086 163 61 179
2.4978 -0.4486 1.2691 101 64 137
2.4818 -0.3902 -0.1217 153 85 78
2.4980 -0.3877 -0.0735 99 31 95
2.4983 -0.3911 0.0146 119 38 112
2.4983 -0.3918 0.0900 125 40 118
2.4983 -0.3914 0.1497 132 42 125
2.4983 -0.3916 0.2087 132 43 127
2.4983 -0.3918 0.2694 130 42 127
2.4983 -0.3913 0.3304 133 43 134
2.4983 -0.3917 0.3901 128 42 136
2.4983 -0.3916 0.4500 124 41 139
2.4983 -0.3915 0.5098 122 41 142
2.4983 -0.3917 0.5697 115 39 142
2.4983 -0.3915 0.6298 112 38 143
2.4983 -0.3917 0.6897 112 39 144
2.4983 -0.3916 0.7498 111 39 143
2.4983 -0.3917 0.8099 115 40 146
2.4983 -0.3916 0.8701 125 44 152
2.4983 -0.3914 0.9298 130 46 155
2.4983 -0.3917 0.9897 141 51 163
2.4983 -0.3895 1.0472 156 58 174
2.4983 -0.3721 1.0882 166 63 182
2.4980 -0.3900 1.1700 155 58 173
2.4980 -0.3855 1.2190 162 61 179
2.4977 -0.3883 1.2691 104 66 139
2.4797 -0.3290 -0.1216 149 83 78
2.4980 -0.3295 -0.0788 92 29 89
2.4983 -0.3309 0.0090 106 33 101
2.4983 -0.3314 0.0901 112 35 107
2.4983 -0.3317 0.1504 116 37 111
2.4983 -0.3310 0.2112 118 37 115
2.4983 -0.3314 0.2703 117 37 116
2.4983 -0.3314 0.3295 115 37 120
2.4983 -0.3316 0.3900 116 38 127
2.4983 -0.3313 0.4500 115 38 134
2.4983 -0.3315 0.5099 116 39 139
2.4983 -0.3313 0.5699 112 38 140
2.4983 -0.3315 0.6300 109 37 141
2.4983 -0.3315 0.6898 109 38 142
2.4983 -0.3313 0.7498 110 38 144
2.4983 -0.3315 0.8101 114 40 145
2.4983 -0.3314 0.8698 121 43 150
2.4983 -0.3313 0.9294 129 46 155
2.4983 -0.3315 0.9896 144 52 165
2.4983 -0.3313 1.0499 159 59 176
2.4983 -0.3253 1.0959 164 62 180
2.4980 -0.3306 1.1700 153 57 172
2.4980 -0.3305 1.2293 168 64 183
2.4979 -0.3176 1.2666 123 70 153
2.4821 -0.2694 -0.1216 233 200 178
2.4979 -0.2699 -0.0839 88 27 86
2.4982 -0.2685 0.0031 97 30 93
2.4982 -0.2689 0.0900 103 32 100
2.4982 -0.2687 0.1500 106 33 103
2.4982 -0.2695 0.2108 106 34 106
2.4982 -0.2689 0.2712 106 34 107
2.4982 -0.2689 0.3303 104 33 111
2.4982 -0.2694 0.3900 105 34 120
2.4982 -0.2690 0.4502 108 36 129
2.4982 -0.2691 0.5101 111 38 136
2.4982 -0.2691 0.5703 108 37 138
2.4982 -0.2689 0.6303 107 37 140
2.4982 -0.2692 0.6904 107 37 141
2.4982 -0.2689 0.7504 108 38 142
2.4982 -0.2692 0.8101 113 40 146
2.4982 -0.2693 0.8701 119 42 149
2.4982 -0.2688 0.9293 127 46 154
2.4982 -0.2691 0.9895 141 51 164
2.4982 -0.2691 1.0501 152 56 171
2.4982 -0.2678 1.1087 165 63 181
2.4982 -0.2503 1.1482 170 66 185
2.4979 -0.2709 1.2301 160 61 177
2.4979 -0.2706 1.2690 102 68 137
2.4920 -0.1964 -0.1210 240 204 178
2.4981 -0.1997 -0.0661 89 28 85
2.4981 -0.2106 -0.0001 93 29 90
2.4981 -0.2106 0.0900 98 31 96
2.4981 -0.2109 0.1500 99 31 98
2.4981 -0.2105 0.2106 99 31 99
2.4981 -0.2110 0.2707 99 31 102
2.4981 -0.2103 0.3298 98 31 106
2.4981 -0.2103 0.3899 99 32 116
2.4981 -0.2106 0.4500 102 34 125
2.4981 -0.2106 0.5097 105 36 131
2.4981 -0.2107 0.5698 105 36 137
2.4981 -0.2106 0.6298 105 36 139
2.4981 -0.2106 0.6902 105 37 140
2.4981 -0.2106 0.7502 107 38 142
2.4981 -0.2106 0.8100 111 39 144
2.4981 -0.2108 0.8700 117 41 147
2.4981 -0.2104 0.9295 125 45 153
2.4981 -0.2105 0.9895 135 49 159
2.4981 -0.2108 1.0501 148 55 168
2.4981 -0.2106 1.1102 161 61 178
2.4981 -0.2066 1.1584 172 68 187
2.4978 -0.2107 1.2304 158 61 176
2.4978 -0.2108 1.2692 96 67 134
2.4830 -0.1499 -0.1218 244 213 188
2.4981 -0.1465 -0.0690 86 27 83
2.4981 -0.1512 -0.0002 89 28 87
2.4981 -0.1512 0.0898 93 29 92
2.4981 -0.1504 0.1500 93 29 93
2.4981 -0.1516 0.2104 93 29 95
2.4981 -0.1509 0.2698 91 29 97
2.4981 -0.1515 0.3295 92 29 101
2.4981 -0.1504 0.3899 93 31 112
2.4981 -0.1513 0.4501 97 33 122
2.4981 -0.1511 0.5102 101 34 129
2.4981 -0.1511 0.5699 103 35 135
2.4981 -0.1511 0.6298 103 36 138
2.4981 -0.1510 0.6900 104 36 140
2.4981 -0.1511 0.7499 106 37 141
2.4981 -0.1510 0.8098 111 39 144
2.4981 -0.1510 0.8699 116 41 148
2.4981 -0.1509 0.9304 124 45 152
2.4981 -0.1513 0.9903 135 49 159
2.4981 -0.1510 1.0499 139 52 163
2.4981 -0.1510 1.1101 159 61 177
2.4981 -0.1504 1.1693 172 68 187
2.4980 -0.1344 1.2093 179 72 192
2.4977 -0.1508 1.2689 101 69 138
2.4808 -0.0909 -0.1217 246 222 200
2.4980 -0.0885 -0.0742 84 26 82
2.4980 -0.0910 0.0000 86 27 84
2.4980 -0.0905 0.0901 87 27 87
2.4980 -0.0905 0.1502 88 27 89
2.4980 -0.0905 0.2103 88 28 91
2.4980 -0.0905 0.2703 88 28 94
2.4980 -0.0905 0.3304 88 28 98
2.4980 -0.0908 0.3902 90 29 108
2.4980 -0.0907 0.4495 94 31 119
2.4980 -0.0908 0.5096 97 33 126
2.4980 -0.0906 0.5697 99 34 132
2.4980 -0.0907 0.6298 101 35 137
2.4980 -0.0905 0.6902 102 36 139
2.4980 -0.0905 0.7502 105 37 141
2.4980 -0.0908 0.8100 108 39 143
2.4980 -0.0905 0.8697 113 40 146
2.4980 -0.0909 0.9304 121 44 150
2.4980 -0.0907 0.9909 129 47 155
2.4980 -0.0905 1.0502 139 52 162
2.4980 -0.0905 1.1100 152 58 171
2.4980 -0.0908 1.1697 164 65 181
2.4980 -0.0872 1.2206 173 70 188
2.4977 -0.0912 1.2687 97 67 136
2.4806 -0.0011 -0.1216 167 105 96
2.4979 0.0021 -0.0826 82 26 81
2.4979 -0.0033 0.0001 84 26 83
2.4979 -0.0029 0.0903 84 26 85
2.4979 -0.0030 0.1502 84 26 86
2.4979 -0.0040 0.2099 84 26 88
2.4979 -0.0040 0.2699 84 27 91
2.4979 -0.0021 0.3302 85 27 97
2.4979 -0.0031 0.3901 86 28 105
2.4979 -0.0036 0.4501 90 30 116
2.4979 -0.0033 0.5102 94 32 123
2.4979 -0.0034 0.5703 97 34 131
2.4979 -0.0031 0.6302 99 35 135
2.4979 -0.0032 0.6898 101 36 138
2.4979 -0.0031 0.7497 104 37 140
2.4979 -0.0034 0.8100 107 38 142
2.4979 -0.0032 0.8700 108 39 143
2.4979 -0.0034 0.9304 114 41 146
2.4979 -0.0032 0.9904 120 44 150
2.4979 -0.0032 1.0498 131 49 157
2.4979 -0.0030 1.1099 141 54 164
2.4979 -0.0034 1.1698 151 59 171
2.4979 -0.0030 1.2297 172 70 187
2.4979 0.0094 1.2684 95 72 134
2.4904 0.1085 -0.1218 155 85 76
2.4978 0.0890 -0.0896 83 28 80
2.4978 0.0888 0.0001 83 26 82
2.4978 0.0886 0.0893 84 26 85
2.4978 0.0890 0.1489 83 26 85
2.4978 0.0890 0.2089 81 26 86
2.4978 0.0890 0.2690 82 26 89
2.4978 0.0890 0.3290 82 27 95
2.4978 0.0886 0.3895 83 28 102
2.4978 0.0890 0.4499 86 29 112
2.4978 0.0888 0.5104 92 32 122
2.4978 0.0886 0.5704 93 33 128
2.4978 0.0890 0.6300 95 34 133
2.4978 0.0887 0.6897 99 36 136
2.4978 0.0890 0.7493 101 36 138
2.4978 0.0889 0.8097 102 37 139
2.4978 0.0890 0.8702 104 38 140
2.4978 0.0886 0.9306 108 40 143
2.4978 0.0886 0.9907 113 42 146
2.4978 0.0890 1.0503 120 45 150
2.4978 0.0889 1.1099 132 50 158
2.4978 0.0890 1.1695 139 54 163
2.4978 0.0890 1.2295 154 62 173
2.4978 0.0883 1.2690 92 70 132
2.4817 0.1518 -0.1217 156 86 77
2.4977 0.1491 -0.0899 84 30 80
2.4977 0.1494 -0.0001 81 25 81
2.4977 0.1492 0.0904 82 26 84
2.4977 0.1503 0.1506 81 26 84
2.4977 0.1487 0.2093 80 26 86
2.4977 0.1495 0.2695 80 26 89
2.4977 0.1489 0.3304 81 26 95
2.4977 0.1496 0.3901 83 28 102
2.4977 0.1498 0.4502 86 29 111
2.4977 0.1493 0.5103 91 32 121
2.4977 0.1494 0.5699 93 33 129
2.4977 0.1493 0.6300 96 34 133
2.4977 0.1495 0.6901 98 35 135
2.4977 0.1490 0.7502 98 36 137
2.4977 0.1497 0.8099 98 36 137
2.4977 0.1495 0.8695 101 37 139
2.4977 0.1492 0.9301 105 39 141
2.4977 0.1495 0.9902 109 41 143
2.4977 0.1490 1.0499 114 43 146
2.4977 0.1494 1.1099 124 47 152
2.4977 0.1495 1.1696 130 50 156
2.4977 0.1494 1.2297 143 57 165
2.4977 0.1505 1.2690 86 68 128
2.4791 0.2103 -0.1217 205 157 139
2.4977 0.2091 -0.0899 86 34 81
2.4977 0.2088 0.0003 79 25 80
2.4977 0.2098 0.0900 81 26 83
2.4977 0.2084 0.1504 80 25 84
2.4977 0.2091 0.2094 79 25 85
2.4977 0.2091 0.2699 80 26 89
2.4977 0.2091 0.3304 81 27 95
2.4977 0.2085 0.3898 83 28 103
2.4977 0.2098 0.4503 87 30 112
2.4977 0.2084 0.5102 90 32 120
2.4977 0.2092 0.5697 93 33 128
2.4977 0.2091 0.6296 96 35 133
2.4977 0.2087 0.6906 98 35 135
2.4977 0.2091 0.7506 96 35 136
2.4977 0.2090 0.8105 97 36 136
2.4977 0.2089 0.8705 100 37 138
2.4977 0.2089 0.9304 102 38 139
2.4977 0.2089 0.9904 106 40 141
2.4977 0.2090 1.0503 110 42 144
2.4977 0.2091 1.1103 117 45 148
2.4977 0.2088 1.1697 124 48 152
2.4977 0.2092 1.2297 135 54 160
2.4977 0.2100 1.2690 85 68 128
2.4820 0.2682 -0.1217 243 215 193
2.4976 0.2675 -0.0901 82 31 80
2.4976 0.2670 0.0004 78 25 79
2.4976 0.2674 0.0904 79 25 82
2.4976 0.2674 0.1493 79 25 83
2.4976 0.2674 0.2082 79 25 85
2.4976 0.2667 0.2693 79 26 89
2.4976 0.2681 0.3313 80 27 95
2.4976 0.2674 0.3914 83 28 104
2.4976 0.2674 0.4503 86 30 111
2.4976 0.2667 0.5102 90 32 120
2.4976 0.2673 0.5707 92 33 126
2.4976 0.2674 0.6302 95 34 132
2.4976 0.2670 0.6902 97 35 134
2.4976 0.2674 0.7501 95 35 135
2.4976 0.2671 0.8096 96 36 136
2.4976 0.2676 0.8696 98 37 137
2.4976 0.2668 0.9300 100 38 138
2.4976 0.2674 0.9900 103 39 140
2.4976 0.2671 1.0495 107 41 141
2.4976 0.2675 1.1094 110 42 144
2.4976 0.2669 1.1694 117 46 148
2.4976 0.2673 1.2294 126 50 153
2.4976 0.2677 1.2686 84 68 127
2.4799 0.3288 -0.1215 240 204 180
2.4975 0.3285 -0.0898 83 32 80
2.4976 0.3291 -0.0001 77 25 79
2.4975 0.3290 0.0902 78 25 81
2.4975 0.3291 0.1502 78 25 83
2.4975 0.3280 0.2085 78 25 85
2.4975 0.3289 0.2675 79 26 89
2.4975 0.3290 0.3280 80 27 95
2.4975 0.3290 0.3885 82 28 103
2.4975 0.3290 0.4491 85 30 110
2.4975 0.3285 0.5102 89 32 120
2.4975 0.3284 0.5708 92 33 126
2.4975 0.3287 0.6302 94 34 131
2.4975 0.3289 0.6902 96 35 134
2.4975 0.3289 0.7502 94 35 134
2.4975 0.3289 0.8102 95 36 135
2.4975 0.3284 0.8702 96 37 136
2.4975 0.3289 0.9302 98 37 137
2.4975 0.3290 0.9908 100 38 138
2.4975 0.3287 1.0508 104 40 140
2.4975 0.3290 1.1102 105 41 141
2.4975 0.3284 1.1697 112 44 144
2.4975 0.3289 1.2297 120 48 149
2.4975 0.3288 1.2695 81 67 126
2.4821 0.3893 -0.1215 243 215 193
2.4975 0.3883 -0.0895 82 32 80
2.4975 0.3886 0.0004 76 25 78
2.4975 0.3878 0.0895 78 25 81
2.4975 0.3885 0.1503 78 26 83
2.4975 0.3891 0.2098 78 26 85
2.4975 0.3880 0.2684 78 26 89
2.4975 0.3885 0.3299 79 27 95
2.4975 0.3878 0.3908 82 28 103
2.4975 0.3887 0.4502 84 30 110
2.4975 0.3885 0.5096 88 32 118
2.4975 0.3883 0.5697 91 33 126
2.4975 0.3885 0.6305 93 34 130
2.4975 0.3883 0.6906 95 35 134
2.4975 0.3887 0.7500 94 36 134
2.4975 0.3880 0.8095 94 36 135
2.4975 0.3887 0.8696 95 36 135
2.4975 0.3883 0.9303 95 37 135
2.4975 0.3885 0.9898 98 38 137
2.4975 0.3883 1.0492 100 39 138
2.4975 0.3882 1.1093 103 40 139
2.4975 0.3885 1.1694 107 42 141
2.4975 0.3882 1.2302 112 45 145
2.4975 0.3889 1.2696 80 67 126
2.4770 0.4509 -0.1214 208 162 145
2.4974 0.4452 -0.0902 83 34 80
2.4974 0.4452 -0.0003 76 25 78
2.4974 0.4463 0.0897 77 25 81
2.4974 0.4447 0.1498 78 26 83
2.4974 0.4455 0.2114 78 26 85
2.4974 0.4455 0.2716 78 26 89
2.4974 0.4447 0.3298 79 27 95
2.4974 0.4463 0.3899 81 28 102
2.4974 0.4447 0.4501 84 30 110
2.4974 0.4458 0.5096 87 32 118
2.4974 0.4453 0.5698 90 34 126
2.4974 0.4458 0.6300 92 34 130
2.4974 0.4452 0.6901 93 35 132
2.4974 0.4450 0.7504 94 36 134
2.4974 0.4455 0.8098 93 36 134
2.4974 0.4455 0.8700 93 36 135
2.4974 0.4455 0.9302 94 37 135
2.4974 0.4455 0.9904 96 38 136
2.4974 0.4455 1.0506 99 39 138
2.4974 0.4450 1.1101 102 40 138
2.4974 0.4458 1.1696 103 41 140
2.4974 0.4452 1.2298 106 43 141
2.4974 0.4450 1.2695 79 66 125
2.4833 0.5127 -0.1212 142 82 83
2.4974 0.5048 -0.0903 78 28 76
2.4974 0.5051 0.0005 76 25 78
2.4974 0.5054 0.0905 77 26 81
2.4974 0.5054 0.1486 77 26 83
2.4974 0.5054 0.2104 78 26 86
2.4974 0.5054 0.2721 78 27 89
2.4974 0.5054 0.3302 79 27 94
2.4974 0.5049 0.3891 80 28 101
2.4974 0.5051 0.4493 83 30 109
2.4973 0.5057 0.5096 87 32 118
2.4973 0.5054 0.5699 90 34 125
2.4973 0.5051 0.6301 92 35 129
2.4973 0.5054 0.6897 93 36 132
2.4973 0.5051 0.7500 93 36 133
2.4973 0.5051 0.8103 93 36 134
2.4973 0.5060 0.8698 93 37 134
2.4973 0.5048 0.9301 93 37 134
2.4973 0.5051 0.9903 94 38 135
2.4973 0.5057 1.0499 97 39 136
2.4973 0.5048 1.1102 99 40 137
2.4973 0.5054 1.1698 100 40 138
2.4973 0.5057 1.2293 103 42 139
2.4973 0.5048 1.2692 78 67 125
2.4815 0.5705 -0.1212 142 82 84
2.4973 0.5684 -0.0897 78 30 76
2.4973 0.5684 -0.0002 75 25 78
2.4973 0.5685 0.0899 76 26 80
2.4973 0.5681 0.1511 76 26 82
2.4973 0.5678 0.2121 77 26 85
2.4973 0.5685 0.2725 78 27 90
2.4973 0.5685 0.3321 78 28 94
2.4973 0.5684 0.3918 80 29 101
2.4973 0.5684 0.4514 82 30 109
2.4973 0.5678 0.5104 86 33 118
2.4973 0.5684 0.5693 89 34 124
2.4973 0.5678 0.6296 91 35 128
2.4973 0.5684 0.6900 92 36 131
2.4973 0.5684 0.7496 93 36 133
2.4973 0.5681 0.8100 92 36 134
2.4973 0.5684 0.8703 92 37 134
2.4973 0.5684 0.9299 92 37 134
2.4973 0.5685 0.9896 93 37 134
2.4973 0.5684 1.0492 94 38 134
2.4973 0.5678 1.1096 96 39 136
2.4973 0.5684 1.1699 97 40 136
2.4973 0.5684 1.2296 99 41 136
2.4973 0.5696 1.2691 79 64 127
2.4786 0.6308 -0.1211 140 82 85
2.4972 0.6278 -0.0905 80 31 77
2.4972 0.6276 -0.0008 75 26 78
2.4972 0.6280 0.0899 76 26 80
2.4972 0.6280 0.1509 76 26 83
2.4972 0.6280 0.2119 76 27 85
2.4972 0.6274 0.2721 77 27 90
2.4972 0.6280 0.3303 78 28 94
2.4972 0.6287 0.3885 80 29 100
2.4972 0.6280 0.4486 82 31 109
2.4972 0.6280 0.5097 86 33 118
2.4972 0.6274 0.5698 88 34 123
2.4972 0.6280 0.6299 90 36 128
2.4972 0.6278 0.6900 91 36 131
2.4972 0.6280 0.7501 92 37 132
2.4972 0.6282 0.8102 92 36 133
2.4972 0.6274 0.8694 91 37 133
2.4972 0.6280 0.9295 90 37 133
2.4972 0.6280 0.9906 92 38 133
2.4972 0.6278 1.0507 92 38 133
2.4972 0.6280 1.1108 94 39 134
2.4972 0.6280 1.1700 95 40 135
2.4972 0.6280 1.2291 96 40 135
2.4972 0.6280 1.2692 76 67 125
2.4781 0.6931 -0.1210 164 110 104
2.4971 0.6906 -0.0903 81 34 78
2.4972 0.6904 0.0005 74 26 78
2.4971 0.6906 0.0896 75 26 80
2.4971 0.6899 0.1491 76 27 82
2.4971 0.6906 0.2109 76 27 85
2.4971 0.6906 0.2696 76 28 90
2.4971 0.6906 0.3284 78 28 95
2.4971 0.6899 0.3902 80 30 102
2.4971 0.6902 0.4503 82 31 109
2.4971 0.6917 0.5097 85 33 116
2.4971 0.6895 0.5692 87 34 123
2.4971 0.6906 0.6295 90 36 127
2.4971 0.6902 0.6897 91 37 130
2.4971 0.6909 0.7491 91 37 132
2.4971 0.6906 0.8094 91 37 133
2.4971 0.6899 0.8703 90 37 133
2.4971 0.6906 0.9306 90 37 133
2.4971 0.6898 0.9901 90 38 133
2.4971 0.6913 1.0503 91 38 133
2.4971 0.6906 1.1105 92 39 133
2.4971 0.6899 1.1699 94 40 134
2.4971 0.6902 1.2302 95 40 135
2.4971 0.6917 1.2700 74 69 125
2.4778 0.7527 -0.1209 233 200 181
2.4971 0.7560 -0.0910 82 37 81
2.4971 0.7562 -0.0007 74 26 77
2.4971 0.7556 0.0904 75 26 80
2.4971 0.7562 0.1496 75 27 82
2.4971 0.7562 0.2098 75 27 85
2.4971 0.7562 0.2700 76 28 89
2.4971 0.7562 0.3302 77 29 95
2.4971 0.7563 0.3902 79 30 101
2.4971 0.7555 0.4495 81 31 108
2.4971 0.7570 0.5096 84 33 116
2.4971 0.7555 0.5698 87 35 123
2.4971 0.7562 0.6309 89 37 128
2.4971 0.7560 0.6901 90 37 130
2.4971 0.7565 0.7502 90 37 131
2.4971 0.7560 0.8104 89 37 132
2.4971 0.7557 0.8697 90 38 133
2.4971 0.7567 0.9298 89 38 132
2.4971 0.7557 0.9899 91 38 133
2.4971 0.7567 1.0501 91 39 133
2.4971 0.7557 1.1102 90 39 133
2.4971 0.7560 1.1694 91 39 133
2.4971 0.7565 1.2296 93 40 133
2.4970 0.7551 1.2696 77 67 127
2.4804 0.8120 -0.1208 230 192 173
2.4970 0.8095 -0.0897 77 31 77
2.4970 0.8098 0.0002 73 27 77
2.4970 0.8099 0.0903 74 27 80
2.4970 0.8106 0.1490 75 28 82
2.4970 0.8092 0.2101 75 28 85
2.4970 0.8099 0.2704 76 29 89
2.4970 0.8092 0.3291 77 29 95
2.4970 0.8105 0.3902 79 30 101
2.4970 0.8098 0.4503 81 32 108
2.4970 0.8092 0.5091 83 33 115
2.4970 0.8105 0.5703 87 36 122
2.4970 0.8099 0.6304 89 37 126
2.4970 0.8092 0.6891 90 38 129
2.4970 0.8098 0.7491 90 38 131
2.4970 0.8099 0.8103 89 38 132
2.4970 0.8098 0.8704 90 38 133
2.4970 0.8099 0.9291 90 38 133
2.4970 0.8099 0.9904 90 38 133
2.4970 0.8099 1.0504 91 39 132
2.4970 0.8099 1.1092 90 39 132
2.4970 0.8092 1.1692 90 39 132
2.4970 0.8105 1.2291 91 40 133
2.4970 0.8101 1.2688 78 65 128
2.4782 0.8721 -0.1208 232 197 178
2.4969 0.8650 -0.0896 81 36 80
2.4970 0.8656 -0.0008 73 27 77
2.4970 0.8668 0.0891 74 27 80
2.4970 0.8648 0.1515 75 28 83
2.4970 0.8657 0.2121 76 28 86
2.4970 0.8657 0.2706 76 29 90
2.4970 0.8658 0.3291 77 29 95
2.4970 0.8649 0.3887 79 31 102
2.4970 0.8655 0.4492 81 32 108
2.4970 0.8660 0.5097 84 34 116
2.4969 0.8666 0.5702 87 36 122
2.4970 0.8649 0.6308 88 37 126
2.4969 0.8658 0.6903 89 38 129
2.4969 0.8655 0.7498 89 38 131
2.4969 0.8658 0.8094 89 38 132
2.4969 0.8652 0.8699 89 38 132
2.4969 0.8658 0.9304 89 38 132
2.4969 0.8657 0.9890 89 39 133
2.4969 0.8662 1.0495 90 39 132
2.4969 0.8649 1.1110 89 39 132
2.4969 0.8657 1.1705 89 39 131
2.4969 0.8660 1.2300 90 40 132
2.4969 0.8654 1.2697 76 69 128
2.4798 0.9340 -0.1207 227 192 175
2.4969 0.9322 -0.0904 81 37 80
2.4969 0.9317 0.0005 73 27 77
2.4969 0.9322 0.0913 74 28 80
2.4969 0.9322 0.1512 75 29 84
2.4969 0.9322 0.2112 75 29 86
2.4969 0.9322 0.2709 76 30 91
2.4969 0.9322 0.3309 77 30 96
2.4969 0.9322 0.3908 79 32 102
2.4969 0.9321 0.4506 81 33 109
2.4969 0.9322 0.5105 83 35 115
2.4969 0.9322 0.5704 86 37 122
2.4969 0.9321 0.6303 88 38 126
2.4969 0.9313 0.6891 88 38 128
2.4969 0.9313 0.7490 88 39 130
2.4969 0.9322 0.8099 88 39 131
2.4969 0.9322 0.8698 88 39 131
2.4969 0.9321 0.9296 88 39 131
2.4969 0.9322 0.9895 88 39 132
2.4969 0.9322 1.0493 90 40 132
2.4969 0.9322 1.1092 89 40 132
2.4969 0.9321 1.1691 89 40 131
2.4969 0.9321 1.2290 89 40 131
2.4969 0.9315 1.2686 78 64 129
2.4784 1.0011 -0.1206 133 82 90
2.4968 0.9928 -0.0897 75 30 75
2.4968 0.9925 -0.0009 72 28 77
2.4968 0.9929 0.0880 74 28 81
2.4968 0.9928 0.1492 75 29 83
2.4968 0.9928 0.2102 75 30 87
2.4968 0.9928 0.2713 76 30 91
2.4968 0.9928 0.3324 77 31 96
2.4968 0.9920 0.3923 79 32 102
2.4968 0.9928 0.4505 81 34 109
2.4968 0.9937 0.5087 84 35 115
2.4968 0.9928 0.5685 86 37 121
2.4968 0.9928 0.6297 88 39 126
2.4968 0.9929 0.6907 89 39 129
2.4968 0.9919 0.7505 89 40 130
2.4968 0.9928 0.8102 88 40 131
2.4968 0.9928 0.8699 88 40 131
2.4968 0.9929 0.9296 88 40 131
2.4968 0.9928 0.9908 88 39 131
2.4968 0.9920 1.0505 89 40 132
2.4968 0.9928 1.1101 89 41 132
2.4968 0.9936 1.1699 89 41 132
2.4968 0.9929 1.2296 90 41 132
2.4968 0.9904 1.2704 77 72 130
2.4834 1.0651 -0.1207 140 87 90
2.4967 1.0465 -0.0917 79 35 77
2.4968 1.0473 0.0002 73 29 78
2.4968 1.0483 0.0909 76 31 83
2.4968 1.0465 0.1486 77 32 86
2.4968 1.0473 0.2094 77 32 89
2.4968 1.0473 0.2716 78 33 93
2.4968 1.0473 0.3295 79 33 98
2.4968 1.0473 0.3875 81 35 104
2.4968 1.0473 0.4498 83 36 111
2.4968 1.0465 0.5107 86 38 117
2.4968 1.0473 0.5700 88 40 123
2.4968 1.0482 0.6293 89 41 127
2.4968 1.0473 0.6901 90 41 129
2.4968 1.0464 0.7509 91 42 131
2.4968 1.0473 0.8103 90 42 132
2.4968 1.0473 0.8711 90 42 132
2.4968 1.0473 0.9305 90 42 133
2.4968 1.0473 0.9898 89 41 132
2.4968 1.0473 1.0505 90 42 133
2.4968 1.0464 1.1100 91 42 133
2.4968 1.0482 1.1694 91 42 134
2.4968 1.0473 1.2302 92 43 134
2.4968 1.0475 1.2701 83 72 135
2.4818 1.1119 -0.1205 137 85 91
2.4967 1.1030 -0.0894 75 32 76
2.4967 1.1038 -0.0001 75 32 81
2.4967 1.1039 0.0906 81 36 88
2.4967 1.1040 0.1496 84 38 92
2.4967 1.1039 0.2086 82 37 93
2.4967 1.1039 0.2719 83 38 98
2.4967 1.1040 0.3309 85 39 104
2.4967 1.1039 0.3899 86 40 109
2.4967 1.1030 0.4505 89 42 115
2.4967 1.1048 0.5093 90 43 121
2.4967 1.1030 0.5699 93 45 126
2.4967 1.1039 0.6303 94 46 131
2.4967 1.1048 0.6908 95 47 133
2.4967 1.1030 0.7500 96 47 135
2.4967 1.1039 0.8104 95 46 135
2.4967 1.1039 0.8708 95 47 137
2.4967 1.1039 0.9298 94 46 136
2.4967 1.1039 0.9888 95 46 137
2.4967 1.1039 1.0493 94 45 136
2.4967 1.1039 1.1112 95 46 136
2.4967 1.1039 1.1702 96 46 137
2.4967 1.1039 1.2292 96 46 136
2.4967 1.1043 1.2698 94 80 143
2.4771 1.1624 -0.1210 159 103 93
2.4964 1.1637 -0.0901 80 37 78
2.4966 1.1625 -0.0001 74 31 79
2.4968 1.1619 0.0913 74 30 81
2.4968 1.1637 0.1507 75 31 84
2.4968 1.1617 0.2105 75 31 87
2.4968 1.1617 0.2695 76 32 92
2.4968 1.1636 0.3294 78 33 97
2.4968 1.1616 0.3897 79 34 104
2.4968 1.1636 0.4496 81 36 109
2.4968 1.1617 0.5099 83 37 115
2.4968 1.1636 0.5699 85 39 121
2.4968 1.1615 0.6301 87 40 125
2.4968 1.1635 0.6901 88 42 128
2.4969 1.1615 0.7512 89 42 128
2.4969 1.1627 0.8096 87 40 129
2.4969 1.1626 0.8700 87 40 130
2.4968 1.1626 0.9302 93 50 135
2.4968 1.1625 0.9902 92 48 134
2.4968 1.1625 1.0494 87 41 130
2.4968 1.1626 1.1095 86 41 130
2.4968 1.1625 1.1696 87 41 131
2.4968 1.1626 1.2297 88 41 130
2.4972 1.1628 1.2694 79 66 131
2.4755 1.2199 -0.1208 212 170 153
2.4965 1.2239 -0.0906 79 37 79
2.4966 1.2235 -0.0020 73 31 79
2.4967 1.2237 0.0894 74 31 81
2.4967 1.2236 0.1501 75 32 84
2.4967 1.2236 0.2114 75 31 87
2.4967 1.2235 0.2682 76 32 92
2.4967 1.2236 0.3294 77 33 97
2.4967 1.2236 0.3906 79 35 103
2.4967 1.2225 0.4490 81 36 109
2.4967 1.2246 0.5101 83 38 115
2.4967 1.2236 0.5700 85 40 120
2.4967 1.2225 0.6297 86 41 124
2.4967 1.2246 0.6910 87 42 127
2.4968 1.2225 0.7516 87 41 128
2.4969 1.2226 0.8109 87 41 128
2.4968 1.2245 0.8711 86 41 129
2.4968 1.2225 0.9307 86 41 130
2.4968 1.2230 0.9911 94 52 135
2.4968 1.2226 1.0497 88 45 131
2.4968 1.2247 1.1093 86 41 130
2.4968 1.2236 1.1691 86 41 130
2.4968 1.2226 1.2289 86 42 130
2.4970 1.2274 1.2700 79 63 130
2.4792 1.2911 -0.1207 230 198 184
2.4962 1.2857 -0.0897 181 139 179
2.4965 1.2870 -0.0023 251 210 251
2.4966 1.2880 0.0890 247 206 246
2.4966 1.2857 0.1510 246 206 246
2.4966 1.2868 0.2106 246 205 246
2.4966 1.2869 0.2684 246 205 247
2.4966 1.2859 0.3295 247 206 248
2.4966 1.2880 0.3917 247 204 248
2.4966 1.2868 0.4512 246 203 248
2.4966 1.2869 0.5090 246 203 248
2.4966 1.2857 0.5685 246 200 248
2.4966 1.2868 0.6293 246 196 248
2.4966 1.2880 0.6903 246 191 248
2.4968 1.2859 0.7522 246 187 247
2.4968 1.2868 0.8107 246 184 247
2.4968 1.2870 0.8705 246 177 248
2.4967 1.2870 0.9301 246 173 248
2.4967 1.2867 0.9909 251 174 251
2.4967 1.2869 1.0516 251 168 250
2.4967 1.2870 1.1106 247 158 248
2.4967 1.2871 1.1699 246 153 248
2.4967 1.2860 1.2293 247 143 248
2.4971 1.2877 1.2700 232 132 237
2.4831 1.3689 -0.1210 233 206 193
2.4962 1.3470 -0.0935 205 165 198
2.4964 1.3416 -0.0001 249 210 250
2.4967 1.3434 0.0937 242 201 242
2.4967 1.3434 0.1510 242 201 242
2.4967 1.3435 0.2099 242 201 243
2.4967 1.3436 0.2687 242 200 243
2.4967 1.3435 0.3276 243 201 245
2.4966 1.3424 0.3888 243 201 246
2.4966 1.3441 0.4519 243 201 246
2.4967 1.3435 0.5131 242 197 245
2.4967 1.3434 0.5721 242 196 245
2.4967 1.3434 0.6308 242 191 245
2.4967 1.3434 0.6895 242 188 245
2.4969 1.3420 0.7497 241 183 243
2.4968 1.3410 0.8097 242 179 244
2.4968 1.3420 0.8715 242 173 244
2.4968 1.3424 0.9305 242 170 244
2.4967 1.3420 0.9900 253 180 251
2.4967 1.3428 1.0507 254 176 251
2.4967 1.3422 1.1105 243 155 245
2.4967 1.3423 1.1693 242 150 245
2.4967 1.3414 1.2304 243 142 246
2.4972 1.3434 1.2721 223 123 230
2.4708 1.3936 -0.1212 237 214 203
2.4961 1.4089 -0.1087 136 94 118
2.4956 1.4044 -0.0463 72 29 77
2.4991 1.4088 0.1042 92 38 90
2.4991 1.4070 0.1497 93 38 92
2.4991 1.4083 0.2095 95 40 98
2.4991 1.4095 0.2699 97 42 108
2.4991 1.4108 0.3302 101 47 125
2.4991 1.4085 0.3900 100 49 133
2.4991 1.4071 0.4494 96 50 133
2.4991 1.4075 0.5102 92 48 132
2.4991 1.4087 0.5699 90 48 130
2.4991 1.4100 0.6299 90 50 130
2.4991 1.4092 0.6909 93 52 131
2.4991 1.4165 0.7401 99 56 134
2.4954 1.4034 0.8330 83 30 117
2.5013 1.4100 0.8762 87 30 121
2.5008 1.4164 0.9387 90 31 123
2.5008 1.4147 0.9933 91 31 124
2.5004 1.4014 1.0754 251 248 218
2.5004 1.4067 1.1109 141 97 151
2.5004 1.4089 1.1713 96 34 134
2.5004 1.4073 1.2309 96 34 135
2.5004 1.4081 1.2700 95 33 133
2.4806 1.4682 -0.1234 246 203 170
2.4832 1.4600 -0.1168 217 177 197
2.4956 1.4682 -0.0523 85 40 91
2.4990 1.4673 0.0971 90 38 88
2.4990 1.4668 0.1499 89 38 89
2.4990 1.4679 0.2103 92 41 96
2.4990 1.4697 0.2701 95 43 107
2.4990 1.4708 0.3299 100 48 123
2.4990 1.4714 0.3895 100 51 132
2.4990 1.4665 0.4511 96 51 133
2.4990 1.4662 0.5100 93 50 132
2.4990 1.4679 0.5700 90 50 130
2.4990 1.4694 0.6298 88 50 128
2.4973 1.4795 0.6837 77 29 101
2.4972 1.4798 0.7492 77 28 103
2.4972 1.4762 0.8150 79 30 105
2.5013 1.4729 0.8735 85 29 118
2.5008 1.4700 0.9347 89 31 122
2.5008 1.4701 0.9925 91 31 124
2.5005 1.4644 1.0583 152 102 139
2.5004 1.4674 1.1164 181 148 164
2.5004 1.4703 1.1706 96 35 133
2.5004 1.4703 1.2302 95 34 135
2.5004 1.4703 1.2682 95 33 133
2.4802 1.5125 -0.1233 230 136 75
2.4944 1.5350 -0.1063 102 60 88
2.4952 1.5348 -0.0463 102 51 107
2.4989 1.5269 0.0905 87 39 86
2.4989 1.5282 0.1501 87 39 88
2.4989 1.5292 0.2097 90 41 94
2.4989 1.5311 0.2695 92 43 104
2.4989 1.5325 0.3299 96 49 120
2.4989 1.5278 0.3910 98 53 130
2.4989 1.5253 0.4497 95 53 132
2.4989 1.5271 0.5096 92 52 131
2.4989 1.5286 0.5700 89 51 130
2.4989 1.5302 0.6302 87 51 128
2.4972 1.5337 0.6868 112 67 108
2.4971 1.5343 0.7482 77 28 102
2.4971 1.5374 0.8132 78 28 103
2.5013 1.5286 0.8747 84 29 116
2.5008 1.5252 0.9340 88 30 122
2.5008 1.5254 0.9915 90 31 124
2.5005 1.5302 1.0636 92 32 129
2.5004 1.5264 1.1249 246 235 187
2.5004 1.5322 1.1692 108 51 134
2.5004 1.5323 1.2285 95 33 134
2.5004 1.5324 1.2664 95 33 133
2.4808 1.5915 -0.1236 244 158 83
2.4875 1.5809 -0.1087 93 52 83
2.4951 1.5919 -0.0464 72 30 78
2.4992 1.5927 0.1077 92 37 90
2.4992 1.5912 0.1500 93 37 92
2.4992 1.5923 0.2099 97 39 99
2.4992 1.5918 0.2708 98 41 109
2.4992 1.5915 0.3301 102 47 126
2.4992 1.5895 0.3898 100 48 134
2.4992 1.5906 0.4498 95 48 133
2.4992 1.5914 0.5102 91 47 131
2.4992 1.5896 0.5700 89 47 130
2.4992 1.5908 0.6299 90 49 130
2.4974 1.6068 0.6980 76 27 100
2.4974 1.6090 0.7447 76 27 101
2.4974 1.6095 0.8099 76 26 100
2.5013 1.5890 0.8710 83 28 114
2.5008 1.5874 0.9315 89 31 123
2.5008 1.5864 0.9905 90 31 124
2.5005 1.5904 1.0585 92 32 130
2.5004 1.5788 1.1303 241 232 193
2.5004 1.5927 1.1696 150 108 145
2.5004 1.5940 1.2323 95 34 134
2.5004 1.5969 1.2716 95 34 135
2.4805 1.6496 -0.1235 235 143 77
2.4932 1.6534 -0.1110 101 73 109
2.4950 1.6496 -0.0492 69 30 76
2.4991 1.6506 0.1005 90 38 88
2.4991 1.6498 0.1499 92 38 91
2.4991 1.6483 0.2094 94 40 97
2.4991 1.6482 0.2700 96 43 108
2.4991 1.6498 0.3298 100 47 124
2.4991 1.6474 0.3900 101 50 133
2.4991 1.6483 0.4498 96 50 133
2.4991 1.6500 0.5097 92 50 132
2.4991 1.6487 0.5689 89 49 129
2.4991 1.6486 0.6299 89 50 129
2.4974 1.6563 0.7005 75 25 98
2.4974 1.6567 0.7470 75 25 99
2.4974 1.6568 0.8109 76 26 100
2.5010 1.6605 0.8847 84 29 115
2.5008 1.6460 0.9270 87 30 121
2.5008 1.6473 0.9895 89 31 124
2.5005 1.6470 1.0575 92 32 129
2.5004 1.6340 1.1228 172 139 161
2.5004 1.6478 1.1766 175 143 144
2.5004 1.6504 1.2308 94 34 133
2.5004 1.6503 1.2738 95 34 135
2.4806 1.7076 -0.1233 235 169 123
2.4857 1.7053 -0.1118 156 121 160
2.4949 1.7105 -0.0521 68 30 75
2.4989 1.7106 0.0930 87 38 85
2.4989 1.7108 0.1500 90 40 90
2.4989 1.7082 0.2105 92 41 96
2.4989 1.7091 0.2698 93 44 106
2.4989 1.7085 0.3290 97 48 121
2.4989 1.7074 0.3903 101 52 132
2.4989 1.7086 0.4504 97 52 133
2.4989 1.7106 0.5102 93 51 132
2.4989 1.7084 0.5710 90 51 130
2.4989 1.7083 0.6299 89 50 128
2.4974 1.7111 0.7016 75 26 97
2.4974 1.7119 0.7489 76 26 99
2.4974 1.7128 0.8042 77 26 100
2.5009 1.7047 0.8947 86 29 117
2.5008 1.7069 0.9312 88 30 122
2.5008 1.7073 0.9884 89 31 124
2.5005 1.7105 1.0538 92 32 128
2.5005 1.7072 1.1121 94 32 130
2.5004 1.7019 1.1838 210 188 137
2.5004 1.7068 1.2295 99 43 128
2.5004 1.7069 1.2721 95 34 134
2.4809 1.7879 -0.1236 254 254 251
2.4930 1.7753 -0.1144 201 154 201
2.4946 1.7696 -0.0442 106 54 112
2.4992 1.7889 0.1091 95 37 92
2.4992 1.7893 0.1499 95 37 93
2.4992 1.7875 0.2091 93 37 96
2.4992 1.7863 0.2722 100 42 111
2.4992 1.7863 0.3300 103 46 127
2.4992 1.7875 0.3901 101 48 134
2.4992 1.7885 0.4498 96 47 134
2.4992 1.7893 0.5086 93 48 132
2.4992 1.7848 0.5708 91 48 130
2.4992 1.7857 0.6299 94 50 131
2.4974 1.7635 0.7048 138 99 125
2.4974 1.7674 0.7499 77 26 98
2.4974 1.7679 0.8061 77 26 101
2.5001 1.7700 0.8946 85 29 117
2.5005 1.7684 0.9302 88 30 122
2.5006 1.7686 0.9874 89 31 123
2.5005 1.7703 1.0550 92 32 128
2.5005 1.7703 1.1140 94 33 131
2.5004 1.7514 1.1887 200 180 125
2.5004 1.7670 1.2287 105 63 108
2.5004 1.7681 1.2703 93 35 129
2.4809 1.8289 -0.1235 254 254 248
2.4943 1.8219 -0.1015 70 34 76
2.4945 1.8317 -0.0477 143 78 147
2.4991 1.8320 0.1041 90 37 88
2.4991 1.8308 0.1500 90 37 90
2.4991 1.8287 0.2103 92 38 95
2.4991 1.8278 0.2691 96 42 107
2.4991 1.8271 0.3299 101 47 125
2.4991 1.8283 0.3901 101 50 134
2.4991 1.8293 0.4502 96 49 134
2.4991 1.8303 0.5104 94 49 132
2.4991 1.8283 0.5699 90 48 130
2.4991 1.8289 0.6294 92 50 130
2.4974 1.8321 0.7123 113 73 129
2.4975 1.8401 0.7500 81 31 101
2.4975 1.8406 0.8106 81 30 105
2.5005 1.8295 0.8894 86 30 117
2.5005 1.8288 0.9295 88 30 122
2.5005 1.8360 1.0133 89 31 124
2.5004 1.8317 1.0538 92 32 128
2.5004 1.8317 1.1127 94 33 131
2.5004 1.8190 1.1855 130 87 113
2.5004 1.8264 1.2349 75 48 80
2.5004 1.8280 1.2688 93 36 129
2.4803 1.8896 -0.1234 254 254 247
2.4950 1.8853 -0.1054 84 50 89
2.4944 1.8810 -0.0490 69 30 77
2.4990 1.8911 0.0966 88 38 86
2.4990 1.8905 0.1499 88 38 88
2.4990 1.8919 0.2100 89 40 93
2.4990 1.8876 0.2708 92 43 105
2.4990 1.8860 0.3300 97 48 121
2.4990 1.8874 0.3901 101 51 132
2.4990 1.8888 0.4503 96 51 133
2.4990 1.8897 0.5100 94 50 132
2.4990 1.8913 0.5699 90 49 130
2.4990 1.8909 0.6300 91 50 129
2.4975 1.8894 0.7131 118 79 135
2.4975 1.8857 0.7509 79 28 100
2.4976 1.8839 0.8102 79 29 103
2.5005 1.8885 0.8885 84 29 113
2.5005 1.8904 0.9327 88 30 121
2.5005 1.8920 1.0128 90 31 124
2.5005 1.8928 1.0525 91 32 128
2.5005 1.8928 1.1113 94 33 130
2.5004 1.8929 1.1700 94 33 131
2.5004 1.8842 1.2447 68 59 54
2.5004 1.8899 1.2670 86 37 114
2.4796 1.9718 -0.1236 249 193 139
2.4843 1.9411 -0.1127 98 75 100
2.4941 1.9466 -0.0417 106 51 112
2.4990 1.9720 0.1070 92 36 89
2.4990 1.9729 0.1497 92 37 90
2.4990 1.9711 0.2079 93 38 96
2.4990 1.9714 0.2700 95 41 107
2.4990 1.9723 0.3301 97 45 124
2.4990 1.9733 0.3897 95 47 132
2.4990 1.9738 0.4506 89 45 130
2.4990 1.9724 0.5101 88 45 130
2.4990 1.9726 0.5683 90 46 130
2.4990 1.9711 0.6298 93 50 131
2.4975 1.9467 0.7151 108 66 126
2.4975 1.9497 0.7530 79 28 100
2.4975 1.9497 0.8067 79 28 103
2.5003 1.9497 0.8872 84 29 114
2.5005 1.9490 0.9341 87 30 121
2.5004 1.9507 1.0091 88 31 123
2.5004 1.9485 1.0514 91 32 127
2.5004 1.9485 1.1101 93 32 130
2.5004 1.9485 1.1688 94 33 132
2.5004 1.9430 1.2537 72 50 63
2.5004 1.9456 1.2678 72 54 55
2.4808 2.0089 -0.1236 240 149 78
2.4933 2.0074 -0.1089 193 134 196
2.4940 2.0130 -0.0471 122 60 127
2.4989 2.0107 0.1026 90 37 87
2.4989 2.0093 0.1500 91 37 90
2.4990 2.0075 0.2104 92 39 95
2.4990 2.0076 0.2700 94 41 106
2.4990 2.0089 0.3300 97 46 123
2.4990 2.0098 0.3902 95 49 131
2.4990 2.0095 0.4495 90 47 131
2.4990 2.0084 0.5099 85 46 128
2.4990 2.0083 0.5706 85 46 128
2.4990 2.0069 0.6300 91 49 130
2.4982 1.9997 0.7049 86 39 115
2.4975 2.0157 0.7543 80 29 99
2.4975 2.0154 0.8090 77 26 101
2.5006 2.0089 0.8815 82 28 111
2.5005 2.0088 0.9332 86 30 120
2.5004 2.0092 1.0078 88 31 122
2.5004 2.0093 1.0501 90 31 126
2.5004 2.0093 1.1087 92 32 129
2.5004 2.0093 1.1673 93 33 131
2.5004 2.0081 1.2511 94 33 133
2.5004 1.9988 1.2763 165 119 109
2.4804 2.0708 -0.1234 232 137 74
2.4926 2.0719 -0.1128 193 133 195
2.4940 2.0715 -0.0450 100 46 106
2.4988 2.0693 0.0937 88 38 85
2.4988 2.0663 0.1498 89 39 89
2.4988 2.0675 0.2101 90 40 94
2.4988 2.0685 0.2701 91 42 104
2.4988 2.0697 0.3300 95 48 121
2.4988 2.0706 0.3901 95 50 130
2.4988 2.0700 0.4511 90 49 131
2.4988 2.0686 0.5100 87 48 129
2.4988 2.0682 0.5692 80 46 125
2.4988 2.0668 0.6302 80 47 125
2.4988 2.0677 0.6902 88 51 128
2.4975 2.0706 0.7567 126 85 121
2.4975 2.0709 0.8107 78 27 103
2.5006 2.0682 0.8805 82 28 111
2.5005 2.0683 0.9324 85 29 118
2.5004 2.0723 1.0032 89 31 124
2.5004 2.0698 1.0490 89 31 125
2.5004 2.0699 1.1074 90 32 128
2.5004 2.0699 1.1659 91 32 130
2.5004 2.0666 1.2459 91 32 132
2.5004 2.0667 1.2735 91 33 133
2.4805 2.1114 -0.1233 223 128 72
2.4913 2.1397 -0.1077 74 54 86
2.4940 2.1292 -0.0375 70 31 78
2.4987 2.1307 0.0914 85 39 84
2.4987 2.1266 0.1492 87 40 87
2.4987 2.1258 0.2096 88 41 93
2.4987 2.1270 0.2696 89 44 103
2.4987 2.1281 0.3300 94 49 119
2.4987 2.1292 0.3900 95 52 129
2.4987 2.1303 0.4499 91 51 130
2.4987 2.1318 0.5099 86 50 129
2.4987 2.1307 0.5713 82 48 127
2.4987 2.1289 0.6299 78 48 123
2.4987 2.1263 0.6890 76 48 121
2.4976 2.1390 0.7673 73 25 98
2.4976 2.1470 0.8120 78 27 105
2.5006 2.1287 0.8798 81 28 110
2.5005 2.1282 0.9310 84 29 118
2.5004 2.1302 1.0007 87 31 123
2.5004 2.1303 1.0478 89 31 126
2.5004 2.1303 1.1060 89 31 127
2.5004 2.1304 1.1701 90 32 129
2.5004 2.1290 1.2408 90 32 131
2.5004 2.1301 1.2753 92 33 133
2.4804 2.1800 -0.1214 117 74 84
2.4858 2.1825 -0.1062 72 47 83
2.4941 2.1941 -0.0363 70 31 78
2.4986 2.1921 0.0897 83 39 82
2.4986 2.1897 0.1510 85 41 87
2.4986 2.1887 0.2104 86 42 92
2.4986 2.1891 0.2696 87 45 101
2.4986 2.1857 0.3299 91 51 117
2.4986 2.1870 0.3903 94 53 127
2.4986 2.1881 0.4507 91 53 130
2.4986 2.1897 0.5103 87 51 129
2.4986 2.1905 0.5698 83 50 127
2.4986 2.1918 0.6300 78 49 124
2.4986 2.1882 0.6912 76 49 122
2.4976 2.1943 0.7696 159 125 130
2.4976 2.1930 0.8113 72 25 101
2.5006 2.1874 0.8731 79 27 107
2.5005 2.1874 0.9304 84 29 118
2.5004 2.1922 0.9958 86 30 121
2.5004 2.1905 1.0466 88 31 125
2.5004 2.1913 1.1093 88 31 126
2.5004 2.1898 1.1730 90 32 129
2.5004 2.1892 1.2358 90 32 131
2.5004 2.1921 1.2693 91 33 132
2.4687 2.2595 -0.1237 241 213 184
2.4940 2.2527 -0.1066 70 37 78
2.4941 2.2519 -0.0407 70 31 78
2.4984 2.2475 0.0902 81 40 82
2.4984 2.2488 0.1503 83 41 85
2.4984 2.2500 0.2100 84 43 91
2.4984 2.2495 0.2714 85 46 101
2.4985 2.2463 0.3303 90 51 115
2.4984 2.2478 0.3903 92 54 125
2.4984 2.2486 0.4497 91 55 129
2.4984 2.2501 0.5097 86 54 128
2.4984 2.2519 0.5701 83 52 127
2.4984 2.2510 0.6289 79 51 124
2.4985 2.2476 0.6902 76 50 122
2.4976 2.2418 0.7684 159 129 135
2.4976 2.2492 0.8074 71 25 100
2.5006 2.2462 0.8721 72 25 104
2.5005 2.2465 0.9294 79 27 114
2.5004 2.2505 0.9929 85 29 120
2.5004 2.2520 1.0485 86 30 124
2.5004 2.2492 1.1118 88 31 127
2.5004 2.2506 1.1728 89 32 129
2.5004 2.2339 1.2313 90 32 131
2.5004 2.2353 1.2694 91 33 131
2.4797 2.3114 -0.1235 236 200 168
2.4904 2.3059 -0.1088 87 70 96
2.4943 2.3067 -0.0377 102 47 107
2.4988 2.3232 0.0990 70 30 73
2.4988 2.3230 0.1498 71 30 76
2.4988 2.3234 0.2095 72 31 82
2.4988 2.3234 0.2696 73 34 92
2.4988 2.3237 0.3301 77 37 106
2.4988 2.3239 0.3900 81 40 119
2.4988 2.3240 0.4498 81 42 125
2.4988 2.3242 0.5100 79 42 127
2.4988 2.3246 0.5701 77 42 126
2.4988 2.3246 0.6303 75 41 125
2.4988 2.3248 0.6901 74 41 123
2.4975 2.3075 0.7622 166 132 120
2.4976 2.3037 0.8089 71 25 99
2.5006 2.3050 0.8714 72 25 105
2.5006 2.3049 0.9284 74 26 111
2.5004 2.3117 0.9881 76 27 114
2.5004 2.3104 1.0499 83 29 122
2.5004 2.3104 1.1134 87 31 126
2.5004 2.3105 1.1714 89 32 128
2.5004 2.3105 1.2296 88 32 129
2.5004 2.3103 1.2704 89 32 129
2.4811 2.3690 -0.1233 236 200 169
2.4852 2.3605 -0.1124 188 126 191
2.4941 2.3558 -0.0450 94 43 99
2.4987 2.3687 0.0937 70 31 73
2.4987 2.3673 0.1499 71 31 77
2.4987 2.3679 0.2103 73 33 83
2.4987 2.3677 0.2702 73 34 92
2.4987 2.3682 0.3301 77 39 106
2.4987 2.3682 0.3901 81 42 119
2.4987 2.3683 0.4500 81 43 125
2.4987 2.3688 0.5101 79 43 126
2.4987 2.3688 0.5699 78 43 126
2.4987 2.3689 0.6298 75 42 125
2.4987 2.3693 0.6900 73 42 123
2.4978 2.3732 0.7628 70 30 103
2.5003 2.3695 0.8352 69 24 97
2.5007 2.3697 0.8705 71 25 104
2.5007 2.3700 0.9269 74 26 111
2.5004 2.3710 0.9898 75 27 115
2.5004 2.3693 1.0531 76 27 117
2.5004 2.3701 1.1123 81 29 123
2.5004 2.3701 1.1701 87 31 127
2.5004 2.3702 1.2280 89 31 129
2.5004 2.3700 1.2688 89 32 129
2.4890 2.4076 -0.1232 241 209 178
2.4932 2.4329 -0.1008 136 73 138
2.4985 2.4400 0.0533 101 36 97
2.4986 2.4273 0.0896 86 34 86
2.4986 2.4269 0.1502 89 33 89
2.4986 2.4271 0.2102 89 34 93
2.4986 2.4274 0.2700 86 34 95
2.4986 2.4277 0.3297 88 36 104
2.4986 2.4279 0.3897 86 37 110
2.4986 2.4278 0.4499 82 37 114
2.4986 2.4283 0.5099 76 35 116
2.4986 2.4284 0.5697 70 34 114
2.4986 2.4286 0.6295 67 33 112
2.4986 2.4289 0.6896 65 33 111
2.4976 2.4333 0.7657 69 26 96
2.5003 2.4342 0.8341 75 30 99
2.5006 2.4342 0.8694 71 25 104
2.5006 2.4375 0.9373 73 26 109
2.5004 2.4248 0.9895 76 27 116
2.5004 2.4247 1.0531 76 28 117
2.5004 2.4246 1.1111 78 28 121
2.5004 2.4247 1.1689 78 28 123
2.5004 2.4247 1.2266 84 30 126
2.5004 2.4248 1.2674 88 32 127
2.4712 2.4691 -0.1204 174 77 150
2.4826 2.4749 -0.1080 76 24 75
2.4734 2.4755 0.0046 75 25 74
2.4737 2.4749 0.0920 80 26 78
2.4732 2.4749 0.1533 81 26 79
2.4733 2.4746 0.2095 83 27 81
2.4725 2.4749 0.2656 80 26 79
2.4722 2.4749 0.3269 80 26 79
2.4717 2.4749 0.3882 78 25 80
2.4714 2.4749 0.4495 77 25 81
2.4710 2.4749 0.5108 74 24 82
2.4723 2.4751 0.5759 72 24 83
2.4751 2.4754 0.6319 71 24 84
2.4763 2.4754 0.6875 71 24 85
2.4751 2.4761 0.7477 71 24 86
2.4785 2.4757 0.8132 71 24 89
2.4849 2.4749 0.8706 70 24 92
2.4850 2.4746 0.9294 69 24 94
2.4850 2.4744 0.9901 67 24 96
2.4847 2.4745 1.0506 65 24 97
2.4841 2.4747 1.1107 64 24 98
2.4849 2.4745 1.1720 62 24 99
2.4828 2.4749 1.2298 61 24 99
2.4845 2.4725 1.2704 60 23 99
